"project","generated_at","baseline_label","page_range","max_pages","requested_url","final_url","http_status","redirect_chain","raw_title","rendered_title","raw_canonical","raw_canonical_count","rendered_canonical","rendered_canonical_count","canonical_header","canonical_target_status","canonical_target_final_url","meta_robots_raw","meta_robots_rendered","x_robots_tag","hreflang_count","h1_count","h1_text","hidden_h1_count","landmarks","structured_data","address_count","time_datetime_count","internal_link_count","linked_internal_urls_missing_from_sitemap_count","linked_internal_urls_missing_from_sitemap","js_only_metadata","issue_summary","crawl_error"
"chromium","2026-08-28T21:08:04.938Z","prod-release-2-7-2026-08-28","1-500","","https://www.trugreen.com/","https://www.trugreen.com/","200","200:https://www.trugreen.com/","TruGreen | America’s #1 Name in Lawn Care","TruGreen | America’s #1 Name in Lawn Care","https://www.trugreen.com/","1","https://www.trugreen.com/","1","","200","https://www.trugreen.com/","","","","0","1","Nobody makes lawn care easier than TruGreen.","0","main|header|footer","jsonld:1;types:Organization|WebSite;invalid:0;missing:jsonld_0_missing_@context|jsonld_1_missing_@context","0","4","41","8","https://www.trugreen.com/lawn-care-101 | https://www.trugreen.com/lawn-care-101/learning-center | https://www.trugreen.com/newsroom | https://www.trugreen.com/pay-your-bill | https://www.trugreen.com/pests-products-and-services | https://www.trugreen.com/pga-tour | https://www.trugreen.com/products-and-services | https://www.trugreen.com/why-choose-trugreen/testimonials-and-ratings","","internal-links-missing-from-sitemap|duplicate-title",""
"chromium","2026-08-28T21:08:04.938Z","prod-release-2-7-2026-08-28","1-500","","https://www.trugreen.com/about/california-privacy-policy","https://www.trugreen.com/about/california-privacy-policy","200","200:https://www.trugreen.com/about/california-privacy-policy","TruGreen California Privacy Notice | TruGreen","TruGreen California Privacy Notice | TruGreen","https://www.trugreen.com/about/california-privacy-policy","1","https://www.trugreen.com/about/california-privacy-policy","1","","200","https://www.trugreen.com/about/california-privacy-policy","","","","0","1","TruGreen California Privacy Notice","0","main|header|footer","jsonld:1;types:BreadcrumbList|WebPage;invalid:0;missing:","0","0","41","8","https://www.trugreen.com/lawn-care-101 | https://www.trugreen.com/lawn-care-101/learning-center | https://www.trugreen.com/newsroom | https://www.trugreen.com/pay-your-bill | https://www.trugreen.com/pests-products-and-services | https://www.trugreen.com/pga-tour | https://www.trugreen.com/products-and-services | https://www.trugreen.com/why-choose-trugreen/testimonials-and-ratings","","internal-links-missing-from-sitemap",""
"chromium","2026-08-28T21:08:04.938Z","prod-release-2-7-2026-08-28","1-500","","https://www.trugreen.com/about/privacy-policy","https://www.trugreen.com/about/privacy-policy","200","200:https://www.trugreen.com/about/privacy-policy","TruGreen Privacy Policy | TruGreen","TruGreen Privacy Policy | TruGreen","https://www.trugreen.com/about/privacy-policy","1","https://www.trugreen.com/about/privacy-policy","1","","200","https://www.trugreen.com/about/privacy-policy","","","","0","0","","0","main|header|footer","jsonld:1;types:BreadcrumbList|WebPage;invalid:0;missing:","0","0","41","8","https://www.trugreen.com/lawn-care-101 | https://www.trugreen.com/lawn-care-101/learning-center | https://www.trugreen.com/newsroom | https://www.trugreen.com/pay-your-bill | https://www.trugreen.com/pests-products-and-services | https://www.trugreen.com/pga-tour | https://www.trugreen.com/products-and-services | https://www.trugreen.com/why-choose-trugreen/testimonials-and-ratings","","missing-h1|internal-links-missing-from-sitemap",""
"chromium","2026-08-28T21:08:04.938Z","prod-release-2-7-2026-08-28","1-500","","https://www.trugreen.com/about/sms-privacy-policy","https://www.trugreen.com/about/sms-terms","200","301:https://www.trugreen.com/about/sms-privacy-policy -> 200:https://www.trugreen.com/about/sms-terms","SMS Terms and Conditions | TruGreen","SMS Terms and Conditions | TruGreen","https://www.trugreen.com/about/sms-terms","1","https://www.trugreen.com/about/sms-terms","1","","200","https://www.trugreen.com/about/sms-terms","","","","0","1","SMS Terms and Conditions","0","header|footer","jsonld:1;types:BreadcrumbList|WebPage;invalid:0;missing:","0","0","41","8","https://www.trugreen.com/lawn-care-101 | https://www.trugreen.com/lawn-care-101/learning-center | https://www.trugreen.com/newsroom | https://www.trugreen.com/pay-your-bill | https://www.trugreen.com/pests-products-and-services | https://www.trugreen.com/pga-tour | https://www.trugreen.com/products-and-services | https://www.trugreen.com/why-choose-trugreen/testimonials-and-ratings","","missing-main|internal-links-missing-from-sitemap|duplicate-title",""
"chromium","2026-08-28T21:08:04.938Z","prod-release-2-7-2026-08-28","1-500","","https://www.trugreen.com/about/sms-terms","https://www.trugreen.com/about/sms-terms","200","200:https://www.trugreen.com/about/sms-terms","SMS Terms and Conditions | TruGreen","SMS Terms and Conditions | TruGreen","https://www.trugreen.com/about/sms-terms","1","https://www.trugreen.com/about/sms-terms","1","","200","https://www.trugreen.com/about/sms-terms","","","","0","1","SMS Terms and Conditions","0","header|footer","jsonld:1;types:BreadcrumbList|WebPage;invalid:0;missing:","0","0","41","8","https://www.trugreen.com/lawn-care-101 | https://www.trugreen.com/lawn-care-101/learning-center | https://www.trugreen.com/newsroom | https://www.trugreen.com/pay-your-bill | https://www.trugreen.com/pests-products-and-services | https://www.trugreen.com/pga-tour | https://www.trugreen.com/products-and-services | https://www.trugreen.com/why-choose-trugreen/testimonials-and-ratings","","missing-main|internal-links-missing-from-sitemap|duplicate-title",""
"chromium","2026-08-28T21:08:04.938Z","prod-release-2-7-2026-08-28","1-500","","https://www.trugreen.com/about/terms","https://www.trugreen.com/about/terms","200","200:https://www.trugreen.com/about/terms","TruGreen Terms &amp; Conditions | TruGreen","TruGreen Terms & Conditions | TruGreen","https://www.trugreen.com/about/terms","1","https://www.trugreen.com/about/terms","1","","200","https://www.trugreen.com/about/terms","","","","0","1","TruGreen Terms & Conditions","0","main|header|footer","jsonld:1;types:BreadcrumbList|WebPage;invalid:0;missing:","0","0","41","8","https://www.trugreen.com/lawn-care-101 | https://www.trugreen.com/lawn-care-101/learning-center | https://www.trugreen.com/newsroom | https://www.trugreen.com/pay-your-bill | https://www.trugreen.com/pests-products-and-services | https://www.trugreen.com/pga-tour | https://www.trugreen.com/products-and-services | https://www.trugreen.com/why-choose-trugreen/testimonials-and-ratings","","internal-links-missing-from-sitemap",""
"chromium","2026-08-28T21:08:04.938Z","prod-release-2-7-2026-08-28","1-500","","https://www.trugreen.com/aftercare/page","https://www.trugreen.com/aftercare/page","200","200:https://www.trugreen.com/aftercare/page","Expert service. Expert advice. | TruGreen","Expert service. Expert advice. | TruGreen","https://www.trugreen.com/aftercare/page","1","https://www.trugreen.com/aftercare/page","1","","200","https://www.trugreen.com/aftercare/page","","","","0","1","Expert service. Expert advice.","0","header|nav|footer","jsonld:0;types:;invalid:0;missing:","0","0","46","15","https://www.trugreen.com/chat/organic-promo | https://www.trugreen.com/lawn-care-101 | https://www.trugreen.com/lawn-care-101/learning-center | https://www.trugreen.com/my-account/account-settings | https://www.trugreen.com/my-account/account-summary | https://www.trugreen.com/my-account/my-documents | https://www.trugreen.com/my-account/my-services | https://www.trugreen.com/my-account/payments | https://www.trugreen.com/newsroom | https://www.trugreen.com/pay-your-bill | https://www.trugreen.com/pests-products-and-services | https://www.trugreen.com/pga-tour | https://www.trugreen.com/products-and-services | https://www.trugreen.com/products-and-services/tree-and-shrub-service | https://www.trugreen.com/why-choose-trugreen/testimonials-and-ratings","","missing-main|internal-links-missing-from-sitemap",""
"chromium","2026-08-28T21:08:04.938Z","prod-release-2-7-2026-08-28","1-500","","https://www.trugreen.com/all-seasons-lawn-tree-care","https://www.trugreen.com/all-seasons-lawn-tree-care","200","200:https://www.trugreen.com/all-seasons-lawn-tree-care","All Seasons Lawn &amp; Tree Care, Inc. + TruGreen | TruGreen","All Seasons Lawn & Tree Care, Inc. + TruGreen | TruGreen","https://www.trugreen.com/all-seasons-lawn-tree-care","1","https://www.trugreen.com/all-seasons-lawn-tree-care","1","","200","https://www.trugreen.com/all-seasons-lawn-tree-care","","","","0","1","All Seasons Lawn & Tree Care, Inc. + TruGreen","0","main|header|nav|footer","jsonld:0;types:;invalid:0;missing:","0","0","42","11","https://www.trugreen.com/chat/organic-promo | https://www.trugreen.com/lawn-care-101 | https://www.trugreen.com/lawn-care-101/learning-center | https://www.trugreen.com/my-account/account-summary | https://www.trugreen.com/newsroom | https://www.trugreen.com/pay-your-bill | https://www.trugreen.com/pests-products-and-services | https://www.trugreen.com/pga-tour | https://www.trugreen.com/products-and-services | https://www.trugreen.com/products-and-services/tree-and-shrub-service | https://www.trugreen.com/why-choose-trugreen/testimonials-and-ratings","","internal-links-missing-from-sitemap",""
"chromium","2026-08-28T21:08:04.938Z","prod-release-2-7-2026-08-28","1-500","","https://www.trugreen.com/app","https://www.trugreen.com/lawn-care-101/blog/trugreen-lawn-care-services/trugreen-lawn-care-app","200","301:https://www.trugreen.com/app -> 200:https://www.trugreen.com/lawn-care-101/blog/trugreen-lawn-care-services/trugreen-lawn-care-app","TruGreen App | TruGreen","TruGreen App | TruGreen","https://www.trugreen.com/lawn-care-101/blog/trugreen-lawn-care-services/trugreen-lawn-care-app","1","https://www.trugreen.com/lawn-care-101/blog/trugreen-lawn-care-services/trugreen-lawn-care-app","1","","","https://www.trugreen.com/lawn-care-101/blog/trugreen-lawn-care-services/trugreen-lawn-care-app","","","","0","1","Manage the Lawn You Love with the TruGreen App","0","header|nav|footer","jsonld:1;types:Article;invalid:0;missing:jsonld_0_missing_@context","0","0","46","11","https://www.trugreen.com/lawn-care-101 | https://www.trugreen.com/lawn-care-101/blog?topic=Beyond+the+Lawn | https://www.trugreen.com/lawn-care-101/blog?type=Blog | https://www.trugreen.com/lawn-care-101/learning-center | https://www.trugreen.com/my-account/account-summary | https://www.trugreen.com/newsroom | https://www.trugreen.com/pay-your-bill | https://www.trugreen.com/pests-products-and-services | https://www.trugreen.com/pga-tour | https://www.trugreen.com/products-and-services | https://www.trugreen.com/why-choose-trugreen/testimonials-and-ratings","","missing-main|internal-links-missing-from-sitemap|canonical-target-invalid",""
"chromium","2026-08-28T21:08:04.938Z","prod-release-2-7-2026-08-28","1-500","","https://www.trugreen.com/best-lawns-of-utah","https://www.trugreen.com/best-lawns-of-utah","200","200:https://www.trugreen.com/best-lawns-of-utah","Best Lawns of Utah + TruGreen | TruGreen","Best Lawns of Utah + TruGreen | TruGreen","https://www.trugreen.com/best-lawns-of-utah","1","https://www.trugreen.com/best-lawns-of-utah","1","","200","https://www.trugreen.com/best-lawns-of-utah","","","","0","1","Best Lawns of Utah + TruGreen","0","main|header|nav|footer","jsonld:0;types:;invalid:0;missing:","0","0","42","11","https://www.trugreen.com/chat/organic-promo | https://www.trugreen.com/lawn-care-101 | https://www.trugreen.com/lawn-care-101/learning-center | https://www.trugreen.com/my-account/account-summary | https://www.trugreen.com/newsroom | https://www.trugreen.com/pay-your-bill | https://www.trugreen.com/pests-products-and-services | https://www.trugreen.com/pga-tour | https://www.trugreen.com/products-and-services | https://www.trugreen.com/products-and-services/tree-and-shrub-service | https://www.trugreen.com/why-choose-trugreen/testimonials-and-ratings","","internal-links-missing-from-sitemap",""
"chromium","2026-08-28T21:08:04.938Z","prod-release-2-7-2026-08-28","1-500","","https://www.trugreen.com/buy-online","https://www.trugreen.com/buy-online","200","200:https://www.trugreen.com/buy-online","Customized Lawn Care Pricing","Customized Lawn Care Pricing","https://www.trugreen.com/buy-online","1","https://www.trugreen.com/buy-online","1","","200","https://www.trugreen.com/buy-online","","","","0","2","Thank you for your interest in TruGreen! | In the meantime, learn more about our services:","2","main|header|footer","jsonld:0;types:;invalid:0;missing:","0","0","7","1","https://www.trugreen.com/products-and-services","","title-pattern-review|multiple-h1|hidden-h1|internal-links-missing-from-sitemap",""
"chromium","2026-08-28T21:08:04.938Z","prod-release-2-7-2026-08-28","1-500","","https://www.trugreen.com/customer-support","https://www.trugreen.com/customer-support","200","200:https://www.trugreen.com/customer-support","Customer support | TruGreen","Customer support | TruGreen","https://www.trugreen.com/customer-support","1","https://www.trugreen.com/customer-support","1","","200","https://www.trugreen.com/customer-support","","","","0","1","Need some help? You’re in the right place.","0","header|footer","jsonld:0;types:;invalid:0;missing:","0","0","51","17","https://www.trugreen.com/chat | https://www.trugreen.com/lawn-care-101 | https://www.trugreen.com/lawn-care-101/learning-center | https://www.trugreen.com/my-account/account-settings | https://www.trugreen.com/my-account/account-settings/communications | https://www.trugreen.com/my-account/account-summary | https://www.trugreen.com/my-account/help | https://www.trugreen.com/my-account/my-services | https://www.trugreen.com/my-account/payments | https://www.trugreen.com/my-account/payments/easypay-payment | https://www.trugreen.com/my-account/payments/prepay-payment | https://www.trugreen.com/newsroom | https://www.trugreen.com/pay-your-bill | https://www.trugreen.com/pests-products-and-services | https://www.trugreen.com/pga-tour | https://www.trugreen.com/products-and-services | https://www.trugreen.com/why-choose-trugreen/testimonials-and-ratings","","missing-main|internal-links-missing-from-sitemap|duplicate-title",""
"chromium","2026-08-28T21:08:04.938Z","prod-release-2-7-2026-08-28","1-500","","https://www.trugreen.com/giveaway-terms-and-conditions","https://www.trugreen.com/giveaway-terms-and-conditions","200","200:https://www.trugreen.com/giveaway-terms-and-conditions","Par-Tee with TruGreen Terms &amp; Conditions | TruGreen","Par-Tee with TruGreen Terms & Conditions | TruGreen","https://www.trugreen.com/giveaway-terms-and-conditions","1","https://www.trugreen.com/giveaway-terms-and-conditions","1","","200","https://www.trugreen.com/giveaway-terms-and-conditions","","","","0","1","Par-Tee with TruGreen Terms & Conditions","0","main|header|nav|footer","jsonld:1;types:WebSite;invalid:0;missing:jsonld_0_missing_@context","0","0","42","11","https://www.trugreen.com/chat/organic-promo | https://www.trugreen.com/lawn-care-101 | https://www.trugreen.com/lawn-care-101/learning-center | https://www.trugreen.com/my-account/account-summary | https://www.trugreen.com/newsroom | https://www.trugreen.com/pay-your-bill | https://www.trugreen.com/pests-products-and-services | https://www.trugreen.com/pga-tour | https://www.trugreen.com/products-and-services | https://www.trugreen.com/products-and-services/tree-and-shrub-service | https://www.trugreen.com/why-choose-trugreen/testimonials-and-ratings","","internal-links-missing-from-sitemap",""
"chromium","2026-08-28T21:08:04.938Z","prod-release-2-7-2026-08-28","1-500","","https://www.trugreen.com/lawn-care-101/blog","https://www.trugreen.com/lawn-care-101/blog","200","200:https://www.trugreen.com/lawn-care-101/blog","TruGreen Blog | TruGreen","TruGreen Blog | TruGreen","https://www.trugreen.com/lawn-care-101/blog","1","https://www.trugreen.com/lawn-care-101/blog","1","","200","https://www.trugreen.com/lawn-care-101/blog","","","","0","1","Looking for advice?Turn to the experts.","0","main|header|footer","jsonld:1;types:Blog|BreadcrumbList|CollectionPage;invalid:0;missing:","0","0","86","22","https://www.trugreen.com/lawn-care-101 | https://www.trugreen.com/lawn-care-101/blog/beyond-lawn/hosting-backyard-party | https://www.trugreen.com/lawn-care-101/blog/consistent-lawn-care | https://www.trugreen.com/lawn-care-101/blog/lawn-care/lawn-care-myths | https://www.trugreen.com/lawn-care-101/blog/lawn-care/lawn-care-vs-landscaping | https://www.trugreen.com/lawn-care-101/blog/lawn-care/lawn-mowing-spread-weeds | https://www.trugreen.com/lawn-care-101/blog/lawn-care/what-lawn-need-thrive | https://www.trugreen.com/lawn-care-101/blog/lawn-care/what-my-lawn-need | https://www.trugreen.com/lawn-care-101/blog/lawn-care/when-aerate-and-overseed-northeast | https://www.trugreen.com/lawn-care-101/blog/lawn-damage/lawn-care-signs-stress | https://www.trugreen.com/lawn-care-101/blog/pest-control/how-control-fleas-yard | https://www.trugreen.com/lawn-care-101/blog/tree-shrub-care/tree-disease-treatment | https://www.trugreen.com/lawn-care-101/blog/weed-control/control-wild-violets | https://www.trugreen.com/lawn-care-101/blog/weed-control/how-control-clover-lawn | https://www.trugreen.com/lawn-care-101/blog/weed-control/weeds-from-coming-back | https://www.trugreen.com/lawn-care-101/learning-center | https://www.trugreen.com/newsroom | https://www.trugreen.com/pay-your-bill | https://www.trugreen.com/pests-products-and-services | https://www.trugreen.com/pga-tour | https://www.trugreen.com/products-and-services | https://www.trugreen.com/why-choose-trugreen/testimonials-and-ratings","","internal-links-missing-from-sitemap|duplicate-title",""
"chromium","2026-08-28T21:08:04.938Z","prod-release-2-7-2026-08-28","1-500","","https://www.trugreen.com/lawn-care-101/blog/aeration-service","https://www.trugreen.com/lawn-care-101/blog/aeration-service","404","404:https://www.trugreen.com/lawn-care-101/blog/aeration-service","","","","0","","0","","","","","","","0","0","","0","","jsonld:0;types:;invalid:0;missing:","0","0","0","0","","","missing-title|missing-canonical|raw-canonical-count-invalid|rendered-canonical-count-invalid|missing-h1|missing-main",""
"chromium","2026-08-28T21:08:04.938Z","prod-release-2-7-2026-08-28","1-500","","https://www.trugreen.com/lawn-care-101/blog/aeration-service/benefits-of-spring-aeration-trugreen","https://www.trugreen.com/lawn-care-101/blog/aeration-service/what-to-expect-with-lawn-aeration-services","200","301:https://www.trugreen.com/lawn-care-101/blog/aeration-service/benefits-of-spring-aeration-trugreen -> 200:https://www.trugreen.com/lawn-care-101/blog/aeration-service/what-to-expect-with-lawn-aeration-services","What to Expect With Lawn Aeration Services | TruGreen","What to Expect With Lawn Aeration Services | TruGreen","https://www.trugreen.com/lawn-care-101/blog/aeration-service/what-to-expect-with-lawn-aeration-services","1","https://www.trugreen.com/lawn-care-101/blog/aeration-service/what-to-expect-with-lawn-aeration-services","1","","200","https://www.trugreen.com/lawn-care-101/blog/aeration-service/what-to-expect-with-lawn-aeration-services","","","","0","1","What to Expect When You Aerate with TruGreen","0","header|nav|footer","jsonld:1;types:Article;invalid:0;missing:jsonld_0_missing_@context","0","0","49","18","https://www.trugreen.com/lawn-care-101 | https://www.trugreen.com/lawn-care-101/blog?topic=Lawn+Care | https://www.trugreen.com/lawn-care-101/blog?type=Blog | https://www.trugreen.com/lawn-care-101/blog/lawn-care/lawn-care-myths | https://www.trugreen.com/lawn-care-101/blog/lawn-care/lawn-care-vs-landscaping | https://www.trugreen.com/lawn-care-101/blog/lawn-care/lawn-mowing-spread-weeds | https://www.trugreen.com/lawn-care-101/learning-center | https://www.trugreen.com/my-account/account-settings | https://www.trugreen.com/my-account/account-summary | https://www.trugreen.com/my-account/my-documents | https://www.trugreen.com/my-account/my-services | https://www.trugreen.com/my-account/payments | https://www.trugreen.com/newsroom | https://www.trugreen.com/pay-your-bill | https://www.trugreen.com/pests-products-and-services | https://www.trugreen.com/pga-tour | https://www.trugreen.com/products-and-services | https://www.trugreen.com/why-choose-trugreen/testimonials-and-ratings","","missing-main|internal-links-missing-from-sitemap|duplicate-title",""
"chromium","2026-08-28T21:08:04.938Z","prod-release-2-7-2026-08-28","1-500","","https://www.trugreen.com/lawn-care-101/blog/aeration-service/blog-aeration-service-lawn-aeration-tips","https://www.trugreen.com/lawn-care-101/blog/aeration-service/everything-you-need-to-know-about-aeration","200","301:https://www.trugreen.com/lawn-care-101/blog/aeration-service/blog-aeration-service-lawn-aeration-tips -> 200:https://www.trugreen.com/lawn-care-101/blog/aeration-service/everything-you-need-to-know-about-aeration","What is an Aeration Service | TruGreen","What is an Aeration Service | TruGreen","https://www.trugreen.com/lawn-care-101/blog/aeration-service/everything-you-need-to-know-about-aeration","1","https://www.trugreen.com/lawn-care-101/blog/aeration-service/everything-you-need-to-know-about-aeration","1","","200","https://www.trugreen.com/lawn-care-101/blog/aeration-service/everything-you-need-to-know-about-aeration","","","","0","1","What is Aeration? Understanding Lawn Aeration for a Healthier Lawn","0","header|nav|footer","jsonld:1;types:Article;invalid:0;missing:jsonld_0_missing_@context","0","0","51","18","https://www.trugreen.com/lawn-care-101 | https://www.trugreen.com/lawn-care-101/blog?topic=Lawn+Care | https://www.trugreen.com/lawn-care-101/blog?type=Blog | https://www.trugreen.com/lawn-care-101/blog/lawn-care/lawn-care-myths | https://www.trugreen.com/lawn-care-101/blog/lawn-care/lawn-care-vs-landscaping | https://www.trugreen.com/lawn-care-101/blog/lawn-care/lawn-mowing-spread-weeds | https://www.trugreen.com/lawn-care-101/learning-center | https://www.trugreen.com/my-account/account-settings | https://www.trugreen.com/my-account/account-summary | https://www.trugreen.com/my-account/my-documents | https://www.trugreen.com/my-account/my-services | https://www.trugreen.com/my-account/payments | https://www.trugreen.com/newsroom | https://www.trugreen.com/pay-your-bill | https://www.trugreen.com/pests-products-and-services | https://www.trugreen.com/pga-tour | https://www.trugreen.com/products-and-services | https://www.trugreen.com/why-choose-trugreen/testimonials-and-ratings","","missing-main|internal-links-missing-from-sitemap|duplicate-title",""
"chromium","2026-08-28T21:08:04.938Z","prod-release-2-7-2026-08-28","1-500","","https://www.trugreen.com/lawn-care-101/blog/aeration-service/blog-aeration-service-spring-fall-lawn-aeration","https://www.trugreen.com/lawn-care-101/blog/aeration-service/what-to-expect-with-lawn-aeration-services","200","301:https://www.trugreen.com/lawn-care-101/blog/aeration-service/blog-aeration-service-spring-fall-lawn-aeration -> 200:https://www.trugreen.com/lawn-care-101/blog/aeration-service/what-to-expect-with-lawn-aeration-services","What to Expect With Lawn Aeration Services | TruGreen","What to Expect With Lawn Aeration Services | TruGreen","https://www.trugreen.com/lawn-care-101/blog/aeration-service/what-to-expect-with-lawn-aeration-services","1","https://www.trugreen.com/lawn-care-101/blog/aeration-service/what-to-expect-with-lawn-aeration-services","1","","200","https://www.trugreen.com/lawn-care-101/blog/aeration-service/what-to-expect-with-lawn-aeration-services","","","","0","1","What to Expect When You Aerate with TruGreen","0","header|nav|footer","jsonld:1;types:Article;invalid:0;missing:jsonld_0_missing_@context","0","0","49","18","https://www.trugreen.com/lawn-care-101 | https://www.trugreen.com/lawn-care-101/blog?topic=Lawn+Care | https://www.trugreen.com/lawn-care-101/blog?type=Blog | https://www.trugreen.com/lawn-care-101/blog/lawn-care/lawn-care-myths | https://www.trugreen.com/lawn-care-101/blog/lawn-care/lawn-care-vs-landscaping | https://www.trugreen.com/lawn-care-101/blog/lawn-care/lawn-mowing-spread-weeds | https://www.trugreen.com/lawn-care-101/learning-center | https://www.trugreen.com/my-account/account-settings | https://www.trugreen.com/my-account/account-summary | https://www.trugreen.com/my-account/my-documents | https://www.trugreen.com/my-account/my-services | https://www.trugreen.com/my-account/payments | https://www.trugreen.com/newsroom | https://www.trugreen.com/pay-your-bill | https://www.trugreen.com/pests-products-and-services | https://www.trugreen.com/pga-tour | https://www.trugreen.com/products-and-services | https://www.trugreen.com/why-choose-trugreen/testimonials-and-ratings","","missing-main|internal-links-missing-from-sitemap|duplicate-title",""
"chromium","2026-08-28T21:08:04.938Z","prod-release-2-7-2026-08-28","1-500","","https://www.trugreen.com/lawn-care-101/blog/aeration-service/dethatching-vs-aeration","https://www.trugreen.com/lawn-care-101/blog/aeration-service/dethatching-vs-aeration","200","200:https://www.trugreen.com/lawn-care-101/blog/aeration-service/dethatching-vs-aeration","Aeration vs. Dethatching | TruGreen","Aeration vs. Dethatching | TruGreen","https://www.trugreen.com/lawn-care-101/blog/aeration-service/dethatching-vs-aeration","1","https://www.trugreen.com/lawn-care-101/blog/aeration-service/dethatching-vs-aeration","1","","200","https://www.trugreen.com/lawn-care-101/blog/aeration-service/dethatching-vs-aeration","","","","0","1","Aeration vs. Dethatching: The Differences, Explained","0","header|nav|footer","jsonld:1;types:Article;invalid:0;missing:jsonld_0_missing_@context","0","0","49","12","https://www.trugreen.com/lawn-care-101 | https://www.trugreen.com/lawn-care-101/blog?topic=Lawn+Care | https://www.trugreen.com/lawn-care-101/blog?type=Blog | https://www.trugreen.com/lawn-care-101/learning-center | https://www.trugreen.com/my-account/account-summary | https://www.trugreen.com/newsroom | https://www.trugreen.com/pay-your-bill | https://www.trugreen.com/pests-products-and-services | https://www.trugreen.com/pga-tour | https://www.trugreen.com/products-and-services | https://www.trugreen.com/products-and-services?new15=1 | https://www.trugreen.com/why-choose-trugreen/testimonials-and-ratings","","missing-main|internal-links-missing-from-sitemap",""
"chromium","2026-08-28T21:08:04.938Z","prod-release-2-7-2026-08-28","1-500","","https://www.trugreen.com/lawn-care-101/blog/aeration-service/do-i-need-to-aerate-my-lawn","https://www.trugreen.com/lawn-care-101/blog/aeration-service/everything-you-need-to-know-about-aeration","200","301:https://www.trugreen.com/lawn-care-101/blog/aeration-service/do-i-need-to-aerate-my-lawn -> 200:https://www.trugreen.com/lawn-care-101/blog/aeration-service/everything-you-need-to-know-about-aeration","What is an Aeration Service | TruGreen","What is an Aeration Service | TruGreen","https://www.trugreen.com/lawn-care-101/blog/aeration-service/everything-you-need-to-know-about-aeration","1","https://www.trugreen.com/lawn-care-101/blog/aeration-service/everything-you-need-to-know-about-aeration","1","","200","https://www.trugreen.com/lawn-care-101/blog/aeration-service/everything-you-need-to-know-about-aeration","","","","0","1","What is Aeration? Understanding Lawn Aeration for a Healthier Lawn","0","header|nav|footer","jsonld:1;types:Article;invalid:0;missing:jsonld_0_missing_@context","0","0","51","18","https://www.trugreen.com/lawn-care-101 | https://www.trugreen.com/lawn-care-101/blog?topic=Lawn+Care | https://www.trugreen.com/lawn-care-101/blog?type=Blog | https://www.trugreen.com/lawn-care-101/blog/lawn-care/lawn-care-myths | https://www.trugreen.com/lawn-care-101/blog/lawn-care/lawn-care-vs-landscaping | https://www.trugreen.com/lawn-care-101/blog/lawn-care/lawn-mowing-spread-weeds | https://www.trugreen.com/lawn-care-101/learning-center | https://www.trugreen.com/my-account/account-settings | https://www.trugreen.com/my-account/account-summary | https://www.trugreen.com/my-account/my-documents | https://www.trugreen.com/my-account/my-services | https://www.trugreen.com/my-account/payments | https://www.trugreen.com/newsroom | https://www.trugreen.com/pay-your-bill | https://www.trugreen.com/pests-products-and-services | https://www.trugreen.com/pga-tour | https://www.trugreen.com/products-and-services | https://www.trugreen.com/why-choose-trugreen/testimonials-and-ratings","","missing-main|internal-links-missing-from-sitemap|duplicate-title",""
"chromium","2026-08-28T21:08:04.938Z","prod-release-2-7-2026-08-28","1-500","","https://www.trugreen.com/lawn-care-101/blog/aeration-service/everything-you-need-to-know-about-aeration","https://www.trugreen.com/lawn-care-101/blog/aeration-service/everything-you-need-to-know-about-aeration","200","200:https://www.trugreen.com/lawn-care-101/blog/aeration-service/everything-you-need-to-know-about-aeration","What is an Aeration Service | TruGreen","What is an Aeration Service | TruGreen","https://www.trugreen.com/lawn-care-101/blog/aeration-service/everything-you-need-to-know-about-aeration","1","https://www.trugreen.com/lawn-care-101/blog/aeration-service/everything-you-need-to-know-about-aeration","1","","200","https://www.trugreen.com/lawn-care-101/blog/aeration-service/everything-you-need-to-know-about-aeration","","","","0","1","What is Aeration? Understanding Lawn Aeration for a Healthier Lawn","0","header|nav|footer","jsonld:1;types:Article;invalid:0;missing:jsonld_0_missing_@context","0","0","51","18","https://www.trugreen.com/lawn-care-101 | https://www.trugreen.com/lawn-care-101/blog?topic=Lawn+Care | https://www.trugreen.com/lawn-care-101/blog?type=Blog | https://www.trugreen.com/lawn-care-101/blog/lawn-care/lawn-care-myths | https://www.trugreen.com/lawn-care-101/blog/lawn-care/lawn-care-vs-landscaping | https://www.trugreen.com/lawn-care-101/blog/lawn-care/lawn-mowing-spread-weeds | https://www.trugreen.com/lawn-care-101/learning-center | https://www.trugreen.com/my-account/account-settings | https://www.trugreen.com/my-account/account-summary | https://www.trugreen.com/my-account/my-documents | https://www.trugreen.com/my-account/my-services | https://www.trugreen.com/my-account/payments | https://www.trugreen.com/newsroom | https://www.trugreen.com/pay-your-bill | https://www.trugreen.com/pests-products-and-services | https://www.trugreen.com/pga-tour | https://www.trugreen.com/products-and-services | https://www.trugreen.com/why-choose-trugreen/testimonials-and-ratings","","missing-main|internal-links-missing-from-sitemap|duplicate-title",""
"chromium","2026-08-28T21:08:04.938Z","prod-release-2-7-2026-08-28","1-500","","https://www.trugreen.com/lawn-care-101/blog/aeration-service/how-does-lawn-aeration-work","https://www.trugreen.com/lawn-care-101/blog/aeration-service/everything-you-need-to-know-about-aeration","200","301:https://www.trugreen.com/lawn-care-101/blog/aeration-service/how-does-lawn-aeration-work -> 200:https://www.trugreen.com/lawn-care-101/blog/aeration-service/everything-you-need-to-know-about-aeration","What is an Aeration Service | TruGreen","What is an Aeration Service | TruGreen","https://www.trugreen.com/lawn-care-101/blog/aeration-service/everything-you-need-to-know-about-aeration","1","https://www.trugreen.com/lawn-care-101/blog/aeration-service/everything-you-need-to-know-about-aeration","1","","200","https://www.trugreen.com/lawn-care-101/blog/aeration-service/everything-you-need-to-know-about-aeration","","","","0","1","What is Aeration? Understanding Lawn Aeration for a Healthier Lawn","0","header|nav|footer","jsonld:1;types:Article;invalid:0;missing:jsonld_0_missing_@context","0","0","51","18","https://www.trugreen.com/lawn-care-101 | https://www.trugreen.com/lawn-care-101/blog?topic=Lawn+Care | https://www.trugreen.com/lawn-care-101/blog?type=Blog | https://www.trugreen.com/lawn-care-101/blog/lawn-care/lawn-care-myths | https://www.trugreen.com/lawn-care-101/blog/lawn-care/lawn-care-vs-landscaping | https://www.trugreen.com/lawn-care-101/blog/lawn-care/lawn-mowing-spread-weeds | https://www.trugreen.com/lawn-care-101/learning-center | https://www.trugreen.com/my-account/account-settings | https://www.trugreen.com/my-account/account-summary | https://www.trugreen.com/my-account/my-documents | https://www.trugreen.com/my-account/my-services | https://www.trugreen.com/my-account/payments | https://www.trugreen.com/newsroom | https://www.trugreen.com/pay-your-bill | https://www.trugreen.com/pests-products-and-services | https://www.trugreen.com/pga-tour | https://www.trugreen.com/products-and-services | https://www.trugreen.com/why-choose-trugreen/testimonials-and-ratings","","missing-main|internal-links-missing-from-sitemap|duplicate-title",""
"chromium","2026-08-28T21:08:04.938Z","prod-release-2-7-2026-08-28","1-500","","https://www.trugreen.com/lawn-care-101/blog/aeration-service/lawn-aeration-equipment-methods","https://www.trugreen.com/lawn-care-101/blog/aeration-service/what-to-expect-with-lawn-aeration-services","200","301:https://www.trugreen.com/lawn-care-101/blog/aeration-service/lawn-aeration-equipment-methods -> 200:https://www.trugreen.com/lawn-care-101/blog/aeration-service/what-to-expect-with-lawn-aeration-services","What to Expect With Lawn Aeration Services | TruGreen","What to Expect With Lawn Aeration Services | TruGreen","https://www.trugreen.com/lawn-care-101/blog/aeration-service/what-to-expect-with-lawn-aeration-services","1","https://www.trugreen.com/lawn-care-101/blog/aeration-service/what-to-expect-with-lawn-aeration-services","1","","200","https://www.trugreen.com/lawn-care-101/blog/aeration-service/what-to-expect-with-lawn-aeration-services","","","","0","1","What to Expect When You Aerate with TruGreen","0","header|nav|footer","jsonld:1;types:Article;invalid:0;missing:jsonld_0_missing_@context","0","0","49","18","https://www.trugreen.com/lawn-care-101 | https://www.trugreen.com/lawn-care-101/blog?topic=Lawn+Care | https://www.trugreen.com/lawn-care-101/blog?type=Blog | https://www.trugreen.com/lawn-care-101/blog/lawn-care/lawn-care-myths | https://www.trugreen.com/lawn-care-101/blog/lawn-care/lawn-care-vs-landscaping | https://www.trugreen.com/lawn-care-101/blog/lawn-care/lawn-mowing-spread-weeds | https://www.trugreen.com/lawn-care-101/learning-center | https://www.trugreen.com/my-account/account-settings | https://www.trugreen.com/my-account/account-summary | https://www.trugreen.com/my-account/my-documents | https://www.trugreen.com/my-account/my-services | https://www.trugreen.com/my-account/payments | https://www.trugreen.com/newsroom | https://www.trugreen.com/pay-your-bill | https://www.trugreen.com/pests-products-and-services | https://www.trugreen.com/pga-tour | https://www.trugreen.com/products-and-services | https://www.trugreen.com/why-choose-trugreen/testimonials-and-ratings","","missing-main|internal-links-missing-from-sitemap|duplicate-title",""
"chromium","2026-08-28T21:08:04.938Z","prod-release-2-7-2026-08-28","1-500","","https://www.trugreen.com/lawn-care-101/blog/aeration-service/lawn-aeration-tips-for-fall","https://www.trugreen.com/lawn-care-101/blog/aeration-service/what-to-expect-with-lawn-aeration-services","200","301:https://www.trugreen.com/lawn-care-101/blog/aeration-service/lawn-aeration-tips-for-fall -> 200:https://www.trugreen.com/lawn-care-101/blog/aeration-service/what-to-expect-with-lawn-aeration-services","What to Expect With Lawn Aeration Services | TruGreen","What to Expect With Lawn Aeration Services | TruGreen","https://www.trugreen.com/lawn-care-101/blog/aeration-service/what-to-expect-with-lawn-aeration-services","1","https://www.trugreen.com/lawn-care-101/blog/aeration-service/what-to-expect-with-lawn-aeration-services","1","","200","https://www.trugreen.com/lawn-care-101/blog/aeration-service/what-to-expect-with-lawn-aeration-services","","","","0","1","What to Expect When You Aerate with TruGreen","0","header|nav|footer","jsonld:1;types:Article;invalid:0;missing:jsonld_0_missing_@context","0","0","49","18","https://www.trugreen.com/lawn-care-101 | https://www.trugreen.com/lawn-care-101/blog?topic=Lawn+Care | https://www.trugreen.com/lawn-care-101/blog?type=Blog | https://www.trugreen.com/lawn-care-101/blog/lawn-care/lawn-care-myths | https://www.trugreen.com/lawn-care-101/blog/lawn-care/lawn-care-vs-landscaping | https://www.trugreen.com/lawn-care-101/blog/lawn-care/lawn-mowing-spread-weeds | https://www.trugreen.com/lawn-care-101/learning-center | https://www.trugreen.com/my-account/account-settings | https://www.trugreen.com/my-account/account-summary | https://www.trugreen.com/my-account/my-documents | https://www.trugreen.com/my-account/my-services | https://www.trugreen.com/my-account/payments | https://www.trugreen.com/newsroom | https://www.trugreen.com/pay-your-bill | https://www.trugreen.com/pests-products-and-services | https://www.trugreen.com/pga-tour | https://www.trugreen.com/products-and-services | https://www.trugreen.com/why-choose-trugreen/testimonials-and-ratings","","missing-main|internal-links-missing-from-sitemap|duplicate-title",""
"chromium","2026-08-28T21:08:04.938Z","prod-release-2-7-2026-08-28","1-500","","https://www.trugreen.com/lawn-care-101/blog/aeration-service/top-lawn-care-topics-trends","https://www.trugreen.com/lawn-care-101/blog/aeration-service/what-to-expect-with-lawn-aeration-services","200","301:https://www.trugreen.com/lawn-care-101/blog/aeration-service/top-lawn-care-topics-trends -> 200:https://www.trugreen.com/lawn-care-101/blog/aeration-service/what-to-expect-with-lawn-aeration-services","What to Expect With Lawn Aeration Services | TruGreen","What to Expect With Lawn Aeration Services | TruGreen","https://www.trugreen.com/lawn-care-101/blog/aeration-service/what-to-expect-with-lawn-aeration-services","1","https://www.trugreen.com/lawn-care-101/blog/aeration-service/what-to-expect-with-lawn-aeration-services","1","","200","https://www.trugreen.com/lawn-care-101/blog/aeration-service/what-to-expect-with-lawn-aeration-services","","","","0","1","What to Expect When You Aerate with TruGreen","0","header|nav|footer","jsonld:1;types:Article;invalid:0;missing:jsonld_0_missing_@context","0","0","49","18","https://www.trugreen.com/lawn-care-101 | https://www.trugreen.com/lawn-care-101/blog?topic=Lawn+Care | https://www.trugreen.com/lawn-care-101/blog?type=Blog | https://www.trugreen.com/lawn-care-101/blog/lawn-care/lawn-care-myths | https://www.trugreen.com/lawn-care-101/blog/lawn-care/lawn-care-vs-landscaping | https://www.trugreen.com/lawn-care-101/blog/lawn-care/lawn-mowing-spread-weeds | https://www.trugreen.com/lawn-care-101/learning-center | https://www.trugreen.com/my-account/account-settings | https://www.trugreen.com/my-account/account-summary | https://www.trugreen.com/my-account/my-documents | https://www.trugreen.com/my-account/my-services | https://www.trugreen.com/my-account/payments | https://www.trugreen.com/newsroom | https://www.trugreen.com/pay-your-bill | https://www.trugreen.com/pests-products-and-services | https://www.trugreen.com/pga-tour | https://www.trugreen.com/products-and-services | https://www.trugreen.com/why-choose-trugreen/testimonials-and-ratings","","missing-main|internal-links-missing-from-sitemap|duplicate-title",""
"chromium","2026-08-28T21:08:04.938Z","prod-release-2-7-2026-08-28","1-500","","https://www.trugreen.com/lawn-care-101/blog/aeration-service/what-is-the-best-lawn-care","https://www.trugreen.com/lawn-care-101/blog","200","301:https://www.trugreen.com/lawn-care-101/blog/aeration-service/what-is-the-best-lawn-care -> 200:https://www.trugreen.com/lawn-care-101/blog","TruGreen Blog | TruGreen","TruGreen Blog | TruGreen","https://www.trugreen.com/lawn-care-101/blog","1","https://www.trugreen.com/lawn-care-101/blog","1","","200","https://www.trugreen.com/lawn-care-101/blog","","","","0","1","Looking for advice?Turn to the experts.","0","main|header|footer","jsonld:1;types:Blog|BreadcrumbList|CollectionPage;invalid:0;missing:","0","0","86","22","https://www.trugreen.com/lawn-care-101 | https://www.trugreen.com/lawn-care-101/blog/beyond-lawn/hosting-backyard-party | https://www.trugreen.com/lawn-care-101/blog/consistent-lawn-care | https://www.trugreen.com/lawn-care-101/blog/lawn-care/lawn-care-myths | https://www.trugreen.com/lawn-care-101/blog/lawn-care/lawn-care-vs-landscaping | https://www.trugreen.com/lawn-care-101/blog/lawn-care/lawn-mowing-spread-weeds | https://www.trugreen.com/lawn-care-101/blog/lawn-care/what-lawn-need-thrive | https://www.trugreen.com/lawn-care-101/blog/lawn-care/what-my-lawn-need | https://www.trugreen.com/lawn-care-101/blog/lawn-care/when-aerate-and-overseed-northeast | https://www.trugreen.com/lawn-care-101/blog/lawn-damage/lawn-care-signs-stress | https://www.trugreen.com/lawn-care-101/blog/pest-control/how-control-fleas-yard | https://www.trugreen.com/lawn-care-101/blog/tree-shrub-care/tree-disease-treatment | https://www.trugreen.com/lawn-care-101/blog/weed-control/control-wild-violets | https://www.trugreen.com/lawn-care-101/blog/weed-control/how-control-clover-lawn | https://www.trugreen.com/lawn-care-101/blog/weed-control/weeds-from-coming-back | https://www.trugreen.com/lawn-care-101/learning-center | https://www.trugreen.com/newsroom | https://www.trugreen.com/pay-your-bill | https://www.trugreen.com/pests-products-and-services | https://www.trugreen.com/pga-tour | https://www.trugreen.com/products-and-services | https://www.trugreen.com/why-choose-trugreen/testimonials-and-ratings","","internal-links-missing-from-sitemap|duplicate-title",""
"chromium","2026-08-28T21:08:04.938Z","prod-release-2-7-2026-08-28","1-500","","https://www.trugreen.com/lawn-care-101/blog/aeration-service/what-to-expect-with-lawn-aeration-services","https://www.trugreen.com/lawn-care-101/blog/aeration-service/what-to-expect-with-lawn-aeration-services","200","200:https://www.trugreen.com/lawn-care-101/blog/aeration-service/what-to-expect-with-lawn-aeration-services","What to Expect With Lawn Aeration Services | TruGreen","What to Expect With Lawn Aeration Services | TruGreen","https://www.trugreen.com/lawn-care-101/blog/aeration-service/what-to-expect-with-lawn-aeration-services","1","https://www.trugreen.com/lawn-care-101/blog/aeration-service/what-to-expect-with-lawn-aeration-services","1","","200","https://www.trugreen.com/lawn-care-101/blog/aeration-service/what-to-expect-with-lawn-aeration-services","","","","0","1","What to Expect When You Aerate with TruGreen","0","header|nav|footer","jsonld:1;types:Article;invalid:0;missing:jsonld_0_missing_@context","0","0","49","18","https://www.trugreen.com/lawn-care-101 | https://www.trugreen.com/lawn-care-101/blog?topic=Lawn+Care | https://www.trugreen.com/lawn-care-101/blog?type=Blog | https://www.trugreen.com/lawn-care-101/blog/lawn-care/lawn-care-myths | https://www.trugreen.com/lawn-care-101/blog/lawn-care/lawn-care-vs-landscaping | https://www.trugreen.com/lawn-care-101/blog/lawn-care/lawn-mowing-spread-weeds | https://www.trugreen.com/lawn-care-101/learning-center | https://www.trugreen.com/my-account/account-settings | https://www.trugreen.com/my-account/account-summary | https://www.trugreen.com/my-account/my-documents | https://www.trugreen.com/my-account/my-services | https://www.trugreen.com/my-account/payments | https://www.trugreen.com/newsroom | https://www.trugreen.com/pay-your-bill | https://www.trugreen.com/pests-products-and-services | https://www.trugreen.com/pga-tour | https://www.trugreen.com/products-and-services | https://www.trugreen.com/why-choose-trugreen/testimonials-and-ratings","","missing-main|internal-links-missing-from-sitemap|duplicate-title",""
"chromium","2026-08-28T21:08:04.938Z","prod-release-2-7-2026-08-28","1-500","","https://www.trugreen.com/lawn-care-101/blog/aftercare","https://www.trugreen.com/lawn-care-101/blog/aftercare","200","200:https://www.trugreen.com/lawn-care-101/blog/aftercare","Aftercare Instructions | TruGreen","Aftercare Instructions | TruGreen","https://www.trugreen.com/lawn-care-101/blog/aftercare","1","https://www.trugreen.com/lawn-care-101/blog/aftercare","1","","200","https://www.trugreen.com/lawn-care-101/blog/aftercare","","","","0","1","Aftercare Instructions","0","header|footer","jsonld:1;types:Article;invalid:0;missing:jsonld_0_missing_@context","0","0","46","16","https://www.trugreen.com/lawn-care-101 | https://www.trugreen.com/lawn-care-101/blog?topic=TruGreen+Lawn+Care+Services | https://www.trugreen.com/lawn-care-101/blog?type=Blog | https://www.trugreen.com/lawn-care-101/learning-center | https://www.trugreen.com/my-account/account-settings | https://www.trugreen.com/my-account/account-settings/communications | https://www.trugreen.com/newsroom | https://www.trugreen.com/pay-your-bill | https://www.trugreen.com/pests-products-and-services | https://www.trugreen.com/pga-tour | https://www.trugreen.com/products-and-services | https://www.trugreen.com/products-and-services/mosquito-control | https://www.trugreen.com/products-and-services/outdoor-pest-control | https://www.trugreen.com/products-and-services/perimeter-pest-control | https://www.trugreen.com/products-and-services/tree-and-shrub-service | https://www.trugreen.com/products-and-services/truyou","","missing-main|internal-links-missing-from-sitemap",""
"chromium","2026-08-28T21:08:04.938Z","prod-release-2-7-2026-08-28","1-500","","https://www.trugreen.com/lawn-care-101/blog/always-green-trugreen","https://www.trugreen.com/lawn-care-101/blog/always-green-trugreen","200","200:https://www.trugreen.com/lawn-care-101/blog/always-green-trugreen","Always Green + TruGreen | TruGreen","Always Green + TruGreen | TruGreen","https://www.trugreen.com/lawn-care-101/blog/always-green-trugreen","1","https://www.trugreen.com/lawn-care-101/blog/always-green-trugreen","1","","200","https://www.trugreen.com/lawn-care-101/blog/always-green-trugreen","","","","0","1","Always Green + TruGreen","0","main|header|nav|footer","jsonld:0;types:;invalid:0;missing:","0","0","46","15","https://www.trugreen.com/chat/organic-promo | https://www.trugreen.com/lawn-care-101 | https://www.trugreen.com/lawn-care-101/learning-center | https://www.trugreen.com/my-account/account-settings | https://www.trugreen.com/my-account/account-summary | https://www.trugreen.com/my-account/my-documents | https://www.trugreen.com/my-account/my-services | https://www.trugreen.com/my-account/payments | https://www.trugreen.com/newsroom | https://www.trugreen.com/pay-your-bill | https://www.trugreen.com/pests-products-and-services | https://www.trugreen.com/pga-tour | https://www.trugreen.com/products-and-services | https://www.trugreen.com/products-and-services/tree-and-shrub-service | https://www.trugreen.com/why-choose-trugreen/testimonials-and-ratings","","internal-links-missing-from-sitemap",""
"chromium","2026-08-28T21:08:04.938Z","prod-release-2-7-2026-08-28","1-500","","https://www.trugreen.com/lawn-care-101/blog/beyond-lawn","https://www.trugreen.com/lawn-care-101/blog/beyond-lawn","404","404:https://www.trugreen.com/lawn-care-101/blog/beyond-lawn","","","","0","","0","","","","","","","0","0","","0","","jsonld:0;types:;invalid:0;missing:","0","0","0","0","","","missing-title|missing-canonical|raw-canonical-count-invalid|rendered-canonical-count-invalid|missing-h1|missing-main",""
"chromium","2026-08-28T21:08:04.938Z","prod-release-2-7-2026-08-28","1-500","","https://www.trugreen.com/lawn-care-101/blog/beyond-lawn/does-grass-produce-oxygen","https://www.trugreen.com/lawn-care-101/blog/beyond-lawn/does-grass-produce-oxygen","200","200:https://www.trugreen.com/lawn-care-101/blog/beyond-lawn/does-grass-produce-oxygen","Does Grass Produce Oxygen | TruGreen","Does Grass Produce Oxygen | TruGreen","https://www.trugreen.com/lawn-care-101/blog/beyond-lawn/does-grass-produce-oxygen","1","https://www.trugreen.com/lawn-care-101/blog/beyond-lawn/does-grass-produce-oxygen","1","","200","https://www.trugreen.com/lawn-care-101/blog/beyond-lawn/does-grass-produce-oxygen","","","","0","1","Does Grass Produce Oxygen? How Your Lawn Helps the Planet Breathe","0","header|nav|footer","jsonld:1;types:Article;invalid:0;missing:jsonld_0_missing_@context","0","0","53","11","https://www.trugreen.com/lawn-care-101 | https://www.trugreen.com/lawn-care-101/blog?topic=Beyond+the+Lawn | https://www.trugreen.com/lawn-care-101/blog?type=Blog | https://www.trugreen.com/lawn-care-101/learning-center | https://www.trugreen.com/my-account/account-summary | https://www.trugreen.com/newsroom | https://www.trugreen.com/pay-your-bill | https://www.trugreen.com/pests-products-and-services | https://www.trugreen.com/pga-tour | https://www.trugreen.com/products-and-services | https://www.trugreen.com/why-choose-trugreen/testimonials-and-ratings","","missing-main|internal-links-missing-from-sitemap",""
"chromium","2026-08-28T21:08:04.938Z","prod-release-2-7-2026-08-28","1-500","","https://www.trugreen.com/lawn-care-101/blog/beyond-lawn/grass-lawn-health-benefits","https://www.trugreen.com/lawn-care-101/blog/beyond-lawn/grass-lawn-health-benefits","200","200:https://www.trugreen.com/lawn-care-101/blog/beyond-lawn/grass-lawn-health-benefits","Benefits of Grass | TruGreen","Benefits of Grass | TruGreen","https://www.trugreen.com/lawn-care-101/blog/beyond-lawn/grass-lawn-health-benefits","1","https://www.trugreen.com/lawn-care-101/blog/beyond-lawn/grass-lawn-health-benefits","1","","200","https://www.trugreen.com/lawn-care-101/blog/beyond-lawn/grass-lawn-health-benefits","","","","0","1","The Environmental and Health Benefits of Having a Grass Lawn","0","header|footer","jsonld:1;types:Article;invalid:0;missing:jsonld_0_missing_@context","0","0","46","10","https://www.trugreen.com/lawn-care-101 | https://www.trugreen.com/lawn-care-101/blog?topic=Beyond+the+Lawn | https://www.trugreen.com/lawn-care-101/blog?type=Blog | https://www.trugreen.com/lawn-care-101/learning-center | https://www.trugreen.com/newsroom | https://www.trugreen.com/pay-your-bill | https://www.trugreen.com/pests-products-and-services | https://www.trugreen.com/pga-tour | https://www.trugreen.com/products-and-services | https://www.trugreen.com/why-choose-trugreen/testimonials-and-ratings","","missing-main|internal-links-missing-from-sitemap",""
"chromium","2026-08-28T21:08:04.938Z","prod-release-2-7-2026-08-28","1-500","","https://www.trugreen.com/lawn-care-101/blog/beyond-lawn/halloween-lawn-ideas","https://www.trugreen.com/lawn-care-101/blog/beyond-lawn/halloween-lawn-ideas","200","200:https://www.trugreen.com/lawn-care-101/blog/beyond-lawn/halloween-lawn-ideas","Halloween Front Lawn Ideas | TruGreen","Halloween Front Lawn Ideas | TruGreen","https://www.trugreen.com/lawn-care-101/blog/beyond-lawn/halloween-lawn-ideas","1","https://www.trugreen.com/lawn-care-101/blog/beyond-lawn/halloween-lawn-ideas","1","","200","https://www.trugreen.com/lawn-care-101/blog/beyond-lawn/halloween-lawn-ideas","","","","0","1","Cleverly Creepy: Creative and Safe Halloween Lawn Decoration Ideas","0","header|footer","jsonld:1;types:Article;invalid:0;missing:jsonld_0_missing_@context","0","0","47","9","https://www.trugreen.com/lawn-care-101 | https://www.trugreen.com/lawn-care-101/blog?topic=Beyond+the+Lawn | https://www.trugreen.com/lawn-care-101/blog?type=Blog | https://www.trugreen.com/lawn-care-101/learning-center | https://www.trugreen.com/newsroom | https://www.trugreen.com/pay-your-bill | https://www.trugreen.com/pests-products-and-services | https://www.trugreen.com/pga-tour | https://www.trugreen.com/products-and-services","","missing-main|internal-links-missing-from-sitemap",""
"chromium","2026-08-28T21:08:04.938Z","prod-release-2-7-2026-08-28","1-500","","https://www.trugreen.com/lawn-care-101/blog/beyond-lawn/happy-drive-swing-big-difference","https://www.trugreen.com/lawn-care-101/blog/beyond-lawn/happy-drive-swing-big-difference","200","200:https://www.trugreen.com/lawn-care-101/blog/beyond-lawn/happy-drive-swing-big-difference","#TruGreenHappyDrive Turns Swings into Change | TruGreen","#TruGreenHappyDrive Turns Swings into Change | TruGreen","https://www.trugreen.com/lawn-care-101/blog/beyond-lawn/happy-drive-swing-big-difference","1","https://www.trugreen.com/lawn-care-101/blog/beyond-lawn/happy-drive-swing-big-difference","1","","200","https://www.trugreen.com/lawn-care-101/blog/beyond-lawn/happy-drive-swing-big-difference","","","","0","1","From Hashtag to Hole-in-One: How a Simple Swing Can Make a Big Difference","0","header|footer","jsonld:1;types:Article;invalid:0;missing:jsonld_0_missing_@context","0","0","46","10","https://www.trugreen.com/lawn-care-101 | https://www.trugreen.com/lawn-care-101/blog?topic=Beyond+the+Lawn | https://www.trugreen.com/lawn-care-101/blog?type=Blog | https://www.trugreen.com/lawn-care-101/learning-center | https://www.trugreen.com/newsroom | https://www.trugreen.com/pay-your-bill | https://www.trugreen.com/pests-products-and-services | https://www.trugreen.com/pga-tour | https://www.trugreen.com/products-and-services | https://www.trugreen.com/why-choose-trugreen/testimonials-and-ratings","","missing-main|internal-links-missing-from-sitemap",""
"chromium","2026-08-28T21:08:04.938Z","prod-release-2-7-2026-08-28","1-500","","https://www.trugreen.com/lawn-care-101/blog/beyond-lawn/natural-grass-vs-artificial-turf-whats-best-your-lawn","https://www.trugreen.com/lawn-care-101/blog/beyond-lawn/natural-grass-vs-artificial-turf-whats-best-your-lawn","200","200:https://www.trugreen.com/lawn-care-101/blog/beyond-lawn/natural-grass-vs-artificial-turf-whats-best-your-lawn","Natural Grass vs Artificial Turf | TruGreen","Natural Grass vs Artificial Turf | TruGreen","https://www.trugreen.com/lawn-care-101/blog/beyond-lawn/natural-grass-vs-artificial-turf-whats-best-your-lawn","1","https://www.trugreen.com/lawn-care-101/blog/beyond-lawn/natural-grass-vs-artificial-turf-whats-best-your-lawn","1","","200","https://www.trugreen.com/lawn-care-101/blog/beyond-lawn/natural-grass-vs-artificial-turf-whats-best-your-lawn","","","","0","1","Natural Grass vs Artificial Turf: What’s Best for Your Lawn?","0","header|footer","jsonld:1;types:Article;invalid:0;missing:jsonld_0_missing_@context","0","0","48","10","https://www.trugreen.com/lawn-care-101 | https://www.trugreen.com/lawn-care-101/blog?topic=Beyond+the+Lawn | https://www.trugreen.com/lawn-care-101/blog?type=Blog | https://www.trugreen.com/lawn-care-101/learning-center | https://www.trugreen.com/newsroom | https://www.trugreen.com/pay-your-bill | https://www.trugreen.com/pests-products-and-services | https://www.trugreen.com/pga-tour | https://www.trugreen.com/products-and-services | https://www.trugreen.com/why-choose-trugreen/testimonials-and-ratings","","missing-main|internal-links-missing-from-sitemap",""
"chromium","2026-08-28T21:08:04.938Z","prod-release-2-7-2026-08-28","1-500","","https://www.trugreen.com/lawn-care-101/blog/beyond-lawn/outdoor-thanksgiving-ideas","https://www.trugreen.com/lawn-care-101/blog/beyond-lawn/outdoor-thanksgiving-ideas","200","200:https://www.trugreen.com/lawn-care-101/blog/beyond-lawn/outdoor-thanksgiving-ideas","Outdoor Thanksgiving | TruGreen","Outdoor Thanksgiving | TruGreen","https://www.trugreen.com/lawn-care-101/blog/beyond-lawn/outdoor-thanksgiving-ideas","1","https://www.trugreen.com/lawn-care-101/blog/beyond-lawn/outdoor-thanksgiving-ideas","1","","200","https://www.trugreen.com/lawn-care-101/blog/beyond-lawn/outdoor-thanksgiving-ideas","","","","0","1","Outdoor Thanksgiving Ideas: Prep, Decor & Maintenance","0","header|footer","jsonld:1;types:Article;invalid:0;missing:jsonld_0_missing_@context","0","0","49","10","https://www.trugreen.com/lawn-care-101 | https://www.trugreen.com/lawn-care-101/blog?topic=Beyond+the+Lawn | https://www.trugreen.com/lawn-care-101/blog?type=Blog | https://www.trugreen.com/lawn-care-101/learning-center | https://www.trugreen.com/newsroom | https://www.trugreen.com/pay-your-bill | https://www.trugreen.com/pests-products-and-services | https://www.trugreen.com/pga-tour | https://www.trugreen.com/products-and-services | https://www.trugreen.com/why-choose-trugreen/testimonials-and-ratings","","missing-main|internal-links-missing-from-sitemap",""
"chromium","2026-08-28T21:08:04.938Z","prod-release-2-7-2026-08-28","1-500","","https://www.trugreen.com/lawn-care-101/blog/coastal-care-trugreen","https://www.trugreen.com/lawn-care-101/blog/coastal-care-trugreen","200","200:https://www.trugreen.com/lawn-care-101/blog/coastal-care-trugreen","Coastal Care + TruGreen | TruGreen","Coastal Care + TruGreen | TruGreen","https://www.trugreen.com/lawn-care-101/blog/coastal-care-trugreen","1","https://www.trugreen.com/lawn-care-101/blog/coastal-care-trugreen","1","","200","https://www.trugreen.com/lawn-care-101/blog/coastal-care-trugreen","","","","0","1","Coastal Care + TruGreen","0","main|header|nav|footer","jsonld:0;types:;invalid:0;missing:","0","0","46","15","https://www.trugreen.com/chat/organic-promo | https://www.trugreen.com/lawn-care-101 | https://www.trugreen.com/lawn-care-101/learning-center | https://www.trugreen.com/my-account/account-settings | https://www.trugreen.com/my-account/account-summary | https://www.trugreen.com/my-account/my-documents | https://www.trugreen.com/my-account/my-services | https://www.trugreen.com/my-account/payments | https://www.trugreen.com/newsroom | https://www.trugreen.com/pay-your-bill | https://www.trugreen.com/pests-products-and-services | https://www.trugreen.com/pga-tour | https://www.trugreen.com/products-and-services | https://www.trugreen.com/products-and-services/tree-and-shrub-service | https://www.trugreen.com/why-choose-trugreen/testimonials-and-ratings","","internal-links-missing-from-sitemap",""
"chromium","2026-08-28T21:08:04.938Z","prod-release-2-7-2026-08-28","1-500","","https://www.trugreen.com/lawn-care-101/blog/contests-and-sweepstakes/contest-share-your-fourth-of-july-memories","https://www.trugreen.com/lawn-care-101/blog","200","301:https://www.trugreen.com/lawn-care-101/blog/contests-and-sweepstakes/contest-share-your-fourth-of-july-memories -> 200:https://www.trugreen.com/lawn-care-101/blog","TruGreen Blog | TruGreen","TruGreen Blog | TruGreen","https://www.trugreen.com/lawn-care-101/blog","1","https://www.trugreen.com/lawn-care-101/blog","1","","200","https://www.trugreen.com/lawn-care-101/blog","","","","0","1","Looking for advice?Turn to the experts.","0","main|header|footer","jsonld:1;types:Blog|BreadcrumbList|CollectionPage;invalid:0;missing:","0","0","86","22","https://www.trugreen.com/lawn-care-101 | https://www.trugreen.com/lawn-care-101/blog/beyond-lawn/hosting-backyard-party | https://www.trugreen.com/lawn-care-101/blog/consistent-lawn-care | https://www.trugreen.com/lawn-care-101/blog/lawn-care/lawn-care-myths | https://www.trugreen.com/lawn-care-101/blog/lawn-care/lawn-care-vs-landscaping | https://www.trugreen.com/lawn-care-101/blog/lawn-care/lawn-mowing-spread-weeds | https://www.trugreen.com/lawn-care-101/blog/lawn-care/what-lawn-need-thrive | https://www.trugreen.com/lawn-care-101/blog/lawn-care/what-my-lawn-need | https://www.trugreen.com/lawn-care-101/blog/lawn-care/when-aerate-and-overseed-northeast | https://www.trugreen.com/lawn-care-101/blog/lawn-damage/lawn-care-signs-stress | https://www.trugreen.com/lawn-care-101/blog/pest-control/how-control-fleas-yard | https://www.trugreen.com/lawn-care-101/blog/tree-shrub-care/tree-disease-treatment | https://www.trugreen.com/lawn-care-101/blog/weed-control/control-wild-violets | https://www.trugreen.com/lawn-care-101/blog/weed-control/how-control-clover-lawn | https://www.trugreen.com/lawn-care-101/blog/weed-control/weeds-from-coming-back | https://www.trugreen.com/lawn-care-101/learning-center | https://www.trugreen.com/newsroom | https://www.trugreen.com/pay-your-bill | https://www.trugreen.com/pests-products-and-services | https://www.trugreen.com/pga-tour | https://www.trugreen.com/products-and-services | https://www.trugreen.com/why-choose-trugreen/testimonials-and-ratings","","internal-links-missing-from-sitemap|duplicate-title",""
"chromium","2026-08-28T21:08:04.938Z","prod-release-2-7-2026-08-28","1-500","","https://www.trugreen.com/lawn-care-101/blog/contests-and-sweepstakes/contest-show-how-you-lovemylawn","https://www.trugreen.com/lawn-care-101/blog","200","301:https://www.trugreen.com/lawn-care-101/blog/contests-and-sweepstakes/contest-show-how-you-lovemylawn -> 200:https://www.trugreen.com/lawn-care-101/blog","TruGreen Blog | TruGreen","TruGreen Blog | TruGreen","https://www.trugreen.com/lawn-care-101/blog","1","https://www.trugreen.com/lawn-care-101/blog","1","","200","https://www.trugreen.com/lawn-care-101/blog","","","","0","1","Looking for advice?Turn to the experts.","0","main|header|footer","jsonld:1;types:Blog|BreadcrumbList|CollectionPage;invalid:0;missing:","0","0","86","22","https://www.trugreen.com/lawn-care-101 | https://www.trugreen.com/lawn-care-101/blog/beyond-lawn/hosting-backyard-party | https://www.trugreen.com/lawn-care-101/blog/consistent-lawn-care | https://www.trugreen.com/lawn-care-101/blog/lawn-care/lawn-care-myths | https://www.trugreen.com/lawn-care-101/blog/lawn-care/lawn-care-vs-landscaping | https://www.trugreen.com/lawn-care-101/blog/lawn-care/lawn-mowing-spread-weeds | https://www.trugreen.com/lawn-care-101/blog/lawn-care/what-lawn-need-thrive | https://www.trugreen.com/lawn-care-101/blog/lawn-care/what-my-lawn-need | https://www.trugreen.com/lawn-care-101/blog/lawn-care/when-aerate-and-overseed-northeast | https://www.trugreen.com/lawn-care-101/blog/lawn-damage/lawn-care-signs-stress | https://www.trugreen.com/lawn-care-101/blog/pest-control/how-control-fleas-yard | https://www.trugreen.com/lawn-care-101/blog/tree-shrub-care/tree-disease-treatment | https://www.trugreen.com/lawn-care-101/blog/weed-control/control-wild-violets | https://www.trugreen.com/lawn-care-101/blog/weed-control/how-control-clover-lawn | https://www.trugreen.com/lawn-care-101/blog/weed-control/weeds-from-coming-back | https://www.trugreen.com/lawn-care-101/learning-center | https://www.trugreen.com/newsroom | https://www.trugreen.com/pay-your-bill | https://www.trugreen.com/pests-products-and-services | https://www.trugreen.com/pga-tour | https://www.trugreen.com/products-and-services | https://www.trugreen.com/why-choose-trugreen/testimonials-and-ratings","","internal-links-missing-from-sitemap|duplicate-title",""
"chromium","2026-08-28T21:08:04.938Z","prod-release-2-7-2026-08-28","1-500","","https://www.trugreen.com/lawn-care-101/blog/contests-and-sweepstakes/show-us-your-greens-contest-rules","https://www.trugreen.com/lawn-care-101/blog","200","301:https://www.trugreen.com/lawn-care-101/blog/contests-and-sweepstakes/show-us-your-greens-contest-rules -> 200:https://www.trugreen.com/lawn-care-101/blog","TruGreen Blog | TruGreen","TruGreen Blog | TruGreen","https://www.trugreen.com/lawn-care-101/blog","1","https://www.trugreen.com/lawn-care-101/blog","1","","200","https://www.trugreen.com/lawn-care-101/blog","","","","0","1","Looking for advice?Turn to the experts.","0","main|header|footer","jsonld:1;types:Blog|BreadcrumbList|CollectionPage;invalid:0;missing:","0","0","86","22","https://www.trugreen.com/lawn-care-101 | https://www.trugreen.com/lawn-care-101/blog/beyond-lawn/hosting-backyard-party | https://www.trugreen.com/lawn-care-101/blog/consistent-lawn-care | https://www.trugreen.com/lawn-care-101/blog/lawn-care/lawn-care-myths | https://www.trugreen.com/lawn-care-101/blog/lawn-care/lawn-care-vs-landscaping | https://www.trugreen.com/lawn-care-101/blog/lawn-care/lawn-mowing-spread-weeds | https://www.trugreen.com/lawn-care-101/blog/lawn-care/what-lawn-need-thrive | https://www.trugreen.com/lawn-care-101/blog/lawn-care/what-my-lawn-need | https://www.trugreen.com/lawn-care-101/blog/lawn-care/when-aerate-and-overseed-northeast | https://www.trugreen.com/lawn-care-101/blog/lawn-damage/lawn-care-signs-stress | https://www.trugreen.com/lawn-care-101/blog/pest-control/how-control-fleas-yard | https://www.trugreen.com/lawn-care-101/blog/tree-shrub-care/tree-disease-treatment | https://www.trugreen.com/lawn-care-101/blog/weed-control/control-wild-violets | https://www.trugreen.com/lawn-care-101/blog/weed-control/how-control-clover-lawn | https://www.trugreen.com/lawn-care-101/blog/weed-control/weeds-from-coming-back | https://www.trugreen.com/lawn-care-101/learning-center | https://www.trugreen.com/newsroom | https://www.trugreen.com/pay-your-bill | https://www.trugreen.com/pests-products-and-services | https://www.trugreen.com/pga-tour | https://www.trugreen.com/products-and-services | https://www.trugreen.com/why-choose-trugreen/testimonials-and-ratings","","internal-links-missing-from-sitemap|duplicate-title",""
"chromium","2026-08-28T21:08:04.938Z","prod-release-2-7-2026-08-28","1-500","","https://www.trugreen.com/lawn-care-101/blog/diy","https://www.trugreen.com/lawn-care-101/blog/diy","404","404:https://www.trugreen.com/lawn-care-101/blog/diy","","","","0","","0","","","","","","","0","0","","0","","jsonld:0;types:;invalid:0;missing:","0","0","0","0","","","missing-title|missing-canonical|raw-canonical-count-invalid|rendered-canonical-count-invalid|missing-h1|missing-main",""
"chromium","2026-08-28T21:08:04.938Z","prod-release-2-7-2026-08-28","1-500","","https://www.trugreen.com/lawn-care-101/blog/diy-and-curb-appeal-tips","https://www.trugreen.com/lawn-care-101/blog/diy-and-curb-appeal-tips","404","404:https://www.trugreen.com/lawn-care-101/blog/diy-and-curb-appeal-tips","","","","0","","0","","","","","","","0","0","","0","","jsonld:0;types:;invalid:0;missing:","0","0","0","0","","","missing-title|missing-canonical|raw-canonical-count-invalid|rendered-canonical-count-invalid|missing-h1|missing-main",""
"chromium","2026-08-28T21:08:04.938Z","prod-release-2-7-2026-08-28","1-500","","https://www.trugreen.com/lawn-care-101/blog/diy-and-curb-appeal-tips/20-ways-to-soak-up-the-last-of-summer","https://www.trugreen.com/lawn-care-101/blog","200","301:https://www.trugreen.com/lawn-care-101/blog/diy-and-curb-appeal-tips/20-ways-to-soak-up-the-last-of-summer -> 200:https://www.trugreen.com/lawn-care-101/blog","TruGreen Blog | TruGreen","TruGreen Blog | TruGreen","https://www.trugreen.com/lawn-care-101/blog","1","https://www.trugreen.com/lawn-care-101/blog","1","","200","https://www.trugreen.com/lawn-care-101/blog","","","","0","1","Looking for advice?Turn to the experts.","0","main|header|footer","jsonld:1;types:Blog|BreadcrumbList|CollectionPage;invalid:0;missing:","0","0","86","22","https://www.trugreen.com/lawn-care-101 | https://www.trugreen.com/lawn-care-101/blog/beyond-lawn/hosting-backyard-party | https://www.trugreen.com/lawn-care-101/blog/consistent-lawn-care | https://www.trugreen.com/lawn-care-101/blog/lawn-care/lawn-care-myths | https://www.trugreen.com/lawn-care-101/blog/lawn-care/lawn-care-vs-landscaping | https://www.trugreen.com/lawn-care-101/blog/lawn-care/lawn-mowing-spread-weeds | https://www.trugreen.com/lawn-care-101/blog/lawn-care/what-lawn-need-thrive | https://www.trugreen.com/lawn-care-101/blog/lawn-care/what-my-lawn-need | https://www.trugreen.com/lawn-care-101/blog/lawn-care/when-aerate-and-overseed-northeast | https://www.trugreen.com/lawn-care-101/blog/lawn-damage/lawn-care-signs-stress | https://www.trugreen.com/lawn-care-101/blog/pest-control/how-control-fleas-yard | https://www.trugreen.com/lawn-care-101/blog/tree-shrub-care/tree-disease-treatment | https://www.trugreen.com/lawn-care-101/blog/weed-control/control-wild-violets | https://www.trugreen.com/lawn-care-101/blog/weed-control/how-control-clover-lawn | https://www.trugreen.com/lawn-care-101/blog/weed-control/weeds-from-coming-back | https://www.trugreen.com/lawn-care-101/learning-center | https://www.trugreen.com/newsroom | https://www.trugreen.com/pay-your-bill | https://www.trugreen.com/pests-products-and-services | https://www.trugreen.com/pga-tour | https://www.trugreen.com/products-and-services | https://www.trugreen.com/why-choose-trugreen/testimonials-and-ratings","","internal-links-missing-from-sitemap|duplicate-title",""
"chromium","2026-08-28T21:08:04.938Z","prod-release-2-7-2026-08-28","1-500","","https://www.trugreen.com/lawn-care-101/blog/diy-and-curb-appeal-tips/9-fathers-day-gift-ideas","https://www.trugreen.com/lawn-care-101/blog","200","301:https://www.trugreen.com/lawn-care-101/blog/diy-and-curb-appeal-tips/9-fathers-day-gift-ideas -> 200:https://www.trugreen.com/lawn-care-101/blog","TruGreen Blog | TruGreen","TruGreen Blog | TruGreen","https://www.trugreen.com/lawn-care-101/blog","1","https://www.trugreen.com/lawn-care-101/blog","1","","200","https://www.trugreen.com/lawn-care-101/blog","","","","0","1","Looking for advice?Turn to the experts.","0","main|header|footer","jsonld:1;types:Blog|BreadcrumbList|CollectionPage;invalid:0;missing:","0","0","86","22","https://www.trugreen.com/lawn-care-101 | https://www.trugreen.com/lawn-care-101/blog/beyond-lawn/hosting-backyard-party | https://www.trugreen.com/lawn-care-101/blog/consistent-lawn-care | https://www.trugreen.com/lawn-care-101/blog/lawn-care/lawn-care-myths | https://www.trugreen.com/lawn-care-101/blog/lawn-care/lawn-care-vs-landscaping | https://www.trugreen.com/lawn-care-101/blog/lawn-care/lawn-mowing-spread-weeds | https://www.trugreen.com/lawn-care-101/blog/lawn-care/what-lawn-need-thrive | https://www.trugreen.com/lawn-care-101/blog/lawn-care/what-my-lawn-need | https://www.trugreen.com/lawn-care-101/blog/lawn-care/when-aerate-and-overseed-northeast | https://www.trugreen.com/lawn-care-101/blog/lawn-damage/lawn-care-signs-stress | https://www.trugreen.com/lawn-care-101/blog/pest-control/how-control-fleas-yard | https://www.trugreen.com/lawn-care-101/blog/tree-shrub-care/tree-disease-treatment | https://www.trugreen.com/lawn-care-101/blog/weed-control/control-wild-violets | https://www.trugreen.com/lawn-care-101/blog/weed-control/how-control-clover-lawn | https://www.trugreen.com/lawn-care-101/blog/weed-control/weeds-from-coming-back | https://www.trugreen.com/lawn-care-101/learning-center | https://www.trugreen.com/newsroom | https://www.trugreen.com/pay-your-bill | https://www.trugreen.com/pests-products-and-services | https://www.trugreen.com/pga-tour | https://www.trugreen.com/products-and-services | https://www.trugreen.com/why-choose-trugreen/testimonials-and-ratings","","internal-links-missing-from-sitemap|duplicate-title",""
"chromium","2026-08-28T21:08:04.938Z","prod-release-2-7-2026-08-28","1-500","","https://www.trugreen.com/lawn-care-101/blog/diy-and-curb-appeal-tips/best-backyard-ideas-and-patio-upgrades-for-springt","https://www.trugreen.com/lawn-care-101/blog/diy-and-curb-appeal-tips/best-backyard-ideas-and-patio-upgrades-for-springt","200","200:https://www.trugreen.com/lawn-care-101/blog/diy-and-curb-appeal-tips/best-backyard-ideas-and-patio-upgrades-for-springt","Front Lawn Patio Ideas | TruGreen","Front Lawn Patio Ideas | TruGreen","https://www.trugreen.com/lawn-care-101/blog/diy-and-curb-appeal-tips/best-backyard-ideas-and-patio-upgrades-for-springt","1","https://www.trugreen.com/lawn-care-101/blog/diy-and-curb-appeal-tips/best-backyard-ideas-and-patio-upgrades-for-springt","1","","200","https://www.trugreen.com/lawn-care-101/blog/diy-and-curb-appeal-tips/best-backyard-ideas-and-patio-upgrades-for-springt","","","","0","1","Front Lawn Patio Ideas: Best Ways to Improve Your Outdoors","0","header|nav|footer","jsonld:1;types:Article;invalid:0;missing:jsonld_0_missing_@context","0","0","48","11","https://www.trugreen.com/lawn-care-101 | https://www.trugreen.com/lawn-care-101/blog?topic=DIY | https://www.trugreen.com/lawn-care-101/blog?type=Blog | https://www.trugreen.com/lawn-care-101/learning-center | https://www.trugreen.com/my-account/account-summary | https://www.trugreen.com/newsroom | https://www.trugreen.com/pay-your-bill | https://www.trugreen.com/pests-products-and-services | https://www.trugreen.com/pga-tour | https://www.trugreen.com/products-and-services | https://www.trugreen.com/why-choose-trugreen/testimonials-and-ratings","","missing-main|internal-links-missing-from-sitemap|duplicate-title",""
"chromium","2026-08-28T21:08:04.938Z","prod-release-2-7-2026-08-28","1-500","","https://www.trugreen.com/lawn-care-101/blog/diy-and-curb-appeal-tips/best-outdoor-workouts","https://www.trugreen.com/lawn-care-101/blog","200","301:https://www.trugreen.com/lawn-care-101/blog/diy-and-curb-appeal-tips/best-outdoor-workouts -> 200:https://www.trugreen.com/lawn-care-101/blog","TruGreen Blog | TruGreen","TruGreen Blog | TruGreen","https://www.trugreen.com/lawn-care-101/blog","1","https://www.trugreen.com/lawn-care-101/blog","1","","200","https://www.trugreen.com/lawn-care-101/blog","","","","0","1","Looking for advice?Turn to the experts.","0","main|header|footer","jsonld:1;types:Blog|BreadcrumbList|CollectionPage;invalid:0;missing:","0","0","86","22","https://www.trugreen.com/lawn-care-101 | https://www.trugreen.com/lawn-care-101/blog/beyond-lawn/hosting-backyard-party | https://www.trugreen.com/lawn-care-101/blog/consistent-lawn-care | https://www.trugreen.com/lawn-care-101/blog/lawn-care/lawn-care-myths | https://www.trugreen.com/lawn-care-101/blog/lawn-care/lawn-care-vs-landscaping | https://www.trugreen.com/lawn-care-101/blog/lawn-care/lawn-mowing-spread-weeds | https://www.trugreen.com/lawn-care-101/blog/lawn-care/what-lawn-need-thrive | https://www.trugreen.com/lawn-care-101/blog/lawn-care/what-my-lawn-need | https://www.trugreen.com/lawn-care-101/blog/lawn-care/when-aerate-and-overseed-northeast | https://www.trugreen.com/lawn-care-101/blog/lawn-damage/lawn-care-signs-stress | https://www.trugreen.com/lawn-care-101/blog/pest-control/how-control-fleas-yard | https://www.trugreen.com/lawn-care-101/blog/tree-shrub-care/tree-disease-treatment | https://www.trugreen.com/lawn-care-101/blog/weed-control/control-wild-violets | https://www.trugreen.com/lawn-care-101/blog/weed-control/how-control-clover-lawn | https://www.trugreen.com/lawn-care-101/blog/weed-control/weeds-from-coming-back | https://www.trugreen.com/lawn-care-101/learning-center | https://www.trugreen.com/newsroom | https://www.trugreen.com/pay-your-bill | https://www.trugreen.com/pests-products-and-services | https://www.trugreen.com/pga-tour | https://www.trugreen.com/products-and-services | https://www.trugreen.com/why-choose-trugreen/testimonials-and-ratings","","internal-links-missing-from-sitemap|duplicate-title",""
"chromium","2026-08-28T21:08:04.938Z","prod-release-2-7-2026-08-28","1-500","","https://www.trugreen.com/lawn-care-101/blog/diy-and-curb-appeal-tips/blog-diy-curb-appeal-tips-cozy-up","https://www.trugreen.com/lawn-care-101/blog/lawn-care-tips/value-curb-appeal-selling-your-home","200","301:https://www.trugreen.com/lawn-care-101/blog/diy-and-curb-appeal-tips/blog-diy-curb-appeal-tips-cozy-up -> 200:https://www.trugreen.com/lawn-care-101/blog/lawn-care-tips/value-curb-appeal-selling-your-home","Curb Appeal and Home Value | TruGreen","Curb Appeal and Home Value | TruGreen","https://www.trugreen.com/lawn-care-101/blog/lawn-care-tips/value-curb-appeal-selling-your-home","1","https://www.trugreen.com/lawn-care-101/blog/lawn-care-tips/value-curb-appeal-selling-your-home","1","","200","https://www.trugreen.com/lawn-care-101/blog/lawn-care-tips/value-curb-appeal-selling-your-home","","","","0","1","Curb Appeal and Home Value: Why It Matters and How to Improve It","0","header|nav|footer","jsonld:1;types:Article;invalid:0;missing:jsonld_0_missing_@context","0","0","47","11","https://www.trugreen.com/lawn-care-101 | https://www.trugreen.com/lawn-care-101/blog?topic=Beyond+the+Lawn | https://www.trugreen.com/lawn-care-101/blog?type=Blog | https://www.trugreen.com/lawn-care-101/learning-center | https://www.trugreen.com/my-account/account-summary | https://www.trugreen.com/newsroom | https://www.trugreen.com/pay-your-bill | https://www.trugreen.com/pests-products-and-services | https://www.trugreen.com/pga-tour | https://www.trugreen.com/products-and-services | https://www.trugreen.com/why-choose-trugreen/testimonials-and-ratings","","missing-main|internal-links-missing-from-sitemap|duplicate-title",""
"chromium","2026-08-28T21:08:04.938Z","prod-release-2-7-2026-08-28","1-500","","https://www.trugreen.com/lawn-care-101/blog/diy-and-curb-appeal-tips/cozy-up-fall-patio-decorating-ideas","https://www.trugreen.com/lawn-care-101/blog/diy-and-curb-appeal-tips/cozy-up-fall-patio-decorating-ideas","200","200:https://www.trugreen.com/lawn-care-101/blog/diy-and-curb-appeal-tips/cozy-up-fall-patio-decorating-ideas","Fall Patio Decorating | TruGreen","Fall Patio Decorating | TruGreen","https://www.trugreen.com/lawn-care-101/blog/diy-and-curb-appeal-tips/cozy-up-fall-patio-decorating-ideas","1","https://www.trugreen.com/lawn-care-101/blog/diy-and-curb-appeal-tips/cozy-up-fall-patio-decorating-ideas","1","","200","https://www.trugreen.com/lawn-care-101/blog/diy-and-curb-appeal-tips/cozy-up-fall-patio-decorating-ideas","","","","0","1","Fall Patio Decorating Ideas: Transform Your Outdoor Space","0","header|footer","jsonld:1;types:Article;invalid:0;missing:jsonld_0_missing_@context","0","0","48","11","https://www.trugreen.com/lawn-care-101 | https://www.trugreen.com/lawn-care-101/blog?topic=Beyond+the+Lawn | https://www.trugreen.com/lawn-care-101/blog?type=Blog | https://www.trugreen.com/lawn-care-101/learning-center | https://www.trugreen.com/my-account/account-summary | https://www.trugreen.com/newsroom | https://www.trugreen.com/pay-your-bill | https://www.trugreen.com/pests-products-and-services | https://www.trugreen.com/pga-tour | https://www.trugreen.com/products-and-services | https://www.trugreen.com/why-choose-trugreen/testimonials-and-ratings","","missing-main|internal-links-missing-from-sitemap|duplicate-title",""
"chromium","2026-08-28T21:08:04.938Z","prod-release-2-7-2026-08-28","1-500","","https://www.trugreen.com/lawn-care-101/blog/diy-and-curb-appeal-tips/curb-appeal-angies-list","https://www.trugreen.com/lawn-care-101/blog/diy-and-curb-appeal-tips/best-backyard-ideas-and-patio-upgrades-for-springt","200","301:https://www.trugreen.com/lawn-care-101/blog/diy-and-curb-appeal-tips/curb-appeal-angies-list -> 200:https://www.trugreen.com/lawn-care-101/blog/diy-and-curb-appeal-tips/best-backyard-ideas-and-patio-upgrades-for-springt","Front Lawn Patio Ideas | TruGreen","Front Lawn Patio Ideas | TruGreen","https://www.trugreen.com/lawn-care-101/blog/diy-and-curb-appeal-tips/best-backyard-ideas-and-patio-upgrades-for-springt","1","https://www.trugreen.com/lawn-care-101/blog/diy-and-curb-appeal-tips/best-backyard-ideas-and-patio-upgrades-for-springt","1","","200","https://www.trugreen.com/lawn-care-101/blog/diy-and-curb-appeal-tips/best-backyard-ideas-and-patio-upgrades-for-springt","","","","0","1","Front Lawn Patio Ideas: Best Ways to Improve Your Outdoors","0","header|nav|footer","jsonld:1;types:Article;invalid:0;missing:jsonld_0_missing_@context","0","0","48","11","https://www.trugreen.com/lawn-care-101 | https://www.trugreen.com/lawn-care-101/blog?topic=DIY | https://www.trugreen.com/lawn-care-101/blog?type=Blog | https://www.trugreen.com/lawn-care-101/learning-center | https://www.trugreen.com/my-account/account-summary | https://www.trugreen.com/newsroom | https://www.trugreen.com/pay-your-bill | https://www.trugreen.com/pests-products-and-services | https://www.trugreen.com/pga-tour | https://www.trugreen.com/products-and-services | https://www.trugreen.com/why-choose-trugreen/testimonials-and-ratings","","missing-main|internal-links-missing-from-sitemap|duplicate-title",""
"chromium","2026-08-28T21:08:04.938Z","prod-release-2-7-2026-08-28","1-500","","https://www.trugreen.com/lawn-care-101/blog/diy-and-curb-appeal-tips/curb-appeal-tips-from-an-interior-designer","https://www.trugreen.com/lawn-care-101/blog/diy-and-curb-appeal-tips/cozy-up-fall-patio-decorating-ideas","200","301:https://www.trugreen.com/lawn-care-101/blog/diy-and-curb-appeal-tips/curb-appeal-tips-from-an-interior-designer -> 200:https://www.trugreen.com/lawn-care-101/blog/diy-and-curb-appeal-tips/cozy-up-fall-patio-decorating-ideas","Fall Patio Decorating | TruGreen","Fall Patio Decorating | TruGreen","https://www.trugreen.com/lawn-care-101/blog/diy-and-curb-appeal-tips/cozy-up-fall-patio-decorating-ideas","1","https://www.trugreen.com/lawn-care-101/blog/diy-and-curb-appeal-tips/cozy-up-fall-patio-decorating-ideas","1","","200","https://www.trugreen.com/lawn-care-101/blog/diy-and-curb-appeal-tips/cozy-up-fall-patio-decorating-ideas","","","","0","1","Fall Patio Decorating Ideas: Transform Your Outdoor Space","0","header|footer","jsonld:1;types:Article;invalid:0;missing:jsonld_0_missing_@context","0","0","48","11","https://www.trugreen.com/lawn-care-101 | https://www.trugreen.com/lawn-care-101/blog?topic=Beyond+the+Lawn | https://www.trugreen.com/lawn-care-101/blog?type=Blog | https://www.trugreen.com/lawn-care-101/learning-center | https://www.trugreen.com/my-account/account-summary | https://www.trugreen.com/newsroom | https://www.trugreen.com/pay-your-bill | https://www.trugreen.com/pests-products-and-services | https://www.trugreen.com/pga-tour | https://www.trugreen.com/products-and-services | https://www.trugreen.com/why-choose-trugreen/testimonials-and-ratings","","missing-main|internal-links-missing-from-sitemap|duplicate-title",""
"chromium","2026-08-28T21:08:04.938Z","prod-release-2-7-2026-08-28","1-500","","https://www.trugreen.com/lawn-care-101/blog/diy-and-curb-appeal-tips/deck-the-lawn-tips-and-tricks","https://www.trugreen.com/lawn-care-101/blog/diy-and-curb-appeal-tips/eco-friendly-ways-to-decorate-outdoor-trees","200","301:https://www.trugreen.com/lawn-care-101/blog/diy-and-curb-appeal-tips/deck-the-lawn-tips-and-tricks -> 200:https://www.trugreen.com/lawn-care-101/blog/diy-and-curb-appeal-tips/eco-friendly-ways-to-decorate-outdoor-trees","8 Eco-Friendly Ways to Decorate Outdoor Trees | TruGreen","8 Eco-Friendly Ways to Decorate Outdoor Trees | TruGreen","https://www.trugreen.com/lawn-care-101/blog/diy-and-curb-appeal-tips/eco-friendly-ways-to-decorate-outdoor-trees","1","https://www.trugreen.com/lawn-care-101/blog/diy-and-curb-appeal-tips/eco-friendly-ways-to-decorate-outdoor-trees","1","","200","https://www.trugreen.com/lawn-care-101/blog/diy-and-curb-appeal-tips/eco-friendly-ways-to-decorate-outdoor-trees","","","","0","1","8 Eco-Friendly Ways to Decorate Outdoor Trees","0","header|footer","jsonld:1;types:Article;invalid:0;missing:jsonld_0_missing_@context","0","0","45","10","https://www.trugreen.com/lawn-care-101 | https://www.trugreen.com/lawn-care-101/blog?topic=Beyond+the+Lawn | https://www.trugreen.com/lawn-care-101/blog?type=Blog | https://www.trugreen.com/lawn-care-101/learning-center | https://www.trugreen.com/newsroom | https://www.trugreen.com/pay-your-bill | https://www.trugreen.com/pests-products-and-services | https://www.trugreen.com/pga-tour | https://www.trugreen.com/products-and-services | https://www.trugreen.com/why-choose-trugreen/testimonials-and-ratings","","missing-main|internal-links-missing-from-sitemap|duplicate-title",""
"chromium","2026-08-28T21:08:04.938Z","prod-release-2-7-2026-08-28","1-500","","https://www.trugreen.com/lawn-care-101/blog/diy-and-curb-appeal-tips/diy-bamboo-play-tent","https://www.trugreen.com/lawn-care-101/blog","200","301:https://www.trugreen.com/lawn-care-101/blog/diy-and-curb-appeal-tips/diy-bamboo-play-tent -> 200:https://www.trugreen.com/lawn-care-101/blog","TruGreen Blog | TruGreen","TruGreen Blog | TruGreen","https://www.trugreen.com/lawn-care-101/blog","1","https://www.trugreen.com/lawn-care-101/blog","1","","200","https://www.trugreen.com/lawn-care-101/blog","","","","0","1","Looking for advice?Turn to the experts.","0","main|header|footer","jsonld:1;types:Blog|BreadcrumbList|CollectionPage;invalid:0;missing:","0","0","86","22","https://www.trugreen.com/lawn-care-101 | https://www.trugreen.com/lawn-care-101/blog/beyond-lawn/hosting-backyard-party | https://www.trugreen.com/lawn-care-101/blog/consistent-lawn-care | https://www.trugreen.com/lawn-care-101/blog/lawn-care/lawn-care-myths | https://www.trugreen.com/lawn-care-101/blog/lawn-care/lawn-care-vs-landscaping | https://www.trugreen.com/lawn-care-101/blog/lawn-care/lawn-mowing-spread-weeds | https://www.trugreen.com/lawn-care-101/blog/lawn-care/what-lawn-need-thrive | https://www.trugreen.com/lawn-care-101/blog/lawn-care/what-my-lawn-need | https://www.trugreen.com/lawn-care-101/blog/lawn-care/when-aerate-and-overseed-northeast | https://www.trugreen.com/lawn-care-101/blog/lawn-damage/lawn-care-signs-stress | https://www.trugreen.com/lawn-care-101/blog/pest-control/how-control-fleas-yard | https://www.trugreen.com/lawn-care-101/blog/tree-shrub-care/tree-disease-treatment | https://www.trugreen.com/lawn-care-101/blog/weed-control/control-wild-violets | https://www.trugreen.com/lawn-care-101/blog/weed-control/how-control-clover-lawn | https://www.trugreen.com/lawn-care-101/blog/weed-control/weeds-from-coming-back | https://www.trugreen.com/lawn-care-101/learning-center | https://www.trugreen.com/newsroom | https://www.trugreen.com/pay-your-bill | https://www.trugreen.com/pests-products-and-services | https://www.trugreen.com/pga-tour | https://www.trugreen.com/products-and-services | https://www.trugreen.com/why-choose-trugreen/testimonials-and-ratings","","internal-links-missing-from-sitemap|duplicate-title",""
"chromium","2026-08-28T21:08:04.938Z","prod-release-2-7-2026-08-28","1-500","","https://www.trugreen.com/lawn-care-101/blog/diy-and-curb-appeal-tips/diy-bamboo-play-tent/_sss.html_bk","https://www.trugreen.com/lawn-care-101/blog/diy-and-curb-appeal-tips/diy-bamboo-play-tent/_sss.html_bk","404","404:https://www.trugreen.com/lawn-care-101/blog/diy-and-curb-appeal-tips/diy-bamboo-play-tent/_sss.html_bk","Page Not Found","Page Not Found","https://www.trugreen.com/page-not-found","1","https://www.trugreen.com/page-not-found","1","","","https://www.trugreen.com/page-not-found","","","","0","1","404","0","main|header|nav|footer","jsonld:1;types:WebSite;invalid:0;missing:jsonld_0_missing_@context","0","0","46","15","https://www.trugreen.com/chat/organic-promo | https://www.trugreen.com/lawn-care-101 | https://www.trugreen.com/lawn-care-101/learning-center | https://www.trugreen.com/my-account/account-settings | https://www.trugreen.com/my-account/account-summary | https://www.trugreen.com/my-account/my-documents | https://www.trugreen.com/my-account/my-services | https://www.trugreen.com/my-account/payments | https://www.trugreen.com/newsroom | https://www.trugreen.com/pay-your-bill | https://www.trugreen.com/pests-products-and-services | https://www.trugreen.com/pga-tour | https://www.trugreen.com/products-and-services | https://www.trugreen.com/products-and-services/tree-and-shrub-service | https://www.trugreen.com/why-choose-trugreen/testimonials-and-ratings","","title-pattern-review|internal-links-missing-from-sitemap|duplicate-title|canonical-target-invalid",""
"chromium","2026-08-28T21:08:04.938Z","prod-release-2-7-2026-08-28","1-500","","https://www.trugreen.com/lawn-care-101/blog/diy-and-curb-appeal-tips/diy-lawn-care-fails-6-diy-lawn-care-mistakes","https://www.trugreen.com/lawn-care-101/blog/diy-and-curb-appeal-tips/diy-lawn-care-fails-6-diy-lawn-care-mistakes","200","200:https://www.trugreen.com/lawn-care-101/blog/diy-and-curb-appeal-tips/diy-lawn-care-fails-6-diy-lawn-care-mistakes","Common Lawn Care Mistakes l TruGreen","Common Lawn Care Mistakes l TruGreen","https://www.trugreen.com/lawn-care-101/blog/diy-and-curb-appeal-tips/diy-lawn-care-fails-6-diy-lawn-care-mistakes","1","https://www.trugreen.com/lawn-care-101/blog/diy-and-curb-appeal-tips/diy-lawn-care-fails-6-diy-lawn-care-mistakes","1","","200","https://www.trugreen.com/lawn-care-101/blog/diy-and-curb-appeal-tips/diy-lawn-care-fails-6-diy-lawn-care-mistakes","","","","0","1","5 Common Lawn Care Mistakes","0","header|footer","jsonld:1;types:Article;invalid:0;missing:jsonld_0_missing_@context","0","0","49","11","https://www.trugreen.com/lawn-care-101 | https://www.trugreen.com/lawn-care-101/blog?topic=DIY | https://www.trugreen.com/lawn-care-101/blog?type=Blog | https://www.trugreen.com/lawn-care-101/learning-center | https://www.trugreen.com/my-account/account-summary | https://www.trugreen.com/newsroom | https://www.trugreen.com/pay-your-bill | https://www.trugreen.com/pests-products-and-services | https://www.trugreen.com/pga-tour | https://www.trugreen.com/products-and-services | https://www.trugreen.com/why-choose-trugreen/testimonials-and-ratings","","missing-main|internal-links-missing-from-sitemap",""
"chromium","2026-08-28T21:08:04.938Z","prod-release-2-7-2026-08-28","1-500","","https://www.trugreen.com/lawn-care-101/blog/diy-and-curb-appeal-tips/diy-valentine-s-day-gift-idea","https://www.trugreen.com/lawn-care-101/blog","200","301:https://www.trugreen.com/lawn-care-101/blog/diy-and-curb-appeal-tips/diy-valentine-s-day-gift-idea -> 200:https://www.trugreen.com/lawn-care-101/blog","TruGreen Blog | TruGreen","TruGreen Blog | TruGreen","https://www.trugreen.com/lawn-care-101/blog","1","https://www.trugreen.com/lawn-care-101/blog","1","","200","https://www.trugreen.com/lawn-care-101/blog","","","","0","1","Looking for advice?Turn to the experts.","0","main|header|footer","jsonld:1;types:Blog|BreadcrumbList|CollectionPage;invalid:0;missing:","0","0","86","22","https://www.trugreen.com/lawn-care-101 | https://www.trugreen.com/lawn-care-101/blog/beyond-lawn/hosting-backyard-party | https://www.trugreen.com/lawn-care-101/blog/consistent-lawn-care | https://www.trugreen.com/lawn-care-101/blog/lawn-care/lawn-care-myths | https://www.trugreen.com/lawn-care-101/blog/lawn-care/lawn-care-vs-landscaping | https://www.trugreen.com/lawn-care-101/blog/lawn-care/lawn-mowing-spread-weeds | https://www.trugreen.com/lawn-care-101/blog/lawn-care/what-lawn-need-thrive | https://www.trugreen.com/lawn-care-101/blog/lawn-care/what-my-lawn-need | https://www.trugreen.com/lawn-care-101/blog/lawn-care/when-aerate-and-overseed-northeast | https://www.trugreen.com/lawn-care-101/blog/lawn-damage/lawn-care-signs-stress | https://www.trugreen.com/lawn-care-101/blog/pest-control/how-control-fleas-yard | https://www.trugreen.com/lawn-care-101/blog/tree-shrub-care/tree-disease-treatment | https://www.trugreen.com/lawn-care-101/blog/weed-control/control-wild-violets | https://www.trugreen.com/lawn-care-101/blog/weed-control/how-control-clover-lawn | https://www.trugreen.com/lawn-care-101/blog/weed-control/weeds-from-coming-back | https://www.trugreen.com/lawn-care-101/learning-center | https://www.trugreen.com/newsroom | https://www.trugreen.com/pay-your-bill | https://www.trugreen.com/pests-products-and-services | https://www.trugreen.com/pga-tour | https://www.trugreen.com/products-and-services | https://www.trugreen.com/why-choose-trugreen/testimonials-and-ratings","","internal-links-missing-from-sitemap|duplicate-title",""
"chromium","2026-08-28T21:08:04.938Z","prod-release-2-7-2026-08-28","1-500","","https://www.trugreen.com/lawn-care-101/blog/diy-and-curb-appeal-tips/do-i-need-to-fertilize-my-lawn","https://www.trugreen.com/lawn-care-101/blog/trugreen-lawn-care-services/lawn-fertilizer-101","200","301:https://www.trugreen.com/lawn-care-101/blog/diy-and-curb-appeal-tips/do-i-need-to-fertilize-my-lawn -> 200:https://www.trugreen.com/lawn-care-101/blog/trugreen-lawn-care-services/lawn-fertilizer-101","Lawn Fertilizer Care | TruGreen","Lawn Fertilizer Care | TruGreen","https://www.trugreen.com/lawn-care-101/blog/trugreen-lawn-care-services/lawn-fertilizer-101","1","https://www.trugreen.com/lawn-care-101/blog/trugreen-lawn-care-services/lawn-fertilizer-101","1","","200","https://www.trugreen.com/lawn-care-101/blog/trugreen-lawn-care-services/lawn-fertilizer-101","","","","0","1","Lawn Fertilizer Care: Expert Tips for a Greener Lawn","0","header|nav|footer","jsonld:1;types:Article;invalid:0;missing:jsonld_0_missing_@context","0","0","53","18","https://www.trugreen.com/lawn-care-101 | https://www.trugreen.com/lawn-care-101/blog?topic=Lawn+Care | https://www.trugreen.com/lawn-care-101/blog?type=Blog | https://www.trugreen.com/lawn-care-101/blog/lawn-care/lawn-care-myths | https://www.trugreen.com/lawn-care-101/blog/lawn-care/lawn-care-vs-landscaping | https://www.trugreen.com/lawn-care-101/blog/lawn-care/lawn-mowing-spread-weeds | https://www.trugreen.com/lawn-care-101/learning-center | https://www.trugreen.com/my-account/account-settings | https://www.trugreen.com/my-account/account-summary | https://www.trugreen.com/my-account/my-documents | https://www.trugreen.com/my-account/my-services | https://www.trugreen.com/my-account/payments | https://www.trugreen.com/newsroom | https://www.trugreen.com/pay-your-bill | https://www.trugreen.com/pests-products-and-services | https://www.trugreen.com/pga-tour | https://www.trugreen.com/products-and-services | https://www.trugreen.com/why-choose-trugreen/testimonials-and-ratings","","missing-main|internal-links-missing-from-sitemap|duplicate-title",""
"chromium","2026-08-28T21:08:04.938Z","prod-release-2-7-2026-08-28","1-500","","https://www.trugreen.com/lawn-care-101/blog/diy-and-curb-appeal-tips/do-i-need-to-overseed-my-lawn","https://www.trugreen.com/lawn-care-101/blog/lawn-care-tips/steps-prepare-your-lawn-overseeding-and-how-care-it-after","200","301:https://www.trugreen.com/lawn-care-101/blog/diy-and-curb-appeal-tips/do-i-need-to-overseed-my-lawn -> 301:https://www.trugreen.com/lawn-care-101/blog/lawn-care-tips/everything-you-need-to-know-about-overseeding -> 200:https://www.trugreen.com/lawn-care-101/blog/lawn-care-tips/steps-prepare-your-lawn-overseeding-and-how-care-it-after","Preparing Lawn for Overseeding | TruGreen","Preparing Lawn for Overseeding | TruGreen","https://www.trugreen.com/lawn-care-101/blog/lawn-care-tips/steps-prepare-your-lawn-overseeding-and-how-care-it-after","1","https://www.trugreen.com/lawn-care-101/blog/lawn-care-tips/steps-prepare-your-lawn-overseeding-and-how-care-it-after","1","","200","https://www.trugreen.com/lawn-care-101/blog/lawn-care-tips/steps-prepare-your-lawn-overseeding-and-how-care-it-after","","","","0","1","Preparing Lawn for Overseeding: The Complete Homeowner’s Guide","0","header|nav|footer","jsonld:1;types:Article;invalid:0;missing:jsonld_0_missing_@context","0","0","52","18","https://www.trugreen.com/lawn-care-101 | https://www.trugreen.com/lawn-care-101/blog?topic=Lawn+Care | https://www.trugreen.com/lawn-care-101/blog?type=Blog | https://www.trugreen.com/lawn-care-101/blog/lawn-care/lawn-care-myths | https://www.trugreen.com/lawn-care-101/blog/lawn-care/lawn-care-vs-landscaping | https://www.trugreen.com/lawn-care-101/blog/lawn-care/lawn-mowing-spread-weeds | https://www.trugreen.com/lawn-care-101/learning-center | https://www.trugreen.com/my-account/account-settings | https://www.trugreen.com/my-account/account-summary | https://www.trugreen.com/my-account/my-documents | https://www.trugreen.com/my-account/my-services | https://www.trugreen.com/my-account/payments | https://www.trugreen.com/newsroom | https://www.trugreen.com/pay-your-bill | https://www.trugreen.com/pests-products-and-services | https://www.trugreen.com/pga-tour | https://www.trugreen.com/products-and-services | https://www.trugreen.com/why-choose-trugreen/testimonials-and-ratings","","missing-main|internal-links-missing-from-sitemap|duplicate-title",""
"chromium","2026-08-28T21:08:04.938Z","prod-release-2-7-2026-08-28","1-500","","https://www.trugreen.com/lawn-care-101/blog/diy-and-curb-appeal-tips/eco-friendly-ways-to-decorate-outdoor-trees","https://www.trugreen.com/lawn-care-101/blog/diy-and-curb-appeal-tips/eco-friendly-ways-to-decorate-outdoor-trees","200","200:https://www.trugreen.com/lawn-care-101/blog/diy-and-curb-appeal-tips/eco-friendly-ways-to-decorate-outdoor-trees","8 Eco-Friendly Ways to Decorate Outdoor Trees | TruGreen","8 Eco-Friendly Ways to Decorate Outdoor Trees | TruGreen","https://www.trugreen.com/lawn-care-101/blog/diy-and-curb-appeal-tips/eco-friendly-ways-to-decorate-outdoor-trees","1","https://www.trugreen.com/lawn-care-101/blog/diy-and-curb-appeal-tips/eco-friendly-ways-to-decorate-outdoor-trees","1","","200","https://www.trugreen.com/lawn-care-101/blog/diy-and-curb-appeal-tips/eco-friendly-ways-to-decorate-outdoor-trees","","","","0","1","8 Eco-Friendly Ways to Decorate Outdoor Trees","0","header|footer","jsonld:1;types:Article;invalid:0;missing:jsonld_0_missing_@context","0","0","45","10","https://www.trugreen.com/lawn-care-101 | https://www.trugreen.com/lawn-care-101/blog?topic=Beyond+the+Lawn | https://www.trugreen.com/lawn-care-101/blog?type=Blog | https://www.trugreen.com/lawn-care-101/learning-center | https://www.trugreen.com/newsroom | https://www.trugreen.com/pay-your-bill | https://www.trugreen.com/pests-products-and-services | https://www.trugreen.com/pga-tour | https://www.trugreen.com/products-and-services | https://www.trugreen.com/why-choose-trugreen/testimonials-and-ratings","","missing-main|internal-links-missing-from-sitemap|duplicate-title",""
"chromium","2026-08-28T21:08:04.938Z","prod-release-2-7-2026-08-28","1-500","","https://www.trugreen.com/lawn-care-101/blog/diy-and-curb-appeal-tips/fa-la-la-la-fun-holiday-printables","https://www.trugreen.com/lawn-care-101/blog/diy-and-curb-appeal-tips/eco-friendly-ways-to-decorate-outdoor-trees","200","301:https://www.trugreen.com/lawn-care-101/blog/diy-and-curb-appeal-tips/fa-la-la-la-fun-holiday-printables -> 200:https://www.trugreen.com/lawn-care-101/blog/diy-and-curb-appeal-tips/eco-friendly-ways-to-decorate-outdoor-trees","8 Eco-Friendly Ways to Decorate Outdoor Trees | TruGreen","8 Eco-Friendly Ways to Decorate Outdoor Trees | TruGreen","https://www.trugreen.com/lawn-care-101/blog/diy-and-curb-appeal-tips/eco-friendly-ways-to-decorate-outdoor-trees","1","https://www.trugreen.com/lawn-care-101/blog/diy-and-curb-appeal-tips/eco-friendly-ways-to-decorate-outdoor-trees","1","","200","https://www.trugreen.com/lawn-care-101/blog/diy-and-curb-appeal-tips/eco-friendly-ways-to-decorate-outdoor-trees","","","","0","1","8 Eco-Friendly Ways to Decorate Outdoor Trees","0","header|footer","jsonld:1;types:Article;invalid:0;missing:jsonld_0_missing_@context","0","0","45","10","https://www.trugreen.com/lawn-care-101 | https://www.trugreen.com/lawn-care-101/blog?topic=Beyond+the+Lawn | https://www.trugreen.com/lawn-care-101/blog?type=Blog | https://www.trugreen.com/lawn-care-101/learning-center | https://www.trugreen.com/newsroom | https://www.trugreen.com/pay-your-bill | https://www.trugreen.com/pests-products-and-services | https://www.trugreen.com/pga-tour | https://www.trugreen.com/products-and-services | https://www.trugreen.com/why-choose-trugreen/testimonials-and-ratings","","missing-main|internal-links-missing-from-sitemap|duplicate-title",""
"chromium","2026-08-28T21:08:04.938Z","prod-release-2-7-2026-08-28","1-500","","https://www.trugreen.com/lawn-care-101/blog/diy-and-curb-appeal-tips/front-yard-landscaping-ideas-for-springtime","https://www.trugreen.com/lawn-care-101/blog/diy-and-curb-appeal-tips/front-yard-landscaping-ideas-for-springtime","200","200:https://www.trugreen.com/lawn-care-101/blog/diy-and-curb-appeal-tips/front-yard-landscaping-ideas-for-springtime","Spring Front Yard Landscaping | TruGreen","Spring Front Yard Landscaping | TruGreen","https://www.trugreen.com/lawn-care-101/blog/diy-and-curb-appeal-tips/front-yard-landscaping-ideas-for-springtime","1","https://www.trugreen.com/lawn-care-101/blog/diy-and-curb-appeal-tips/front-yard-landscaping-ideas-for-springtime","1","","200","https://www.trugreen.com/lawn-care-101/blog/diy-and-curb-appeal-tips/front-yard-landscaping-ideas-for-springtime","","","","0","1","Spring Front Yard Landscaping DIY Ideas to Transform Your Outdoors","0","header|nav|footer","jsonld:1;types:Article;invalid:0;missing:jsonld_0_missing_@context","0","0","46","11","https://www.trugreen.com/lawn-care-101 | https://www.trugreen.com/lawn-care-101/blog?topic=DIY | https://www.trugreen.com/lawn-care-101/blog?type=Blog | https://www.trugreen.com/lawn-care-101/learning-center | https://www.trugreen.com/my-account/account-summary | https://www.trugreen.com/newsroom | https://www.trugreen.com/pay-your-bill | https://www.trugreen.com/pests-products-and-services | https://www.trugreen.com/pga-tour | https://www.trugreen.com/products-and-services | https://www.trugreen.com/why-choose-trugreen/testimonials-and-ratings","","missing-main|internal-links-missing-from-sitemap",""
"chromium","2026-08-28T21:08:04.938Z","prod-release-2-7-2026-08-28","1-500","","https://www.trugreen.com/lawn-care-101/blog/diy-and-curb-appeal-tips/garden-guide-for-early-spring","https://www.trugreen.com/lawn-care-101/blog/lawn-care-tips/step-step-spring-lawn-care-guide-perfect-lawn","200","301:https://www.trugreen.com/lawn-care-101/blog/diy-and-curb-appeal-tips/garden-guide-for-early-spring -> 200:https://www.trugreen.com/lawn-care-101/blog/lawn-care-tips/step-step-spring-lawn-care-guide-perfect-lawn","Spring Lawn Care Steps | TruGreen","Spring Lawn Care Steps | TruGreen","https://www.trugreen.com/lawn-care-101/blog/lawn-care-tips/step-step-spring-lawn-care-guide-perfect-lawn","1","https://www.trugreen.com/lawn-care-101/blog/lawn-care-tips/step-step-spring-lawn-care-guide-perfect-lawn","1","","200","https://www.trugreen.com/lawn-care-101/blog/lawn-care-tips/step-step-spring-lawn-care-guide-perfect-lawn","","","","0","1","Step-By-Step Spring Lawn Care Guide for a Perfect Lawn","0","header|nav|footer","jsonld:1;types:Article;invalid:0;missing:jsonld_0_missing_@context","0","0","55","15","https://www.trugreen.com/lawn-care-101 | https://www.trugreen.com/lawn-care-101/blog?topic=Lawn+Care | https://www.trugreen.com/lawn-care-101/blog?type=Blog | https://www.trugreen.com/lawn-care-101/learning-center | https://www.trugreen.com/my-account/account-settings | https://www.trugreen.com/my-account/account-summary | https://www.trugreen.com/my-account/my-documents | https://www.trugreen.com/my-account/my-services | https://www.trugreen.com/my-account/payments | https://www.trugreen.com/newsroom | https://www.trugreen.com/pay-your-bill | https://www.trugreen.com/pests-products-and-services | https://www.trugreen.com/pga-tour | https://www.trugreen.com/products-and-services | https://www.trugreen.com/why-choose-trugreen/testimonials-and-ratings","","missing-main|internal-links-missing-from-sitemap|duplicate-title",""
"chromium","2026-08-28T21:08:04.938Z","prod-release-2-7-2026-08-28","1-500","","https://www.trugreen.com/lawn-care-101/blog/diy-and-curb-appeal-tips/halloween-horror-films-under-the-stars","https://www.trugreen.com/lawn-care-101/blog/diy-and-curb-appeal-tips/rom-com-under-the-stars","200","301:https://www.trugreen.com/lawn-care-101/blog/diy-and-curb-appeal-tips/halloween-horror-films-under-the-stars -> 200:https://www.trugreen.com/lawn-care-101/blog/diy-and-curb-appeal-tips/rom-com-under-the-stars","DIY Outdoor Theater Screen | TruGreen","DIY Outdoor Theater Screen | TruGreen","https://www.trugreen.com/lawn-care-101/blog/diy-and-curb-appeal-tips/rom-com-under-the-stars","1","https://www.trugreen.com/lawn-care-101/blog/diy-and-curb-appeal-tips/rom-com-under-the-stars","1","","200","https://www.trugreen.com/lawn-care-101/blog/diy-and-curb-appeal-tips/rom-com-under-the-stars","","","","0","1","DIY Outdoor Theater Screen: Your Step-by-Step Guide","0","header|footer","jsonld:1;types:Article;invalid:0;missing:jsonld_0_missing_@context","0","0","45","10","https://www.trugreen.com/lawn-care-101 | https://www.trugreen.com/lawn-care-101/blog?topic=Beyond+the+Lawn | https://www.trugreen.com/lawn-care-101/blog?type=Blog | https://www.trugreen.com/lawn-care-101/learning-center | https://www.trugreen.com/newsroom | https://www.trugreen.com/pay-your-bill | https://www.trugreen.com/pests-products-and-services | https://www.trugreen.com/pga-tour | https://www.trugreen.com/products-and-services | https://www.trugreen.com/why-choose-trugreen/testimonials-and-ratings","","missing-main|internal-links-missing-from-sitemap|duplicate-title",""
"chromium","2026-08-28T21:08:04.938Z","prod-release-2-7-2026-08-28","1-500","","https://www.trugreen.com/lawn-care-101/blog/diy-and-curb-appeal-tips/holiday-lawn-diy-wreath-festive-porch","https://www.trugreen.com/lawn-care-101/blog/diy-and-curb-appeal-tips/eco-friendly-ways-to-decorate-outdoor-trees","200","301:https://www.trugreen.com/lawn-care-101/blog/diy-and-curb-appeal-tips/holiday-lawn-diy-wreath-festive-porch -> 200:https://www.trugreen.com/lawn-care-101/blog/diy-and-curb-appeal-tips/eco-friendly-ways-to-decorate-outdoor-trees","8 Eco-Friendly Ways to Decorate Outdoor Trees | TruGreen","8 Eco-Friendly Ways to Decorate Outdoor Trees | TruGreen","https://www.trugreen.com/lawn-care-101/blog/diy-and-curb-appeal-tips/eco-friendly-ways-to-decorate-outdoor-trees","1","https://www.trugreen.com/lawn-care-101/blog/diy-and-curb-appeal-tips/eco-friendly-ways-to-decorate-outdoor-trees","1","","200","https://www.trugreen.com/lawn-care-101/blog/diy-and-curb-appeal-tips/eco-friendly-ways-to-decorate-outdoor-trees","","","","0","1","8 Eco-Friendly Ways to Decorate Outdoor Trees","0","header|footer","jsonld:1;types:Article;invalid:0;missing:jsonld_0_missing_@context","0","0","45","10","https://www.trugreen.com/lawn-care-101 | https://www.trugreen.com/lawn-care-101/blog?topic=Beyond+the+Lawn | https://www.trugreen.com/lawn-care-101/blog?type=Blog | https://www.trugreen.com/lawn-care-101/learning-center | https://www.trugreen.com/newsroom | https://www.trugreen.com/pay-your-bill | https://www.trugreen.com/pests-products-and-services | https://www.trugreen.com/pga-tour | https://www.trugreen.com/products-and-services | https://www.trugreen.com/why-choose-trugreen/testimonials-and-ratings","","missing-main|internal-links-missing-from-sitemap|duplicate-title",""
"chromium","2026-08-28T21:08:04.938Z","prod-release-2-7-2026-08-28","1-500","","https://www.trugreen.com/lawn-care-101/blog/diy-and-curb-appeal-tips/home-field-advantage","https://www.trugreen.com/lawn-care-101/blog/lawn-care-tips/value-curb-appeal-selling-your-home","200","301:https://www.trugreen.com/lawn-care-101/blog/diy-and-curb-appeal-tips/home-field-advantage -> 200:https://www.trugreen.com/lawn-care-101/blog/lawn-care-tips/value-curb-appeal-selling-your-home","Curb Appeal and Home Value | TruGreen","Curb Appeal and Home Value | TruGreen","https://www.trugreen.com/lawn-care-101/blog/lawn-care-tips/value-curb-appeal-selling-your-home","1","https://www.trugreen.com/lawn-care-101/blog/lawn-care-tips/value-curb-appeal-selling-your-home","1","","200","https://www.trugreen.com/lawn-care-101/blog/lawn-care-tips/value-curb-appeal-selling-your-home","","","","0","1","Curb Appeal and Home Value: Why It Matters and How to Improve It","0","header|nav|footer","jsonld:1;types:Article;invalid:0;missing:jsonld_0_missing_@context","0","0","47","11","https://www.trugreen.com/lawn-care-101 | https://www.trugreen.com/lawn-care-101/blog?topic=Beyond+the+Lawn | https://www.trugreen.com/lawn-care-101/blog?type=Blog | https://www.trugreen.com/lawn-care-101/learning-center | https://www.trugreen.com/my-account/account-summary | https://www.trugreen.com/newsroom | https://www.trugreen.com/pay-your-bill | https://www.trugreen.com/pests-products-and-services | https://www.trugreen.com/pga-tour | https://www.trugreen.com/products-and-services | https://www.trugreen.com/why-choose-trugreen/testimonials-and-ratings","","missing-main|internal-links-missing-from-sitemap|duplicate-title",""
"chromium","2026-08-28T21:08:04.938Z","prod-release-2-7-2026-08-28","1-500","","https://www.trugreen.com/lawn-care-101/blog/diy-and-curb-appeal-tips/how-and-why-should-i-start-a-compost-pile","https://www.trugreen.com/lawn-care-101/blog/diy-and-curb-appeal-tips/how-and-why-should-i-start-a-compost-pile","200","200:https://www.trugreen.com/lawn-care-101/blog/diy-and-curb-appeal-tips/how-and-why-should-i-start-a-compost-pile","Grass Compost Pile | TruGreen","Grass Compost Pile | TruGreen","https://www.trugreen.com/lawn-care-101/blog/diy-and-curb-appeal-tips/how-and-why-should-i-start-a-compost-pile","1","https://www.trugreen.com/lawn-care-101/blog/diy-and-curb-appeal-tips/how-and-why-should-i-start-a-compost-pile","1","","200","https://www.trugreen.com/lawn-care-101/blog/diy-and-curb-appeal-tips/how-and-why-should-i-start-a-compost-pile","","","","0","1","How and Why to Start a Grass Compost Pile for Your Garden","0","header|nav|footer","jsonld:1;types:Article;invalid:0;missing:jsonld_0_missing_@context","0","0","47","11","https://www.trugreen.com/lawn-care-101 | https://www.trugreen.com/lawn-care-101/blog?topic=DIY | https://www.trugreen.com/lawn-care-101/blog?type=Blog | https://www.trugreen.com/lawn-care-101/learning-center | https://www.trugreen.com/my-account/account-summary | https://www.trugreen.com/newsroom | https://www.trugreen.com/pay-your-bill | https://www.trugreen.com/pests-products-and-services | https://www.trugreen.com/pga-tour | https://www.trugreen.com/products-and-services | https://www.trugreen.com/why-choose-trugreen/testimonials-and-ratings","","missing-main|internal-links-missing-from-sitemap",""
"chromium","2026-08-28T21:08:04.938Z","prod-release-2-7-2026-08-28","1-500","","https://www.trugreen.com/lawn-care-101/blog/diy-and-curb-appeal-tips/how-to-host-the-ultimate-outdoor-party","https://www.trugreen.com/lawn-care-101/blog","200","301:https://www.trugreen.com/lawn-care-101/blog/diy-and-curb-appeal-tips/how-to-host-the-ultimate-outdoor-party -> 200:https://www.trugreen.com/lawn-care-101/blog","TruGreen Blog | TruGreen","TruGreen Blog | TruGreen","https://www.trugreen.com/lawn-care-101/blog","1","https://www.trugreen.com/lawn-care-101/blog","1","","200","https://www.trugreen.com/lawn-care-101/blog","","","","0","1","Looking for advice?Turn to the experts.","0","main|header|footer","jsonld:1;types:Blog|BreadcrumbList|CollectionPage;invalid:0;missing:","0","0","86","22","https://www.trugreen.com/lawn-care-101 | https://www.trugreen.com/lawn-care-101/blog/beyond-lawn/hosting-backyard-party | https://www.trugreen.com/lawn-care-101/blog/consistent-lawn-care | https://www.trugreen.com/lawn-care-101/blog/lawn-care/lawn-care-myths | https://www.trugreen.com/lawn-care-101/blog/lawn-care/lawn-care-vs-landscaping | https://www.trugreen.com/lawn-care-101/blog/lawn-care/lawn-mowing-spread-weeds | https://www.trugreen.com/lawn-care-101/blog/lawn-care/what-lawn-need-thrive | https://www.trugreen.com/lawn-care-101/blog/lawn-care/what-my-lawn-need | https://www.trugreen.com/lawn-care-101/blog/lawn-care/when-aerate-and-overseed-northeast | https://www.trugreen.com/lawn-care-101/blog/lawn-damage/lawn-care-signs-stress | https://www.trugreen.com/lawn-care-101/blog/pest-control/how-control-fleas-yard | https://www.trugreen.com/lawn-care-101/blog/tree-shrub-care/tree-disease-treatment | https://www.trugreen.com/lawn-care-101/blog/weed-control/control-wild-violets | https://www.trugreen.com/lawn-care-101/blog/weed-control/how-control-clover-lawn | https://www.trugreen.com/lawn-care-101/blog/weed-control/weeds-from-coming-back | https://www.trugreen.com/lawn-care-101/learning-center | https://www.trugreen.com/newsroom | https://www.trugreen.com/pay-your-bill | https://www.trugreen.com/pests-products-and-services | https://www.trugreen.com/pga-tour | https://www.trugreen.com/products-and-services | https://www.trugreen.com/why-choose-trugreen/testimonials-and-ratings","","internal-links-missing-from-sitemap|duplicate-title",""
"chromium","2026-08-28T21:08:04.938Z","prod-release-2-7-2026-08-28","1-500","","https://www.trugreen.com/lawn-care-101/blog/diy-and-curb-appeal-tips/livelifeoutside-fall-football-giveaways","https://www.trugreen.com/lawn-care-101/blog","200","301:https://www.trugreen.com/lawn-care-101/blog/diy-and-curb-appeal-tips/livelifeoutside-fall-football-giveaways -> 200:https://www.trugreen.com/lawn-care-101/blog","TruGreen Blog | TruGreen","TruGreen Blog | TruGreen","https://www.trugreen.com/lawn-care-101/blog","1","https://www.trugreen.com/lawn-care-101/blog","1","","200","https://www.trugreen.com/lawn-care-101/blog","","","","0","1","Looking for advice?Turn to the experts.","0","main|header|footer","jsonld:1;types:Blog|BreadcrumbList|CollectionPage;invalid:0;missing:","0","0","86","22","https://www.trugreen.com/lawn-care-101 | https://www.trugreen.com/lawn-care-101/blog/beyond-lawn/hosting-backyard-party | https://www.trugreen.com/lawn-care-101/blog/consistent-lawn-care | https://www.trugreen.com/lawn-care-101/blog/lawn-care/lawn-care-myths | https://www.trugreen.com/lawn-care-101/blog/lawn-care/lawn-care-vs-landscaping | https://www.trugreen.com/lawn-care-101/blog/lawn-care/lawn-mowing-spread-weeds | https://www.trugreen.com/lawn-care-101/blog/lawn-care/what-lawn-need-thrive | https://www.trugreen.com/lawn-care-101/blog/lawn-care/what-my-lawn-need | https://www.trugreen.com/lawn-care-101/blog/lawn-care/when-aerate-and-overseed-northeast | https://www.trugreen.com/lawn-care-101/blog/lawn-damage/lawn-care-signs-stress | https://www.trugreen.com/lawn-care-101/blog/pest-control/how-control-fleas-yard | https://www.trugreen.com/lawn-care-101/blog/tree-shrub-care/tree-disease-treatment | https://www.trugreen.com/lawn-care-101/blog/weed-control/control-wild-violets | https://www.trugreen.com/lawn-care-101/blog/weed-control/how-control-clover-lawn | https://www.trugreen.com/lawn-care-101/blog/weed-control/weeds-from-coming-back | https://www.trugreen.com/lawn-care-101/learning-center | https://www.trugreen.com/newsroom | https://www.trugreen.com/pay-your-bill | https://www.trugreen.com/pests-products-and-services | https://www.trugreen.com/pga-tour | https://www.trugreen.com/products-and-services | https://www.trugreen.com/why-choose-trugreen/testimonials-and-ratings","","internal-links-missing-from-sitemap|duplicate-title",""
"chromium","2026-08-28T21:08:04.938Z","prod-release-2-7-2026-08-28","1-500","","https://www.trugreen.com/lawn-care-101/blog/diy-and-curb-appeal-tips/make-the-most-backyard","https://www.trugreen.com/lawn-care-101/blog/lawn-care-tips/value-curb-appeal-selling-your-home","200","301:https://www.trugreen.com/lawn-care-101/blog/diy-and-curb-appeal-tips/make-the-most-backyard -> 200:https://www.trugreen.com/lawn-care-101/blog/lawn-care-tips/value-curb-appeal-selling-your-home","Curb Appeal and Home Value | TruGreen","Curb Appeal and Home Value | TruGreen","https://www.trugreen.com/lawn-care-101/blog/lawn-care-tips/value-curb-appeal-selling-your-home","1","https://www.trugreen.com/lawn-care-101/blog/lawn-care-tips/value-curb-appeal-selling-your-home","1","","200","https://www.trugreen.com/lawn-care-101/blog/lawn-care-tips/value-curb-appeal-selling-your-home","","","","0","1","Curb Appeal and Home Value: Why It Matters and How to Improve It","0","header|nav|footer","jsonld:1;types:Article;invalid:0;missing:jsonld_0_missing_@context","0","0","47","11","https://www.trugreen.com/lawn-care-101 | https://www.trugreen.com/lawn-care-101/blog?topic=Beyond+the+Lawn | https://www.trugreen.com/lawn-care-101/blog?type=Blog | https://www.trugreen.com/lawn-care-101/learning-center | https://www.trugreen.com/my-account/account-summary | https://www.trugreen.com/newsroom | https://www.trugreen.com/pay-your-bill | https://www.trugreen.com/pests-products-and-services | https://www.trugreen.com/pga-tour | https://www.trugreen.com/products-and-services | https://www.trugreen.com/why-choose-trugreen/testimonials-and-ratings","","missing-main|internal-links-missing-from-sitemap|duplicate-title",""
"chromium","2026-08-28T21:08:04.938Z","prod-release-2-7-2026-08-28","1-500","","https://www.trugreen.com/lawn-care-101/blog/diy-and-curb-appeal-tips/reasons-hire-lawn-care-professional","https://www.trugreen.com/lawn-care-101/blog","200","301:https://www.trugreen.com/lawn-care-101/blog/diy-and-curb-appeal-tips/reasons-hire-lawn-care-professional -> 200:https://www.trugreen.com/lawn-care-101/blog","TruGreen Blog | TruGreen","TruGreen Blog | TruGreen","https://www.trugreen.com/lawn-care-101/blog","1","https://www.trugreen.com/lawn-care-101/blog","1","","200","https://www.trugreen.com/lawn-care-101/blog","","","","0","1","Looking for advice?Turn to the experts.","0","main|header|footer","jsonld:1;types:Blog|BreadcrumbList|CollectionPage;invalid:0;missing:","0","0","86","22","https://www.trugreen.com/lawn-care-101 | https://www.trugreen.com/lawn-care-101/blog/beyond-lawn/hosting-backyard-party | https://www.trugreen.com/lawn-care-101/blog/consistent-lawn-care | https://www.trugreen.com/lawn-care-101/blog/lawn-care/lawn-care-myths | https://www.trugreen.com/lawn-care-101/blog/lawn-care/lawn-care-vs-landscaping | https://www.trugreen.com/lawn-care-101/blog/lawn-care/lawn-mowing-spread-weeds | https://www.trugreen.com/lawn-care-101/blog/lawn-care/what-lawn-need-thrive | https://www.trugreen.com/lawn-care-101/blog/lawn-care/what-my-lawn-need | https://www.trugreen.com/lawn-care-101/blog/lawn-care/when-aerate-and-overseed-northeast | https://www.trugreen.com/lawn-care-101/blog/lawn-damage/lawn-care-signs-stress | https://www.trugreen.com/lawn-care-101/blog/pest-control/how-control-fleas-yard | https://www.trugreen.com/lawn-care-101/blog/tree-shrub-care/tree-disease-treatment | https://www.trugreen.com/lawn-care-101/blog/weed-control/control-wild-violets | https://www.trugreen.com/lawn-care-101/blog/weed-control/how-control-clover-lawn | https://www.trugreen.com/lawn-care-101/blog/weed-control/weeds-from-coming-back | https://www.trugreen.com/lawn-care-101/learning-center | https://www.trugreen.com/newsroom | https://www.trugreen.com/pay-your-bill | https://www.trugreen.com/pests-products-and-services | https://www.trugreen.com/pga-tour | https://www.trugreen.com/products-and-services | https://www.trugreen.com/why-choose-trugreen/testimonials-and-ratings","","internal-links-missing-from-sitemap|duplicate-title",""
"chromium","2026-08-28T21:08:04.938Z","prod-release-2-7-2026-08-28","1-500","","https://www.trugreen.com/lawn-care-101/blog/diy-and-curb-appeal-tips/rom-com-under-the-stars","https://www.trugreen.com/lawn-care-101/blog/diy-and-curb-appeal-tips/rom-com-under-the-stars","200","200:https://www.trugreen.com/lawn-care-101/blog/diy-and-curb-appeal-tips/rom-com-under-the-stars","DIY Outdoor Theater Screen | TruGreen","DIY Outdoor Theater Screen | TruGreen","https://www.trugreen.com/lawn-care-101/blog/diy-and-curb-appeal-tips/rom-com-under-the-stars","1","https://www.trugreen.com/lawn-care-101/blog/diy-and-curb-appeal-tips/rom-com-under-the-stars","1","","200","https://www.trugreen.com/lawn-care-101/blog/diy-and-curb-appeal-tips/rom-com-under-the-stars","","","","0","1","DIY Outdoor Theater Screen: Your Step-by-Step Guide","0","header|footer","jsonld:1;types:Article;invalid:0;missing:jsonld_0_missing_@context","0","0","45","10","https://www.trugreen.com/lawn-care-101 | https://www.trugreen.com/lawn-care-101/blog?topic=Beyond+the+Lawn | https://www.trugreen.com/lawn-care-101/blog?type=Blog | https://www.trugreen.com/lawn-care-101/learning-center | https://www.trugreen.com/newsroom | https://www.trugreen.com/pay-your-bill | https://www.trugreen.com/pests-products-and-services | https://www.trugreen.com/pga-tour | https://www.trugreen.com/products-and-services | https://www.trugreen.com/why-choose-trugreen/testimonials-and-ratings","","missing-main|internal-links-missing-from-sitemap|duplicate-title",""
"chromium","2026-08-28T21:08:04.938Z","prod-release-2-7-2026-08-28","1-500","","https://www.trugreen.com/lawn-care-101/blog/diy-and-curb-appeal-tips/springtime-curb-appeal-ideas-for-your-home","https://www.trugreen.com/lawn-care-101/blog/lawn-care-tips/value-curb-appeal-selling-your-home","200","301:https://www.trugreen.com/lawn-care-101/blog/diy-and-curb-appeal-tips/springtime-curb-appeal-ideas-for-your-home -> 200:https://www.trugreen.com/lawn-care-101/blog/lawn-care-tips/value-curb-appeal-selling-your-home","Curb Appeal and Home Value | TruGreen","Curb Appeal and Home Value | TruGreen","https://www.trugreen.com/lawn-care-101/blog/lawn-care-tips/value-curb-appeal-selling-your-home","1","https://www.trugreen.com/lawn-care-101/blog/lawn-care-tips/value-curb-appeal-selling-your-home","1","","200","https://www.trugreen.com/lawn-care-101/blog/lawn-care-tips/value-curb-appeal-selling-your-home","","","","0","1","Curb Appeal and Home Value: Why It Matters and How to Improve It","0","header|nav|footer","jsonld:1;types:Article;invalid:0;missing:jsonld_0_missing_@context","0","0","47","11","https://www.trugreen.com/lawn-care-101 | https://www.trugreen.com/lawn-care-101/blog?topic=Beyond+the+Lawn | https://www.trugreen.com/lawn-care-101/blog?type=Blog | https://www.trugreen.com/lawn-care-101/learning-center | https://www.trugreen.com/my-account/account-summary | https://www.trugreen.com/newsroom | https://www.trugreen.com/pay-your-bill | https://www.trugreen.com/pests-products-and-services | https://www.trugreen.com/pga-tour | https://www.trugreen.com/products-and-services | https://www.trugreen.com/why-choose-trugreen/testimonials-and-ratings","","missing-main|internal-links-missing-from-sitemap|duplicate-title",""
"chromium","2026-08-28T21:08:04.938Z","prod-release-2-7-2026-08-28","1-500","","https://www.trugreen.com/lawn-care-101/blog/diy-and-curb-appeal-tips/the-best-and-safest-holiday-lawn-decorations","https://www.trugreen.com/lawn-care-101/blog/diy-and-curb-appeal-tips/eco-friendly-ways-to-decorate-outdoor-trees","200","301:https://www.trugreen.com/lawn-care-101/blog/diy-and-curb-appeal-tips/the-best-and-safest-holiday-lawn-decorations -> 200:https://www.trugreen.com/lawn-care-101/blog/diy-and-curb-appeal-tips/eco-friendly-ways-to-decorate-outdoor-trees","8 Eco-Friendly Ways to Decorate Outdoor Trees | TruGreen","8 Eco-Friendly Ways to Decorate Outdoor Trees | TruGreen","https://www.trugreen.com/lawn-care-101/blog/diy-and-curb-appeal-tips/eco-friendly-ways-to-decorate-outdoor-trees","1","https://www.trugreen.com/lawn-care-101/blog/diy-and-curb-appeal-tips/eco-friendly-ways-to-decorate-outdoor-trees","1","","200","https://www.trugreen.com/lawn-care-101/blog/diy-and-curb-appeal-tips/eco-friendly-ways-to-decorate-outdoor-trees","","","","0","1","8 Eco-Friendly Ways to Decorate Outdoor Trees","0","header|footer","jsonld:1;types:Article;invalid:0;missing:jsonld_0_missing_@context","0","0","45","10","https://www.trugreen.com/lawn-care-101 | https://www.trugreen.com/lawn-care-101/blog?topic=Beyond+the+Lawn | https://www.trugreen.com/lawn-care-101/blog?type=Blog | https://www.trugreen.com/lawn-care-101/learning-center | https://www.trugreen.com/newsroom | https://www.trugreen.com/pay-your-bill | https://www.trugreen.com/pests-products-and-services | https://www.trugreen.com/pga-tour | https://www.trugreen.com/products-and-services | https://www.trugreen.com/why-choose-trugreen/testimonials-and-ratings","","missing-main|internal-links-missing-from-sitemap|duplicate-title",""
"chromium","2026-08-28T21:08:04.938Z","prod-release-2-7-2026-08-28","1-500","","https://www.trugreen.com/lawn-care-101/blog/diy-and-curb-appeal-tips/trugreen-mosquito-defense","https://www.trugreen.com/products-and-services/trudefense-mosquito-control","200","301:https://www.trugreen.com/lawn-care-101/blog/diy-and-curb-appeal-tips/trugreen-mosquito-defense -> 200:https://www.trugreen.com/products-and-services/trudefense-mosquito-control","TruDefense :Mosquito Control for your yard | TruGreen","TruDefense :Mosquito Control for your yard | TruGreen","https://www.trugreen.com/products-and-services/trudefense-mosquito-control","1","https://www.trugreen.com/products-and-services/trudefense-mosquito-control","1","","200","https://www.trugreen.com/products-and-services/trudefense-mosquito-control","","","","0","1","TruDefense℠ Mosquito Control","0","main|header|footer","jsonld:1;types:Service;invalid:0;missing:","0","0","44","8","https://www.trugreen.com/lawn-care-101 | https://www.trugreen.com/lawn-care-101/learning-center | https://www.trugreen.com/newsroom | https://www.trugreen.com/pay-your-bill | https://www.trugreen.com/pests-products-and-services | https://www.trugreen.com/pga-tour | https://www.trugreen.com/products-and-services | https://www.trugreen.com/why-choose-trugreen/testimonials-and-ratings","","internal-links-missing-from-sitemap|duplicate-title",""
"chromium","2026-08-28T21:08:04.938Z","prod-release-2-7-2026-08-28","1-500","","https://www.trugreen.com/lawn-care-101/blog/diy-and-curb-appeal-tips/ultimate-thanksgiving-outdoor-dinner-party","https://www.trugreen.com/lawn-care-101/blog","200","301:https://www.trugreen.com/lawn-care-101/blog/diy-and-curb-appeal-tips/ultimate-thanksgiving-outdoor-dinner-party -> 200:https://www.trugreen.com/lawn-care-101/blog","TruGreen Blog | TruGreen","TruGreen Blog | TruGreen","https://www.trugreen.com/lawn-care-101/blog","1","https://www.trugreen.com/lawn-care-101/blog","1","","200","https://www.trugreen.com/lawn-care-101/blog","","","","0","1","Looking for advice?Turn to the experts.","0","main|header|footer","jsonld:1;types:Blog|BreadcrumbList|CollectionPage;invalid:0;missing:","0","0","86","22","https://www.trugreen.com/lawn-care-101 | https://www.trugreen.com/lawn-care-101/blog/beyond-lawn/hosting-backyard-party | https://www.trugreen.com/lawn-care-101/blog/consistent-lawn-care | https://www.trugreen.com/lawn-care-101/blog/lawn-care/lawn-care-myths | https://www.trugreen.com/lawn-care-101/blog/lawn-care/lawn-care-vs-landscaping | https://www.trugreen.com/lawn-care-101/blog/lawn-care/lawn-mowing-spread-weeds | https://www.trugreen.com/lawn-care-101/blog/lawn-care/what-lawn-need-thrive | https://www.trugreen.com/lawn-care-101/blog/lawn-care/what-my-lawn-need | https://www.trugreen.com/lawn-care-101/blog/lawn-care/when-aerate-and-overseed-northeast | https://www.trugreen.com/lawn-care-101/blog/lawn-damage/lawn-care-signs-stress | https://www.trugreen.com/lawn-care-101/blog/pest-control/how-control-fleas-yard | https://www.trugreen.com/lawn-care-101/blog/tree-shrub-care/tree-disease-treatment | https://www.trugreen.com/lawn-care-101/blog/weed-control/control-wild-violets | https://www.trugreen.com/lawn-care-101/blog/weed-control/how-control-clover-lawn | https://www.trugreen.com/lawn-care-101/blog/weed-control/weeds-from-coming-back | https://www.trugreen.com/lawn-care-101/learning-center | https://www.trugreen.com/newsroom | https://www.trugreen.com/pay-your-bill | https://www.trugreen.com/pests-products-and-services | https://www.trugreen.com/pga-tour | https://www.trugreen.com/products-and-services | https://www.trugreen.com/why-choose-trugreen/testimonials-and-ratings","","internal-links-missing-from-sitemap|duplicate-title",""
"chromium","2026-08-28T21:08:04.938Z","prod-release-2-7-2026-08-28","1-500","","https://www.trugreen.com/lawn-care-101/blog/diy-and-curb-appeal-tips/ways-to-protect-your-lawn-on-halloween","https://www.trugreen.com/lawn-care-101/blog/diy-and-curb-appeal-tips/ways-to-protect-your-lawn-on-halloween","200","200:https://www.trugreen.com/lawn-care-101/blog/diy-and-curb-appeal-tips/ways-to-protect-your-lawn-on-halloween","Halloween Grass | TruGreen","Halloween Grass | TruGreen","https://www.trugreen.com/lawn-care-101/blog/diy-and-curb-appeal-tips/ways-to-protect-your-lawn-on-halloween","1","https://www.trugreen.com/lawn-care-101/blog/diy-and-curb-appeal-tips/ways-to-protect-your-lawn-on-halloween","1","","200","https://www.trugreen.com/lawn-care-101/blog/diy-and-curb-appeal-tips/ways-to-protect-your-lawn-on-halloween","","","","0","1","Halloween Grass Care: Protection, Tips and Recovery Guide","0","header|footer","jsonld:1;types:Article;invalid:0;missing:jsonld_0_missing_@context","0","0","48","10","https://www.trugreen.com/lawn-care-101 | https://www.trugreen.com/lawn-care-101/blog?topic=Lawn+Care | https://www.trugreen.com/lawn-care-101/blog?type=Blog | https://www.trugreen.com/lawn-care-101/learning-center | https://www.trugreen.com/newsroom | https://www.trugreen.com/pay-your-bill | https://www.trugreen.com/pests-products-and-services | https://www.trugreen.com/pga-tour | https://www.trugreen.com/products-and-services | https://www.trugreen.com/why-choose-trugreen/testimonials-and-ratings","","missing-main|internal-links-missing-from-sitemap",""
"chromium","2026-08-28T21:08:04.938Z","prod-release-2-7-2026-08-28","1-500","","https://www.trugreen.com/lawn-care-101/blog/diy/how-aerate-your-lawn","https://www.trugreen.com/lawn-care-101/blog/diy/how-aerate-your-lawn","200","200:https://www.trugreen.com/lawn-care-101/blog/diy/how-aerate-your-lawn","How To Aerate Lawn | TruGreen","How To Aerate Lawn | TruGreen","https://www.trugreen.com/lawn-care-101/blog/diy/how-aerate-your-lawn","1","https://www.trugreen.com/lawn-care-101/blog/diy/how-aerate-your-lawn","1","","200","https://www.trugreen.com/lawn-care-101/blog/diy/how-aerate-your-lawn","","","","0","1","Lawn Aeration 101: How to Aerate Your Lawn","0","header|nav|footer","jsonld:1;types:Article;invalid:0;missing:jsonld_0_missing_@context","0","0","53","15","https://www.trugreen.com/lawn-care-101 | https://www.trugreen.com/lawn-care-101/blog?topic=DIY | https://www.trugreen.com/lawn-care-101/blog?type=Blog | https://www.trugreen.com/lawn-care-101/learning-center | https://www.trugreen.com/my-account/account-settings | https://www.trugreen.com/my-account/account-summary | https://www.trugreen.com/my-account/my-documents | https://www.trugreen.com/my-account/my-services | https://www.trugreen.com/my-account/payments | https://www.trugreen.com/newsroom | https://www.trugreen.com/pay-your-bill | https://www.trugreen.com/pests-products-and-services | https://www.trugreen.com/pga-tour | https://www.trugreen.com/products-and-services | https://www.trugreen.com/why-choose-trugreen/testimonials-and-ratings","","missing-main|internal-links-missing-from-sitemap",""
"chromium","2026-08-28T21:08:04.938Z","prod-release-2-7-2026-08-28","1-500","","https://www.trugreen.com/lawn-care-101/blog/diy/lower-soil-ph-for-healthier-lawns","https://www.trugreen.com/lawn-care-101/blog/diy/lower-soil-ph-for-healthier-lawns","200","200:https://www.trugreen.com/lawn-care-101/blog/diy/lower-soil-ph-for-healthier-lawns","How to Lower pH in Soil | TruGreen","How to Lower pH in Soil | TruGreen","https://www.trugreen.com/lawn-care-101/blog/diy/lower-soil-ph-for-healthier-lawns","1","https://www.trugreen.com/lawn-care-101/blog/diy/lower-soil-ph-for-healthier-lawns","1","","200","https://www.trugreen.com/lawn-care-101/blog/diy/lower-soil-ph-for-healthier-lawns","","","","0","1","How to Lower Soil pH for Healthier Lawns: A Complete Guide","0","header|footer","jsonld:1;types:Article;invalid:0;missing:jsonld_0_missing_@context","0","0","50","10","https://www.trugreen.com/lawn-care-101 | https://www.trugreen.com/lawn-care-101/blog?topic=DIY | https://www.trugreen.com/lawn-care-101/blog?type=Blog | https://www.trugreen.com/lawn-care-101/learning-center | https://www.trugreen.com/newsroom | https://www.trugreen.com/pay-your-bill | https://www.trugreen.com/pests-products-and-services | https://www.trugreen.com/pga-tour | https://www.trugreen.com/products-and-services | https://www.trugreen.com/why-choose-trugreen/testimonials-and-ratings","","missing-main|internal-links-missing-from-sitemap",""
"chromium","2026-08-28T21:08:04.938Z","prod-release-2-7-2026-08-28","1-500","","https://www.trugreen.com/lawn-care-101/blog/eternally-green-trugreen","https://www.trugreen.com/lawn-care-101/blog/eternally-green-trugreen","200","200:https://www.trugreen.com/lawn-care-101/blog/eternally-green-trugreen","Eternally Green + TruGreen | TruGreen","Eternally Green + TruGreen | TruGreen","https://www.trugreen.com/lawn-care-101/blog/eternally-green-trugreen","1","https://www.trugreen.com/lawn-care-101/blog/eternally-green-trugreen","1","","200","https://www.trugreen.com/lawn-care-101/blog/eternally-green-trugreen","","","","0","1","Eternally Green + TruGreen","0","main|header|nav|footer","jsonld:0;types:;invalid:0;missing:","0","0","46","15","https://www.trugreen.com/chat/organic-promo | https://www.trugreen.com/lawn-care-101 | https://www.trugreen.com/lawn-care-101/learning-center | https://www.trugreen.com/my-account/account-settings | https://www.trugreen.com/my-account/account-summary | https://www.trugreen.com/my-account/my-documents | https://www.trugreen.com/my-account/my-services | https://www.trugreen.com/my-account/payments | https://www.trugreen.com/newsroom | https://www.trugreen.com/pay-your-bill | https://www.trugreen.com/pests-products-and-services | https://www.trugreen.com/pga-tour | https://www.trugreen.com/products-and-services | https://www.trugreen.com/products-and-services/tree-and-shrub-service | https://www.trugreen.com/why-choose-trugreen/testimonials-and-ratings","","internal-links-missing-from-sitemap",""
"chromium","2026-08-28T21:08:04.938Z","prod-release-2-7-2026-08-28","1-500","","https://www.trugreen.com/lawn-care-101/blog/happy-lawns-trugreen","https://www.trugreen.com/lawn-care-101/blog/happy-lawns-trugreen","200","200:https://www.trugreen.com/lawn-care-101/blog/happy-lawns-trugreen","Happy Lawns + TruGreen | TruGreen","Happy Lawns + TruGreen | TruGreen","https://www.trugreen.com/lawn-care-101/blog/happy-lawns-trugreen","1","https://www.trugreen.com/lawn-care-101/blog/happy-lawns-trugreen","1","","200","https://www.trugreen.com/lawn-care-101/blog/happy-lawns-trugreen","","","","0","1","Happy Lawns + TruGreen","0","main|header|nav|footer","jsonld:0;types:;invalid:0;missing:","0","0","46","15","https://www.trugreen.com/chat/organic-promo | https://www.trugreen.com/lawn-care-101 | https://www.trugreen.com/lawn-care-101/learning-center | https://www.trugreen.com/my-account/account-settings | https://www.trugreen.com/my-account/account-summary | https://www.trugreen.com/my-account/my-documents | https://www.trugreen.com/my-account/my-services | https://www.trugreen.com/my-account/payments | https://www.trugreen.com/newsroom | https://www.trugreen.com/pay-your-bill | https://www.trugreen.com/pests-products-and-services | https://www.trugreen.com/pga-tour | https://www.trugreen.com/products-and-services | https://www.trugreen.com/products-and-services/tree-and-shrub-service | https://www.trugreen.com/why-choose-trugreen/testimonials-and-ratings","","internal-links-missing-from-sitemap",""
"chromium","2026-08-28T21:08:04.938Z","prod-release-2-7-2026-08-28","1-500","","https://www.trugreen.com/lawn-care-101/blog/lawn-care","https://www.trugreen.com/lawn-care-101/blog/lawn-care","200","302:https://www.trugreen.com/lawn-care-101/blog/lawn-care -> 308:https://www.trugreen.com/lawn-care-101/blog/ -> 200:https://www.trugreen.com/lawn-care-101/blog","TruGreen Blog | TruGreen","","https://www.trugreen.com/lawn-care-101/blog","1","","0","","200","https://www.trugreen.com/lawn-care-101/blog","","","","0","0","","0","","jsonld:1;types:Blog|BreadcrumbList|CollectionPage;invalid:0;missing:","0","0","0","0","","","rendered-canonical-count-invalid|missing-h1|missing-main|duplicate-title",""
"chromium","2026-08-28T21:08:04.938Z","prod-release-2-7-2026-08-28","1-500","","https://www.trugreen.com/lawn-care-101/blog/lawn-care-tips","https://www.trugreen.com/lawn-care-101/blog/lawn-care-tips","404","404:https://www.trugreen.com/lawn-care-101/blog/lawn-care-tips","","","","0","","0","","","","","","","0","0","","0","","jsonld:0;types:;invalid:0;missing:","0","0","0","0","","","missing-title|missing-canonical|raw-canonical-count-invalid|rendered-canonical-count-invalid|missing-h1|missing-main",""
"chromium","2026-08-28T21:08:04.938Z","prod-release-2-7-2026-08-28","1-500","","https://www.trugreen.com/lawn-care-101/blog/lawn-care-tips/2024s-big-buzz-preparing-your-yard-cicadas","https://www.trugreen.com/lawn-care-101/blog/lawn-care-tips/2024s-big-buzz-preparing-your-yard-cicadas","200","200:https://www.trugreen.com/lawn-care-101/blog/lawn-care-tips/2024s-big-buzz-preparing-your-yard-cicadas","How to Prevent Cicadas in Your Yard | TruGreen","How to Prevent Cicadas in Your Yard | TruGreen","https://www.trugreen.com/lawn-care-101/blog/lawn-care-tips/2024s-big-buzz-preparing-your-yard-cicadas","1","https://www.trugreen.com/lawn-care-101/blog/lawn-care-tips/2024s-big-buzz-preparing-your-yard-cicadas","1","","200","https://www.trugreen.com/lawn-care-101/blog/lawn-care-tips/2024s-big-buzz-preparing-your-yard-cicadas","","","","0","1","How to Prevent Cicadas from Damaging Your Yard","0","header|nav|footer","jsonld:1;types:Article;invalid:0;missing:jsonld_0_missing_@context","0","0","46","11","https://www.trugreen.com/lawn-care-101 | https://www.trugreen.com/lawn-care-101/blog?topic=Pest+Control | https://www.trugreen.com/lawn-care-101/blog?type=Blog | https://www.trugreen.com/lawn-care-101/learning-center | https://www.trugreen.com/my-account/account-summary | https://www.trugreen.com/newsroom | https://www.trugreen.com/pay-your-bill | https://www.trugreen.com/pests-products-and-services | https://www.trugreen.com/pga-tour | https://www.trugreen.com/products-and-services | https://www.trugreen.com/why-choose-trugreen/testimonials-and-ratings","","missing-main|internal-links-missing-from-sitemap",""
"chromium","2026-08-28T21:08:04.938Z","prod-release-2-7-2026-08-28","1-500","","https://www.trugreen.com/lawn-care-101/blog/lawn-care-tips/3-signs-mosquito-infestation","https://www.trugreen.com/lawn-care-101/blog/lawn-care-tips/3-signs-mosquito-infestation","200","200:https://www.trugreen.com/lawn-care-101/blog/lawn-care-tips/3-signs-mosquito-infestation","3 Signs of a Mosquito Infestation | TruGreen","3 Signs of a Mosquito Infestation | TruGreen","https://www.trugreen.com/lawn-care-101/blog/lawn-care-tips/3-signs-mosquito-infestation","1","https://www.trugreen.com/lawn-care-101/blog/lawn-care-tips/3-signs-mosquito-infestation","1","","200","https://www.trugreen.com/lawn-care-101/blog/lawn-care-tips/3-signs-mosquito-infestation","","","","0","1","3 Signs of a Mosquito Infestation","0","header|footer","jsonld:1;types:Article;invalid:0;missing:jsonld_0_missing_@context","0","0","45","13","https://www.trugreen.com/chat/organic-promo | https://www.trugreen.com/controlling-outdoor-ants | https://www.trugreen.com/lawn-care-101 | https://www.trugreen.com/lawn-care-101/blog?topic=Pest+Control+%26+Mosquito+Defense | https://www.trugreen.com/lawn-care-101/blog?type=Blog | https://www.trugreen.com/lawn-care-101/learning-center | https://www.trugreen.com/newsroom | https://www.trugreen.com/pay-your-bill | https://www.trugreen.com/pests-products-and-services | https://www.trugreen.com/pga-tour | https://www.trugreen.com/products-and-services | https://www.trugreen.com/products-and-services/mosquito-control | https://www.trugreen.com/products-and-services/tree-and-shrub-service","","missing-main|internal-links-missing-from-sitemap",""
"chromium","2026-08-28T21:08:04.938Z","prod-release-2-7-2026-08-28","1-500","","https://www.trugreen.com/lawn-care-101/blog/lawn-care-tips/4-tips-get-green-lawn-after-winter","https://www.trugreen.com/lawn-care-101/blog/lawn-care-tips/4-tips-get-green-lawn-after-winter","200","200:https://www.trugreen.com/lawn-care-101/blog/lawn-care-tips/4-tips-get-green-lawn-after-winter","Lawn Care After Winter | TruGreen","Lawn Care After Winter | TruGreen","https://www.trugreen.com/lawn-care-101/blog/lawn-care-tips/4-tips-get-green-lawn-after-winter","1","https://www.trugreen.com/lawn-care-101/blog/lawn-care-tips/4-tips-get-green-lawn-after-winter","1","","200","https://www.trugreen.com/lawn-care-101/blog/lawn-care-tips/4-tips-get-green-lawn-after-winter","","","","0","1","Lawn Care After Winter: 4 Steps to Revive Your Grass","0","header|nav|footer","jsonld:1;types:Article;invalid:0;missing:jsonld_0_missing_@context","0","0","46","11","https://www.trugreen.com/lawn-care-101 | https://www.trugreen.com/lawn-care-101/blog?topic=Lawn+Care | https://www.trugreen.com/lawn-care-101/blog?type=Blog | https://www.trugreen.com/lawn-care-101/learning-center | https://www.trugreen.com/my-account/account-summary | https://www.trugreen.com/newsroom | https://www.trugreen.com/pay-your-bill | https://www.trugreen.com/pests-products-and-services | https://www.trugreen.com/pga-tour | https://www.trugreen.com/products-and-services | https://www.trugreen.com/why-choose-trugreen/testimonials-and-ratings","","missing-main|internal-links-missing-from-sitemap|duplicate-title",""
"chromium","2026-08-28T21:08:04.938Z","prod-release-2-7-2026-08-28","1-500","","https://www.trugreen.com/lawn-care-101/blog/lawn-care-tips/4-tips-get-green-lawn-after-winter-0","https://www.trugreen.com/lawn-care-101/blog/lawn-care-tips/4-tips-get-green-lawn-after-winter","200","301:https://www.trugreen.com/lawn-care-101/blog/lawn-care-tips/4-tips-get-green-lawn-after-winter-0 -> 200:https://www.trugreen.com/lawn-care-101/blog/lawn-care-tips/4-tips-get-green-lawn-after-winter","Lawn Care After Winter | TruGreen","Lawn Care After Winter | TruGreen","https://www.trugreen.com/lawn-care-101/blog/lawn-care-tips/4-tips-get-green-lawn-after-winter","1","https://www.trugreen.com/lawn-care-101/blog/lawn-care-tips/4-tips-get-green-lawn-after-winter","1","","200","https://www.trugreen.com/lawn-care-101/blog/lawn-care-tips/4-tips-get-green-lawn-after-winter","","","","0","1","Lawn Care After Winter: 4 Steps to Revive Your Grass","0","header|nav|footer","jsonld:1;types:Article;invalid:0;missing:jsonld_0_missing_@context","0","0","46","11","https://www.trugreen.com/lawn-care-101 | https://www.trugreen.com/lawn-care-101/blog?topic=Lawn+Care | https://www.trugreen.com/lawn-care-101/blog?type=Blog | https://www.trugreen.com/lawn-care-101/learning-center | https://www.trugreen.com/my-account/account-summary | https://www.trugreen.com/newsroom | https://www.trugreen.com/pay-your-bill | https://www.trugreen.com/pests-products-and-services | https://www.trugreen.com/pga-tour | https://www.trugreen.com/products-and-services | https://www.trugreen.com/why-choose-trugreen/testimonials-and-ratings","","missing-main|internal-links-missing-from-sitemap|duplicate-title",""
"chromium","2026-08-28T21:08:04.938Z","prod-release-2-7-2026-08-28","1-500","","https://www.trugreen.com/lawn-care-101/blog/lawn-care-tips/5-spooky-facts-about-your-lawn","https://www.trugreen.com/lawn-care-101/blog/lawn-care-tips/5-spooky-facts-about-your-lawn","200","200:https://www.trugreen.com/lawn-care-101/blog/lawn-care-tips/5-spooky-facts-about-your-lawn","Spooky Lawn Facts | TruGreen","Spooky Lawn Facts | TruGreen","https://www.trugreen.com/lawn-care-101/blog/lawn-care-tips/5-spooky-facts-about-your-lawn","1","https://www.trugreen.com/lawn-care-101/blog/lawn-care-tips/5-spooky-facts-about-your-lawn","1","","200","https://www.trugreen.com/lawn-care-101/blog/lawn-care-tips/5-spooky-facts-about-your-lawn","","","","0","1","5 Spooky Facts About Your Lawn","0","header|footer","jsonld:1;types:Article|DefinedTerm;invalid:0;missing:jsonld_0_missing_@context|jsonld_1_missing_@context","0","0","45","10","https://www.trugreen.com/lawn-care-101 | https://www.trugreen.com/lawn-care-101/blog?topic=Lawn+Care | https://www.trugreen.com/lawn-care-101/blog?type=Blog | https://www.trugreen.com/lawn-care-101/learning-center | https://www.trugreen.com/newsroom | https://www.trugreen.com/pay-your-bill | https://www.trugreen.com/pests-products-and-services | https://www.trugreen.com/pga-tour | https://www.trugreen.com/products-and-services | https://www.trugreen.com/why-choose-trugreen/testimonials-and-ratings","","missing-main|internal-links-missing-from-sitemap",""
"chromium","2026-08-28T21:08:04.938Z","prod-release-2-7-2026-08-28","1-500","","https://www.trugreen.com/lawn-care-101/blog/lawn-care-tips/5-ways-go-screen-free-outside","https://www.trugreen.com/lawn-care-101/blog","200","301:https://www.trugreen.com/lawn-care-101/blog/lawn-care-tips/5-ways-go-screen-free-outside -> 200:https://www.trugreen.com/lawn-care-101/blog","TruGreen Blog | TruGreen","TruGreen Blog | TruGreen","https://www.trugreen.com/lawn-care-101/blog","1","https://www.trugreen.com/lawn-care-101/blog","1","","200","https://www.trugreen.com/lawn-care-101/blog","","","","0","1","Looking for advice?Turn to the experts.","0","main|header|footer","jsonld:1;types:Blog|BreadcrumbList|CollectionPage;invalid:0;missing:","0","0","86","22","https://www.trugreen.com/lawn-care-101 | https://www.trugreen.com/lawn-care-101/blog/beyond-lawn/hosting-backyard-party | https://www.trugreen.com/lawn-care-101/blog/consistent-lawn-care | https://www.trugreen.com/lawn-care-101/blog/lawn-care/lawn-care-myths | https://www.trugreen.com/lawn-care-101/blog/lawn-care/lawn-care-vs-landscaping | https://www.trugreen.com/lawn-care-101/blog/lawn-care/lawn-mowing-spread-weeds | https://www.trugreen.com/lawn-care-101/blog/lawn-care/what-lawn-need-thrive | https://www.trugreen.com/lawn-care-101/blog/lawn-care/what-my-lawn-need | https://www.trugreen.com/lawn-care-101/blog/lawn-care/when-aerate-and-overseed-northeast | https://www.trugreen.com/lawn-care-101/blog/lawn-damage/lawn-care-signs-stress | https://www.trugreen.com/lawn-care-101/blog/pest-control/how-control-fleas-yard | https://www.trugreen.com/lawn-care-101/blog/tree-shrub-care/tree-disease-treatment | https://www.trugreen.com/lawn-care-101/blog/weed-control/control-wild-violets | https://www.trugreen.com/lawn-care-101/blog/weed-control/how-control-clover-lawn | https://www.trugreen.com/lawn-care-101/blog/weed-control/weeds-from-coming-back | https://www.trugreen.com/lawn-care-101/learning-center | https://www.trugreen.com/newsroom | https://www.trugreen.com/pay-your-bill | https://www.trugreen.com/pests-products-and-services | https://www.trugreen.com/pga-tour | https://www.trugreen.com/products-and-services | https://www.trugreen.com/why-choose-trugreen/testimonials-and-ratings","","internal-links-missing-from-sitemap|duplicate-title",""
"chromium","2026-08-28T21:08:04.938Z","prod-release-2-7-2026-08-28","1-500","","https://www.trugreen.com/lawn-care-101/blog/lawn-care-tips/6-things-know-about-lyme-disease-prevention-and-ticks","https://www.trugreen.com/lawn-care-101/blog/lawn-care-tips/6-things-know-about-lyme-disease-prevention-and-ticks","200","200:https://www.trugreen.com/lawn-care-101/blog/lawn-care-tips/6-things-know-about-lyme-disease-prevention-and-ticks","Preventing Lyme Disease | TruGreen","Preventing Lyme Disease | TruGreen","https://www.trugreen.com/lawn-care-101/blog/lawn-care-tips/6-things-know-about-lyme-disease-prevention-and-ticks","1","https://www.trugreen.com/lawn-care-101/blog/lawn-care-tips/6-things-know-about-lyme-disease-prevention-and-ticks","1","","200","https://www.trugreen.com/lawn-care-101/blog/lawn-care-tips/6-things-know-about-lyme-disease-prevention-and-ticks","","","","0","1","Preventing Lyme Disease: Essential Tick Control Tips","0","header|nav|footer","jsonld:1;types:Article;invalid:0;missing:jsonld_0_missing_@context","0","0","47","11","https://www.trugreen.com/lawn-care-101 | https://www.trugreen.com/lawn-care-101/blog?topic=Pest+Control | https://www.trugreen.com/lawn-care-101/blog?type=Blog | https://www.trugreen.com/lawn-care-101/learning-center | https://www.trugreen.com/my-account/account-summary | https://www.trugreen.com/newsroom | https://www.trugreen.com/pay-your-bill | https://www.trugreen.com/pests-products-and-services | https://www.trugreen.com/pga-tour | https://www.trugreen.com/products-and-services | https://www.trugreen.com/why-choose-trugreen/testimonials-and-ratings","","missing-main|internal-links-missing-from-sitemap|duplicate-title",""
"chromium","2026-08-28T21:08:04.938Z","prod-release-2-7-2026-08-28","1-500","","https://www.trugreen.com/lawn-care-101/blog/lawn-care-tips/7-benefits-lawn-aeration-why-you-should-core-aerate-your-lawn","https://www.trugreen.com/lawn-care-101/blog/lawn-care-tips/7-benefits-lawn-aeration-why-you-should-core-aerate-your-lawn","200","200:https://www.trugreen.com/lawn-care-101/blog/lawn-care-tips/7-benefits-lawn-aeration-why-you-should-core-aerate-your-lawn","7 Benefits of Lawn Aeration | TruGreen","7 Benefits of Lawn Aeration | TruGreen","https://www.trugreen.com/lawn-care-101/blog/lawn-care-tips/7-benefits-lawn-aeration-why-you-should-core-aerate-your-lawn","1","https://www.trugreen.com/lawn-care-101/blog/lawn-care-tips/7-benefits-lawn-aeration-why-you-should-core-aerate-your-lawn","1","","200","https://www.trugreen.com/lawn-care-101/blog/lawn-care-tips/7-benefits-lawn-aeration-why-you-should-core-aerate-your-lawn","","","","0","1","7 Benefits of Lawn Aeration: Why You Should Core Aerate Your Lawn","0","header|nav|footer","jsonld:1;types:Article;invalid:0;missing:jsonld_0_missing_@context","0","0","51","18","https://www.trugreen.com/lawn-care-101 | https://www.trugreen.com/lawn-care-101/blog?topic=Lawn+Care | https://www.trugreen.com/lawn-care-101/blog?type=Blog | https://www.trugreen.com/lawn-care-101/blog/lawn-care/lawn-care-myths | https://www.trugreen.com/lawn-care-101/blog/lawn-care/lawn-care-vs-landscaping | https://www.trugreen.com/lawn-care-101/blog/lawn-care/lawn-mowing-spread-weeds | https://www.trugreen.com/lawn-care-101/learning-center | https://www.trugreen.com/my-account/account-settings | https://www.trugreen.com/my-account/account-summary | https://www.trugreen.com/my-account/my-documents | https://www.trugreen.com/my-account/my-services | https://www.trugreen.com/my-account/payments | https://www.trugreen.com/newsroom | https://www.trugreen.com/pay-your-bill | https://www.trugreen.com/pests-products-and-services | https://www.trugreen.com/pga-tour | https://www.trugreen.com/products-and-services | https://www.trugreen.com/why-choose-trugreen/testimonials-and-ratings","","missing-main|internal-links-missing-from-sitemap",""
"chromium","2026-08-28T21:08:04.938Z","prod-release-2-7-2026-08-28","1-500","","https://www.trugreen.com/lawn-care-101/blog/lawn-care-tips/8-essential-outdoor-tools-and-equipment-every-homeowner-should","https://www.trugreen.com/lawn-care-101/blog/lawn-care-tips/8-essential-outdoor-tools-and-equipment-every-homeowner-should","200","200:https://www.trugreen.com/lawn-care-101/blog/lawn-care-tips/8-essential-outdoor-tools-and-equipment-every-homeowner-should","8 Essential Outdoor Tools and Equipment Every Homeowner Should Own | TruGreen","8 Essential Outdoor Tools and Equipment Every Homeowner Should Own | TruGreen","https://www.trugreen.com/lawn-care-101/blog/lawn-care-tips/8-essential-outdoor-tools-and-equipment-every-homeowner-should","1","https://www.trugreen.com/lawn-care-101/blog/lawn-care-tips/8-essential-outdoor-tools-and-equipment-every-homeowner-should","1","","200","https://www.trugreen.com/lawn-care-101/blog/lawn-care-tips/8-essential-outdoor-tools-and-equipment-every-homeowner-should","","","","0","1","8 Essential Outdoor Tools and Equipment Every Homeowner Should Own","0","header|footer","jsonld:1;types:Article;invalid:0;missing:jsonld_0_missing_@context","0","0","46","10","https://www.trugreen.com/lawn-care-101 | https://www.trugreen.com/lawn-care-101/blog?topic=Lawn+Care | https://www.trugreen.com/lawn-care-101/blog?type=Blog | https://www.trugreen.com/lawn-care-101/learning-center | https://www.trugreen.com/newsroom | https://www.trugreen.com/pay-your-bill | https://www.trugreen.com/pests-products-and-services | https://www.trugreen.com/pga-tour | https://www.trugreen.com/products-and-services | https://www.trugreen.com/why-choose-trugreen/testimonials-and-ratings","","missing-main|internal-links-missing-from-sitemap",""
"chromium","2026-08-28T21:08:04.938Z","prod-release-2-7-2026-08-28","1-500","","https://www.trugreen.com/lawn-care-101/blog/lawn-care-tips/add-blog-test-1324","https://www.trugreen.com/lawn-care-101/blog/lawn-care-tips/add-blog-test-1324","200","200:https://www.trugreen.com/lawn-care-101/blog/lawn-care-tips/add-blog-test-1324","","Add Blog Test 1324 | TruGreen","","0","","0","","","","","","","0","2","Add Blog Test 1324 | BLOG SECTION PARAGRAPH BLOG SECTION PARAGRAPH","0","main|header|nav|footer","jsonld:1;types:Article;invalid:0;missing:jsonld_0_missing_@context","0","0","42","18","https://www.trugreen.com/commercial | https://www.trugreen.com/controlling-outdoor-ants | https://www.trugreen.com/get-a-quote/custom-services | https://www.trugreen.com/lawn-care-101 | https://www.trugreen.com/lawn-care-101/lawn-care-guides | https://www.trugreen.com/lawn-care-101/learning-center | https://www.trugreen.com/newsroom | https://www.trugreen.com/pets-and-outdoor-threats | https://www.trugreen.com/pga-tour | https://www.trugreen.com/products-and-services | https://www.trugreen.com/products-and-services/mosquito-control | https://www.trugreen.com/products-and-services/outdoor-pest-control | https://www.trugreen.com/products-and-services/perimeter-pest-control | https://www.trugreen.com/products-and-services/tree-and-shrub-service | https://www.trugreen.com/products-and-services/trucomplete | https://www.trugreen.com/products-and-services/truhealth | https://www.trugreen.com/why-choose-trugreen/professional-lawn-care | https://www.trugreen.com/why-choose-trugreen/testimonials-and-ratings","title","missing-canonical|raw-canonical-count-invalid|rendered-canonical-count-invalid|multiple-h1|internal-links-missing-from-sitemap",""
"chromium","2026-08-28T21:08:04.938Z","prod-release-2-7-2026-08-28","1-500","","https://www.trugreen.com/lawn-care-101/blog/lawn-care-tips/aerating-and-fertilizing","https://www.trugreen.com/lawn-care-101/blog/lawn-care-tips/aerating-and-fertilizing","200","200:https://www.trugreen.com/lawn-care-101/blog/lawn-care-tips/aerating-and-fertilizing","Aerating and Fertilizing | TruGreen","Aerating and Fertilizing | TruGreen","https://www.trugreen.com/lawn-care-101/blog/lawn-care-tips/aerating-and-fertilizing","1","https://www.trugreen.com/lawn-care-101/blog/lawn-care-tips/aerating-and-fertilizing","1","","200","https://www.trugreen.com/lawn-care-101/blog/lawn-care-tips/aerating-and-fertilizing","","","","0","1","Aerating and Fertilizing","0","header|nav|footer","jsonld:1;types:Article;invalid:0;missing:jsonld_0_missing_@context","0","0","50","18","https://www.trugreen.com/lawn-care-101 | https://www.trugreen.com/lawn-care-101/blog?topic=Lawn+Care | https://www.trugreen.com/lawn-care-101/blog?type=Blog | https://www.trugreen.com/lawn-care-101/blog/lawn-care/lawn-care-myths | https://www.trugreen.com/lawn-care-101/blog/lawn-care/lawn-care-vs-landscaping | https://www.trugreen.com/lawn-care-101/blog/lawn-care/lawn-mowing-spread-weeds | https://www.trugreen.com/lawn-care-101/learning-center | https://www.trugreen.com/my-account/account-settings | https://www.trugreen.com/my-account/account-summary | https://www.trugreen.com/my-account/my-documents | https://www.trugreen.com/my-account/my-services | https://www.trugreen.com/my-account/payments | https://www.trugreen.com/newsroom | https://www.trugreen.com/pay-your-bill | https://www.trugreen.com/pests-products-and-services | https://www.trugreen.com/pga-tour | https://www.trugreen.com/products-and-services | https://www.trugreen.com/why-choose-trugreen/testimonials-and-ratings","","missing-main|internal-links-missing-from-sitemap",""
"chromium","2026-08-28T21:08:04.938Z","prod-release-2-7-2026-08-28","1-500","","https://www.trugreen.com/lawn-care-101/blog/lawn-care-tips/allergy-proofing-your-lawn","https://www.trugreen.com/lawn-care-101/blog","200","301:https://www.trugreen.com/lawn-care-101/blog/lawn-care-tips/allergy-proofing-your-lawn -> 200:https://www.trugreen.com/lawn-care-101/blog","TruGreen Blog | TruGreen","TruGreen Blog | TruGreen","https://www.trugreen.com/lawn-care-101/blog","1","https://www.trugreen.com/lawn-care-101/blog","1","","200","https://www.trugreen.com/lawn-care-101/blog","","","","0","1","Looking for advice?Turn to the experts.","0","main|header|footer","jsonld:1;types:Blog|BreadcrumbList|CollectionPage;invalid:0;missing:","0","0","86","22","https://www.trugreen.com/lawn-care-101 | https://www.trugreen.com/lawn-care-101/blog/beyond-lawn/hosting-backyard-party | https://www.trugreen.com/lawn-care-101/blog/consistent-lawn-care | https://www.trugreen.com/lawn-care-101/blog/lawn-care/lawn-care-myths | https://www.trugreen.com/lawn-care-101/blog/lawn-care/lawn-care-vs-landscaping | https://www.trugreen.com/lawn-care-101/blog/lawn-care/lawn-mowing-spread-weeds | https://www.trugreen.com/lawn-care-101/blog/lawn-care/what-lawn-need-thrive | https://www.trugreen.com/lawn-care-101/blog/lawn-care/what-my-lawn-need | https://www.trugreen.com/lawn-care-101/blog/lawn-care/when-aerate-and-overseed-northeast | https://www.trugreen.com/lawn-care-101/blog/lawn-damage/lawn-care-signs-stress | https://www.trugreen.com/lawn-care-101/blog/pest-control/how-control-fleas-yard | https://www.trugreen.com/lawn-care-101/blog/tree-shrub-care/tree-disease-treatment | https://www.trugreen.com/lawn-care-101/blog/weed-control/control-wild-violets | https://www.trugreen.com/lawn-care-101/blog/weed-control/how-control-clover-lawn | https://www.trugreen.com/lawn-care-101/blog/weed-control/weeds-from-coming-back | https://www.trugreen.com/lawn-care-101/learning-center | https://www.trugreen.com/newsroom | https://www.trugreen.com/pay-your-bill | https://www.trugreen.com/pests-products-and-services | https://www.trugreen.com/pga-tour | https://www.trugreen.com/products-and-services | https://www.trugreen.com/why-choose-trugreen/testimonials-and-ratings","","internal-links-missing-from-sitemap|duplicate-title",""
"chromium","2026-08-28T21:08:04.938Z","prod-release-2-7-2026-08-28","1-500","","https://www.trugreen.com/lawn-care-101/blog/lawn-care-tips/armyworms-identifying-treating-and-recovering","https://www.trugreen.com/lawn-care-101/blog/lawn-care-tips/armyworms-identifying-treating-and-recovering","200","200:https://www.trugreen.com/lawn-care-101/blog/lawn-care-tips/armyworms-identifying-treating-and-recovering","Identify Armyworms | TruGreen","Identify Armyworms | TruGreen","https://www.trugreen.com/lawn-care-101/blog/lawn-care-tips/armyworms-identifying-treating-and-recovering","1","https://www.trugreen.com/lawn-care-101/blog/lawn-care-tips/armyworms-identifying-treating-and-recovering","1","","200","https://www.trugreen.com/lawn-care-101/blog/lawn-care-tips/armyworms-identifying-treating-and-recovering","","","","0","1","Armyworms: Identifying, Treating, and Recovering","0","header|footer","jsonld:1;types:Article;invalid:0;missing:jsonld_0_missing_@context","0","0","46","11","https://www.trugreen.com/lawn-care-101 | https://www.trugreen.com/lawn-care-101/blog?topic=Pest+Control | https://www.trugreen.com/lawn-care-101/blog?type=Blog | https://www.trugreen.com/lawn-care-101/learning-center | https://www.trugreen.com/newsroom | https://www.trugreen.com/pay-your-bill | https://www.trugreen.com/pest-control/blog/how-get-rid-mosquitoes-your-yard | https://www.trugreen.com/pests-products-and-services | https://www.trugreen.com/pga-tour | https://www.trugreen.com/products-and-services | https://www.trugreen.com/why-choose-trugreen/testimonials-and-ratings","","missing-main|internal-links-missing-from-sitemap",""
"chromium","2026-08-28T21:08:04.938Z","prod-release-2-7-2026-08-28","1-500","","https://www.trugreen.com/lawn-care-101/blog/lawn-care-tips/ask-agronomists-lawncare-tips-experts","https://www.trugreen.com/lawn-care-101/blog/lawn-care-tips/ask-agronomists-lawncare-tips-experts","200","200:https://www.trugreen.com/lawn-care-101/blog/lawn-care-tips/ask-agronomists-lawncare-tips-experts","Agronomists | TruGreen","Agronomists | TruGreen","https://www.trugreen.com/lawn-care-101/blog/lawn-care-tips/ask-agronomists-lawncare-tips-experts","1","https://www.trugreen.com/lawn-care-101/blog/lawn-care-tips/ask-agronomists-lawncare-tips-experts","1","","200","https://www.trugreen.com/lawn-care-101/blog/lawn-care-tips/ask-agronomists-lawncare-tips-experts","","","","0","1","Ask the Agronomists: Expert Lawn Care Tips from the Pros","0","header|nav|footer","jsonld:1;types:Article;invalid:0;missing:jsonld_0_missing_@context","0","0","48","11","https://www.trugreen.com/lawn-care-101 | https://www.trugreen.com/lawn-care-101/blog?topic=Lawn+Care | https://www.trugreen.com/lawn-care-101/blog?type=Blog | https://www.trugreen.com/lawn-care-101/learning-center | https://www.trugreen.com/my-account/account-summary | https://www.trugreen.com/newsroom | https://www.trugreen.com/pay-your-bill | https://www.trugreen.com/pests-products-and-services | https://www.trugreen.com/pga-tour | https://www.trugreen.com/products-and-services | https://www.trugreen.com/why-choose-trugreen/testimonials-and-ratings","","missing-main|internal-links-missing-from-sitemap|duplicate-title",""
"chromium","2026-08-28T21:08:04.938Z","prod-release-2-7-2026-08-28","1-500","","https://www.trugreen.com/lawn-care-101/blog/lawn-care-tips/benefits-of-chicago-lawn-care-service","https://www.trugreen.com/lawn-care-101/blog/trugreen-lawn-care-services/trugreen-lawn-care-preparing-for-your-first-visit","200","301:https://www.trugreen.com/lawn-care-101/blog/lawn-care-tips/benefits-of-chicago-lawn-care-service -> 200:https://www.trugreen.com/lawn-care-101/blog/trugreen-lawn-care-services/trugreen-lawn-care-preparing-for-your-first-visit","TruGreen First Visit | TruGreen","TruGreen First Visit | TruGreen","https://www.trugreen.com/lawn-care-101/blog/trugreen-lawn-care-services/trugreen-lawn-care-preparing-for-your-first-visit","1","https://www.trugreen.com/lawn-care-101/blog/trugreen-lawn-care-services/trugreen-lawn-care-preparing-for-your-first-visit","1","","","https://www.trugreen.com/lawn-care-101/blog/trugreen-lawn-care-services/trugreen-lawn-care-preparing-for-your-first-visit","","","","0","1","TruGreen First Visit: What to Expect","0","header|nav|footer","jsonld:1;types:Article;invalid:0;missing:jsonld_0_missing_@context","0","0","50","15","https://www.trugreen.com/lawn-care-101 | https://www.trugreen.com/lawn-care-101/blog?topic=Lawn+Care | https://www.trugreen.com/lawn-care-101/blog?type=Blog | https://www.trugreen.com/lawn-care-101/learning-center | https://www.trugreen.com/my-account/account-settings | https://www.trugreen.com/my-account/account-summary | https://www.trugreen.com/my-account/my-documents | https://www.trugreen.com/my-account/my-services | https://www.trugreen.com/my-account/payments | https://www.trugreen.com/newsroom | https://www.trugreen.com/pay-your-bill | https://www.trugreen.com/pests-products-and-services | https://www.trugreen.com/pga-tour | https://www.trugreen.com/products-and-services | https://www.trugreen.com/why-choose-trugreen/testimonials-and-ratings","","missing-main|internal-links-missing-from-sitemap|canonical-target-invalid",""
"chromium","2026-08-28T21:08:04.938Z","prod-release-2-7-2026-08-28","1-500","","https://www.trugreen.com/lawn-care-101/blog/lawn-care-tips/benefits-of-overseeding-a-lawn","https://www.trugreen.com/lawn-care-101/blog/lawn-care-tips/steps-prepare-your-lawn-overseeding-and-how-care-it-after","200","301:https://www.trugreen.com/lawn-care-101/blog/lawn-care-tips/benefits-of-overseeding-a-lawn -> 200:https://www.trugreen.com/lawn-care-101/blog/lawn-care-tips/steps-prepare-your-lawn-overseeding-and-how-care-it-after","Preparing Lawn for Overseeding | TruGreen","Preparing Lawn for Overseeding | TruGreen","https://www.trugreen.com/lawn-care-101/blog/lawn-care-tips/steps-prepare-your-lawn-overseeding-and-how-care-it-after","1","https://www.trugreen.com/lawn-care-101/blog/lawn-care-tips/steps-prepare-your-lawn-overseeding-and-how-care-it-after","1","","200","https://www.trugreen.com/lawn-care-101/blog/lawn-care-tips/steps-prepare-your-lawn-overseeding-and-how-care-it-after","","","","0","1","Preparing Lawn for Overseeding: The Complete Homeowner’s Guide","0","header|nav|footer","jsonld:1;types:Article;invalid:0;missing:jsonld_0_missing_@context","0","0","52","18","https://www.trugreen.com/lawn-care-101 | https://www.trugreen.com/lawn-care-101/blog?topic=Lawn+Care | https://www.trugreen.com/lawn-care-101/blog?type=Blog | https://www.trugreen.com/lawn-care-101/blog/lawn-care/lawn-care-myths | https://www.trugreen.com/lawn-care-101/blog/lawn-care/lawn-care-vs-landscaping | https://www.trugreen.com/lawn-care-101/blog/lawn-care/lawn-mowing-spread-weeds | https://www.trugreen.com/lawn-care-101/learning-center | https://www.trugreen.com/my-account/account-settings | https://www.trugreen.com/my-account/account-summary | https://www.trugreen.com/my-account/my-documents | https://www.trugreen.com/my-account/my-services | https://www.trugreen.com/my-account/payments | https://www.trugreen.com/newsroom | https://www.trugreen.com/pay-your-bill | https://www.trugreen.com/pests-products-and-services | https://www.trugreen.com/pga-tour | https://www.trugreen.com/products-and-services | https://www.trugreen.com/why-choose-trugreen/testimonials-and-ratings","","missing-main|internal-links-missing-from-sitemap|duplicate-title",""
"chromium","2026-08-28T21:08:04.938Z","prod-release-2-7-2026-08-28","1-500","","https://www.trugreen.com/lawn-care-101/blog/lawn-care-tips/benefits-tree-coverage-your-home-made-shade","https://www.trugreen.com/lawn-care-101/blog/lawn-care-tips/top-20-trees-and-shrubs-can-increase-property-value","200","301:https://www.trugreen.com/lawn-care-101/blog/lawn-care-tips/benefits-tree-coverage-your-home-made-shade -> 200:https://www.trugreen.com/lawn-care-101/blog/lawn-care-tips/top-20-trees-and-shrubs-can-increase-property-value","Do Trees Increase Property Value? | TruGreen","Do Trees Increase Property Value? | TruGreen","https://www.trugreen.com/lawn-care-101/blog/lawn-care-tips/top-20-trees-and-shrubs-can-increase-property-value","1","https://www.trugreen.com/lawn-care-101/blog/lawn-care-tips/top-20-trees-and-shrubs-can-increase-property-value","1","","200","https://www.trugreen.com/lawn-care-101/blog/lawn-care-tips/top-20-trees-and-shrubs-can-increase-property-value","","","","0","1","Do Trees Increase Property Value? Top 20 Trees and Shrubs","0","header|nav|footer","jsonld:1;types:Article;invalid:0;missing:jsonld_0_missing_@context","0","0","50","16","https://www.trugreen.com/lawn-care-101 | https://www.trugreen.com/lawn-care-101/blog?topic=Tree+%26+Shrub+Care | https://www.trugreen.com/lawn-care-101/blog?type=Blog | https://www.trugreen.com/lawn-care-101/blog/tree-shrub-care/tree-disease-treatment | https://www.trugreen.com/lawn-care-101/learning-center | https://www.trugreen.com/my-account/account-settings | https://www.trugreen.com/my-account/account-summary | https://www.trugreen.com/my-account/my-documents | https://www.trugreen.com/my-account/my-services | https://www.trugreen.com/my-account/payments | https://www.trugreen.com/newsroom | https://www.trugreen.com/pay-your-bill | https://www.trugreen.com/pests-products-and-services | https://www.trugreen.com/pga-tour | https://www.trugreen.com/products-and-services | https://www.trugreen.com/why-choose-trugreen/testimonials-and-ratings","","missing-main|internal-links-missing-from-sitemap|duplicate-title",""
"chromium","2026-08-28T21:08:04.938Z","prod-release-2-7-2026-08-28","1-500","","https://www.trugreen.com/lawn-care-101/blog/lawn-care-tips/benefits-tree-coverage-your-home-made-shade-1","https://www.trugreen.com/lawn-care-101/blog/lawn-care-tips/top-20-trees-and-shrubs-can-increase-property-value","200","301:https://www.trugreen.com/lawn-care-101/blog/lawn-care-tips/benefits-tree-coverage-your-home-made-shade-1 -> 200:https://www.trugreen.com/lawn-care-101/blog/lawn-care-tips/top-20-trees-and-shrubs-can-increase-property-value","Do Trees Increase Property Value? | TruGreen","Do Trees Increase Property Value? | TruGreen","https://www.trugreen.com/lawn-care-101/blog/lawn-care-tips/top-20-trees-and-shrubs-can-increase-property-value","1","https://www.trugreen.com/lawn-care-101/blog/lawn-care-tips/top-20-trees-and-shrubs-can-increase-property-value","1","","200","https://www.trugreen.com/lawn-care-101/blog/lawn-care-tips/top-20-trees-and-shrubs-can-increase-property-value","","","","0","1","Do Trees Increase Property Value? Top 20 Trees and Shrubs","0","header|nav|footer","jsonld:1;types:Article;invalid:0;missing:jsonld_0_missing_@context","0","0","50","16","https://www.trugreen.com/lawn-care-101 | https://www.trugreen.com/lawn-care-101/blog?topic=Tree+%26+Shrub+Care | https://www.trugreen.com/lawn-care-101/blog?type=Blog | https://www.trugreen.com/lawn-care-101/blog/tree-shrub-care/tree-disease-treatment | https://www.trugreen.com/lawn-care-101/learning-center | https://www.trugreen.com/my-account/account-settings | https://www.trugreen.com/my-account/account-summary | https://www.trugreen.com/my-account/my-documents | https://www.trugreen.com/my-account/my-services | https://www.trugreen.com/my-account/payments | https://www.trugreen.com/newsroom | https://www.trugreen.com/pay-your-bill | https://www.trugreen.com/pests-products-and-services | https://www.trugreen.com/pga-tour | https://www.trugreen.com/products-and-services | https://www.trugreen.com/why-choose-trugreen/testimonials-and-ratings","","missing-main|internal-links-missing-from-sitemap|duplicate-title",""
"chromium","2026-08-28T21:08:04.938Z","prod-release-2-7-2026-08-28","1-500","","https://www.trugreen.com/lawn-care-101/blog/lawn-care-tips/best-methods-broadleaf-weed-control","https://www.trugreen.com/lawn-care-101/blog/lawn-care-tips/best-methods-broadleaf-weed-control","200","200:https://www.trugreen.com/lawn-care-101/blog/lawn-care-tips/best-methods-broadleaf-weed-control","Broadleaf Weed Control | TruGreen","Broadleaf Weed Control | TruGreen","https://www.trugreen.com/lawn-care-101/blog/lawn-care-tips/best-methods-broadleaf-weed-control","1","https://www.trugreen.com/lawn-care-101/blog/lawn-care-tips/best-methods-broadleaf-weed-control","1","","200","https://www.trugreen.com/lawn-care-101/blog/lawn-care-tips/best-methods-broadleaf-weed-control","","","","0","1","Broadleaf Weed Control: How to Prevent and Eliminate Lawn Weeds","0","header|nav|footer","jsonld:1;types:Article;invalid:0;missing:jsonld_0_missing_@context","0","0","53","17","https://www.trugreen.com/lawn-care-101 | https://www.trugreen.com/lawn-care-101/blog?topic=Weed+Control | https://www.trugreen.com/lawn-care-101/blog?type=Blog | https://www.trugreen.com/lawn-care-101/blog/weed-control/control-wild-violets | https://www.trugreen.com/lawn-care-101/blog/weed-control/how-control-clover-lawn | https://www.trugreen.com/lawn-care-101/learning-center | https://www.trugreen.com/my-account/account-settings | https://www.trugreen.com/my-account/account-summary | https://www.trugreen.com/my-account/my-documents | https://www.trugreen.com/my-account/my-services | https://www.trugreen.com/my-account/payments | https://www.trugreen.com/newsroom | https://www.trugreen.com/pay-your-bill | https://www.trugreen.com/pests-products-and-services | https://www.trugreen.com/pga-tour | https://www.trugreen.com/products-and-services | https://www.trugreen.com/why-choose-trugreen/testimonials-and-ratings","","missing-main|internal-links-missing-from-sitemap|duplicate-title",""
"chromium","2026-08-28T21:08:04.938Z","prod-release-2-7-2026-08-28","1-500","","https://www.trugreen.com/lawn-care-101/blog/lawn-care-tips/best-methods-for-broadleaf-weed-control","https://www.trugreen.com/lawn-care-101/blog/lawn-care-tips/best-methods-broadleaf-weed-control","200","301:https://www.trugreen.com/lawn-care-101/blog/lawn-care-tips/best-methods-for-broadleaf-weed-control -> 301:https://www.trugreen.com/lawn-care-101/lawn-care-guides/tips-for-taming-stubborn-weeds -> 200:https://www.trugreen.com/lawn-care-101/blog/lawn-care-tips/best-methods-broadleaf-weed-control","Broadleaf Weed Control | TruGreen","Broadleaf Weed Control | TruGreen","https://www.trugreen.com/lawn-care-101/blog/lawn-care-tips/best-methods-broadleaf-weed-control","1","https://www.trugreen.com/lawn-care-101/blog/lawn-care-tips/best-methods-broadleaf-weed-control","1","","200","https://www.trugreen.com/lawn-care-101/blog/lawn-care-tips/best-methods-broadleaf-weed-control","","","","0","1","Broadleaf Weed Control: How to Prevent and Eliminate Lawn Weeds","0","header|nav|footer","jsonld:1;types:Article;invalid:0;missing:jsonld_0_missing_@context","0","0","53","17","https://www.trugreen.com/lawn-care-101 | https://www.trugreen.com/lawn-care-101/blog?topic=Weed+Control | https://www.trugreen.com/lawn-care-101/blog?type=Blog | https://www.trugreen.com/lawn-care-101/blog/weed-control/control-wild-violets | https://www.trugreen.com/lawn-care-101/blog/weed-control/how-control-clover-lawn | https://www.trugreen.com/lawn-care-101/learning-center | https://www.trugreen.com/my-account/account-settings | https://www.trugreen.com/my-account/account-summary | https://www.trugreen.com/my-account/my-documents | https://www.trugreen.com/my-account/my-services | https://www.trugreen.com/my-account/payments | https://www.trugreen.com/newsroom | https://www.trugreen.com/pay-your-bill | https://www.trugreen.com/pests-products-and-services | https://www.trugreen.com/pga-tour | https://www.trugreen.com/products-and-services | https://www.trugreen.com/why-choose-trugreen/testimonials-and-ratings","","missing-main|internal-links-missing-from-sitemap|duplicate-title",""
"chromium","2026-08-28T21:08:04.938Z","prod-release-2-7-2026-08-28","1-500","","https://www.trugreen.com/lawn-care-101/blog/lawn-care-tips/best-time-aerate-your-lawn","https://www.trugreen.com/lawn-care-101/blog/lawn-care-tips/best-time-aerate-your-lawn","200","200:https://www.trugreen.com/lawn-care-101/blog/lawn-care-tips/best-time-aerate-your-lawn","Best Time to Aerate Lawn | TruGreen","Best Time to Aerate Lawn | TruGreen","https://www.trugreen.com/lawn-care-101/blog/lawn-care-tips/best-time-aerate-your-lawn","1","https://www.trugreen.com/lawn-care-101/blog/lawn-care-tips/best-time-aerate-your-lawn","1","","200","https://www.trugreen.com/lawn-care-101/blog/lawn-care-tips/best-time-aerate-your-lawn","","","","0","1","Best Time to Aerate Your Lawn: A Seasonal Guide for Healthier Grass","0","header|nav|footer","jsonld:1;types:Article;invalid:0;missing:jsonld_0_missing_@context","0","0","55","18","https://www.trugreen.com/lawn-care-101 | https://www.trugreen.com/lawn-care-101/blog?topic=Lawn+Care | https://www.trugreen.com/lawn-care-101/blog?type=Blog | https://www.trugreen.com/lawn-care-101/blog/lawn-care/lawn-care-myths | https://www.trugreen.com/lawn-care-101/blog/lawn-care/lawn-care-vs-landscaping | https://www.trugreen.com/lawn-care-101/blog/lawn-care/lawn-mowing-spread-weeds | https://www.trugreen.com/lawn-care-101/learning-center | https://www.trugreen.com/my-account/account-settings | https://www.trugreen.com/my-account/account-summary | https://www.trugreen.com/my-account/my-documents | https://www.trugreen.com/my-account/my-services | https://www.trugreen.com/my-account/payments | https://www.trugreen.com/newsroom | https://www.trugreen.com/pay-your-bill | https://www.trugreen.com/pests-products-and-services | https://www.trugreen.com/pga-tour | https://www.trugreen.com/products-and-services | https://www.trugreen.com/why-choose-trugreen/testimonials-and-ratings","","missing-main|internal-links-missing-from-sitemap",""
"chromium","2026-08-28T21:08:04.938Z","prod-release-2-7-2026-08-28","1-500","","https://www.trugreen.com/lawn-care-101/blog/lawn-care-tips/best-way-to-get-green-grass","https://www.trugreen.com/lawn-care-101/blog","200","301:https://www.trugreen.com/lawn-care-101/blog/lawn-care-tips/best-way-to-get-green-grass -> 200:https://www.trugreen.com/lawn-care-101/blog","TruGreen Blog | TruGreen","TruGreen Blog | TruGreen","https://www.trugreen.com/lawn-care-101/blog","1","https://www.trugreen.com/lawn-care-101/blog","1","","200","https://www.trugreen.com/lawn-care-101/blog","","","","0","1","Looking for advice?Turn to the experts.","0","main|header|footer","jsonld:1;types:Blog|BreadcrumbList|CollectionPage;invalid:0;missing:","0","0","86","22","https://www.trugreen.com/lawn-care-101 | https://www.trugreen.com/lawn-care-101/blog/beyond-lawn/hosting-backyard-party | https://www.trugreen.com/lawn-care-101/blog/consistent-lawn-care | https://www.trugreen.com/lawn-care-101/blog/lawn-care/lawn-care-myths | https://www.trugreen.com/lawn-care-101/blog/lawn-care/lawn-care-vs-landscaping | https://www.trugreen.com/lawn-care-101/blog/lawn-care/lawn-mowing-spread-weeds | https://www.trugreen.com/lawn-care-101/blog/lawn-care/what-lawn-need-thrive | https://www.trugreen.com/lawn-care-101/blog/lawn-care/what-my-lawn-need | https://www.trugreen.com/lawn-care-101/blog/lawn-care/when-aerate-and-overseed-northeast | https://www.trugreen.com/lawn-care-101/blog/lawn-damage/lawn-care-signs-stress | https://www.trugreen.com/lawn-care-101/blog/pest-control/how-control-fleas-yard | https://www.trugreen.com/lawn-care-101/blog/tree-shrub-care/tree-disease-treatment | https://www.trugreen.com/lawn-care-101/blog/weed-control/control-wild-violets | https://www.trugreen.com/lawn-care-101/blog/weed-control/how-control-clover-lawn | https://www.trugreen.com/lawn-care-101/blog/weed-control/weeds-from-coming-back | https://www.trugreen.com/lawn-care-101/learning-center | https://www.trugreen.com/newsroom | https://www.trugreen.com/pay-your-bill | https://www.trugreen.com/pests-products-and-services | https://www.trugreen.com/pga-tour | https://www.trugreen.com/products-and-services | https://www.trugreen.com/why-choose-trugreen/testimonials-and-ratings","","internal-links-missing-from-sitemap|duplicate-title",""
"chromium","2026-08-28T21:08:04.938Z","prod-release-2-7-2026-08-28","1-500","","https://www.trugreen.com/lawn-care-101/blog/lawn-care-tips/blog-lawn-care-tips-winter-is-coming-prepare-your","https://www.trugreen.com/lawn-care-101/blog/lawn-care-tips/winter-lawn-damage-protecting-your-lawn-extreme-winter-weather","200","301:https://www.trugreen.com/lawn-care-101/blog/lawn-care-tips/blog-lawn-care-tips-winter-is-coming-prepare-your -> 200:https://www.trugreen.com/lawn-care-101/blog/lawn-care-tips/winter-lawn-damage-protecting-your-lawn-extreme-winter-weather","Winter Lawn Damage | TruGreen","Winter Lawn Damage | TruGreen","https://www.trugreen.com/lawn-care-101/blog/lawn-care-tips/winter-lawn-damage-protecting-your-lawn-extreme-winter-weather","1","https://www.trugreen.com/lawn-care-101/blog/lawn-care-tips/winter-lawn-damage-protecting-your-lawn-extreme-winter-weather","1","","200","https://www.trugreen.com/lawn-care-101/blog/lawn-care-tips/winter-lawn-damage-protecting-your-lawn-extreme-winter-weather","","","","0","1","Winter Lawn Damage: Protecting Your Lawn from Extreme Winter Weather","0","header|nav|footer","jsonld:1;types:Article;invalid:0;missing:jsonld_0_missing_@context","0","0","52","16","https://www.trugreen.com/lawn-care-101 | https://www.trugreen.com/lawn-care-101/blog?topic=Lawn+Damage | https://www.trugreen.com/lawn-care-101/blog?type=Blog | https://www.trugreen.com/lawn-care-101/blog/lawn-damage/lawn-care-signs-stress | https://www.trugreen.com/lawn-care-101/learning-center | https://www.trugreen.com/my-account/account-settings | https://www.trugreen.com/my-account/account-summary | https://www.trugreen.com/my-account/my-documents | https://www.trugreen.com/my-account/my-services | https://www.trugreen.com/my-account/payments | https://www.trugreen.com/newsroom | https://www.trugreen.com/pay-your-bill | https://www.trugreen.com/pests-products-and-services | https://www.trugreen.com/pga-tour | https://www.trugreen.com/products-and-services | https://www.trugreen.com/why-choose-trugreen/testimonials-and-ratings","","missing-main|internal-links-missing-from-sitemap|duplicate-title",""
"chromium","2026-08-28T21:08:04.938Z","prod-release-2-7-2026-08-28","1-500","","https://www.trugreen.com/lawn-care-101/blog/lawn-care-tips/bring-your-yard-back-to-life-after-winter","https://www.trugreen.com/lawn-care-101/blog/lawn-care-tips/4-tips-get-green-lawn-after-winter","200","301:https://www.trugreen.com/lawn-care-101/blog/lawn-care-tips/bring-your-yard-back-to-life-after-winter -> 200:https://www.trugreen.com/lawn-care-101/blog/lawn-care-tips/4-tips-get-green-lawn-after-winter","Lawn Care After Winter | TruGreen","Lawn Care After Winter | TruGreen","https://www.trugreen.com/lawn-care-101/blog/lawn-care-tips/4-tips-get-green-lawn-after-winter","1","https://www.trugreen.com/lawn-care-101/blog/lawn-care-tips/4-tips-get-green-lawn-after-winter","1","","200","https://www.trugreen.com/lawn-care-101/blog/lawn-care-tips/4-tips-get-green-lawn-after-winter","","","","0","1","Lawn Care After Winter: 4 Steps to Revive Your Grass","0","header|nav|footer","jsonld:1;types:Article;invalid:0;missing:jsonld_0_missing_@context","0","0","46","11","https://www.trugreen.com/lawn-care-101 | https://www.trugreen.com/lawn-care-101/blog?topic=Lawn+Care | https://www.trugreen.com/lawn-care-101/blog?type=Blog | https://www.trugreen.com/lawn-care-101/learning-center | https://www.trugreen.com/my-account/account-summary | https://www.trugreen.com/newsroom | https://www.trugreen.com/pay-your-bill | https://www.trugreen.com/pests-products-and-services | https://www.trugreen.com/pga-tour | https://www.trugreen.com/products-and-services | https://www.trugreen.com/why-choose-trugreen/testimonials-and-ratings","","missing-main|internal-links-missing-from-sitemap|duplicate-title",""
"chromium","2026-08-28T21:08:04.938Z","prod-release-2-7-2026-08-28","1-500","","https://www.trugreen.com/lawn-care-101/blog/lawn-care-tips/buckeye-ecocare-trugreen","https://www.trugreen.com/lawn-care-101/blog","200","301:https://www.trugreen.com/lawn-care-101/blog/lawn-care-tips/buckeye-ecocare-trugreen -> 200:https://www.trugreen.com/lawn-care-101/blog","TruGreen Blog | TruGreen","TruGreen Blog | TruGreen","https://www.trugreen.com/lawn-care-101/blog","1","https://www.trugreen.com/lawn-care-101/blog","1","","200","https://www.trugreen.com/lawn-care-101/blog","","","","0","1","Looking for advice?Turn to the experts.","0","main|header|footer","jsonld:1;types:Blog|BreadcrumbList|CollectionPage;invalid:0;missing:","0","0","86","22","https://www.trugreen.com/lawn-care-101 | https://www.trugreen.com/lawn-care-101/blog/beyond-lawn/hosting-backyard-party | https://www.trugreen.com/lawn-care-101/blog/consistent-lawn-care | https://www.trugreen.com/lawn-care-101/blog/lawn-care/lawn-care-myths | https://www.trugreen.com/lawn-care-101/blog/lawn-care/lawn-care-vs-landscaping | https://www.trugreen.com/lawn-care-101/blog/lawn-care/lawn-mowing-spread-weeds | https://www.trugreen.com/lawn-care-101/blog/lawn-care/what-lawn-need-thrive | https://www.trugreen.com/lawn-care-101/blog/lawn-care/what-my-lawn-need | https://www.trugreen.com/lawn-care-101/blog/lawn-care/when-aerate-and-overseed-northeast | https://www.trugreen.com/lawn-care-101/blog/lawn-damage/lawn-care-signs-stress | https://www.trugreen.com/lawn-care-101/blog/pest-control/how-control-fleas-yard | https://www.trugreen.com/lawn-care-101/blog/tree-shrub-care/tree-disease-treatment | https://www.trugreen.com/lawn-care-101/blog/weed-control/control-wild-violets | https://www.trugreen.com/lawn-care-101/blog/weed-control/how-control-clover-lawn | https://www.trugreen.com/lawn-care-101/blog/weed-control/weeds-from-coming-back | https://www.trugreen.com/lawn-care-101/learning-center | https://www.trugreen.com/newsroom | https://www.trugreen.com/pay-your-bill | https://www.trugreen.com/pests-products-and-services | https://www.trugreen.com/pga-tour | https://www.trugreen.com/products-and-services | https://www.trugreen.com/why-choose-trugreen/testimonials-and-ratings","","internal-links-missing-from-sitemap|duplicate-title",""
"chromium","2026-08-28T21:08:04.938Z","prod-release-2-7-2026-08-28","1-500","","https://www.trugreen.com/lawn-care-101/blog/lawn-care-tips/catching-and-controlling-crabgrass","https://www.trugreen.com/lawn-care-101/blog/lawn-care-tips/catching-and-controlling-crabgrass","200","200:https://www.trugreen.com/lawn-care-101/blog/lawn-care-tips/catching-and-controlling-crabgrass","Catching, Treating and Controlling Crabgrass | TruGreen","Catching, Treating and Controlling Crabgrass | TruGreen","https://www.trugreen.com/lawn-care-101/blog/lawn-care-tips/catching-and-controlling-crabgrass","1","https://www.trugreen.com/lawn-care-101/blog/lawn-care-tips/catching-and-controlling-crabgrass","1","","200","https://www.trugreen.com/lawn-care-101/blog/lawn-care-tips/catching-and-controlling-crabgrass","","","","0","1","Catching, Treating and Controlling Crabgrass","0","header|nav|footer","jsonld:1;types:Article;invalid:0;missing:jsonld_0_missing_@context","0","0","50","17","https://www.trugreen.com/lawn-care-101 | https://www.trugreen.com/lawn-care-101/blog?topic=Weed+Control | https://www.trugreen.com/lawn-care-101/blog?type=Blog | https://www.trugreen.com/lawn-care-101/blog/weed-control/control-wild-violets | https://www.trugreen.com/lawn-care-101/blog/weed-control/how-control-clover-lawn | https://www.trugreen.com/lawn-care-101/learning-center | https://www.trugreen.com/my-account/account-settings | https://www.trugreen.com/my-account/account-summary | https://www.trugreen.com/my-account/my-documents | https://www.trugreen.com/my-account/my-services | https://www.trugreen.com/my-account/payments | https://www.trugreen.com/newsroom | https://www.trugreen.com/pay-your-bill | https://www.trugreen.com/pests-products-and-services | https://www.trugreen.com/pga-tour | https://www.trugreen.com/products-and-services | https://www.trugreen.com/why-choose-trugreen/testimonials-and-ratings","","missing-main|internal-links-missing-from-sitemap",""
"chromium","2026-08-28T21:08:04.938Z","prod-release-2-7-2026-08-28","1-500","","https://www.trugreen.com/lawn-care-101/blog/lawn-care-tips/common-garden-weeds","https://www.trugreen.com/lawn-care-101/blog/lawn-care-tips/common-garden-weeds","200","200:https://www.trugreen.com/lawn-care-101/blog/lawn-care-tips/common-garden-weeds","Typical Garden Weeds | TruGreen","Typical Garden Weeds | TruGreen","https://www.trugreen.com/lawn-care-101/blog/lawn-care-tips/common-garden-weeds","1","https://www.trugreen.com/lawn-care-101/blog/lawn-care-tips/common-garden-weeds","1","","200","https://www.trugreen.com/lawn-care-101/blog/lawn-care-tips/common-garden-weeds","","","","0","1","Typical Garden Weeds in Lawns: How to Identify and Control Weeds","0","header|nav|footer","jsonld:1;types:Article;invalid:0;missing:jsonld_0_missing_@context","0","0","51","17","https://www.trugreen.com/lawn-care-101 | https://www.trugreen.com/lawn-care-101/blog?topic=Weed+Control | https://www.trugreen.com/lawn-care-101/blog?type=Blog | https://www.trugreen.com/lawn-care-101/blog/weed-control/control-wild-violets | https://www.trugreen.com/lawn-care-101/blog/weed-control/how-control-clover-lawn | https://www.trugreen.com/lawn-care-101/learning-center | https://www.trugreen.com/my-account/account-settings | https://www.trugreen.com/my-account/account-summary | https://www.trugreen.com/my-account/my-documents | https://www.trugreen.com/my-account/my-services | https://www.trugreen.com/my-account/payments | https://www.trugreen.com/newsroom | https://www.trugreen.com/pay-your-bill | https://www.trugreen.com/pests-products-and-services | https://www.trugreen.com/pga-tour | https://www.trugreen.com/products-and-services | https://www.trugreen.com/why-choose-trugreen/testimonials-and-ratings","","missing-main|internal-links-missing-from-sitemap",""
"chromium","2026-08-28T21:08:04.938Z","prod-release-2-7-2026-08-28","1-500","","https://www.trugreen.com/lawn-care-101/blog/lawn-care-tips/complete-guide-to-overseeding-your-lawn","https://www.trugreen.com/lawn-care-101/blog/lawn-care-tips/steps-prepare-your-lawn-overseeding-and-how-care-it-after","200","301:https://www.trugreen.com/lawn-care-101/blog/lawn-care-tips/complete-guide-to-overseeding-your-lawn -> 301:https://www.trugreen.com/lawn-care-101/blog/lawn-care-tips/everything-you-need-to-know-about-overseeding -> 200:https://www.trugreen.com/lawn-care-101/blog/lawn-care-tips/steps-prepare-your-lawn-overseeding-and-how-care-it-after","Preparing Lawn for Overseeding | TruGreen","Preparing Lawn for Overseeding | TruGreen","https://www.trugreen.com/lawn-care-101/blog/lawn-care-tips/steps-prepare-your-lawn-overseeding-and-how-care-it-after","1","https://www.trugreen.com/lawn-care-101/blog/lawn-care-tips/steps-prepare-your-lawn-overseeding-and-how-care-it-after","1","","200","https://www.trugreen.com/lawn-care-101/blog/lawn-care-tips/steps-prepare-your-lawn-overseeding-and-how-care-it-after","","","","0","1","Preparing Lawn for Overseeding: The Complete Homeowner’s Guide","0","header|nav|footer","jsonld:1;types:Article;invalid:0;missing:jsonld_0_missing_@context","0","0","52","18","https://www.trugreen.com/lawn-care-101 | https://www.trugreen.com/lawn-care-101/blog?topic=Lawn+Care | https://www.trugreen.com/lawn-care-101/blog?type=Blog | https://www.trugreen.com/lawn-care-101/blog/lawn-care/lawn-care-myths | https://www.trugreen.com/lawn-care-101/blog/lawn-care/lawn-care-vs-landscaping | https://www.trugreen.com/lawn-care-101/blog/lawn-care/lawn-mowing-spread-weeds | https://www.trugreen.com/lawn-care-101/learning-center | https://www.trugreen.com/my-account/account-settings | https://www.trugreen.com/my-account/account-summary | https://www.trugreen.com/my-account/my-documents | https://www.trugreen.com/my-account/my-services | https://www.trugreen.com/my-account/payments | https://www.trugreen.com/newsroom | https://www.trugreen.com/pay-your-bill | https://www.trugreen.com/pests-products-and-services | https://www.trugreen.com/pga-tour | https://www.trugreen.com/products-and-services | https://www.trugreen.com/why-choose-trugreen/testimonials-and-ratings","","missing-main|internal-links-missing-from-sitemap|duplicate-title",""
"chromium","2026-08-28T21:08:04.938Z","prod-release-2-7-2026-08-28","1-500","","https://www.trugreen.com/lawn-care-101/blog/lawn-care-tips/crabgrass-crabgrass-control-trugreen","https://www.trugreen.com/lawn-care-101/blog/lawn-care-tips/keep-summer-crabgrass-under-control","200","301:https://www.trugreen.com/lawn-care-101/blog/lawn-care-tips/crabgrass-crabgrass-control-trugreen -> 200:https://www.trugreen.com/lawn-care-101/blog/lawn-care-tips/keep-summer-crabgrass-under-control","Summer Crabgrass | TruGreen","Summer Crabgrass | TruGreen","https://www.trugreen.com/lawn-care-101/blog/lawn-care-tips/keep-summer-crabgrass-under-control","1","https://www.trugreen.com/lawn-care-101/blog/lawn-care-tips/keep-summer-crabgrass-under-control","1","","200","https://www.trugreen.com/lawn-care-101/blog/lawn-care-tips/keep-summer-crabgrass-under-control","","","","0","1","Keep Summer Crabgrass Under Control","0","header|nav|footer","jsonld:1;types:Article;invalid:0;missing:jsonld_0_missing_@context","0","0","56","18","https://www.trugreen.com/Blog/Lawn-Care-Tips/complete-guide-to-summer-lawn-care | https://www.trugreen.com/lawn-care-101 | https://www.trugreen.com/lawn-care-101/blog?topic=Weed+Control | https://www.trugreen.com/lawn-care-101/blog?type=Blog | https://www.trugreen.com/lawn-care-101/blog/weed-control/control-wild-violets | https://www.trugreen.com/lawn-care-101/blog/weed-control/how-control-clover-lawn | https://www.trugreen.com/lawn-care-101/learning-center | https://www.trugreen.com/my-account/account-settings | https://www.trugreen.com/my-account/account-summary | https://www.trugreen.com/my-account/my-documents | https://www.trugreen.com/my-account/my-services | https://www.trugreen.com/my-account/payments | https://www.trugreen.com/newsroom | https://www.trugreen.com/pay-your-bill | https://www.trugreen.com/pests-products-and-services | https://www.trugreen.com/pga-tour | https://www.trugreen.com/products-and-services | https://www.trugreen.com/why-choose-trugreen/testimonials-and-ratings","","missing-main|internal-links-missing-from-sitemap|duplicate-title",""
"chromium","2026-08-28T21:08:04.938Z","prod-release-2-7-2026-08-28","1-500","","https://www.trugreen.com/lawn-care-101/blog/lawn-care-tips/custom-greenery-inc-trugreen","https://www.trugreen.com/lawn-care-101/blog","200","301:https://www.trugreen.com/lawn-care-101/blog/lawn-care-tips/custom-greenery-inc-trugreen -> 200:https://www.trugreen.com/lawn-care-101/blog","TruGreen Blog | TruGreen","TruGreen Blog | TruGreen","https://www.trugreen.com/lawn-care-101/blog","1","https://www.trugreen.com/lawn-care-101/blog","1","","200","https://www.trugreen.com/lawn-care-101/blog","","","","0","1","Looking for advice?Turn to the experts.","0","main|header|footer","jsonld:1;types:Blog|BreadcrumbList|CollectionPage;invalid:0;missing:","0","0","86","22","https://www.trugreen.com/lawn-care-101 | https://www.trugreen.com/lawn-care-101/blog/beyond-lawn/hosting-backyard-party | https://www.trugreen.com/lawn-care-101/blog/consistent-lawn-care | https://www.trugreen.com/lawn-care-101/blog/lawn-care/lawn-care-myths | https://www.trugreen.com/lawn-care-101/blog/lawn-care/lawn-care-vs-landscaping | https://www.trugreen.com/lawn-care-101/blog/lawn-care/lawn-mowing-spread-weeds | https://www.trugreen.com/lawn-care-101/blog/lawn-care/what-lawn-need-thrive | https://www.trugreen.com/lawn-care-101/blog/lawn-care/what-my-lawn-need | https://www.trugreen.com/lawn-care-101/blog/lawn-care/when-aerate-and-overseed-northeast | https://www.trugreen.com/lawn-care-101/blog/lawn-damage/lawn-care-signs-stress | https://www.trugreen.com/lawn-care-101/blog/pest-control/how-control-fleas-yard | https://www.trugreen.com/lawn-care-101/blog/tree-shrub-care/tree-disease-treatment | https://www.trugreen.com/lawn-care-101/blog/weed-control/control-wild-violets | https://www.trugreen.com/lawn-care-101/blog/weed-control/how-control-clover-lawn | https://www.trugreen.com/lawn-care-101/blog/weed-control/weeds-from-coming-back | https://www.trugreen.com/lawn-care-101/learning-center | https://www.trugreen.com/newsroom | https://www.trugreen.com/pay-your-bill | https://www.trugreen.com/pests-products-and-services | https://www.trugreen.com/pga-tour | https://www.trugreen.com/products-and-services | https://www.trugreen.com/why-choose-trugreen/testimonials-and-ratings","","internal-links-missing-from-sitemap|duplicate-title",""
"chromium","2026-08-28T21:08:04.938Z","prod-release-2-7-2026-08-28","1-500","","https://www.trugreen.com/lawn-care-101/blog/lawn-care-tips/customized-turf-services-trugreen","https://www.trugreen.com/lawn-care-101/blog","200","301:https://www.trugreen.com/lawn-care-101/blog/lawn-care-tips/customized-turf-services-trugreen -> 200:https://www.trugreen.com/lawn-care-101/blog","TruGreen Blog | TruGreen","TruGreen Blog | TruGreen","https://www.trugreen.com/lawn-care-101/blog","1","https://www.trugreen.com/lawn-care-101/blog","1","","200","https://www.trugreen.com/lawn-care-101/blog","","","","0","1","Looking for advice?Turn to the experts.","0","main|header|footer","jsonld:1;types:Blog|BreadcrumbList|CollectionPage;invalid:0;missing:","0","0","86","22","https://www.trugreen.com/lawn-care-101 | https://www.trugreen.com/lawn-care-101/blog/beyond-lawn/hosting-backyard-party | https://www.trugreen.com/lawn-care-101/blog/consistent-lawn-care | https://www.trugreen.com/lawn-care-101/blog/lawn-care/lawn-care-myths | https://www.trugreen.com/lawn-care-101/blog/lawn-care/lawn-care-vs-landscaping | https://www.trugreen.com/lawn-care-101/blog/lawn-care/lawn-mowing-spread-weeds | https://www.trugreen.com/lawn-care-101/blog/lawn-care/what-lawn-need-thrive | https://www.trugreen.com/lawn-care-101/blog/lawn-care/what-my-lawn-need | https://www.trugreen.com/lawn-care-101/blog/lawn-care/when-aerate-and-overseed-northeast | https://www.trugreen.com/lawn-care-101/blog/lawn-damage/lawn-care-signs-stress | https://www.trugreen.com/lawn-care-101/blog/pest-control/how-control-fleas-yard | https://www.trugreen.com/lawn-care-101/blog/tree-shrub-care/tree-disease-treatment | https://www.trugreen.com/lawn-care-101/blog/weed-control/control-wild-violets | https://www.trugreen.com/lawn-care-101/blog/weed-control/how-control-clover-lawn | https://www.trugreen.com/lawn-care-101/blog/weed-control/weeds-from-coming-back | https://www.trugreen.com/lawn-care-101/learning-center | https://www.trugreen.com/newsroom | https://www.trugreen.com/pay-your-bill | https://www.trugreen.com/pests-products-and-services | https://www.trugreen.com/pga-tour | https://www.trugreen.com/products-and-services | https://www.trugreen.com/why-choose-trugreen/testimonials-and-ratings","","internal-links-missing-from-sitemap|duplicate-title",""
"chromium","2026-08-28T21:08:04.938Z","prod-release-2-7-2026-08-28","1-500","","https://www.trugreen.com/lawn-care-101/blog/lawn-care-tips/ditching-diy-what-do-your-extra-lawn-care-equipment","https://www.trugreen.com/lawn-care-101/blog/lawn-care-tips/ditching-diy-what-do-your-extra-lawn-care-equipment","200","200:https://www.trugreen.com/lawn-care-101/blog/lawn-care-tips/ditching-diy-what-do-your-extra-lawn-care-equipment","Ditching DIY | TruGreen","Ditching DIY | TruGreen","https://www.trugreen.com/lawn-care-101/blog/lawn-care-tips/ditching-diy-what-do-your-extra-lawn-care-equipment","1","https://www.trugreen.com/lawn-care-101/blog/lawn-care-tips/ditching-diy-what-do-your-extra-lawn-care-equipment","1","","200","https://www.trugreen.com/lawn-care-101/blog/lawn-care-tips/ditching-diy-what-do-your-extra-lawn-care-equipment","","","","0","1","Ditching DIY: What to Do with Your Extra Lawn Care Equipment","0","header|footer","jsonld:1;types:Article;invalid:0;missing:jsonld_0_missing_@context","0","0","46","10","https://www.trugreen.com/lawn-care-101 | https://www.trugreen.com/lawn-care-101/blog?topic=DIY | https://www.trugreen.com/lawn-care-101/blog?type=Blog | https://www.trugreen.com/lawn-care-101/learning-center | https://www.trugreen.com/newsroom | https://www.trugreen.com/pay-your-bill | https://www.trugreen.com/pests-products-and-services | https://www.trugreen.com/pga-tour | https://www.trugreen.com/products-and-services | https://www.trugreen.com/why-choose-trugreen/testimonials-and-ratings","","missing-main|internal-links-missing-from-sitemap",""
"chromium","2026-08-28T21:08:04.938Z","prod-release-2-7-2026-08-28","1-500","","https://www.trugreen.com/lawn-care-101/blog/lawn-care-tips/diy-lawn-care-essential-tips-beginners","https://www.trugreen.com/lawn-care-101/blog/lawn-care-tips/diy-lawn-care-essential-tips-beginners","200","200:https://www.trugreen.com/lawn-care-101/blog/lawn-care-tips/diy-lawn-care-essential-tips-beginners","DIY Lawn Care | TruGreen","DIY Lawn Care | TruGreen","https://www.trugreen.com/lawn-care-101/blog/lawn-care-tips/diy-lawn-care-essential-tips-beginners","1","https://www.trugreen.com/lawn-care-101/blog/lawn-care-tips/diy-lawn-care-essential-tips-beginners","1","","200","https://www.trugreen.com/lawn-care-101/blog/lawn-care-tips/diy-lawn-care-essential-tips-beginners","","","","0","1","DIY Lawn Care: Essential Tips for Beginners","0","header|footer","jsonld:1;types:Article;invalid:0;missing:jsonld_0_missing_@context","0","0","54","10","https://www.trugreen.com/lawn-care-101 | https://www.trugreen.com/lawn-care-101/blog?topic=DIY | https://www.trugreen.com/lawn-care-101/blog?type=Blog | https://www.trugreen.com/lawn-care-101/learning-center | https://www.trugreen.com/newsroom | https://www.trugreen.com/pay-your-bill | https://www.trugreen.com/pests-products-and-services | https://www.trugreen.com/pga-tour | https://www.trugreen.com/products-and-services | https://www.trugreen.com/why-choose-trugreen/testimonials-and-ratings","","missing-main|internal-links-missing-from-sitemap",""
"chromium","2026-08-28T21:08:04.938Z","prod-release-2-7-2026-08-28","1-500","","https://www.trugreen.com/lawn-care-101/blog/lawn-care-tips/does-my-lawn-have-some-sort-of-lawn-fungus","https://www.trugreen.com/lawn-care-101/lawn-care-guides/complete-lawn-fungus-guide","200","301:https://www.trugreen.com/lawn-care-101/blog/lawn-care-tips/does-my-lawn-have-some-sort-of-lawn-fungus -> 200:https://www.trugreen.com/lawn-care-101/lawn-care-guides/complete-lawn-fungus-guide","Fungus Control Guide for Lawns | TruGreen","Fungus Control Guide for Lawns | TruGreen","https://www.trugreen.com/lawn-care-101/lawn-care-guides/complete-lawn-fungus-guide","1","https://www.trugreen.com/lawn-care-101/lawn-care-guides/complete-lawn-fungus-guide","1","","","https://www.trugreen.com/lawn-care-101/lawn-care-guides/complete-lawn-fungus-guide","","","","0","1","Complete Lawn Fungus and Lawn Disease Guide","0","header|nav|footer","jsonld:1;types:LawnCareGuide;invalid:0;missing:jsonld_0_missing_@context","0","0","46","15","https://www.trugreen.com/chat/organic-promo | https://www.trugreen.com/lawn-care-101 | https://www.trugreen.com/lawn-care-101/learning-center | https://www.trugreen.com/my-account/account-settings | https://www.trugreen.com/my-account/account-summary | https://www.trugreen.com/my-account/my-documents | https://www.trugreen.com/my-account/my-services | https://www.trugreen.com/my-account/payments | https://www.trugreen.com/newsroom | https://www.trugreen.com/pay-your-bill | https://www.trugreen.com/pests-products-and-services | https://www.trugreen.com/pga-tour | https://www.trugreen.com/products-and-services | https://www.trugreen.com/products-and-services/tree-and-shrub-service | https://www.trugreen.com/why-choose-trugreen/testimonials-and-ratings","","missing-main|internal-links-missing-from-sitemap|duplicate-title|canonical-target-invalid",""
"chromium","2026-08-28T21:08:04.938Z","prod-release-2-7-2026-08-28","1-500","","https://www.trugreen.com/lawn-care-101/blog/lawn-care-tips/does-your-lawn-need-breather-importance-and-benefits-aeration","https://www.trugreen.com/lawn-care-101/blog/aeration-service/everything-you-need-to-know-about-aeration","200","301:https://www.trugreen.com/lawn-care-101/blog/lawn-care-tips/does-your-lawn-need-breather-importance-and-benefits-aeration -> 200:https://www.trugreen.com/lawn-care-101/blog/aeration-service/everything-you-need-to-know-about-aeration","What is an Aeration Service | TruGreen","What is an Aeration Service | TruGreen","https://www.trugreen.com/lawn-care-101/blog/aeration-service/everything-you-need-to-know-about-aeration","1","https://www.trugreen.com/lawn-care-101/blog/aeration-service/everything-you-need-to-know-about-aeration","1","","200","https://www.trugreen.com/lawn-care-101/blog/aeration-service/everything-you-need-to-know-about-aeration","","","","0","1","What is Aeration? Understanding Lawn Aeration for a Healthier Lawn","0","header|nav|footer","jsonld:1;types:Article;invalid:0;missing:jsonld_0_missing_@context","0","0","51","18","https://www.trugreen.com/lawn-care-101 | https://www.trugreen.com/lawn-care-101/blog?topic=Lawn+Care | https://www.trugreen.com/lawn-care-101/blog?type=Blog | https://www.trugreen.com/lawn-care-101/blog/lawn-care/lawn-care-myths | https://www.trugreen.com/lawn-care-101/blog/lawn-care/lawn-care-vs-landscaping | https://www.trugreen.com/lawn-care-101/blog/lawn-care/lawn-mowing-spread-weeds | https://www.trugreen.com/lawn-care-101/learning-center | https://www.trugreen.com/my-account/account-settings | https://www.trugreen.com/my-account/account-summary | https://www.trugreen.com/my-account/my-documents | https://www.trugreen.com/my-account/my-services | https://www.trugreen.com/my-account/payments | https://www.trugreen.com/newsroom | https://www.trugreen.com/pay-your-bill | https://www.trugreen.com/pests-products-and-services | https://www.trugreen.com/pga-tour | https://www.trugreen.com/products-and-services | https://www.trugreen.com/why-choose-trugreen/testimonials-and-ratings","","missing-main|internal-links-missing-from-sitemap|duplicate-title",""
"chromium","2026-08-28T21:08:04.938Z","prod-release-2-7-2026-08-28","1-500","","https://www.trugreen.com/lawn-care-101/blog/lawn-care-tips/drought-resistant-grass","https://www.trugreen.com/lawn-care-101/blog/lawn-care-tips/drought-resistant-grass","200","200:https://www.trugreen.com/lawn-care-101/blog/lawn-care-tips/drought-resistant-grass","6 Drought-Tolerant Grass Species | TruGreen","6 Drought-Tolerant Grass Species | TruGreen","https://www.trugreen.com/lawn-care-101/blog/lawn-care-tips/drought-resistant-grass","1","https://www.trugreen.com/lawn-care-101/blog/lawn-care-tips/drought-resistant-grass","1","","200","https://www.trugreen.com/lawn-care-101/blog/lawn-care-tips/drought-resistant-grass","","","","0","1","6 Drought-Tolerant Grass Species for Drier Climates","0","header|nav|footer","jsonld:1;types:Article;invalid:0;missing:jsonld_0_missing_@context","0","0","56","18","https://www.trugreen.com/lawn-care-101 | https://www.trugreen.com/lawn-care-101/blog?topic=Lawn+Care | https://www.trugreen.com/lawn-care-101/blog?type=Blog | https://www.trugreen.com/lawn-care-101/blog/lawn-care/lawn-care-myths | https://www.trugreen.com/lawn-care-101/blog/lawn-care/lawn-care-vs-landscaping | https://www.trugreen.com/lawn-care-101/blog/lawn-care/lawn-mowing-spread-weeds | https://www.trugreen.com/lawn-care-101/learning-center | https://www.trugreen.com/my-account/account-settings | https://www.trugreen.com/my-account/account-summary | https://www.trugreen.com/my-account/my-documents | https://www.trugreen.com/my-account/my-services | https://www.trugreen.com/my-account/payments | https://www.trugreen.com/newsroom | https://www.trugreen.com/pay-your-bill | https://www.trugreen.com/pests-products-and-services | https://www.trugreen.com/pga-tour | https://www.trugreen.com/products-and-services | https://www.trugreen.com/why-choose-trugreen/testimonials-and-ratings","","missing-main|internal-links-missing-from-sitemap",""
"chromium","2026-08-28T21:08:04.938Z","prod-release-2-7-2026-08-28","1-500","","https://www.trugreen.com/lawn-care-101/blog/lawn-care-tips/embracing-innovation-enhance-your-outdoor-living-space","https://www.trugreen.com/lawn-care-101/blog","200","301:https://www.trugreen.com/lawn-care-101/blog/lawn-care-tips/embracing-innovation-enhance-your-outdoor-living-space -> 200:https://www.trugreen.com/lawn-care-101/blog","TruGreen Blog | TruGreen","TruGreen Blog | TruGreen","https://www.trugreen.com/lawn-care-101/blog","1","https://www.trugreen.com/lawn-care-101/blog","1","","200","https://www.trugreen.com/lawn-care-101/blog","","","","0","1","Looking for advice?Turn to the experts.","0","main|header|footer","jsonld:1;types:Blog|BreadcrumbList|CollectionPage;invalid:0;missing:","0","0","86","22","https://www.trugreen.com/lawn-care-101 | https://www.trugreen.com/lawn-care-101/blog/beyond-lawn/hosting-backyard-party | https://www.trugreen.com/lawn-care-101/blog/consistent-lawn-care | https://www.trugreen.com/lawn-care-101/blog/lawn-care/lawn-care-myths | https://www.trugreen.com/lawn-care-101/blog/lawn-care/lawn-care-vs-landscaping | https://www.trugreen.com/lawn-care-101/blog/lawn-care/lawn-mowing-spread-weeds | https://www.trugreen.com/lawn-care-101/blog/lawn-care/what-lawn-need-thrive | https://www.trugreen.com/lawn-care-101/blog/lawn-care/what-my-lawn-need | https://www.trugreen.com/lawn-care-101/blog/lawn-care/when-aerate-and-overseed-northeast | https://www.trugreen.com/lawn-care-101/blog/lawn-damage/lawn-care-signs-stress | https://www.trugreen.com/lawn-care-101/blog/pest-control/how-control-fleas-yard | https://www.trugreen.com/lawn-care-101/blog/tree-shrub-care/tree-disease-treatment | https://www.trugreen.com/lawn-care-101/blog/weed-control/control-wild-violets | https://www.trugreen.com/lawn-care-101/blog/weed-control/how-control-clover-lawn | https://www.trugreen.com/lawn-care-101/blog/weed-control/weeds-from-coming-back | https://www.trugreen.com/lawn-care-101/learning-center | https://www.trugreen.com/newsroom | https://www.trugreen.com/pay-your-bill | https://www.trugreen.com/pests-products-and-services | https://www.trugreen.com/pga-tour | https://www.trugreen.com/products-and-services | https://www.trugreen.com/why-choose-trugreen/testimonials-and-ratings","","internal-links-missing-from-sitemap|duplicate-title",""
"chromium","2026-08-28T21:08:04.938Z","prod-release-2-7-2026-08-28","1-500","","https://www.trugreen.com/lawn-care-101/blog/lawn-care-tips/everything-you-need-to-know-about-lawn-drought","https://www.trugreen.com/lawn-care-101/blog/lawn-care-tips/everything-you-need-to-know-about-lawn-drought","200","200:https://www.trugreen.com/lawn-care-101/blog/lawn-care-tips/everything-you-need-to-know-about-lawn-drought","Drought-Stressed Lawn | TruGreen","Drought-Stressed Lawn | TruGreen","https://www.trugreen.com/lawn-care-101/blog/lawn-care-tips/how-care-your-lawn-during-drought","1","https://www.trugreen.com/lawn-care-101/blog/lawn-care-tips/how-care-your-lawn-during-drought","1","","200","https://www.trugreen.com/lawn-care-101/blog/lawn-care-tips/how-care-your-lawn-during-drought","","","","0","1","Drought-Stressed Lawn: How to Prevent and Revive Your Grass","0","header|nav|footer","jsonld:1;types:Article;invalid:0;missing:jsonld_0_missing_@context","0","0","48","11","https://www.trugreen.com/lawn-care-101 | https://www.trugreen.com/lawn-care-101/blog?topic=Lawn+Care | https://www.trugreen.com/lawn-care-101/blog?type=Blog | https://www.trugreen.com/lawn-care-101/learning-center | https://www.trugreen.com/my-account/account-summary | https://www.trugreen.com/newsroom | https://www.trugreen.com/pay-your-bill | https://www.trugreen.com/pests-products-and-services | https://www.trugreen.com/pga-tour | https://www.trugreen.com/products-and-services | https://www.trugreen.com/why-choose-trugreen/testimonials-and-ratings","","missing-main|internal-links-missing-from-sitemap|duplicate-title",""
"chromium","2026-08-28T21:08:04.938Z","prod-release-2-7-2026-08-28","1-500","","https://www.trugreen.com/lawn-care-101/blog/lawn-care-tips/everything-you-need-to-know-about-lawn-drought11","https://www.trugreen.com/lawn-care-101/blog/lawn-care-tips/everything-you-need-to-know-about-lawn-drought11","200","200:https://www.trugreen.com/lawn-care-101/blog/lawn-care-tips/everything-you-need-to-know-about-lawn-drought11","Drought-Stressed Lawn | TruGreen","Drought-Stressed Lawn | TruGreen","https://www.trugreen.com/lawn-care-101/blog/lawn-care-tips/how-care-your-lawn-during-drought","1","https://www.trugreen.com/lawn-care-101/blog/lawn-care-tips/how-care-your-lawn-during-drought","1","","200","https://www.trugreen.com/lawn-care-101/blog/lawn-care-tips/how-care-your-lawn-during-drought","","","","0","1","Drought-Stressed Lawn: How to Prevent and Revive Your Grass","0","header|nav|footer","jsonld:1;types:Article;invalid:0;missing:jsonld_0_missing_@context","0","0","48","11","https://www.trugreen.com/lawn-care-101 | https://www.trugreen.com/lawn-care-101/blog?topic=Lawn+Care | https://www.trugreen.com/lawn-care-101/blog?type=Blog | https://www.trugreen.com/lawn-care-101/learning-center | https://www.trugreen.com/my-account/account-summary | https://www.trugreen.com/newsroom | https://www.trugreen.com/pay-your-bill | https://www.trugreen.com/pests-products-and-services | https://www.trugreen.com/pga-tour | https://www.trugreen.com/products-and-services | https://www.trugreen.com/why-choose-trugreen/testimonials-and-ratings","","missing-main|internal-links-missing-from-sitemap|duplicate-title",""
"chromium","2026-08-28T21:08:04.938Z","prod-release-2-7-2026-08-28","1-500","","https://www.trugreen.com/lawn-care-101/blog/lawn-care-tips/everything-you-need-to-know-about-lawn-drought12222","https://www.trugreen.com/lawn-care-101/blog/lawn-care-tips/everything-you-need-to-know-about-lawn-drought12222","200","200:https://www.trugreen.com/lawn-care-101/blog/lawn-care-tips/everything-you-need-to-know-about-lawn-drought12222","Drought-Stressed Lawn | TruGreen","Drought-Stressed Lawn | TruGreen","https://www.trugreen.com/lawn-care-101/blog/lawn-care-tips/how-care-your-lawn-during-drought","1","https://www.trugreen.com/lawn-care-101/blog/lawn-care-tips/how-care-your-lawn-during-drought","1","","200","https://www.trugreen.com/lawn-care-101/blog/lawn-care-tips/how-care-your-lawn-during-drought","","","","0","1","Drought-Stressed Lawn: How to Prevent and Revive Your Grass","0","header|nav|footer","jsonld:1;types:Article;invalid:0;missing:jsonld_0_missing_@context","0","0","48","11","https://www.trugreen.com/lawn-care-101 | https://www.trugreen.com/lawn-care-101/blog?topic=Lawn+Care | https://www.trugreen.com/lawn-care-101/blog?type=Blog | https://www.trugreen.com/lawn-care-101/learning-center | https://www.trugreen.com/my-account/account-summary | https://www.trugreen.com/newsroom | https://www.trugreen.com/pay-your-bill | https://www.trugreen.com/pests-products-and-services | https://www.trugreen.com/pga-tour | https://www.trugreen.com/products-and-services | https://www.trugreen.com/why-choose-trugreen/testimonials-and-ratings","","missing-main|internal-links-missing-from-sitemap|duplicate-title",""
"chromium","2026-08-28T21:08:04.938Z","prod-release-2-7-2026-08-28","1-500","","https://www.trugreen.com/lawn-care-101/blog/lawn-care-tips/everything-you-need-to-know-about-overseeding","https://www.trugreen.com/lawn-care-101/blog/lawn-care-tips/steps-prepare-your-lawn-overseeding-and-how-care-it-after","200","301:https://www.trugreen.com/lawn-care-101/blog/lawn-care-tips/everything-you-need-to-know-about-overseeding -> 200:https://www.trugreen.com/lawn-care-101/blog/lawn-care-tips/steps-prepare-your-lawn-overseeding-and-how-care-it-after","Preparing Lawn for Overseeding | TruGreen","Preparing Lawn for Overseeding | TruGreen","https://www.trugreen.com/lawn-care-101/blog/lawn-care-tips/steps-prepare-your-lawn-overseeding-and-how-care-it-after","1","https://www.trugreen.com/lawn-care-101/blog/lawn-care-tips/steps-prepare-your-lawn-overseeding-and-how-care-it-after","1","","200","https://www.trugreen.com/lawn-care-101/blog/lawn-care-tips/steps-prepare-your-lawn-overseeding-and-how-care-it-after","","","","0","1","Preparing Lawn for Overseeding: The Complete Homeowner’s Guide","0","header|nav|footer","jsonld:1;types:Article;invalid:0;missing:jsonld_0_missing_@context","0","0","52","18","https://www.trugreen.com/lawn-care-101 | https://www.trugreen.com/lawn-care-101/blog?topic=Lawn+Care | https://www.trugreen.com/lawn-care-101/blog?type=Blog | https://www.trugreen.com/lawn-care-101/blog/lawn-care/lawn-care-myths | https://www.trugreen.com/lawn-care-101/blog/lawn-care/lawn-care-vs-landscaping | https://www.trugreen.com/lawn-care-101/blog/lawn-care/lawn-mowing-spread-weeds | https://www.trugreen.com/lawn-care-101/learning-center | https://www.trugreen.com/my-account/account-settings | https://www.trugreen.com/my-account/account-summary | https://www.trugreen.com/my-account/my-documents | https://www.trugreen.com/my-account/my-services | https://www.trugreen.com/my-account/payments | https://www.trugreen.com/newsroom | https://www.trugreen.com/pay-your-bill | https://www.trugreen.com/pests-products-and-services | https://www.trugreen.com/pga-tour | https://www.trugreen.com/products-and-services | https://www.trugreen.com/why-choose-trugreen/testimonials-and-ratings","","missing-main|internal-links-missing-from-sitemap|duplicate-title",""
"chromium","2026-08-28T21:08:04.938Z","prod-release-2-7-2026-08-28","1-500","","https://www.trugreen.com/lawn-care-101/blog/lawn-care-tips/fall-in-love-with-lawn-maintenance-tips-and-tricks","https://www.trugreen.com/lawn-care-101/blog/lawn-care-tips/fall-in-love-with-lawn-maintenance-tips-and-tricks","200","200:https://www.trugreen.com/lawn-care-101/blog/lawn-care-tips/fall-in-love-with-lawn-maintenance-tips-and-tricks","Fall in Love with Lawn Maintenance | TruGreen","Fall in Love with Lawn Maintenance | TruGreen","https://www.trugreen.com/lawn-care-101/blog/lawn-care-tips/fall-in-love-with-lawn-maintenance-tips-and-tricks","1","https://www.trugreen.com/lawn-care-101/blog/lawn-care-tips/fall-in-love-with-lawn-maintenance-tips-and-tricks","1","","200","https://www.trugreen.com/lawn-care-101/blog/lawn-care-tips/fall-in-love-with-lawn-maintenance-tips-and-tricks","","","","0","1","Essential Fall Lawn Tips for a Healthier Yard Next Spring","0","header|footer","jsonld:1;types:Article;invalid:0;missing:jsonld_0_missing_@context","0","0","47","10","https://www.trugreen.com/lawn-care-101 | https://www.trugreen.com/lawn-care-101/blog?topic=Lawn+Care | https://www.trugreen.com/lawn-care-101/blog?type=Blog | https://www.trugreen.com/lawn-care-101/learning-center | https://www.trugreen.com/newsroom | https://www.trugreen.com/pay-your-bill | https://www.trugreen.com/pests-products-and-services | https://www.trugreen.com/pga-tour | https://www.trugreen.com/products-and-services | https://www.trugreen.com/why-choose-trugreen/testimonials-and-ratings","","missing-main|internal-links-missing-from-sitemap|duplicate-title",""
"chromium","2026-08-28T21:08:04.938Z","prod-release-2-7-2026-08-28","1-500","","https://www.trugreen.com/lawn-care-101/blog/lawn-care-tips/feed-lawn-trugreen","https://www.trugreen.com/lawn-care-101/blog","200","301:https://www.trugreen.com/lawn-care-101/blog/lawn-care-tips/feed-lawn-trugreen -> 200:https://www.trugreen.com/lawn-care-101/blog","TruGreen Blog | TruGreen","TruGreen Blog | TruGreen","https://www.trugreen.com/lawn-care-101/blog","1","https://www.trugreen.com/lawn-care-101/blog","1","","200","https://www.trugreen.com/lawn-care-101/blog","","","","0","1","Looking for advice?Turn to the experts.","0","main|header|footer","jsonld:1;types:Blog|BreadcrumbList|CollectionPage;invalid:0;missing:","0","0","86","22","https://www.trugreen.com/lawn-care-101 | https://www.trugreen.com/lawn-care-101/blog/beyond-lawn/hosting-backyard-party | https://www.trugreen.com/lawn-care-101/blog/consistent-lawn-care | https://www.trugreen.com/lawn-care-101/blog/lawn-care/lawn-care-myths | https://www.trugreen.com/lawn-care-101/blog/lawn-care/lawn-care-vs-landscaping | https://www.trugreen.com/lawn-care-101/blog/lawn-care/lawn-mowing-spread-weeds | https://www.trugreen.com/lawn-care-101/blog/lawn-care/what-lawn-need-thrive | https://www.trugreen.com/lawn-care-101/blog/lawn-care/what-my-lawn-need | https://www.trugreen.com/lawn-care-101/blog/lawn-care/when-aerate-and-overseed-northeast | https://www.trugreen.com/lawn-care-101/blog/lawn-damage/lawn-care-signs-stress | https://www.trugreen.com/lawn-care-101/blog/pest-control/how-control-fleas-yard | https://www.trugreen.com/lawn-care-101/blog/tree-shrub-care/tree-disease-treatment | https://www.trugreen.com/lawn-care-101/blog/weed-control/control-wild-violets | https://www.trugreen.com/lawn-care-101/blog/weed-control/how-control-clover-lawn | https://www.trugreen.com/lawn-care-101/blog/weed-control/weeds-from-coming-back | https://www.trugreen.com/lawn-care-101/learning-center | https://www.trugreen.com/newsroom | https://www.trugreen.com/pay-your-bill | https://www.trugreen.com/pests-products-and-services | https://www.trugreen.com/pga-tour | https://www.trugreen.com/products-and-services | https://www.trugreen.com/why-choose-trugreen/testimonials-and-ratings","","internal-links-missing-from-sitemap|duplicate-title",""
"chromium","2026-08-28T21:08:04.938Z","prod-release-2-7-2026-08-28","1-500","","https://www.trugreen.com/lawn-care-101/blog/lawn-care-tips/first-time-homeowner","https://www.trugreen.com/lawn-care-101/blog","200","301:https://www.trugreen.com/lawn-care-101/blog/lawn-care-tips/first-time-homeowner -> 200:https://www.trugreen.com/lawn-care-101/blog","TruGreen Blog | TruGreen","TruGreen Blog | TruGreen","https://www.trugreen.com/lawn-care-101/blog","1","https://www.trugreen.com/lawn-care-101/blog","1","","200","https://www.trugreen.com/lawn-care-101/blog","","","","0","1","Looking for advice?Turn to the experts.","0","main|header|footer","jsonld:1;types:Blog|BreadcrumbList|CollectionPage;invalid:0;missing:","0","0","86","22","https://www.trugreen.com/lawn-care-101 | https://www.trugreen.com/lawn-care-101/blog/beyond-lawn/hosting-backyard-party | https://www.trugreen.com/lawn-care-101/blog/consistent-lawn-care | https://www.trugreen.com/lawn-care-101/blog/lawn-care/lawn-care-myths | https://www.trugreen.com/lawn-care-101/blog/lawn-care/lawn-care-vs-landscaping | https://www.trugreen.com/lawn-care-101/blog/lawn-care/lawn-mowing-spread-weeds | https://www.trugreen.com/lawn-care-101/blog/lawn-care/what-lawn-need-thrive | https://www.trugreen.com/lawn-care-101/blog/lawn-care/what-my-lawn-need | https://www.trugreen.com/lawn-care-101/blog/lawn-care/when-aerate-and-overseed-northeast | https://www.trugreen.com/lawn-care-101/blog/lawn-damage/lawn-care-signs-stress | https://www.trugreen.com/lawn-care-101/blog/pest-control/how-control-fleas-yard | https://www.trugreen.com/lawn-care-101/blog/tree-shrub-care/tree-disease-treatment | https://www.trugreen.com/lawn-care-101/blog/weed-control/control-wild-violets | https://www.trugreen.com/lawn-care-101/blog/weed-control/how-control-clover-lawn | https://www.trugreen.com/lawn-care-101/blog/weed-control/weeds-from-coming-back | https://www.trugreen.com/lawn-care-101/learning-center | https://www.trugreen.com/newsroom | https://www.trugreen.com/pay-your-bill | https://www.trugreen.com/pests-products-and-services | https://www.trugreen.com/pga-tour | https://www.trugreen.com/products-and-services | https://www.trugreen.com/why-choose-trugreen/testimonials-and-ratings","","internal-links-missing-from-sitemap|duplicate-title",""
"chromium","2026-08-28T21:08:04.938Z","prod-release-2-7-2026-08-28","1-500","","https://www.trugreen.com/lawn-care-101/blog/lawn-care-tips/florida-lawn-care-guide","https://www.trugreen.com/lawn-care-101/blog/lawn-care-tips/florida-lawn-care-guide","200","200:https://www.trugreen.com/lawn-care-101/blog/lawn-care-tips/florida-lawn-care-guide","Florida Lawn Care | TruGreen","Florida Lawn Care | TruGreen","https://www.trugreen.com/lawn-care-101/blog/lawn-care-tips/florida-lawn-care-guide","1","https://www.trugreen.com/lawn-care-101/blog/lawn-care-tips/florida-lawn-care-guide","1","","200","https://www.trugreen.com/lawn-care-101/blog/lawn-care-tips/florida-lawn-care-guide","","","","0","1","The Ultimate Florida Lawn Care Guide","0","header|nav|footer","jsonld:1;types:Article;invalid:0;missing:jsonld_0_missing_@context","0","0","51","11","https://www.trugreen.com/lawn-care-101 | https://www.trugreen.com/lawn-care-101/blog?topic=Lawn+Care | https://www.trugreen.com/lawn-care-101/blog?type=Blog | https://www.trugreen.com/lawn-care-101/learning-center | https://www.trugreen.com/my-account/account-summary | https://www.trugreen.com/newsroom | https://www.trugreen.com/pay-your-bill | https://www.trugreen.com/pests-products-and-services | https://www.trugreen.com/pga-tour | https://www.trugreen.com/products-and-services | https://www.trugreen.com/why-choose-trugreen/testimonials-and-ratings","","missing-main|internal-links-missing-from-sitemap",""
"chromium","2026-08-28T21:08:04.938Z","prod-release-2-7-2026-08-28","1-500","","https://www.trugreen.com/lawn-care-101/blog/lawn-care-tips/four-pests-that-pose-a-threat-to-your-yard","https://www.trugreen.com/lawn-care-101/blog","200","301:https://www.trugreen.com/lawn-care-101/blog/lawn-care-tips/four-pests-that-pose-a-threat-to-your-yard -> 200:https://www.trugreen.com/lawn-care-101/blog","TruGreen Blog | TruGreen","TruGreen Blog | TruGreen","https://www.trugreen.com/lawn-care-101/blog","1","https://www.trugreen.com/lawn-care-101/blog","1","","200","https://www.trugreen.com/lawn-care-101/blog","","","","0","1","Looking for advice?Turn to the experts.","0","main|header|footer","jsonld:1;types:Blog|BreadcrumbList|CollectionPage;invalid:0;missing:","0","0","86","22","https://www.trugreen.com/lawn-care-101 | https://www.trugreen.com/lawn-care-101/blog/beyond-lawn/hosting-backyard-party | https://www.trugreen.com/lawn-care-101/blog/consistent-lawn-care | https://www.trugreen.com/lawn-care-101/blog/lawn-care/lawn-care-myths | https://www.trugreen.com/lawn-care-101/blog/lawn-care/lawn-care-vs-landscaping | https://www.trugreen.com/lawn-care-101/blog/lawn-care/lawn-mowing-spread-weeds | https://www.trugreen.com/lawn-care-101/blog/lawn-care/what-lawn-need-thrive | https://www.trugreen.com/lawn-care-101/blog/lawn-care/what-my-lawn-need | https://www.trugreen.com/lawn-care-101/blog/lawn-care/when-aerate-and-overseed-northeast | https://www.trugreen.com/lawn-care-101/blog/lawn-damage/lawn-care-signs-stress | https://www.trugreen.com/lawn-care-101/blog/pest-control/how-control-fleas-yard | https://www.trugreen.com/lawn-care-101/blog/tree-shrub-care/tree-disease-treatment | https://www.trugreen.com/lawn-care-101/blog/weed-control/control-wild-violets | https://www.trugreen.com/lawn-care-101/blog/weed-control/how-control-clover-lawn | https://www.trugreen.com/lawn-care-101/blog/weed-control/weeds-from-coming-back | https://www.trugreen.com/lawn-care-101/learning-center | https://www.trugreen.com/newsroom | https://www.trugreen.com/pay-your-bill | https://www.trugreen.com/pests-products-and-services | https://www.trugreen.com/pga-tour | https://www.trugreen.com/products-and-services | https://www.trugreen.com/why-choose-trugreen/testimonials-and-ratings","","internal-links-missing-from-sitemap|duplicate-title",""
"chromium","2026-08-28T21:08:04.938Z","prod-release-2-7-2026-08-28","1-500","","https://www.trugreen.com/lawn-care-101/blog/lawn-care-tips/friendsgiving","https://www.trugreen.com/lawn-care-101/blog/lawn-care-tips/friendsgiving","200","200:https://www.trugreen.com/lawn-care-101/blog/lawn-care-tips/friendsgiving","Outdoor Friendsgiving Ideas | TruGreen","Outdoor Friendsgiving Ideas | TruGreen","https://www.trugreen.com/lawn-care-101/blog/lawn-care-tips/friendsgiving","1","https://www.trugreen.com/lawn-care-101/blog/lawn-care-tips/friendsgiving","1","","200","https://www.trugreen.com/lawn-care-101/blog/lawn-care-tips/friendsgiving","","","","0","1","Top 5 Outdoor Friendsgiving Ideas","0","header|footer","jsonld:1;types:Article;invalid:0;missing:jsonld_0_missing_@context","0","0","48","10","https://www.trugreen.com/lawn-care-101 | https://www.trugreen.com/lawn-care-101/blog?topic=Beyond+the+Lawn | https://www.trugreen.com/lawn-care-101/blog?type=Blog | https://www.trugreen.com/lawn-care-101/learning-center | https://www.trugreen.com/newsroom | https://www.trugreen.com/pay-your-bill | https://www.trugreen.com/pests-products-and-services | https://www.trugreen.com/pga-tour | https://www.trugreen.com/products-and-services | https://www.trugreen.com/why-choose-trugreen/testimonials-and-ratings","","missing-main|internal-links-missing-from-sitemap",""
"chromium","2026-08-28T21:08:04.938Z","prod-release-2-7-2026-08-28","1-500","","https://www.trugreen.com/lawn-care-101/blog/lawn-care-tips/full-solutions-simplifying-science-behind-perfect-lawn","https://www.trugreen.com/lawn-care-101/blog/lawn-care-tips/ask-agronomists-lawncare-tips-experts","200","301:https://www.trugreen.com/lawn-care-101/blog/lawn-care-tips/full-solutions-simplifying-science-behind-perfect-lawn -> 200:https://www.trugreen.com/lawn-care-101/blog/lawn-care-tips/ask-agronomists-lawncare-tips-experts","Agronomists | TruGreen","Agronomists | TruGreen","https://www.trugreen.com/lawn-care-101/blog/lawn-care-tips/ask-agronomists-lawncare-tips-experts","1","https://www.trugreen.com/lawn-care-101/blog/lawn-care-tips/ask-agronomists-lawncare-tips-experts","1","","200","https://www.trugreen.com/lawn-care-101/blog/lawn-care-tips/ask-agronomists-lawncare-tips-experts","","","","0","1","Ask the Agronomists: Expert Lawn Care Tips from the Pros","0","header|nav|footer","jsonld:1;types:Article;invalid:0;missing:jsonld_0_missing_@context","0","0","48","11","https://www.trugreen.com/lawn-care-101 | https://www.trugreen.com/lawn-care-101/blog?topic=Lawn+Care | https://www.trugreen.com/lawn-care-101/blog?type=Blog | https://www.trugreen.com/lawn-care-101/learning-center | https://www.trugreen.com/my-account/account-summary | https://www.trugreen.com/newsroom | https://www.trugreen.com/pay-your-bill | https://www.trugreen.com/pests-products-and-services | https://www.trugreen.com/pga-tour | https://www.trugreen.com/products-and-services | https://www.trugreen.com/why-choose-trugreen/testimonials-and-ratings","","missing-main|internal-links-missing-from-sitemap|duplicate-title",""
"chromium","2026-08-28T21:08:04.938Z","prod-release-2-7-2026-08-28","1-500","","https://www.trugreen.com/lawn-care-101/blog/lawn-care-tips/get-fit-with-help-from-the-garden","https://www.trugreen.com/lawn-care-101/blog/lawn-care-tips/get-fit-with-help-from-the-garden","200","200:https://www.trugreen.com/lawn-care-101/blog/lawn-care-tips/get-fit-with-help-from-the-garden","Lawn Mowing Exercise | TruGreen","Lawn Mowing Exercise | TruGreen","https://www.trugreen.com/lawn-care-101/blog/lawn-care-tips/get-fit-with-help-from-the-garden","1","https://www.trugreen.com/lawn-care-101/blog/lawn-care-tips/get-fit-with-help-from-the-garden","1","","200","https://www.trugreen.com/lawn-care-101/blog/lawn-care-tips/get-fit-with-help-from-the-garden","","","","0","1","Lawn Mowing Exercise: How Yard Work Keeps You Fit and Burns Calories","0","header|nav|footer","jsonld:1;types:Article;invalid:0;missing:jsonld_0_missing_@context","0","0","47","11","https://www.trugreen.com/lawn-care-101 | https://www.trugreen.com/lawn-care-101/blog?topic=Beyond+the+Lawn | https://www.trugreen.com/lawn-care-101/blog?type=Blog | https://www.trugreen.com/lawn-care-101/learning-center | https://www.trugreen.com/my-account/account-summary | https://www.trugreen.com/newsroom | https://www.trugreen.com/pay-your-bill | https://www.trugreen.com/pests-products-and-services | https://www.trugreen.com/pga-tour | https://www.trugreen.com/products-and-services | https://www.trugreen.com/why-choose-trugreen/testimonials-and-ratings","","missing-main|internal-links-missing-from-sitemap",""
"chromium","2026-08-28T21:08:04.938Z","prod-release-2-7-2026-08-28","1-500","","https://www.trugreen.com/lawn-care-101/blog/lawn-care-tips/get-green-grass-wedding","https://www.trugreen.com/lawn-care-101/blog","200","301:https://www.trugreen.com/lawn-care-101/blog/lawn-care-tips/get-green-grass-wedding -> 200:https://www.trugreen.com/lawn-care-101/blog","TruGreen Blog | TruGreen","TruGreen Blog | TruGreen","https://www.trugreen.com/lawn-care-101/blog","1","https://www.trugreen.com/lawn-care-101/blog","1","","200","https://www.trugreen.com/lawn-care-101/blog","","","","0","1","Looking for advice?Turn to the experts.","0","main|header|footer","jsonld:1;types:Blog|BreadcrumbList|CollectionPage;invalid:0;missing:","0","0","86","22","https://www.trugreen.com/lawn-care-101 | https://www.trugreen.com/lawn-care-101/blog/beyond-lawn/hosting-backyard-party | https://www.trugreen.com/lawn-care-101/blog/consistent-lawn-care | https://www.trugreen.com/lawn-care-101/blog/lawn-care/lawn-care-myths | https://www.trugreen.com/lawn-care-101/blog/lawn-care/lawn-care-vs-landscaping | https://www.trugreen.com/lawn-care-101/blog/lawn-care/lawn-mowing-spread-weeds | https://www.trugreen.com/lawn-care-101/blog/lawn-care/what-lawn-need-thrive | https://www.trugreen.com/lawn-care-101/blog/lawn-care/what-my-lawn-need | https://www.trugreen.com/lawn-care-101/blog/lawn-care/when-aerate-and-overseed-northeast | https://www.trugreen.com/lawn-care-101/blog/lawn-damage/lawn-care-signs-stress | https://www.trugreen.com/lawn-care-101/blog/pest-control/how-control-fleas-yard | https://www.trugreen.com/lawn-care-101/blog/tree-shrub-care/tree-disease-treatment | https://www.trugreen.com/lawn-care-101/blog/weed-control/control-wild-violets | https://www.trugreen.com/lawn-care-101/blog/weed-control/how-control-clover-lawn | https://www.trugreen.com/lawn-care-101/blog/weed-control/weeds-from-coming-back | https://www.trugreen.com/lawn-care-101/learning-center | https://www.trugreen.com/newsroom | https://www.trugreen.com/pay-your-bill | https://www.trugreen.com/pests-products-and-services | https://www.trugreen.com/pga-tour | https://www.trugreen.com/products-and-services | https://www.trugreen.com/why-choose-trugreen/testimonials-and-ratings","","internal-links-missing-from-sitemap|duplicate-title",""
"chromium","2026-08-28T21:08:04.938Z","prod-release-2-7-2026-08-28","1-500","","https://www.trugreen.com/lawn-care-101/blog/lawn-care-tips/green-christmas","https://www.trugreen.com/lawn-care-101/blog","200","301:https://www.trugreen.com/lawn-care-101/blog/lawn-care-tips/green-christmas -> 200:https://www.trugreen.com/lawn-care-101/blog","TruGreen Blog | TruGreen","TruGreen Blog | TruGreen","https://www.trugreen.com/lawn-care-101/blog","1","https://www.trugreen.com/lawn-care-101/blog","1","","200","https://www.trugreen.com/lawn-care-101/blog","","","","0","1","Looking for advice?Turn to the experts.","0","main|header|footer","jsonld:1;types:Blog|BreadcrumbList|CollectionPage;invalid:0;missing:","0","0","86","22","https://www.trugreen.com/lawn-care-101 | https://www.trugreen.com/lawn-care-101/blog/beyond-lawn/hosting-backyard-party | https://www.trugreen.com/lawn-care-101/blog/consistent-lawn-care | https://www.trugreen.com/lawn-care-101/blog/lawn-care/lawn-care-myths | https://www.trugreen.com/lawn-care-101/blog/lawn-care/lawn-care-vs-landscaping | https://www.trugreen.com/lawn-care-101/blog/lawn-care/lawn-mowing-spread-weeds | https://www.trugreen.com/lawn-care-101/blog/lawn-care/what-lawn-need-thrive | https://www.trugreen.com/lawn-care-101/blog/lawn-care/what-my-lawn-need | https://www.trugreen.com/lawn-care-101/blog/lawn-care/when-aerate-and-overseed-northeast | https://www.trugreen.com/lawn-care-101/blog/lawn-damage/lawn-care-signs-stress | https://www.trugreen.com/lawn-care-101/blog/pest-control/how-control-fleas-yard | https://www.trugreen.com/lawn-care-101/blog/tree-shrub-care/tree-disease-treatment | https://www.trugreen.com/lawn-care-101/blog/weed-control/control-wild-violets | https://www.trugreen.com/lawn-care-101/blog/weed-control/how-control-clover-lawn | https://www.trugreen.com/lawn-care-101/blog/weed-control/weeds-from-coming-back | https://www.trugreen.com/lawn-care-101/learning-center | https://www.trugreen.com/newsroom | https://www.trugreen.com/pay-your-bill | https://www.trugreen.com/pests-products-and-services | https://www.trugreen.com/pga-tour | https://www.trugreen.com/products-and-services | https://www.trugreen.com/why-choose-trugreen/testimonials-and-ratings","","internal-links-missing-from-sitemap|duplicate-title",""
"chromium","2026-08-28T21:08:04.938Z","prod-release-2-7-2026-08-28","1-500","","https://www.trugreen.com/lawn-care-101/blog/lawn-care-tips/green-lawn-trugreen","https://www.trugreen.com/lawn-care-101/blog","200","301:https://www.trugreen.com/lawn-care-101/blog/lawn-care-tips/green-lawn-trugreen -> 200:https://www.trugreen.com/lawn-care-101/blog","TruGreen Blog | TruGreen","TruGreen Blog | TruGreen","https://www.trugreen.com/lawn-care-101/blog","1","https://www.trugreen.com/lawn-care-101/blog","1","","200","https://www.trugreen.com/lawn-care-101/blog","","","","0","1","Looking for advice?Turn to the experts.","0","main|header|footer","jsonld:1;types:Blog|BreadcrumbList|CollectionPage;invalid:0;missing:","0","0","86","22","https://www.trugreen.com/lawn-care-101 | https://www.trugreen.com/lawn-care-101/blog/beyond-lawn/hosting-backyard-party | https://www.trugreen.com/lawn-care-101/blog/consistent-lawn-care | https://www.trugreen.com/lawn-care-101/blog/lawn-care/lawn-care-myths | https://www.trugreen.com/lawn-care-101/blog/lawn-care/lawn-care-vs-landscaping | https://www.trugreen.com/lawn-care-101/blog/lawn-care/lawn-mowing-spread-weeds | https://www.trugreen.com/lawn-care-101/blog/lawn-care/what-lawn-need-thrive | https://www.trugreen.com/lawn-care-101/blog/lawn-care/what-my-lawn-need | https://www.trugreen.com/lawn-care-101/blog/lawn-care/when-aerate-and-overseed-northeast | https://www.trugreen.com/lawn-care-101/blog/lawn-damage/lawn-care-signs-stress | https://www.trugreen.com/lawn-care-101/blog/pest-control/how-control-fleas-yard | https://www.trugreen.com/lawn-care-101/blog/tree-shrub-care/tree-disease-treatment | https://www.trugreen.com/lawn-care-101/blog/weed-control/control-wild-violets | https://www.trugreen.com/lawn-care-101/blog/weed-control/how-control-clover-lawn | https://www.trugreen.com/lawn-care-101/blog/weed-control/weeds-from-coming-back | https://www.trugreen.com/lawn-care-101/learning-center | https://www.trugreen.com/newsroom | https://www.trugreen.com/pay-your-bill | https://www.trugreen.com/pests-products-and-services | https://www.trugreen.com/pga-tour | https://www.trugreen.com/products-and-services | https://www.trugreen.com/why-choose-trugreen/testimonials-and-ratings","","internal-links-missing-from-sitemap|duplicate-title",""
"chromium","2026-08-28T21:08:04.938Z","prod-release-2-7-2026-08-28","1-500","","https://www.trugreen.com/lawn-care-101/blog/lawn-care-tips/green-turf-care-trugreen","https://www.trugreen.com/lawn-care-101/blog","200","301:https://www.trugreen.com/lawn-care-101/blog/lawn-care-tips/green-turf-care-trugreen -> 200:https://www.trugreen.com/lawn-care-101/blog","TruGreen Blog | TruGreen","TruGreen Blog | TruGreen","https://www.trugreen.com/lawn-care-101/blog","1","https://www.trugreen.com/lawn-care-101/blog","1","","200","https://www.trugreen.com/lawn-care-101/blog","","","","0","1","Looking for advice?Turn to the experts.","0","main|header|footer","jsonld:1;types:Blog|BreadcrumbList|CollectionPage;invalid:0;missing:","0","0","86","22","https://www.trugreen.com/lawn-care-101 | https://www.trugreen.com/lawn-care-101/blog/beyond-lawn/hosting-backyard-party | https://www.trugreen.com/lawn-care-101/blog/consistent-lawn-care | https://www.trugreen.com/lawn-care-101/blog/lawn-care/lawn-care-myths | https://www.trugreen.com/lawn-care-101/blog/lawn-care/lawn-care-vs-landscaping | https://www.trugreen.com/lawn-care-101/blog/lawn-care/lawn-mowing-spread-weeds | https://www.trugreen.com/lawn-care-101/blog/lawn-care/what-lawn-need-thrive | https://www.trugreen.com/lawn-care-101/blog/lawn-care/what-my-lawn-need | https://www.trugreen.com/lawn-care-101/blog/lawn-care/when-aerate-and-overseed-northeast | https://www.trugreen.com/lawn-care-101/blog/lawn-damage/lawn-care-signs-stress | https://www.trugreen.com/lawn-care-101/blog/pest-control/how-control-fleas-yard | https://www.trugreen.com/lawn-care-101/blog/tree-shrub-care/tree-disease-treatment | https://www.trugreen.com/lawn-care-101/blog/weed-control/control-wild-violets | https://www.trugreen.com/lawn-care-101/blog/weed-control/how-control-clover-lawn | https://www.trugreen.com/lawn-care-101/blog/weed-control/weeds-from-coming-back | https://www.trugreen.com/lawn-care-101/learning-center | https://www.trugreen.com/newsroom | https://www.trugreen.com/pay-your-bill | https://www.trugreen.com/pests-products-and-services | https://www.trugreen.com/pga-tour | https://www.trugreen.com/products-and-services | https://www.trugreen.com/why-choose-trugreen/testimonials-and-ratings","","internal-links-missing-from-sitemap|duplicate-title",""
"chromium","2026-08-28T21:08:04.938Z","prod-release-2-7-2026-08-28","1-500","","https://www.trugreen.com/lawn-care-101/blog/lawn-care-tips/greener-pastures-how-trugreen-delivers-more-innovative-lawn-care","https://www.trugreen.com/lawn-care-101/blog/lawn-care-tips/greener-pastures-how-trugreen-delivers-more-innovative-lawn-care","200","200:https://www.trugreen.com/lawn-care-101/blog/lawn-care-tips/greener-pastures-how-trugreen-delivers-more-innovative-lawn-care","Greener Pastures: How TruGreen Delivers More Innovative Lawn Care | TruGreen","Greener Pastures: How TruGreen Delivers More Innovative Lawn Care | TruGreen","https://www.trugreen.com/lawn-care-101/blog/lawn-care-tips/greener-pastures-how-trugreen-delivers-more-innovative-lawn-care","1","https://www.trugreen.com/lawn-care-101/blog/lawn-care-tips/greener-pastures-how-trugreen-delivers-more-innovative-lawn-care","1","","200","https://www.trugreen.com/lawn-care-101/blog/lawn-care-tips/greener-pastures-how-trugreen-delivers-more-innovative-lawn-care","","","","0","1","Greener Pastures: How TruGreen Delivers More Innovative Lawn Care","0","header|footer","jsonld:1;types:Article;invalid:0;missing:jsonld_0_missing_@context","0","0","45","10","https://www.trugreen.com/lawn-care-101 | https://www.trugreen.com/lawn-care-101/blog?topic=Lawn+Care | https://www.trugreen.com/lawn-care-101/blog?type=Blog | https://www.trugreen.com/lawn-care-101/learning-center | https://www.trugreen.com/newsroom | https://www.trugreen.com/pay-your-bill | https://www.trugreen.com/pests-products-and-services | https://www.trugreen.com/pga-tour | https://www.trugreen.com/products-and-services | https://www.trugreen.com/why-choose-trugreen/testimonials-and-ratings","","missing-main|internal-links-missing-from-sitemap",""
"chromium","2026-08-28T21:08:04.938Z","prod-release-2-7-2026-08-28","1-500","","https://www.trugreen.com/lawn-care-101/blog/lawn-care-tips/greetings-your-backyard-summer-traditions-bring-home","https://www.trugreen.com/lawn-care-101/blog/lawn-care-tips/greetings-your-backyard-summer-traditions-bring-home","200","200:https://www.trugreen.com/lawn-care-101/blog/lawn-care-tips/greetings-your-backyard-summer-traditions-bring-home","Summer Traditions | TruGreen","Summer Traditions | TruGreen","https://www.trugreen.com/lawn-care-101/blog/lawn-care-tips/greetings-your-backyard-summer-traditions-bring-home","1","https://www.trugreen.com/lawn-care-101/blog/lawn-care-tips/greetings-your-backyard-summer-traditions-bring-home","1","","200","https://www.trugreen.com/lawn-care-101/blog/lawn-care-tips/greetings-your-backyard-summer-traditions-bring-home","","","","0","1","Greetings from Your Backyard: Summer Traditions to Bring Home","0","header|footer","jsonld:1;types:Article;invalid:0;missing:jsonld_0_missing_@context","0","0","45","10","https://www.trugreen.com/lawn-care-101 | https://www.trugreen.com/lawn-care-101/blog?topic=Beyond+the+Lawn | https://www.trugreen.com/lawn-care-101/blog?type=Blog | https://www.trugreen.com/lawn-care-101/learning-center | https://www.trugreen.com/newsroom | https://www.trugreen.com/pay-your-bill | https://www.trugreen.com/pests-products-and-services | https://www.trugreen.com/pga-tour | https://www.trugreen.com/products-and-services | https://www.trugreen.com/why-choose-trugreen/testimonials-and-ratings","","missing-main|internal-links-missing-from-sitemap|duplicate-title",""
"chromium","2026-08-28T21:08:04.938Z","prod-release-2-7-2026-08-28","1-500","","https://www.trugreen.com/lawn-care-101/blog/lawn-care-tips/grub-prevention-and-control","https://www.trugreen.com/lawn-care-101/blog/lawn-care-tips/signs-of-lawn-grubs","200","301:https://www.trugreen.com/lawn-care-101/blog/lawn-care-tips/grub-prevention-and-control -> 200:https://www.trugreen.com/lawn-care-101/blog/lawn-care-tips/signs-of-lawn-grubs","3 Signs of Lawn Grub Damage &amp; How to Check | TruGreen","3 Signs of Lawn Grub Damage & How to Check | TruGreen","https://www.trugreen.com/lawn-care-101/blog/lawn-care-tips/signs-of-lawn-grubs","1","https://www.trugreen.com/lawn-care-101/blog/lawn-care-tips/signs-of-lawn-grubs","1","","200","https://www.trugreen.com/lawn-care-101/blog/lawn-care-tips/signs-of-lawn-grubs","","","","0","1","3 Signs You May Have Grubs in Your Lawn","0","header|nav|footer","jsonld:1;types:Article;invalid:0;missing:jsonld_0_missing_@context","0","0","52","15","https://www.trugreen.com/lawn-care-101 | https://www.trugreen.com/lawn-care-101/blog?topic=Pest+Control | https://www.trugreen.com/lawn-care-101/blog?type=Blog | https://www.trugreen.com/lawn-care-101/learning-center | https://www.trugreen.com/my-account/account-settings | https://www.trugreen.com/my-account/account-summary | https://www.trugreen.com/my-account/my-documents | https://www.trugreen.com/my-account/my-services | https://www.trugreen.com/my-account/payments | https://www.trugreen.com/newsroom | https://www.trugreen.com/pay-your-bill | https://www.trugreen.com/pests-products-and-services | https://www.trugreen.com/pga-tour | https://www.trugreen.com/products-and-services | https://www.trugreen.com/why-choose-trugreen/testimonials-and-ratings","","missing-main|internal-links-missing-from-sitemap|duplicate-title",""
"chromium","2026-08-28T21:08:04.938Z","prod-release-2-7-2026-08-28","1-500","","https://www.trugreen.com/lawn-care-101/blog/lawn-care-tips/grub-prevention-control","https://www.trugreen.com/lawn-care-101/blog/lawn-care-tips/grub-prevention-control","200","200:https://www.trugreen.com/lawn-care-101/blog/lawn-care-tips/grub-prevention-control","Grub Preventive Services | TruGreen","Grub Preventive Services | TruGreen","https://www.trugreen.com/lawn-care-101/blog/lawn-care-tips/grub-prevention-control","1","https://www.trugreen.com/lawn-care-101/blog/lawn-care-tips/grub-prevention-control","1","","200","https://www.trugreen.com/lawn-care-101/blog/lawn-care-tips/grub-prevention-control","","","","0","1","Grub Preventive Services: Protect Your Lawn from Grub Damage","0","header|nav|footer","jsonld:1;types:Article;invalid:0;missing:jsonld_0_missing_@context","0","0","46","11","https://www.trugreen.com/lawn-care-101 | https://www.trugreen.com/lawn-care-101/blog?topic=Pest+Control | https://www.trugreen.com/lawn-care-101/blog?type=Blog | https://www.trugreen.com/lawn-care-101/learning-center | https://www.trugreen.com/my-account/account-summary | https://www.trugreen.com/newsroom | https://www.trugreen.com/pay-your-bill | https://www.trugreen.com/pests-products-and-services | https://www.trugreen.com/pga-tour | https://www.trugreen.com/products-and-services | https://www.trugreen.com/why-choose-trugreen/testimonials-and-ratings","","missing-main|internal-links-missing-from-sitemap",""
"chromium","2026-08-28T21:08:04.938Z","prod-release-2-7-2026-08-28","1-500","","https://www.trugreen.com/lawn-care-101/blog/lawn-care-tips/grub-worms-grub-worm-control-trugreen","https://www.trugreen.com/lawn-care-101/blog/lawn-care-tips/grub-worms-grub-worm-control-trugreen","200","200:https://www.trugreen.com/lawn-care-101/blog/lawn-care-tips/grub-worms-grub-worm-control-trugreen","Best Grub Worm Treatment for Lawns I TruGreen","Best Grub Worm Treatment for Lawns I TruGreen","https://www.trugreen.com/lawn-care-101/blog/lawn-care-tips/grub-worms-grub-worm-control-trugreen","1","https://www.trugreen.com/lawn-care-101/blog/lawn-care-tips/grub-worms-grub-worm-control-trugreen","1","","200","https://www.trugreen.com/lawn-care-101/blog/lawn-care-tips/grub-worms-grub-worm-control-trugreen","","","","0","1","Grub Worm Treatment: How to Protect Your Lawn from Lawn-Eating Pests","0","header|nav|footer","jsonld:1;types:Article;invalid:0;missing:jsonld_0_missing_@context","0","0","51","11","https://www.trugreen.com/lawn-care-101 | https://www.trugreen.com/lawn-care-101/blog?topic=Pest+Control | https://www.trugreen.com/lawn-care-101/blog?type=Video | https://www.trugreen.com/lawn-care-101/learning-center | https://www.trugreen.com/my-account/account-summary | https://www.trugreen.com/newsroom | https://www.trugreen.com/pay-your-bill | https://www.trugreen.com/pests-products-and-services | https://www.trugreen.com/pga-tour | https://www.trugreen.com/products-and-services | https://www.trugreen.com/why-choose-trugreen/testimonials-and-ratings","","missing-main|internal-links-missing-from-sitemap",""
"chromium","2026-08-28T21:08:04.938Z","prod-release-2-7-2026-08-28","1-500","","https://www.trugreen.com/lawn-care-101/blog/lawn-care-tips/guess-pest","https://www.trugreen.com/products-and-services/trubarrier-perimeter-pest-control","200","301:https://www.trugreen.com/lawn-care-101/blog/lawn-care-tips/guess-pest -> 200:https://www.trugreen.com/products-and-services/trubarrier-perimeter-pest-control","TruBarrier: Perimeter pest control for your home | TruGreen","TruBarrier: Perimeter pest control for your home | TruGreen","https://www.trugreen.com/products-and-services/trubarrier-perimeter-pest-control","1","https://www.trugreen.com/products-and-services/trubarrier-perimeter-pest-control","1","","200","https://www.trugreen.com/products-and-services/trubarrier-perimeter-pest-control","","","","0","1","TruBarrier℠ Perimeter Pest Control","0","main|header|footer","jsonld:1;types:Service;invalid:0;missing:","0","0","44","8","https://www.trugreen.com/lawn-care-101 | https://www.trugreen.com/lawn-care-101/learning-center | https://www.trugreen.com/newsroom | https://www.trugreen.com/pay-your-bill | https://www.trugreen.com/pests-products-and-services | https://www.trugreen.com/pga-tour | https://www.trugreen.com/products-and-services | https://www.trugreen.com/why-choose-trugreen/testimonials-and-ratings","","internal-links-missing-from-sitemap|duplicate-title",""
"chromium","2026-08-28T21:08:04.938Z","prod-release-2-7-2026-08-28","1-500","","https://www.trugreen.com/lawn-care-101/blog/lawn-care-tips/high-traffic-grass-your-most-durable-grass-options-trugreen","https://www.trugreen.com/lawn-care-101/blog/lawn-care-tips/high-traffic-grass-your-most-durable-grass-options-trugreen","200","200:https://www.trugreen.com/lawn-care-101/blog/lawn-care-tips/high-traffic-grass-your-most-durable-grass-options-trugreen","High Traffic Grass | TruGreen","High Traffic Grass | TruGreen","https://www.trugreen.com/lawn-care-101/blog/lawn-care-tips/high-traffic-grass-your-most-durable-grass-options-trugreen","1","https://www.trugreen.com/lawn-care-101/blog/lawn-care-tips/high-traffic-grass-your-most-durable-grass-options-trugreen","1","","200","https://www.trugreen.com/lawn-care-101/blog/lawn-care-tips/high-traffic-grass-your-most-durable-grass-options-trugreen","","","","0","1","High Traffic Grass: Discover Your Most Durable Lawn Options","0","header|nav|footer","jsonld:1;types:Article;invalid:0;missing:jsonld_0_missing_@context","0","0","54","16","https://www.trugreen.com/lawn-care-101 | https://www.trugreen.com/lawn-care-101/blog?topic=Lawn+Care | https://www.trugreen.com/lawn-care-101/blog?type=Blog | https://www.trugreen.com/lawn-care-101/learning-center | https://www.trugreen.com/lawn-care-services | https://www.trugreen.com/my-account/account-settings | https://www.trugreen.com/my-account/account-summary | https://www.trugreen.com/my-account/my-documents | https://www.trugreen.com/my-account/my-services | https://www.trugreen.com/my-account/payments | https://www.trugreen.com/newsroom | https://www.trugreen.com/pay-your-bill | https://www.trugreen.com/pests-products-and-services | https://www.trugreen.com/pga-tour | https://www.trugreen.com/products-and-services | https://www.trugreen.com/why-choose-trugreen/testimonials-and-ratings","","missing-main|internal-links-missing-from-sitemap",""
"chromium","2026-08-28T21:08:04.938Z","prod-release-2-7-2026-08-28","1-500","","https://www.trugreen.com/lawn-care-101/blog/lawn-care-tips/home-curb-appeal-tips","https://www.trugreen.com/lawn-care-101/blog/lawn-care-tips/value-curb-appeal-selling-your-home","200","301:https://www.trugreen.com/lawn-care-101/blog/lawn-care-tips/home-curb-appeal-tips -> 200:https://www.trugreen.com/lawn-care-101/blog/lawn-care-tips/value-curb-appeal-selling-your-home","Curb Appeal and Home Value | TruGreen","Curb Appeal and Home Value | TruGreen","https://www.trugreen.com/lawn-care-101/blog/lawn-care-tips/value-curb-appeal-selling-your-home","1","https://www.trugreen.com/lawn-care-101/blog/lawn-care-tips/value-curb-appeal-selling-your-home","1","","200","https://www.trugreen.com/lawn-care-101/blog/lawn-care-tips/value-curb-appeal-selling-your-home","","","","0","1","Curb Appeal and Home Value: Why It Matters and How to Improve It","0","header|nav|footer","jsonld:1;types:Article;invalid:0;missing:jsonld_0_missing_@context","0","0","47","11","https://www.trugreen.com/lawn-care-101 | https://www.trugreen.com/lawn-care-101/blog?topic=Beyond+the+Lawn | https://www.trugreen.com/lawn-care-101/blog?type=Blog | https://www.trugreen.com/lawn-care-101/learning-center | https://www.trugreen.com/my-account/account-summary | https://www.trugreen.com/newsroom | https://www.trugreen.com/pay-your-bill | https://www.trugreen.com/pests-products-and-services | https://www.trugreen.com/pga-tour | https://www.trugreen.com/products-and-services | https://www.trugreen.com/why-choose-trugreen/testimonials-and-ratings","","missing-main|internal-links-missing-from-sitemap|duplicate-title",""
"chromium","2026-08-28T21:08:04.938Z","prod-release-2-7-2026-08-28","1-500","","https://www.trugreen.com/lawn-care-101/blog/lawn-care-tips/home-field-home-lawn-care-pros-trust-trugreen","https://www.trugreen.com/lawn-care-101/blog/lawn-care-tips/home-field-home-lawn-care-pros-trust-trugreen","200","200:https://www.trugreen.com/lawn-care-101/blog/lawn-care-tips/home-field-home-lawn-care-pros-trust-trugreen","Home Field to Home Lawn | TruGreen","Home Field to Home Lawn | TruGreen","https://www.trugreen.com/lawn-care-101/blog/lawn-care-tips/home-field-home-lawn-care-pros-trust-trugreen","1","https://www.trugreen.com/lawn-care-101/blog/lawn-care-tips/home-field-home-lawn-care-pros-trust-trugreen","1","","200","https://www.trugreen.com/lawn-care-101/blog/lawn-care-tips/home-field-home-lawn-care-pros-trust-trugreen","","","","0","1","From Home Field to Home Lawn Care: Pros Trust TruGreen","0","header|footer","jsonld:1;types:Article;invalid:0;missing:jsonld_0_missing_@context","0","0","46","10","https://www.trugreen.com/lawn-care-101 | https://www.trugreen.com/lawn-care-101/blog?topic=Beyond+the+Lawn | https://www.trugreen.com/lawn-care-101/blog?type=Blog | https://www.trugreen.com/lawn-care-101/learning-center | https://www.trugreen.com/newsroom | https://www.trugreen.com/pay-your-bill | https://www.trugreen.com/pests-products-and-services | https://www.trugreen.com/pga-tour | https://www.trugreen.com/products-and-services | https://www.trugreen.com/why-choose-trugreen/testimonials-and-ratings","","missing-main|internal-links-missing-from-sitemap",""
"chromium","2026-08-28T21:08:04.938Z","prod-release-2-7-2026-08-28","1-500","","https://www.trugreen.com/lawn-care-101/blog/lawn-care-tips/how-achieve-golf-course-quality-lawn-home","https://www.trugreen.com/lawn-care-101/blog/lawn-care-tips/how-achieve-golf-course-quality-lawn-home","200","200:https://www.trugreen.com/lawn-care-101/blog/lawn-care-tips/how-achieve-golf-course-quality-lawn-home","How to Achieve a Golf Course Quality Lawn at Home | TruGreen","How to Achieve a Golf Course Quality Lawn at Home | TruGreen","https://www.trugreen.com/lawn-care-101/blog/lawn-care-tips/how-achieve-golf-course-quality-lawn-home","1","https://www.trugreen.com/lawn-care-101/blog/lawn-care-tips/how-achieve-golf-course-quality-lawn-home","1","","200","https://www.trugreen.com/lawn-care-101/blog/lawn-care-tips/how-achieve-golf-course-quality-lawn-home","index, follow","index, follow","","0","1","How to Achieve a Golf Course Quality Lawn at Home","0","header|footer","jsonld:1;types:Article;invalid:0;missing:jsonld_0_missing_@context","0","0","49","10","https://www.trugreen.com/lawn-care-101 | https://www.trugreen.com/lawn-care-101/blog?topic=Lawn+Care | https://www.trugreen.com/lawn-care-101/blog?type=Blog | https://www.trugreen.com/lawn-care-101/learning-center | https://www.trugreen.com/newsroom | https://www.trugreen.com/pay-your-bill | https://www.trugreen.com/pests-products-and-services | https://www.trugreen.com/pga-tour | https://www.trugreen.com/products-and-services | https://www.trugreen.com/why-choose-trugreen/testimonials-and-ratings","","missing-main|internal-links-missing-from-sitemap",""
"chromium","2026-08-28T21:08:04.938Z","prod-release-2-7-2026-08-28","1-500","","https://www.trugreen.com/lawn-care-101/blog/lawn-care-tips/how-care-your-lawn-during-drought","https://www.trugreen.com/lawn-care-101/blog/lawn-care-tips/how-care-your-lawn-during-drought","200","200:https://www.trugreen.com/lawn-care-101/blog/lawn-care-tips/how-care-your-lawn-during-drought","Drought-Stressed Lawn | TruGreen","Drought-Stressed Lawn | TruGreen","https://www.trugreen.com/lawn-care-101/blog/lawn-care-tips/how-care-your-lawn-during-drought","1","https://www.trugreen.com/lawn-care-101/blog/lawn-care-tips/how-care-your-lawn-during-drought","1","","200","https://www.trugreen.com/lawn-care-101/blog/lawn-care-tips/how-care-your-lawn-during-drought","","","","0","1","Drought-Stressed Lawn: How to Prevent and Revive Your Grass","0","header|nav|footer","jsonld:1;types:Article;invalid:0;missing:jsonld_0_missing_@context","0","0","48","11","https://www.trugreen.com/lawn-care-101 | https://www.trugreen.com/lawn-care-101/blog?topic=Lawn+Care | https://www.trugreen.com/lawn-care-101/blog?type=Blog | https://www.trugreen.com/lawn-care-101/learning-center | https://www.trugreen.com/my-account/account-summary | https://www.trugreen.com/newsroom | https://www.trugreen.com/pay-your-bill | https://www.trugreen.com/pests-products-and-services | https://www.trugreen.com/pga-tour | https://www.trugreen.com/products-and-services | https://www.trugreen.com/why-choose-trugreen/testimonials-and-ratings","","missing-main|internal-links-missing-from-sitemap|duplicate-title",""
"chromium","2026-08-28T21:08:04.938Z","prod-release-2-7-2026-08-28","1-500","","https://www.trugreen.com/lawn-care-101/blog/lawn-care-tips/how-do-i-get-green-grass","https://www.trugreen.com/lawn-care-101/blog","200","301:https://www.trugreen.com/lawn-care-101/blog/lawn-care-tips/how-do-i-get-green-grass -> 200:https://www.trugreen.com/lawn-care-101/blog","TruGreen Blog | TruGreen","TruGreen Blog | TruGreen","https://www.trugreen.com/lawn-care-101/blog","1","https://www.trugreen.com/lawn-care-101/blog","1","","200","https://www.trugreen.com/lawn-care-101/blog","","","","0","1","Looking for advice?Turn to the experts.","0","main|header|footer","jsonld:1;types:Blog|BreadcrumbList|CollectionPage;invalid:0;missing:","0","0","86","22","https://www.trugreen.com/lawn-care-101 | https://www.trugreen.com/lawn-care-101/blog/beyond-lawn/hosting-backyard-party | https://www.trugreen.com/lawn-care-101/blog/consistent-lawn-care | https://www.trugreen.com/lawn-care-101/blog/lawn-care/lawn-care-myths | https://www.trugreen.com/lawn-care-101/blog/lawn-care/lawn-care-vs-landscaping | https://www.trugreen.com/lawn-care-101/blog/lawn-care/lawn-mowing-spread-weeds | https://www.trugreen.com/lawn-care-101/blog/lawn-care/what-lawn-need-thrive | https://www.trugreen.com/lawn-care-101/blog/lawn-care/what-my-lawn-need | https://www.trugreen.com/lawn-care-101/blog/lawn-care/when-aerate-and-overseed-northeast | https://www.trugreen.com/lawn-care-101/blog/lawn-damage/lawn-care-signs-stress | https://www.trugreen.com/lawn-care-101/blog/pest-control/how-control-fleas-yard | https://www.trugreen.com/lawn-care-101/blog/tree-shrub-care/tree-disease-treatment | https://www.trugreen.com/lawn-care-101/blog/weed-control/control-wild-violets | https://www.trugreen.com/lawn-care-101/blog/weed-control/how-control-clover-lawn | https://www.trugreen.com/lawn-care-101/blog/weed-control/weeds-from-coming-back | https://www.trugreen.com/lawn-care-101/learning-center | https://www.trugreen.com/newsroom | https://www.trugreen.com/pay-your-bill | https://www.trugreen.com/pests-products-and-services | https://www.trugreen.com/pga-tour | https://www.trugreen.com/products-and-services | https://www.trugreen.com/why-choose-trugreen/testimonials-and-ratings","","internal-links-missing-from-sitemap|duplicate-title",""
"chromium","2026-08-28T21:08:04.938Z","prod-release-2-7-2026-08-28","1-500","","https://www.trugreen.com/lawn-care-101/blog/lawn-care-tips/how-do-i-get-my-grass-green-with-constant-foot","https://www.trugreen.com/lawn-care-101/blog/trugreen-lawn-care-services/lawn-maintenance-checklist","200","301:https://www.trugreen.com/lawn-care-101/blog/lawn-care-tips/how-do-i-get-my-grass-green-with-constant-foot -> 200:https://www.trugreen.com/lawn-care-101/blog/trugreen-lawn-care-services/lawn-maintenance-checklist","Seasonal Lawn Care Maintenance and Treatment Schedule | TruGreen","Seasonal Lawn Care Maintenance and Treatment Schedule | TruGreen","https://www.trugreen.com/lawn-care-101/blog/trugreen-lawn-care-services/lawn-maintenance-checklist","1","https://www.trugreen.com/lawn-care-101/blog/trugreen-lawn-care-services/lawn-maintenance-checklist","1","","200","https://www.trugreen.com/lawn-care-101/blog/trugreen-lawn-care-services/lawn-maintenance-checklist","","","","0","1","Seasonal Lawn Care Maintenance and Treatment Schedule","0","header|nav|footer","jsonld:1;types:Article;invalid:0;missing:jsonld_0_missing_@context","0","0","50","15","https://www.trugreen.com/lawn-care-101 | https://www.trugreen.com/lawn-care-101/blog?topic=Lawn+Care | https://www.trugreen.com/lawn-care-101/blog?type=Blog | https://www.trugreen.com/lawn-care-101/learning-center | https://www.trugreen.com/my-account/account-settings | https://www.trugreen.com/my-account/account-summary | https://www.trugreen.com/my-account/my-documents | https://www.trugreen.com/my-account/my-services | https://www.trugreen.com/my-account/payments | https://www.trugreen.com/newsroom | https://www.trugreen.com/pay-your-bill | https://www.trugreen.com/pests-products-and-services | https://www.trugreen.com/pga-tour | https://www.trugreen.com/products-and-services | https://www.trugreen.com/why-choose-trugreen/testimonials-and-ratings","","missing-main|internal-links-missing-from-sitemap|duplicate-title",""
"chromium","2026-08-28T21:08:04.938Z","prod-release-2-7-2026-08-28","1-500","","https://www.trugreen.com/lawn-care-101/blog/lawn-care-tips/how-do-i-prevent-lawn-diseases","https://www.trugreen.com/lawn-care-101/blog/lawn-care-tips/what-is-dollar-spot-lawn-disease","200","301:https://www.trugreen.com/lawn-care-101/blog/lawn-care-tips/how-do-i-prevent-lawn-diseases -> 200:https://www.trugreen.com/lawn-care-101/blog/lawn-care-tips/what-is-dollar-spot-lawn-disease","Lawn Disease | What is Dollar Spot Lawn Disease? | TruGreen","Lawn Disease | What is Dollar Spot Lawn Disease? | TruGreen","https://www.trugreen.com/lawn-care-101/blog/lawn-care-tips/what-is-dollar-spot-lawn-disease","1","https://www.trugreen.com/lawn-care-101/blog/lawn-care-tips/what-is-dollar-spot-lawn-disease","1","","200","https://www.trugreen.com/lawn-care-101/blog/lawn-care-tips/what-is-dollar-spot-lawn-disease","","","","0","1","What is Dollar Spot Lawn Disease?","0","header|nav|footer","jsonld:1;types:Article;invalid:0;missing:jsonld_0_missing_@context","0","0","49","16","https://www.trugreen.com/lawn-care-101 | https://www.trugreen.com/lawn-care-101/blog?topic=Lawn+Damage | https://www.trugreen.com/lawn-care-101/blog?type=Blog | https://www.trugreen.com/lawn-care-101/blog/lawn-damage/lawn-care-signs-stress | https://www.trugreen.com/lawn-care-101/learning-center | https://www.trugreen.com/my-account/account-settings | https://www.trugreen.com/my-account/account-summary | https://www.trugreen.com/my-account/my-documents | https://www.trugreen.com/my-account/my-services | https://www.trugreen.com/my-account/payments | https://www.trugreen.com/newsroom | https://www.trugreen.com/pay-your-bill | https://www.trugreen.com/pests-products-and-services | https://www.trugreen.com/pga-tour | https://www.trugreen.com/products-and-services | https://www.trugreen.com/why-choose-trugreen/testimonials-and-ratings","","missing-main|internal-links-missing-from-sitemap|duplicate-title",""
"chromium","2026-08-28T21:08:04.938Z","prod-release-2-7-2026-08-28","1-500","","https://www.trugreen.com/lawn-care-101/blog/lawn-care-tips/how-get-rid-dandelions","https://www.trugreen.com/lawn-care-101/blog/lawn-care-tips/how-get-rid-dandelions","200","200:https://www.trugreen.com/lawn-care-101/blog/lawn-care-tips/how-get-rid-dandelions","How To Get Rid of Dandelions | TruGreen","How To Get Rid of Dandelions | TruGreen","https://www.trugreen.com/lawn-care-101/blog/lawn-care-tips/how-get-rid-dandelions","1","https://www.trugreen.com/lawn-care-101/blog/lawn-care-tips/how-get-rid-dandelions","1","","200","https://www.trugreen.com/lawn-care-101/blog/lawn-care-tips/how-get-rid-dandelions","","","","0","1","How To Get Rid of Dandelions: Effective Methods and Prevention Strategies","0","header|nav|footer","jsonld:1;types:Article;invalid:0;missing:jsonld_0_missing_@context","0","0","57","17","https://www.trugreen.com/lawn-care-101 | https://www.trugreen.com/lawn-care-101/blog?topic=Weed+Control | https://www.trugreen.com/lawn-care-101/blog?type=Blog | https://www.trugreen.com/lawn-care-101/blog/weed-control/control-wild-violets | https://www.trugreen.com/lawn-care-101/blog/weed-control/how-control-clover-lawn | https://www.trugreen.com/lawn-care-101/learning-center | https://www.trugreen.com/my-account/account-settings | https://www.trugreen.com/my-account/account-summary | https://www.trugreen.com/my-account/my-documents | https://www.trugreen.com/my-account/my-services | https://www.trugreen.com/my-account/payments | https://www.trugreen.com/newsroom | https://www.trugreen.com/pay-your-bill | https://www.trugreen.com/pests-products-and-services | https://www.trugreen.com/pga-tour | https://www.trugreen.com/products-and-services | https://www.trugreen.com/why-choose-trugreen/testimonials-and-ratings","","missing-main|internal-links-missing-from-sitemap",""
"chromium","2026-08-28T21:08:04.938Z","prod-release-2-7-2026-08-28","1-500","","https://www.trugreen.com/lawn-care-101/blog/lawn-care-tips/how-get-your-family-outside-spring","https://www.trugreen.com/lawn-care-101/blog/lawn-care-tips/spring-madness-top-spring-activities-tackle-season","200","301:https://www.trugreen.com/lawn-care-101/blog/lawn-care-tips/how-get-your-family-outside-spring -> 200:https://www.trugreen.com/lawn-care-101/blog/lawn-care-tips/spring-madness-top-spring-activities-tackle-season","Activities in Spring Season | TruGreen","Activities in Spring Season | TruGreen","https://www.trugreen.com/lawn-care-101/blog/lawn-care-tips/spring-madness-top-spring-activities-tackle-season","1","https://www.trugreen.com/lawn-care-101/blog/lawn-care-tips/spring-madness-top-spring-activities-tackle-season","1","","200","https://www.trugreen.com/lawn-care-101/blog/lawn-care-tips/spring-madness-top-spring-activities-tackle-season","","","","0","1","Best Spring Activities to Enjoy: Fun and Relaxing Outdoor Ideas","0","header|nav|footer","jsonld:1;types:Article;invalid:0;missing:jsonld_0_missing_@context","0","0","46","11","https://www.trugreen.com/lawn-care-101 | https://www.trugreen.com/lawn-care-101/blog?topic=Beyond+the+Lawn | https://www.trugreen.com/lawn-care-101/blog?type=Blog | https://www.trugreen.com/lawn-care-101/learning-center | https://www.trugreen.com/my-account/account-summary | https://www.trugreen.com/newsroom | https://www.trugreen.com/pay-your-bill | https://www.trugreen.com/pests-products-and-services | https://www.trugreen.com/pga-tour | https://www.trugreen.com/products-and-services | https://www.trugreen.com/why-choose-trugreen/testimonials-and-ratings","","missing-main|internal-links-missing-from-sitemap|duplicate-title",""
"chromium","2026-08-28T21:08:04.938Z","prod-release-2-7-2026-08-28","1-500","","https://www.trugreen.com/lawn-care-101/blog/lawn-care-tips/how-know-when-fertilize-your-lawn","https://www.trugreen.com/lawn-care-101/blog/trugreen-lawn-care-services/lawn-fertilizer-101","200","301:https://www.trugreen.com/lawn-care-101/blog/lawn-care-tips/how-know-when-fertilize-your-lawn -> 200:https://www.trugreen.com/lawn-care-101/blog/trugreen-lawn-care-services/lawn-fertilizer-101","Lawn Fertilizer Care | TruGreen","Lawn Fertilizer Care | TruGreen","https://www.trugreen.com/lawn-care-101/blog/trugreen-lawn-care-services/lawn-fertilizer-101","1","https://www.trugreen.com/lawn-care-101/blog/trugreen-lawn-care-services/lawn-fertilizer-101","1","","200","https://www.trugreen.com/lawn-care-101/blog/trugreen-lawn-care-services/lawn-fertilizer-101","","","","0","1","Lawn Fertilizer Care: Expert Tips for a Greener Lawn","0","header|nav|footer","jsonld:1;types:Article;invalid:0;missing:jsonld_0_missing_@context","0","0","53","18","https://www.trugreen.com/lawn-care-101 | https://www.trugreen.com/lawn-care-101/blog?topic=Lawn+Care | https://www.trugreen.com/lawn-care-101/blog?type=Blog | https://www.trugreen.com/lawn-care-101/blog/lawn-care/lawn-care-myths | https://www.trugreen.com/lawn-care-101/blog/lawn-care/lawn-care-vs-landscaping | https://www.trugreen.com/lawn-care-101/blog/lawn-care/lawn-mowing-spread-weeds | https://www.trugreen.com/lawn-care-101/learning-center | https://www.trugreen.com/my-account/account-settings | https://www.trugreen.com/my-account/account-summary | https://www.trugreen.com/my-account/my-documents | https://www.trugreen.com/my-account/my-services | https://www.trugreen.com/my-account/payments | https://www.trugreen.com/newsroom | https://www.trugreen.com/pay-your-bill | https://www.trugreen.com/pests-products-and-services | https://www.trugreen.com/pga-tour | https://www.trugreen.com/products-and-services | https://www.trugreen.com/why-choose-trugreen/testimonials-and-ratings","","missing-main|internal-links-missing-from-sitemap|duplicate-title",""
"chromium","2026-08-28T21:08:04.938Z","prod-release-2-7-2026-08-28","1-500","","https://www.trugreen.com/lawn-care-101/blog/lawn-care-tips/how-often-should-you-aerate-your-lawn","https://www.trugreen.com/lawn-care-101/blog/lawn-care-tips/how-often-should-you-aerate-your-lawn","200","200:https://www.trugreen.com/lawn-care-101/blog/lawn-care-tips/how-often-should-you-aerate-your-lawn","How Often Should You Aerate Your Lawn? | TruGreen","How Often Should You Aerate Your Lawn? | TruGreen","https://www.trugreen.com/lawn-care-101/blog/lawn-care-tips/how-often-should-you-aerate-your-lawn","1","https://www.trugreen.com/lawn-care-101/blog/lawn-care-tips/how-often-should-you-aerate-your-lawn","1","","200","https://www.trugreen.com/lawn-care-101/blog/lawn-care-tips/how-often-should-you-aerate-your-lawn","","","","0","1","How Often Should You Aerate Your Lawn?","0","header|nav|footer","jsonld:1;types:Article;invalid:0;missing:jsonld_0_missing_@context","0","0","53","19","https://www.trugreen.com/lawn-care-101 | https://www.trugreen.com/lawn-care-101/blog?topic=Lawn+Care | https://www.trugreen.com/lawn-care-101/blog?type=Blog | https://www.trugreen.com/lawn-care-101/blog/aeration-service/7-benefits-of-lawn-aeration | https://www.trugreen.com/lawn-care-101/blog/lawn-care/lawn-care-myths | https://www.trugreen.com/lawn-care-101/blog/lawn-care/lawn-care-vs-landscaping | https://www.trugreen.com/lawn-care-101/blog/lawn-care/lawn-mowing-spread-weeds | https://www.trugreen.com/lawn-care-101/learning-center | https://www.trugreen.com/my-account/account-settings | https://www.trugreen.com/my-account/account-summary | https://www.trugreen.com/my-account/my-documents | https://www.trugreen.com/my-account/my-services | https://www.trugreen.com/my-account/payments | https://www.trugreen.com/newsroom | https://www.trugreen.com/pay-your-bill | https://www.trugreen.com/pests-products-and-services | https://www.trugreen.com/pga-tour | https://www.trugreen.com/products-and-services | https://www.trugreen.com/why-choose-trugreen/testimonials-and-ratings","","missing-main|internal-links-missing-from-sitemap",""
"chromium","2026-08-28T21:08:04.938Z","prod-release-2-7-2026-08-28","1-500","","https://www.trugreen.com/lawn-care-101/blog/lawn-care-tips/how-revive-your-lawn-post-summer","https://www.trugreen.com/lawn-care-101/blog/lawn-care-tips/how-to-keep-a-healthy-summer-lawn","200","301:https://www.trugreen.com/lawn-care-101/blog/lawn-care-tips/how-revive-your-lawn-post-summer -> 200:https://www.trugreen.com/lawn-care-101/blog/lawn-care-tips/how-to-keep-a-healthy-summer-lawn","Summer Lawn Care | TruGreen","Summer Lawn Care | TruGreen","https://www.trugreen.com/lawn-care-101/blog/lawn-care-tips/how-to-keep-a-healthy-summer-lawn","1","https://www.trugreen.com/lawn-care-101/blog/lawn-care-tips/how-to-keep-a-healthy-summer-lawn","1","","200","https://www.trugreen.com/lawn-care-101/blog/lawn-care-tips/how-to-keep-a-healthy-summer-lawn","","","","0","1","Summer Lawn Care: How to Keep Your Lawn Healthy All Season","0","header|nav|footer","jsonld:1;types:Article;invalid:0;missing:jsonld_0_missing_@context","0","0","50","18","https://www.trugreen.com/lawn-care-101 | https://www.trugreen.com/lawn-care-101/blog?topic=Lawn+Care | https://www.trugreen.com/lawn-care-101/blog?type=Blog | https://www.trugreen.com/lawn-care-101/blog/lawn-care/lawn-care-myths | https://www.trugreen.com/lawn-care-101/blog/lawn-care/lawn-care-vs-landscaping | https://www.trugreen.com/lawn-care-101/blog/lawn-care/lawn-mowing-spread-weeds | https://www.trugreen.com/lawn-care-101/learning-center | https://www.trugreen.com/my-account/account-settings | https://www.trugreen.com/my-account/account-summary | https://www.trugreen.com/my-account/my-documents | https://www.trugreen.com/my-account/my-services | https://www.trugreen.com/my-account/payments | https://www.trugreen.com/newsroom | https://www.trugreen.com/pay-your-bill | https://www.trugreen.com/pests-products-and-services | https://www.trugreen.com/pga-tour | https://www.trugreen.com/products-and-services | https://www.trugreen.com/why-choose-trugreen/testimonials-and-ratings","","missing-main|internal-links-missing-from-sitemap|duplicate-title",""
"chromium","2026-08-28T21:08:04.938Z","prod-release-2-7-2026-08-28","1-500","","https://www.trugreen.com/lawn-care-101/blog/lawn-care-tips/how-to-care-for-a-bermudagrass-lawn-this-winter","https://www.trugreen.com/lawn-care-101/blog/lawn-care-tips/how-to-care-for-a-bermudagrass-lawn-this-winter","200","200:https://www.trugreen.com/lawn-care-101/blog/lawn-care-tips/how-to-care-for-a-bermudagrass-lawn-this-winter","How to Care For Bermudagrass in Winter | TruGreen","How to Care For Bermudagrass in Winter | TruGreen","https://www.trugreen.com/lawn-care-101/blog/lawn-care-tips/how-to-care-for-a-bermudagrass-lawn-this-winter","1","https://www.trugreen.com/lawn-care-101/blog/lawn-care-tips/how-to-care-for-a-bermudagrass-lawn-this-winter","1","","200","https://www.trugreen.com/lawn-care-101/blog/lawn-care-tips/how-to-care-for-a-bermudagrass-lawn-this-winter","","","","0","1","How to Care For Bermudagrass in Winter","0","header|nav|footer","jsonld:1;types:Article;invalid:0;missing:jsonld_0_missing_@context","0","0","47","11","https://www.trugreen.com/lawn-care-101 | https://www.trugreen.com/lawn-care-101/blog?topic=Lawn+Care | https://www.trugreen.com/lawn-care-101/blog?type=Blog | https://www.trugreen.com/lawn-care-101/learning-center | https://www.trugreen.com/my-account/account-summary | https://www.trugreen.com/newsroom | https://www.trugreen.com/pay-your-bill | https://www.trugreen.com/pests-products-and-services | https://www.trugreen.com/pga-tour | https://www.trugreen.com/products-and-services | https://www.trugreen.com/why-choose-trugreen/testimonials-and-ratings","","missing-main|internal-links-missing-from-sitemap",""
"chromium","2026-08-28T21:08:04.938Z","prod-release-2-7-2026-08-28","1-500","","https://www.trugreen.com/lawn-care-101/blog/lawn-care-tips/how-to-get-a-lawn-you-ll-love","https://www.trugreen.com/lawn-care-101/blog/trugreen-lawn-care-services/lawn-maintenance-checklist","200","301:https://www.trugreen.com/lawn-care-101/blog/lawn-care-tips/how-to-get-a-lawn-you-ll-love -> 200:https://www.trugreen.com/lawn-care-101/blog/trugreen-lawn-care-services/lawn-maintenance-checklist","Seasonal Lawn Care Maintenance and Treatment Schedule | TruGreen","Seasonal Lawn Care Maintenance and Treatment Schedule | TruGreen","https://www.trugreen.com/lawn-care-101/blog/trugreen-lawn-care-services/lawn-maintenance-checklist","1","https://www.trugreen.com/lawn-care-101/blog/trugreen-lawn-care-services/lawn-maintenance-checklist","1","","200","https://www.trugreen.com/lawn-care-101/blog/trugreen-lawn-care-services/lawn-maintenance-checklist","","","","0","1","Seasonal Lawn Care Maintenance and Treatment Schedule","0","header|nav|footer","jsonld:1;types:Article;invalid:0;missing:jsonld_0_missing_@context","0","0","50","15","https://www.trugreen.com/lawn-care-101 | https://www.trugreen.com/lawn-care-101/blog?topic=Lawn+Care | https://www.trugreen.com/lawn-care-101/blog?type=Blog | https://www.trugreen.com/lawn-care-101/learning-center | https://www.trugreen.com/my-account/account-settings | https://www.trugreen.com/my-account/account-summary | https://www.trugreen.com/my-account/my-documents | https://www.trugreen.com/my-account/my-services | https://www.trugreen.com/my-account/payments | https://www.trugreen.com/newsroom | https://www.trugreen.com/pay-your-bill | https://www.trugreen.com/pests-products-and-services | https://www.trugreen.com/pga-tour | https://www.trugreen.com/products-and-services | https://www.trugreen.com/why-choose-trugreen/testimonials-and-ratings","","missing-main|internal-links-missing-from-sitemap|duplicate-title",""
"chromium","2026-08-28T21:08:04.938Z","prod-release-2-7-2026-08-28","1-500","","https://www.trugreen.com/lawn-care-101/blog/lawn-care-tips/how-to-keep-a-healthy-summer-lawn","https://www.trugreen.com/lawn-care-101/blog/lawn-care-tips/how-to-keep-a-healthy-summer-lawn","200","200:https://www.trugreen.com/lawn-care-101/blog/lawn-care-tips/how-to-keep-a-healthy-summer-lawn","Summer Lawn Care | TruGreen","Summer Lawn Care | TruGreen","https://www.trugreen.com/lawn-care-101/blog/lawn-care-tips/how-to-keep-a-healthy-summer-lawn","1","https://www.trugreen.com/lawn-care-101/blog/lawn-care-tips/how-to-keep-a-healthy-summer-lawn","1","","200","https://www.trugreen.com/lawn-care-101/blog/lawn-care-tips/how-to-keep-a-healthy-summer-lawn","","","","0","1","Summer Lawn Care: How to Keep Your Lawn Healthy All Season","0","header|nav|footer","jsonld:1;types:Article;invalid:0;missing:jsonld_0_missing_@context","0","0","50","18","https://www.trugreen.com/lawn-care-101 | https://www.trugreen.com/lawn-care-101/blog?topic=Lawn+Care | https://www.trugreen.com/lawn-care-101/blog?type=Blog | https://www.trugreen.com/lawn-care-101/blog/lawn-care/lawn-care-myths | https://www.trugreen.com/lawn-care-101/blog/lawn-care/lawn-care-vs-landscaping | https://www.trugreen.com/lawn-care-101/blog/lawn-care/lawn-mowing-spread-weeds | https://www.trugreen.com/lawn-care-101/learning-center | https://www.trugreen.com/my-account/account-settings | https://www.trugreen.com/my-account/account-summary | https://www.trugreen.com/my-account/my-documents | https://www.trugreen.com/my-account/my-services | https://www.trugreen.com/my-account/payments | https://www.trugreen.com/newsroom | https://www.trugreen.com/pay-your-bill | https://www.trugreen.com/pests-products-and-services | https://www.trugreen.com/pga-tour | https://www.trugreen.com/products-and-services | https://www.trugreen.com/why-choose-trugreen/testimonials-and-ratings","","missing-main|internal-links-missing-from-sitemap|duplicate-title",""
"chromium","2026-08-28T21:08:04.938Z","prod-release-2-7-2026-08-28","1-500","","https://www.trugreen.com/lawn-care-101/blog/lawn-care-tips/how-to-plant-spring-bulbs-trufacts","https://www.trugreen.com/lawn-care-101/blog/lawn-care-tips/plant-this-now-may-edition","200","301:https://www.trugreen.com/lawn-care-101/blog/lawn-care-tips/how-to-plant-spring-bulbs-trufacts -> 200:https://www.trugreen.com/lawn-care-101/blog/lawn-care-tips/plant-this-now-may-edition","What to Plant in Garden | TruGreen","What to Plant in Garden | TruGreen","https://www.trugreen.com/lawn-care-101/blog/lawn-care-tips/plant-this-now-may-edition","1","https://www.trugreen.com/lawn-care-101/blog/lawn-care-tips/plant-this-now-may-edition","1","","200","https://www.trugreen.com/lawn-care-101/blog/lawn-care-tips/plant-this-now-may-edition","","","","0","1","What to Plant in a Garden: Seasonal and Monthly Guide","0","header|footer","jsonld:1;types:Article;invalid:0;missing:jsonld_0_missing_@context","0","0","46","11","https://www.trugreen.com/blog/DIY-&-Curb-Appeal-Tips/front-yard-landscaping-ideas-for-springtime | https://www.trugreen.com/lawn-care-101 | https://www.trugreen.com/lawn-care-101/blog?topic=Beyond+the+Lawn | https://www.trugreen.com/lawn-care-101/blog?type=Blog | https://www.trugreen.com/lawn-care-101/learning-center | https://www.trugreen.com/newsroom | https://www.trugreen.com/pay-your-bill | https://www.trugreen.com/pests-products-and-services | https://www.trugreen.com/pga-tour | https://www.trugreen.com/products-and-services | https://www.trugreen.com/why-choose-trugreen/testimonials-and-ratings","","missing-main|internal-links-missing-from-sitemap|duplicate-title",""
"chromium","2026-08-28T21:08:04.938Z","prod-release-2-7-2026-08-28","1-500","","https://www.trugreen.com/lawn-care-101/blog/lawn-care-tips/how-to-spot-and-control-red-thread-lawn-disease","https://www.trugreen.com/lawn-care-101/lawn-care-guides/complete-lawn-fungus-guide","200","301:https://www.trugreen.com/lawn-care-101/blog/lawn-care-tips/how-to-spot-and-control-red-thread-lawn-disease -> 200:https://www.trugreen.com/lawn-care-101/lawn-care-guides/complete-lawn-fungus-guide","Fungus Control Guide for Lawns | TruGreen","Fungus Control Guide for Lawns | TruGreen","https://www.trugreen.com/lawn-care-101/lawn-care-guides/complete-lawn-fungus-guide","1","https://www.trugreen.com/lawn-care-101/lawn-care-guides/complete-lawn-fungus-guide","1","","","https://www.trugreen.com/lawn-care-101/lawn-care-guides/complete-lawn-fungus-guide","","","","0","1","Complete Lawn Fungus and Lawn Disease Guide","0","header|nav|footer","jsonld:1;types:LawnCareGuide;invalid:0;missing:jsonld_0_missing_@context","0","0","46","15","https://www.trugreen.com/chat/organic-promo | https://www.trugreen.com/lawn-care-101 | https://www.trugreen.com/lawn-care-101/learning-center | https://www.trugreen.com/my-account/account-settings | https://www.trugreen.com/my-account/account-summary | https://www.trugreen.com/my-account/my-documents | https://www.trugreen.com/my-account/my-services | https://www.trugreen.com/my-account/payments | https://www.trugreen.com/newsroom | https://www.trugreen.com/pay-your-bill | https://www.trugreen.com/pests-products-and-services | https://www.trugreen.com/pga-tour | https://www.trugreen.com/products-and-services | https://www.trugreen.com/products-and-services/tree-and-shrub-service | https://www.trugreen.com/why-choose-trugreen/testimonials-and-ratings","","missing-main|internal-links-missing-from-sitemap|duplicate-title|canonical-target-invalid",""
"chromium","2026-08-28T21:08:04.938Z","prod-release-2-7-2026-08-28","1-500","","https://www.trugreen.com/lawn-care-101/blog/lawn-care-tips/how-trugreen-cares-for-a-major-league-ballpark","https://www.trugreen.com/lawn-care-101/blog","200","301:https://www.trugreen.com/lawn-care-101/blog/lawn-care-tips/how-trugreen-cares-for-a-major-league-ballpark -> 200:https://www.trugreen.com/lawn-care-101/blog","TruGreen Blog | TruGreen","TruGreen Blog | TruGreen","https://www.trugreen.com/lawn-care-101/blog","1","https://www.trugreen.com/lawn-care-101/blog","1","","200","https://www.trugreen.com/lawn-care-101/blog","","","","0","1","Looking for advice?Turn to the experts.","0","main|header|footer","jsonld:1;types:Blog|BreadcrumbList|CollectionPage;invalid:0;missing:","0","0","86","22","https://www.trugreen.com/lawn-care-101 | https://www.trugreen.com/lawn-care-101/blog/beyond-lawn/hosting-backyard-party | https://www.trugreen.com/lawn-care-101/blog/consistent-lawn-care | https://www.trugreen.com/lawn-care-101/blog/lawn-care/lawn-care-myths | https://www.trugreen.com/lawn-care-101/blog/lawn-care/lawn-care-vs-landscaping | https://www.trugreen.com/lawn-care-101/blog/lawn-care/lawn-mowing-spread-weeds | https://www.trugreen.com/lawn-care-101/blog/lawn-care/what-lawn-need-thrive | https://www.trugreen.com/lawn-care-101/blog/lawn-care/what-my-lawn-need | https://www.trugreen.com/lawn-care-101/blog/lawn-care/when-aerate-and-overseed-northeast | https://www.trugreen.com/lawn-care-101/blog/lawn-damage/lawn-care-signs-stress | https://www.trugreen.com/lawn-care-101/blog/pest-control/how-control-fleas-yard | https://www.trugreen.com/lawn-care-101/blog/tree-shrub-care/tree-disease-treatment | https://www.trugreen.com/lawn-care-101/blog/weed-control/control-wild-violets | https://www.trugreen.com/lawn-care-101/blog/weed-control/how-control-clover-lawn | https://www.trugreen.com/lawn-care-101/blog/weed-control/weeds-from-coming-back | https://www.trugreen.com/lawn-care-101/learning-center | https://www.trugreen.com/newsroom | https://www.trugreen.com/pay-your-bill | https://www.trugreen.com/pests-products-and-services | https://www.trugreen.com/pga-tour | https://www.trugreen.com/products-and-services | https://www.trugreen.com/why-choose-trugreen/testimonials-and-ratings","","internal-links-missing-from-sitemap|duplicate-title",""
"chromium","2026-08-28T21:08:04.938Z","prod-release-2-7-2026-08-28","1-500","","https://www.trugreen.com/lawn-care-101/blog/lawn-care-tips/how-winter-impacts-your-spring-lawn","https://www.trugreen.com/lawn-care-101/blog/lawn-care-tips/tips-to-protect-your-yard-this-winter","200","301:https://www.trugreen.com/lawn-care-101/blog/lawn-care-tips/how-winter-impacts-your-spring-lawn -> 200:https://www.trugreen.com/lawn-care-101/blog/lawn-care-tips/tips-to-protect-your-yard-this-winter","Winterize Lawn | TruGreen","Winterize Lawn | TruGreen","https://www.trugreen.com/lawn-care-101/blog/lawn-care-tips/tips-to-protect-your-yard-this-winter","1","https://www.trugreen.com/lawn-care-101/blog/lawn-care-tips/tips-to-protect-your-yard-this-winter","1","","200","https://www.trugreen.com/lawn-care-101/blog/lawn-care-tips/tips-to-protect-your-yard-this-winter","","","","0","1","How to Winterize Your Yard: Essential Lawn Protection Tips","0","header|nav|footer","jsonld:1;types:Article;invalid:0;missing:jsonld_0_missing_@context","0","0","47","11","https://www.trugreen.com/lawn-care-101 | https://www.trugreen.com/lawn-care-101/blog?topic=Lawn+Care | https://www.trugreen.com/lawn-care-101/blog?type=Blog | https://www.trugreen.com/lawn-care-101/learning-center | https://www.trugreen.com/my-account/account-summary | https://www.trugreen.com/newsroom | https://www.trugreen.com/pay-your-bill | https://www.trugreen.com/pests-products-and-services | https://www.trugreen.com/pga-tour | https://www.trugreen.com/products-and-services | https://www.trugreen.com/why-choose-trugreen/testimonials-and-ratings","","missing-main|internal-links-missing-from-sitemap|duplicate-title",""
"chromium","2026-08-28T21:08:04.938Z","prod-release-2-7-2026-08-28","1-500","","https://www.trugreen.com/lawn-care-101/blog/lawn-care-tips/introducing-perimeter-pest","https://www.trugreen.com/products-and-services/trubarrier-perimeter-pest-control","200","301:https://www.trugreen.com/lawn-care-101/blog/lawn-care-tips/introducing-perimeter-pest -> 200:https://www.trugreen.com/products-and-services/trubarrier-perimeter-pest-control","TruBarrier: Perimeter pest control for your home | TruGreen","TruBarrier: Perimeter pest control for your home | TruGreen","https://www.trugreen.com/products-and-services/trubarrier-perimeter-pest-control","1","https://www.trugreen.com/products-and-services/trubarrier-perimeter-pest-control","1","","200","https://www.trugreen.com/products-and-services/trubarrier-perimeter-pest-control","","","","0","1","TruBarrier℠ Perimeter Pest Control","0","main|header|footer","jsonld:1;types:Service;invalid:0;missing:","0","0","44","8","https://www.trugreen.com/lawn-care-101 | https://www.trugreen.com/lawn-care-101/learning-center | https://www.trugreen.com/newsroom | https://www.trugreen.com/pay-your-bill | https://www.trugreen.com/pests-products-and-services | https://www.trugreen.com/pga-tour | https://www.trugreen.com/products-and-services | https://www.trugreen.com/why-choose-trugreen/testimonials-and-ratings","","internal-links-missing-from-sitemap|duplicate-title",""
"chromium","2026-08-28T21:08:04.938Z","prod-release-2-7-2026-08-28","1-500","","https://www.trugreen.com/lawn-care-101/blog/lawn-care-tips/is-snow-mold-a-threat-to-my-lawn","https://www.trugreen.com/lawn-care-101/blog/lawn-care-tips/tips-to-protect-your-yard-this-winter","200","301:https://www.trugreen.com/lawn-care-101/blog/lawn-care-tips/is-snow-mold-a-threat-to-my-lawn -> 200:https://www.trugreen.com/lawn-care-101/blog/lawn-care-tips/tips-to-protect-your-yard-this-winter","Winterize Lawn | TruGreen","Winterize Lawn | TruGreen","https://www.trugreen.com/lawn-care-101/blog/lawn-care-tips/tips-to-protect-your-yard-this-winter","1","https://www.trugreen.com/lawn-care-101/blog/lawn-care-tips/tips-to-protect-your-yard-this-winter","1","","200","https://www.trugreen.com/lawn-care-101/blog/lawn-care-tips/tips-to-protect-your-yard-this-winter","","","","0","1","How to Winterize Your Yard: Essential Lawn Protection Tips","0","header|nav|footer","jsonld:1;types:Article;invalid:0;missing:jsonld_0_missing_@context","0","0","47","11","https://www.trugreen.com/lawn-care-101 | https://www.trugreen.com/lawn-care-101/blog?topic=Lawn+Care | https://www.trugreen.com/lawn-care-101/blog?type=Blog | https://www.trugreen.com/lawn-care-101/learning-center | https://www.trugreen.com/my-account/account-summary | https://www.trugreen.com/newsroom | https://www.trugreen.com/pay-your-bill | https://www.trugreen.com/pests-products-and-services | https://www.trugreen.com/pga-tour | https://www.trugreen.com/products-and-services | https://www.trugreen.com/why-choose-trugreen/testimonials-and-ratings","","missing-main|internal-links-missing-from-sitemap|duplicate-title",""
"chromium","2026-08-28T21:08:04.938Z","prod-release-2-7-2026-08-28","1-500","","https://www.trugreen.com/lawn-care-101/blog/lawn-care-tips/is-that-spot-in-my-yard-some-sort-of-lawn-fungus","https://www.trugreen.com/lawn-care-101/lawn-care-guides/complete-lawn-fungus-guide","200","301:https://www.trugreen.com/lawn-care-101/blog/lawn-care-tips/is-that-spot-in-my-yard-some-sort-of-lawn-fungus -> 200:https://www.trugreen.com/lawn-care-101/lawn-care-guides/complete-lawn-fungus-guide","Fungus Control Guide for Lawns | TruGreen","Fungus Control Guide for Lawns | TruGreen","https://www.trugreen.com/lawn-care-101/lawn-care-guides/complete-lawn-fungus-guide","1","https://www.trugreen.com/lawn-care-101/lawn-care-guides/complete-lawn-fungus-guide","1","","","https://www.trugreen.com/lawn-care-101/lawn-care-guides/complete-lawn-fungus-guide","","","","0","1","Complete Lawn Fungus and Lawn Disease Guide","0","header|nav|footer","jsonld:1;types:LawnCareGuide;invalid:0;missing:jsonld_0_missing_@context","0","0","46","15","https://www.trugreen.com/chat/organic-promo | https://www.trugreen.com/lawn-care-101 | https://www.trugreen.com/lawn-care-101/learning-center | https://www.trugreen.com/my-account/account-settings | https://www.trugreen.com/my-account/account-summary | https://www.trugreen.com/my-account/my-documents | https://www.trugreen.com/my-account/my-services | https://www.trugreen.com/my-account/payments | https://www.trugreen.com/newsroom | https://www.trugreen.com/pay-your-bill | https://www.trugreen.com/pests-products-and-services | https://www.trugreen.com/pga-tour | https://www.trugreen.com/products-and-services | https://www.trugreen.com/products-and-services/tree-and-shrub-service | https://www.trugreen.com/why-choose-trugreen/testimonials-and-ratings","","missing-main|internal-links-missing-from-sitemap|duplicate-title|canonical-target-invalid",""
"chromium","2026-08-28T21:08:04.938Z","prod-release-2-7-2026-08-28","1-500","","https://www.trugreen.com/lawn-care-101/blog/lawn-care-tips/it-better-rake-or-mulch-your-leaves","https://www.trugreen.com/lawn-care-101/blog/lawn-care-tips/it-better-rake-or-mulch-your-leaves","200","200:https://www.trugreen.com/lawn-care-101/blog/lawn-care-tips/it-better-rake-or-mulch-your-leaves","Mowing Leaves | TruGreen","Mowing Leaves | TruGreen","https://www.trugreen.com/lawn-care-101/blog/lawn-care-tips/it-better-rake-or-mulch-your-leaves","1","https://www.trugreen.com/lawn-care-101/blog/lawn-care-tips/it-better-rake-or-mulch-your-leaves","1","","200","https://www.trugreen.com/lawn-care-101/blog/lawn-care-tips/it-better-rake-or-mulch-your-leaves","","","","0","1","Mowing Leaves: Should You Mulch or Rake for a Healthier Lawn?","0","header|footer","jsonld:1;types:Article;invalid:0;missing:jsonld_0_missing_@context","0","0","45","10","https://www.trugreen.com/lawn-care-101 | https://www.trugreen.com/lawn-care-101/blog?topic=Lawn+Care | https://www.trugreen.com/lawn-care-101/blog?type=Blog | https://www.trugreen.com/lawn-care-101/learning-center | https://www.trugreen.com/newsroom | https://www.trugreen.com/pay-your-bill | https://www.trugreen.com/pests-products-and-services | https://www.trugreen.com/pga-tour | https://www.trugreen.com/products-and-services | https://www.trugreen.com/why-choose-trugreen/testimonials-and-ratings","","missing-main|internal-links-missing-from-sitemap|duplicate-title",""
"chromium","2026-08-28T21:08:04.938Z","prod-release-2-7-2026-08-28","1-500","","https://www.trugreen.com/lawn-care-101/blog/lawn-care-tips/it-better-rake-or-mulch-your-leaves-1","https://www.trugreen.com/lawn-care-101/blog/lawn-care-tips/it-better-rake-or-mulch-your-leaves","200","301:https://www.trugreen.com/lawn-care-101/blog/lawn-care-tips/it-better-rake-or-mulch-your-leaves-1 -> 200:https://www.trugreen.com/lawn-care-101/blog/lawn-care-tips/it-better-rake-or-mulch-your-leaves","Mowing Leaves | TruGreen","Mowing Leaves | TruGreen","https://www.trugreen.com/lawn-care-101/blog/lawn-care-tips/it-better-rake-or-mulch-your-leaves","1","https://www.trugreen.com/lawn-care-101/blog/lawn-care-tips/it-better-rake-or-mulch-your-leaves","1","","200","https://www.trugreen.com/lawn-care-101/blog/lawn-care-tips/it-better-rake-or-mulch-your-leaves","","","","0","1","Mowing Leaves: Should You Mulch or Rake for a Healthier Lawn?","0","header|footer","jsonld:1;types:Article;invalid:0;missing:jsonld_0_missing_@context","0","0","45","10","https://www.trugreen.com/lawn-care-101 | https://www.trugreen.com/lawn-care-101/blog?topic=Lawn+Care | https://www.trugreen.com/lawn-care-101/blog?type=Blog | https://www.trugreen.com/lawn-care-101/learning-center | https://www.trugreen.com/newsroom | https://www.trugreen.com/pay-your-bill | https://www.trugreen.com/pests-products-and-services | https://www.trugreen.com/pga-tour | https://www.trugreen.com/products-and-services | https://www.trugreen.com/why-choose-trugreen/testimonials-and-ratings","","missing-main|internal-links-missing-from-sitemap|duplicate-title",""
"chromium","2026-08-28T21:08:04.938Z","prod-release-2-7-2026-08-28","1-500","","https://www.trugreen.com/lawn-care-101/blog/lawn-care-tips/keep-bugs-away-your-outdoor-wedding","https://www.trugreen.com/products-and-services/trubarrier-perimeter-pest-control","200","301:https://www.trugreen.com/lawn-care-101/blog/lawn-care-tips/keep-bugs-away-your-outdoor-wedding -> 200:https://www.trugreen.com/products-and-services/trubarrier-perimeter-pest-control","TruBarrier: Perimeter pest control for your home | TruGreen","TruBarrier: Perimeter pest control for your home | TruGreen","https://www.trugreen.com/products-and-services/trubarrier-perimeter-pest-control","1","https://www.trugreen.com/products-and-services/trubarrier-perimeter-pest-control","1","","200","https://www.trugreen.com/products-and-services/trubarrier-perimeter-pest-control","","","","0","1","TruBarrier℠ Perimeter Pest Control","0","main|header|footer","jsonld:1;types:Service;invalid:0;missing:","0","0","44","8","https://www.trugreen.com/lawn-care-101 | https://www.trugreen.com/lawn-care-101/learning-center | https://www.trugreen.com/newsroom | https://www.trugreen.com/pay-your-bill | https://www.trugreen.com/pests-products-and-services | https://www.trugreen.com/pga-tour | https://www.trugreen.com/products-and-services | https://www.trugreen.com/why-choose-trugreen/testimonials-and-ratings","","internal-links-missing-from-sitemap|duplicate-title",""
"chromium","2026-08-28T21:08:04.938Z","prod-release-2-7-2026-08-28","1-500","","https://www.trugreen.com/lawn-care-101/blog/lawn-care-tips/keep-summer-crabgrass-under-control","https://www.trugreen.com/lawn-care-101/blog/lawn-care-tips/keep-summer-crabgrass-under-control","200","200:https://www.trugreen.com/lawn-care-101/blog/lawn-care-tips/keep-summer-crabgrass-under-control","Summer Crabgrass | TruGreen","Summer Crabgrass | TruGreen","https://www.trugreen.com/lawn-care-101/blog/lawn-care-tips/keep-summer-crabgrass-under-control","1","https://www.trugreen.com/lawn-care-101/blog/lawn-care-tips/keep-summer-crabgrass-under-control","1","","200","https://www.trugreen.com/lawn-care-101/blog/lawn-care-tips/keep-summer-crabgrass-under-control","","","","0","1","Keep Summer Crabgrass Under Control","0","header|nav|footer","jsonld:1;types:Article;invalid:0;missing:jsonld_0_missing_@context","0","0","56","18","https://www.trugreen.com/Blog/Lawn-Care-Tips/complete-guide-to-summer-lawn-care | https://www.trugreen.com/lawn-care-101 | https://www.trugreen.com/lawn-care-101/blog?topic=Weed+Control | https://www.trugreen.com/lawn-care-101/blog?type=Blog | https://www.trugreen.com/lawn-care-101/blog/weed-control/control-wild-violets | https://www.trugreen.com/lawn-care-101/blog/weed-control/how-control-clover-lawn | https://www.trugreen.com/lawn-care-101/learning-center | https://www.trugreen.com/my-account/account-settings | https://www.trugreen.com/my-account/account-summary | https://www.trugreen.com/my-account/my-documents | https://www.trugreen.com/my-account/my-services | https://www.trugreen.com/my-account/payments | https://www.trugreen.com/newsroom | https://www.trugreen.com/pay-your-bill | https://www.trugreen.com/pests-products-and-services | https://www.trugreen.com/pga-tour | https://www.trugreen.com/products-and-services | https://www.trugreen.com/why-choose-trugreen/testimonials-and-ratings","","missing-main|internal-links-missing-from-sitemap|duplicate-title",""
"chromium","2026-08-28T21:08:04.938Z","prod-release-2-7-2026-08-28","1-500","","https://www.trugreen.com/lawn-care-101/blog/lawn-care-tips/lawn-aeration-core-aeration","https://www.trugreen.com/lawn-care-101/blog/aeration-service/what-to-expect-with-lawn-aeration-services","200","301:https://www.trugreen.com/lawn-care-101/blog/lawn-care-tips/lawn-aeration-core-aeration -> 200:https://www.trugreen.com/lawn-care-101/blog/aeration-service/what-to-expect-with-lawn-aeration-services","What to Expect With Lawn Aeration Services | TruGreen","What to Expect With Lawn Aeration Services | TruGreen","https://www.trugreen.com/lawn-care-101/blog/aeration-service/what-to-expect-with-lawn-aeration-services","1","https://www.trugreen.com/lawn-care-101/blog/aeration-service/what-to-expect-with-lawn-aeration-services","1","","200","https://www.trugreen.com/lawn-care-101/blog/aeration-service/what-to-expect-with-lawn-aeration-services","","","","0","1","What to Expect When You Aerate with TruGreen","0","header|nav|footer","jsonld:1;types:Article;invalid:0;missing:jsonld_0_missing_@context","0","0","49","18","https://www.trugreen.com/lawn-care-101 | https://www.trugreen.com/lawn-care-101/blog?topic=Lawn+Care | https://www.trugreen.com/lawn-care-101/blog?type=Blog | https://www.trugreen.com/lawn-care-101/blog/lawn-care/lawn-care-myths | https://www.trugreen.com/lawn-care-101/blog/lawn-care/lawn-care-vs-landscaping | https://www.trugreen.com/lawn-care-101/blog/lawn-care/lawn-mowing-spread-weeds | https://www.trugreen.com/lawn-care-101/learning-center | https://www.trugreen.com/my-account/account-settings | https://www.trugreen.com/my-account/account-summary | https://www.trugreen.com/my-account/my-documents | https://www.trugreen.com/my-account/my-services | https://www.trugreen.com/my-account/payments | https://www.trugreen.com/newsroom | https://www.trugreen.com/pay-your-bill | https://www.trugreen.com/pests-products-and-services | https://www.trugreen.com/pga-tour | https://www.trugreen.com/products-and-services | https://www.trugreen.com/why-choose-trugreen/testimonials-and-ratings","","missing-main|internal-links-missing-from-sitemap|duplicate-title",""
"chromium","2026-08-28T21:08:04.938Z","prod-release-2-7-2026-08-28","1-500","","https://www.trugreen.com/lawn-care-101/blog/lawn-care-tips/lawn-aeration-fall-aeration","https://www.trugreen.com/lawn-care-101/blog/lawn-care-tips/lawn-aeration-fall-aeration","200","200:https://www.trugreen.com/lawn-care-101/blog/lawn-care-tips/lawn-aeration-fall-aeration","Fall Lawn Aeration | TruGreen","Fall Lawn Aeration | TruGreen","https://www.trugreen.com/lawn-care-101/blog/lawn-care-tips/lawn-aeration-fall-aeration","1","https://www.trugreen.com/lawn-care-101/blog/lawn-care-tips/lawn-aeration-fall-aeration","1","","200","https://www.trugreen.com/lawn-care-101/blog/lawn-care-tips/lawn-aeration-fall-aeration","","","","0","1","The Ultimate Guide to Fall Lawn Aeration","0","header|nav|footer","jsonld:1;types:Article;invalid:0;missing:jsonld_0_missing_@context","0","0","50","11","https://www.trugreen.com/lawn-care-101 | https://www.trugreen.com/lawn-care-101/blog?topic=Lawn+Care | https://www.trugreen.com/lawn-care-101/blog?type=Blog | https://www.trugreen.com/lawn-care-101/learning-center | https://www.trugreen.com/my-account/account-summary | https://www.trugreen.com/newsroom | https://www.trugreen.com/pay-your-bill | https://www.trugreen.com/pests-products-and-services | https://www.trugreen.com/pga-tour | https://www.trugreen.com/products-and-services | https://www.trugreen.com/why-choose-trugreen/testimonials-and-ratings","","missing-main|internal-links-missing-from-sitemap",""
"chromium","2026-08-28T21:08:04.938Z","prod-release-2-7-2026-08-28","1-500","","https://www.trugreen.com/lawn-care-101/blog/lawn-care-tips/lawn-care-after-winter-4-steps-revive-your-grass","https://www.trugreen.com/lawn-care-101/blog/lawn-care-tips/lawn-care-after-winter-4-steps-revive-your-grass","200","200:https://www.trugreen.com/lawn-care-101/blog/lawn-care-tips/lawn-care-after-winter-4-steps-revive-your-grass","4 Tips to Get a Green Lawn after Winter | TruGreen","4 Tips to Get a Green Lawn after Winter | TruGreen","https://www.trugreen.com/lawn-care-101/blog/lawn-care-tips/lawn-care-after-winter-4-steps-revive-your-grass","1","https://www.trugreen.com/lawn-care-101/blog/lawn-care-tips/lawn-care-after-winter-4-steps-revive-your-grass","1","","200","https://www.trugreen.com/lawn-care-101/blog/lawn-care-tips/lawn-care-after-winter-4-steps-revive-your-grass","","","","0","1","Lawn Care After Winter: 4 Steps to Revive Your Grass","0","header|footer","jsonld:1;types:Article;invalid:0;missing:jsonld_0_missing_@context","0","0","50","10","https://www.trugreen.com/chat/organic-promo | https://www.trugreen.com/lawn-care-101 | https://www.trugreen.com/lawn-care-101/blog?topic=Lawn+Care+Tips | https://www.trugreen.com/lawn-care-101/blog?type=Blog | https://www.trugreen.com/lawn-care-101/learning-center | https://www.trugreen.com/newsroom | https://www.trugreen.com/pay-your-bill | https://www.trugreen.com/pests-products-and-services | https://www.trugreen.com/pga-tour | https://www.trugreen.com/products-and-services","","missing-main|internal-links-missing-from-sitemap|duplicate-title",""
"chromium","2026-08-28T21:08:04.938Z","prod-release-2-7-2026-08-28","1-500","","https://www.trugreen.com/lawn-care-101/blog/lawn-care-tips/lawn-care-after-winter-5-steps-revive-your-grass","https://www.trugreen.com/lawn-care-101/blog/lawn-care-tips/lawn-care-after-winter-5-steps-revive-your-grass","200","200:https://www.trugreen.com/lawn-care-101/blog/lawn-care-tips/lawn-care-after-winter-5-steps-revive-your-grass","4 Tips to Get a Green Lawn after Winter | TruGreen","4 Tips to Get a Green Lawn after Winter | TruGreen","https://www.trugreen.com/lawn-care-101/blog/lawn-care-tips/lawn-care-after-winter-5-steps-revive-your-grass","1","https://www.trugreen.com/lawn-care-101/blog/lawn-care-tips/lawn-care-after-winter-5-steps-revive-your-grass","1","","200","https://www.trugreen.com/lawn-care-101/blog/lawn-care-tips/lawn-care-after-winter-5-steps-revive-your-grass","","","","0","1","Lawn Care After Winter: 5 Steps to Revive Your Grass","0","header|footer","jsonld:1;types:Article;invalid:0;missing:jsonld_0_missing_@context","0","0","50","10","https://www.trugreen.com/chat/organic-promo | https://www.trugreen.com/lawn-care-101 | https://www.trugreen.com/lawn-care-101/blog?topic=Lawn+Care+Tips | https://www.trugreen.com/lawn-care-101/blog?type=Blog | https://www.trugreen.com/lawn-care-101/learning-center | https://www.trugreen.com/newsroom | https://www.trugreen.com/pay-your-bill | https://www.trugreen.com/pests-products-and-services | https://www.trugreen.com/pga-tour | https://www.trugreen.com/products-and-services","","missing-main|internal-links-missing-from-sitemap|duplicate-title",""
"chromium","2026-08-28T21:08:04.938Z","prod-release-2-7-2026-08-28","1-500","","https://www.trugreen.com/lawn-care-101/blog/lawn-care-tips/lawn-care-and-you-protect-your-lawn-for-winter","https://www.trugreen.com/lawn-care-101/blog/lawn-care-tips/tips-to-protect-your-yard-this-winter","200","301:https://www.trugreen.com/lawn-care-101/blog/lawn-care-tips/lawn-care-and-you-protect-your-lawn-for-winter -> 200:https://www.trugreen.com/lawn-care-101/blog/lawn-care-tips/tips-to-protect-your-yard-this-winter","Winterize Lawn | TruGreen","Winterize Lawn | TruGreen","https://www.trugreen.com/lawn-care-101/blog/lawn-care-tips/tips-to-protect-your-yard-this-winter","1","https://www.trugreen.com/lawn-care-101/blog/lawn-care-tips/tips-to-protect-your-yard-this-winter","1","","200","https://www.trugreen.com/lawn-care-101/blog/lawn-care-tips/tips-to-protect-your-yard-this-winter","","","","0","1","How to Winterize Your Yard: Essential Lawn Protection Tips","0","header|nav|footer","jsonld:1;types:Article;invalid:0;missing:jsonld_0_missing_@context","0","0","47","11","https://www.trugreen.com/lawn-care-101 | https://www.trugreen.com/lawn-care-101/blog?topic=Lawn+Care | https://www.trugreen.com/lawn-care-101/blog?type=Blog | https://www.trugreen.com/lawn-care-101/learning-center | https://www.trugreen.com/my-account/account-summary | https://www.trugreen.com/newsroom | https://www.trugreen.com/pay-your-bill | https://www.trugreen.com/pests-products-and-services | https://www.trugreen.com/pga-tour | https://www.trugreen.com/products-and-services | https://www.trugreen.com/why-choose-trugreen/testimonials-and-ratings","","missing-main|internal-links-missing-from-sitemap|duplicate-title",""
"chromium","2026-08-28T21:08:04.938Z","prod-release-2-7-2026-08-28","1-500","","https://www.trugreen.com/lawn-care-101/blog/lawn-care-tips/lawn-care-basics-chinch-bugs","https://www.trugreen.com/lawn-care-101/blog/lawn-care-tips/lawn-care-basics-chinch-bugs","200","200:https://www.trugreen.com/lawn-care-101/blog/lawn-care-tips/lawn-care-basics-chinch-bugs","Chinch Bugs in Lawn | TruGreen","Chinch Bugs in Lawn | TruGreen","https://www.trugreen.com/lawn-care-101/blog/lawn-care-tips/lawn-care-basics-chinch-bugs","1","https://www.trugreen.com/lawn-care-101/blog/lawn-care-tips/lawn-care-basics-chinch-bugs","1","","200","https://www.trugreen.com/lawn-care-101/blog/lawn-care-tips/lawn-care-basics-chinch-bugs","","","","0","1","Chinch Bugs in Your Lawn: How to Identify and Get Rid of Them","0","header|nav|footer","jsonld:1;types:Article;invalid:0;missing:jsonld_0_missing_@context","0","0","50","12","https://www.trugreen.com/lawn-care-101 | https://www.trugreen.com/lawn-care-101/blog?topic=Pest+Control | https://www.trugreen.com/lawn-care-101/blog?type=Blog | https://www.trugreen.com/lawn-care-101/learning-center | https://www.trugreen.com/my-account/account-summary | https://www.trugreen.com/newsroom | https://www.trugreen.com/pay-your-bill | https://www.trugreen.com/pest-control/blog/how-get-rid-mosquitoes-your-yard | https://www.trugreen.com/pests-products-and-services | https://www.trugreen.com/pga-tour | https://www.trugreen.com/products-and-services | https://www.trugreen.com/why-choose-trugreen/testimonials-and-ratings","","missing-main|internal-links-missing-from-sitemap",""
"chromium","2026-08-28T21:08:04.938Z","prod-release-2-7-2026-08-28","1-500","","https://www.trugreen.com/lawn-care-101/blog/lawn-care-tips/lawn-care-beginners","https://www.trugreen.com/lawn-care-101/blog/lawn-care-tips/lawn-care-beginners","200","200:https://www.trugreen.com/lawn-care-101/blog/lawn-care-tips/lawn-care-beginners","Lawn Care for Beginners | TruGreen","Lawn Care for Beginners | TruGreen","https://www.trugreen.com/lawn-care-101/blog/lawn-care-tips/lawn-care-beginners","1","https://www.trugreen.com/lawn-care-101/blog/lawn-care-tips/lawn-care-beginners","1","","200","https://www.trugreen.com/lawn-care-101/blog/lawn-care-tips/lawn-care-beginners","","","","0","1","How To Achieve a Healthy Lawn: A Step-by-Step Guide to Lawn Care for Beginners","0","header|footer","jsonld:1;types:Article;invalid:0;missing:jsonld_0_missing_@context","0","0","48","10","https://www.trugreen.com/lawn-care-101 | https://www.trugreen.com/lawn-care-101/blog?topic=DIY | https://www.trugreen.com/lawn-care-101/blog?type=Blog | https://www.trugreen.com/lawn-care-101/learning-center | https://www.trugreen.com/newsroom | https://www.trugreen.com/pay-your-bill | https://www.trugreen.com/pests-products-and-services | https://www.trugreen.com/pga-tour | https://www.trugreen.com/products-and-services | https://www.trugreen.com/why-choose-trugreen/testimonials-and-ratings","","missing-main|internal-links-missing-from-sitemap",""
"chromium","2026-08-28T21:08:04.938Z","prod-release-2-7-2026-08-28","1-500","","https://www.trugreen.com/lawn-care-101/blog/lawn-care-tips/lawn-care-service-healthy-lawn-trugreen","https://www.trugreen.com/lawn-care-101/blog/trugreen-lawn-care-services/the-healthy-lawn-guarantee-from-trugreen","200","301:https://www.trugreen.com/lawn-care-101/blog/lawn-care-tips/lawn-care-service-healthy-lawn-trugreen -> 200:https://www.trugreen.com/lawn-care-101/blog/trugreen-lawn-care-services/the-healthy-lawn-guarantee-from-trugreen","The TruGreen Guarantee | TruGreen","The TruGreen Guarantee | TruGreen","https://www.trugreen.com/lawn-care-101/blog/trugreen-lawn-care-services/the-healthy-lawn-guarantee-from-trugreen","1","https://www.trugreen.com/lawn-care-101/blog/trugreen-lawn-care-services/the-healthy-lawn-guarantee-from-trugreen","1","","","https://www.trugreen.com/lawn-care-101/blog/trugreen-lawn-care-services/the-healthy-lawn-guarantee-from-trugreen","","","","0","1","Why a TruGreen Lawn Specialist Is the Key to a Healthier Lawn","0","header|nav|footer","jsonld:1;types:Article;invalid:0;missing:jsonld_0_missing_@context","0","0","47","11","https://www.trugreen.com/lawn-care-101 | https://www.trugreen.com/lawn-care-101/blog?topic=Lawn+Care | https://www.trugreen.com/lawn-care-101/blog?type=Blog | https://www.trugreen.com/lawn-care-101/learning-center | https://www.trugreen.com/my-account/account-summary | https://www.trugreen.com/newsroom | https://www.trugreen.com/pay-your-bill | https://www.trugreen.com/pests-products-and-services | https://www.trugreen.com/pga-tour | https://www.trugreen.com/products-and-services | https://www.trugreen.com/why-choose-trugreen/testimonials-and-ratings","","missing-main|internal-links-missing-from-sitemap|duplicate-title|canonical-target-invalid",""
"chromium","2026-08-28T21:08:04.938Z","prod-release-2-7-2026-08-28","1-500","","https://www.trugreen.com/lawn-care-101/blog/lawn-care-tips/lawn-care-tips-for-backyard-entertainment-for-fall","https://www.trugreen.com/lawn-care-101/blog/lawn-care-tips/fall-in-love-with-lawn-maintenance-tips-and-tricks","200","301:https://www.trugreen.com/lawn-care-101/blog/lawn-care-tips/lawn-care-tips-for-backyard-entertainment-for-fall -> 200:https://www.trugreen.com/lawn-care-101/blog/lawn-care-tips/fall-in-love-with-lawn-maintenance-tips-and-tricks","Fall in Love with Lawn Maintenance | TruGreen","Fall in Love with Lawn Maintenance | TruGreen","https://www.trugreen.com/lawn-care-101/blog/lawn-care-tips/fall-in-love-with-lawn-maintenance-tips-and-tricks","1","https://www.trugreen.com/lawn-care-101/blog/lawn-care-tips/fall-in-love-with-lawn-maintenance-tips-and-tricks","1","","200","https://www.trugreen.com/lawn-care-101/blog/lawn-care-tips/fall-in-love-with-lawn-maintenance-tips-and-tricks","","","","0","1","Essential Fall Lawn Tips for a Healthier Yard Next Spring","0","header|footer","jsonld:1;types:Article;invalid:0;missing:jsonld_0_missing_@context","0","0","47","10","https://www.trugreen.com/lawn-care-101 | https://www.trugreen.com/lawn-care-101/blog?topic=Lawn+Care | https://www.trugreen.com/lawn-care-101/blog?type=Blog | https://www.trugreen.com/lawn-care-101/learning-center | https://www.trugreen.com/newsroom | https://www.trugreen.com/pay-your-bill | https://www.trugreen.com/pests-products-and-services | https://www.trugreen.com/pga-tour | https://www.trugreen.com/products-and-services | https://www.trugreen.com/why-choose-trugreen/testimonials-and-ratings","","missing-main|internal-links-missing-from-sitemap|duplicate-title",""
"chromium","2026-08-28T21:08:04.938Z","prod-release-2-7-2026-08-28","1-500","","https://www.trugreen.com/lawn-care-101/blog/lawn-care-tips/lawn-care-watering-and-maintaining-a-healthy%2C-gree","https://www.trugreen.com/lawn-care-101/blog/lawn-care-tips/lawn-watering-guide","200","301:https://www.trugreen.com/lawn-care-101/blog/lawn-care-tips/lawn-care-watering-and-maintaining-a-healthy%2C-gree -> 200:https://www.trugreen.com/lawn-care-101/blog/lawn-care-tips/lawn-watering-guide","The Ultimate Guide to Lawn Watering | TruGreen","The Ultimate Guide to Lawn Watering | TruGreen","https://www.trugreen.com/lawn-care-101/blog/lawn-care-tips/lawn-watering-guide","1","https://www.trugreen.com/lawn-care-101/blog/lawn-care-tips/lawn-watering-guide","1","","200","https://www.trugreen.com/lawn-care-101/blog/lawn-care-tips/lawn-watering-guide","","","","0","1","The Ultimate Guide to Lawn Watering","0","header|nav|footer","jsonld:1;types:Article;invalid:0;missing:jsonld_0_missing_@context","0","0","49","18","https://www.trugreen.com/lawn-care-101 | https://www.trugreen.com/lawn-care-101/blog?topic=Lawn+Care | https://www.trugreen.com/lawn-care-101/blog?type=Blog | https://www.trugreen.com/lawn-care-101/blog/lawn-care/lawn-care-myths | https://www.trugreen.com/lawn-care-101/blog/lawn-care/lawn-care-vs-landscaping | https://www.trugreen.com/lawn-care-101/blog/lawn-care/lawn-mowing-spread-weeds | https://www.trugreen.com/lawn-care-101/learning-center | https://www.trugreen.com/my-account/account-settings | https://www.trugreen.com/my-account/account-summary | https://www.trugreen.com/my-account/my-documents | https://www.trugreen.com/my-account/my-services | https://www.trugreen.com/my-account/payments | https://www.trugreen.com/newsroom | https://www.trugreen.com/pay-your-bill | https://www.trugreen.com/pests-products-and-services | https://www.trugreen.com/pga-tour | https://www.trugreen.com/products-and-services | https://www.trugreen.com/why-choose-trugreen/testimonials-and-ratings","","missing-main|internal-links-missing-from-sitemap|duplicate-title",""
"chromium","2026-08-28T21:08:04.938Z","prod-release-2-7-2026-08-28","1-500","","https://www.trugreen.com/lawn-care-101/blog/lawn-care-tips/lawn-disease-brown-patch-dollar-spot-rust","https://www.trugreen.com/lawn-care-101/learning-center","200","301:https://www.trugreen.com/lawn-care-101/blog/lawn-care-tips/lawn-disease-brown-patch-dollar-spot-rust -> 200:https://www.trugreen.com/lawn-care-101/learning-center","Learning Center Page | TruGreen","Learning Center Page | TruGreen","https://www.trugreen.com/","1","https://www.trugreen.com/","1","","200","https://www.trugreen.com/","","","","0","0","","0","main|header|footer","jsonld:1;types:BreadcrumbList|ItemList|WebPage;invalid:0;missing:","0","0","41","8","https://www.trugreen.com/lawn-care-101 | https://www.trugreen.com/lawn-care-101/learning-center | https://www.trugreen.com/newsroom | https://www.trugreen.com/pay-your-bill | https://www.trugreen.com/pests-products-and-services | https://www.trugreen.com/pga-tour | https://www.trugreen.com/products-and-services | https://www.trugreen.com/why-choose-trugreen/testimonials-and-ratings","","missing-h1|internal-links-missing-from-sitemap",""
"chromium","2026-08-28T21:08:04.938Z","prod-release-2-7-2026-08-28","1-500","","https://www.trugreen.com/lawn-care-101/blog/lawn-care-tips/lawn-diseases-identification-prevention-and-treatment","https://www.trugreen.com/lawn-care-101/blog/lawn-care-tips/lawn-diseases-identification-prevention-and-treatment","200","200:https://www.trugreen.com/lawn-care-101/blog/lawn-care-tips/lawn-diseases-identification-prevention-and-treatment","Lawn Diseases | TruGreen","Lawn Diseases | TruGreen","https://www.trugreen.com/lawn-care-101/blog/lawn-care-tips/lawn-diseases-identification-prevention-and-treatment","1","https://www.trugreen.com/lawn-care-101/blog/lawn-care-tips/lawn-diseases-identification-prevention-and-treatment","1","","200","https://www.trugreen.com/lawn-care-101/blog/lawn-care-tips/lawn-diseases-identification-prevention-and-treatment","","","","0","1","Lawn Diseases: Identification, Prevention and Treatment","0","header|nav|footer","jsonld:1;types:Article;invalid:0;missing:jsonld_0_missing_@context","0","0","61","16","https://www.trugreen.com/lawn-care-101 | https://www.trugreen.com/lawn-care-101/blog?topic=Lawn+Damage | https://www.trugreen.com/lawn-care-101/blog?type=Blog | https://www.trugreen.com/lawn-care-101/blog/lawn-damage/lawn-care-signs-stress | https://www.trugreen.com/lawn-care-101/learning-center | https://www.trugreen.com/my-account/account-settings | https://www.trugreen.com/my-account/account-summary | https://www.trugreen.com/my-account/my-documents | https://www.trugreen.com/my-account/my-services | https://www.trugreen.com/my-account/payments | https://www.trugreen.com/newsroom | https://www.trugreen.com/pay-your-bill | https://www.trugreen.com/pests-products-and-services | https://www.trugreen.com/pga-tour | https://www.trugreen.com/products-and-services | https://www.trugreen.com/why-choose-trugreen/testimonials-and-ratings","","missing-main|internal-links-missing-from-sitemap",""
"chromium","2026-08-28T21:08:04.938Z","prod-release-2-7-2026-08-28","1-500","","https://www.trugreen.com/lawn-care-101/blog/lawn-care-tips/lawn-maintenance-during-a-drought","https://www.trugreen.com/lawn-care-101/blog/lawn-care-tips/how-care-your-lawn-during-drought","200","301:https://www.trugreen.com/lawn-care-101/blog/lawn-care-tips/lawn-maintenance-during-a-drought -> 200:https://www.trugreen.com/lawn-care-101/blog/lawn-care-tips/how-care-your-lawn-during-drought","Drought-Stressed Lawn | TruGreen","Drought-Stressed Lawn | TruGreen","https://www.trugreen.com/lawn-care-101/blog/lawn-care-tips/how-care-your-lawn-during-drought","1","https://www.trugreen.com/lawn-care-101/blog/lawn-care-tips/how-care-your-lawn-during-drought","1","","200","https://www.trugreen.com/lawn-care-101/blog/lawn-care-tips/how-care-your-lawn-during-drought","","","","0","1","Drought-Stressed Lawn: How to Prevent and Revive Your Grass","0","header|nav|footer","jsonld:1;types:Article;invalid:0;missing:jsonld_0_missing_@context","0","0","48","11","https://www.trugreen.com/lawn-care-101 | https://www.trugreen.com/lawn-care-101/blog?topic=Lawn+Care | https://www.trugreen.com/lawn-care-101/blog?type=Blog | https://www.trugreen.com/lawn-care-101/learning-center | https://www.trugreen.com/my-account/account-summary | https://www.trugreen.com/newsroom | https://www.trugreen.com/pay-your-bill | https://www.trugreen.com/pests-products-and-services | https://www.trugreen.com/pga-tour | https://www.trugreen.com/products-and-services | https://www.trugreen.com/why-choose-trugreen/testimonials-and-ratings","","missing-main|internal-links-missing-from-sitemap|duplicate-title",""
"chromium","2026-08-28T21:08:04.938Z","prod-release-2-7-2026-08-28","1-500","","https://www.trugreen.com/lawn-care-101/blog/lawn-care-tips/lawn-medic-trugreen","https://www.trugreen.com/lawn-care-101/blog","200","301:https://www.trugreen.com/lawn-care-101/blog/lawn-care-tips/lawn-medic-trugreen -> 200:https://www.trugreen.com/lawn-care-101/blog","TruGreen Blog | TruGreen","TruGreen Blog | TruGreen","https://www.trugreen.com/lawn-care-101/blog","1","https://www.trugreen.com/lawn-care-101/blog","1","","200","https://www.trugreen.com/lawn-care-101/blog","","","","0","1","Looking for advice?Turn to the experts.","0","main|header|footer","jsonld:1;types:Blog|BreadcrumbList|CollectionPage;invalid:0;missing:","0","0","86","22","https://www.trugreen.com/lawn-care-101 | https://www.trugreen.com/lawn-care-101/blog/beyond-lawn/hosting-backyard-party | https://www.trugreen.com/lawn-care-101/blog/consistent-lawn-care | https://www.trugreen.com/lawn-care-101/blog/lawn-care/lawn-care-myths | https://www.trugreen.com/lawn-care-101/blog/lawn-care/lawn-care-vs-landscaping | https://www.trugreen.com/lawn-care-101/blog/lawn-care/lawn-mowing-spread-weeds | https://www.trugreen.com/lawn-care-101/blog/lawn-care/what-lawn-need-thrive | https://www.trugreen.com/lawn-care-101/blog/lawn-care/what-my-lawn-need | https://www.trugreen.com/lawn-care-101/blog/lawn-care/when-aerate-and-overseed-northeast | https://www.trugreen.com/lawn-care-101/blog/lawn-damage/lawn-care-signs-stress | https://www.trugreen.com/lawn-care-101/blog/pest-control/how-control-fleas-yard | https://www.trugreen.com/lawn-care-101/blog/tree-shrub-care/tree-disease-treatment | https://www.trugreen.com/lawn-care-101/blog/weed-control/control-wild-violets | https://www.trugreen.com/lawn-care-101/blog/weed-control/how-control-clover-lawn | https://www.trugreen.com/lawn-care-101/blog/weed-control/weeds-from-coming-back | https://www.trugreen.com/lawn-care-101/learning-center | https://www.trugreen.com/newsroom | https://www.trugreen.com/pay-your-bill | https://www.trugreen.com/pests-products-and-services | https://www.trugreen.com/pga-tour | https://www.trugreen.com/products-and-services | https://www.trugreen.com/why-choose-trugreen/testimonials-and-ratings","","internal-links-missing-from-sitemap|duplicate-title",""
"chromium","2026-08-28T21:08:04.938Z","prod-release-2-7-2026-08-28","1-500","","https://www.trugreen.com/lawn-care-101/blog/lawn-care-tips/lawn-mowing-tips","https://www.trugreen.com/lawn-care-101/blog/lawn-care-tips/mowing-heights-season-and-grass-type","200","301:https://www.trugreen.com/lawn-care-101/blog/lawn-care-tips/lawn-mowing-tips -> 200:https://www.trugreen.com/lawn-care-101/blog/lawn-care-tips/mowing-heights-season-and-grass-type","Mowing Heights Chart | TruGreen","Mowing Heights Chart | TruGreen","https://www.trugreen.com/lawn-care-101/blog/lawn-care-tips/mowing-heights-season-and-grass-type","1","https://www.trugreen.com/lawn-care-101/blog/lawn-care-tips/mowing-heights-season-and-grass-type","1","","200","https://www.trugreen.com/lawn-care-101/blog/lawn-care-tips/mowing-heights-season-and-grass-type","","","","0","1","Grass Cutting Height Chart: Mowing Heights by Season and Grass Type","0","header|nav|footer","jsonld:1;types:Article;invalid:0;missing:jsonld_0_missing_@context","0","0","56","18","https://www.trugreen.com/lawn-care-101 | https://www.trugreen.com/lawn-care-101/blog?topic=Lawn+Care | https://www.trugreen.com/lawn-care-101/blog?type=Blog | https://www.trugreen.com/lawn-care-101/blog/lawn-care/lawn-care-myths | https://www.trugreen.com/lawn-care-101/blog/lawn-care/lawn-care-vs-landscaping | https://www.trugreen.com/lawn-care-101/blog/lawn-care/lawn-mowing-spread-weeds | https://www.trugreen.com/lawn-care-101/learning-center | https://www.trugreen.com/my-account/account-settings | https://www.trugreen.com/my-account/account-summary | https://www.trugreen.com/my-account/my-documents | https://www.trugreen.com/my-account/my-services | https://www.trugreen.com/my-account/payments | https://www.trugreen.com/newsroom | https://www.trugreen.com/pay-your-bill | https://www.trugreen.com/pests-products-and-services | https://www.trugreen.com/pga-tour | https://www.trugreen.com/products-and-services | https://www.trugreen.com/why-choose-trugreen/testimonials-and-ratings","","missing-main|internal-links-missing-from-sitemap|duplicate-title",""
"chromium","2026-08-28T21:08:04.938Z","prod-release-2-7-2026-08-28","1-500","","https://www.trugreen.com/lawn-care-101/blog/lawn-care-tips/lawn-that-looks-fit-for-a-major","https://www.trugreen.com/lawn-care-101/blog/lawn-care-tips/lawn-that-looks-fit-for-a-major","200","200:https://www.trugreen.com/lawn-care-101/blog/lawn-care-tips/lawn-that-looks-fit-for-a-major","Want a Lawn That Looks Fit for a Major? Here&#039;s What You Need to Do | TruGreen","Want a Lawn That Looks Fit for a Major? Here's What You Need to Do | TruGreen","https://www.trugreen.com/lawn-care-101/blog/lawn-care-tips/lawn-that-looks-fit-for-a-major","1","https://www.trugreen.com/lawn-care-101/blog/lawn-care-tips/lawn-that-looks-fit-for-a-major","1","","200","https://www.trugreen.com/lawn-care-101/blog/lawn-care-tips/lawn-that-looks-fit-for-a-major","","","","0","1","Want a Lawn That Looks Fit for a Major? Here's What You Need to Do","0","header|nav|footer","jsonld:1;types:Article;invalid:0;missing:jsonld_0_missing_@context","0","0","56","21","https://www.trugreen.com/blog/Lawn-Care-Tips/lawn-care-advice-proper-watering | https://www.trugreen.com/chat/organic-promo | https://www.trugreen.com/get-a-quote/custom-services | https://www.trugreen.com/lawn-care-101 | https://www.trugreen.com/lawn-care-101/blog?topic=Lawn+Care | https://www.trugreen.com/lawn-care-101/blog?type=Blog | https://www.trugreen.com/lawn-care-101/learning-center | https://www.trugreen.com/my-account/account-settings | https://www.trugreen.com/my-account/account-summary | https://www.trugreen.com/my-account/my-documents | https://www.trugreen.com/my-account/my-services | https://www.trugreen.com/my-account/payments | https://www.trugreen.com/newsroom | https://www.trugreen.com/pay-your-bill | https://www.trugreen.com/pests-products-and-services | https://www.trugreen.com/pga-tour | https://www.trugreen.com/products-and-services | https://www.trugreen.com/products-and-services/mosquito-control | https://www.trugreen.com/products-and-services/tree-and-shrub-service | https://www.trugreen.com/products-and-services/trushield-lawn-pest-control | https://www.trugreen.com/why-choose-trugreen/testimonials-and-ratings","","missing-main|internal-links-missing-from-sitemap",""
"chromium","2026-08-28T21:08:04.938Z","prod-release-2-7-2026-08-28","1-500","","https://www.trugreen.com/lawn-care-101/blog/lawn-care-tips/lawn-watering-guide","https://www.trugreen.com/lawn-care-101/blog/lawn-care-tips/lawn-watering-guide","200","200:https://www.trugreen.com/lawn-care-101/blog/lawn-care-tips/lawn-watering-guide","The Ultimate Guide to Lawn Watering | TruGreen","The Ultimate Guide to Lawn Watering | TruGreen","https://www.trugreen.com/lawn-care-101/blog/lawn-care-tips/lawn-watering-guide","1","https://www.trugreen.com/lawn-care-101/blog/lawn-care-tips/lawn-watering-guide","1","","200","https://www.trugreen.com/lawn-care-101/blog/lawn-care-tips/lawn-watering-guide","","","","0","1","The Ultimate Guide to Lawn Watering","0","header|nav|footer","jsonld:1;types:Article;invalid:0;missing:jsonld_0_missing_@context","0","0","49","18","https://www.trugreen.com/lawn-care-101 | https://www.trugreen.com/lawn-care-101/blog?topic=Lawn+Care | https://www.trugreen.com/lawn-care-101/blog?type=Blog | https://www.trugreen.com/lawn-care-101/blog/lawn-care/lawn-care-myths | https://www.trugreen.com/lawn-care-101/blog/lawn-care/lawn-care-vs-landscaping | https://www.trugreen.com/lawn-care-101/blog/lawn-care/lawn-mowing-spread-weeds | https://www.trugreen.com/lawn-care-101/learning-center | https://www.trugreen.com/my-account/account-settings | https://www.trugreen.com/my-account/account-summary | https://www.trugreen.com/my-account/my-documents | https://www.trugreen.com/my-account/my-services | https://www.trugreen.com/my-account/payments | https://www.trugreen.com/newsroom | https://www.trugreen.com/pay-your-bill | https://www.trugreen.com/pests-products-and-services | https://www.trugreen.com/pga-tour | https://www.trugreen.com/products-and-services | https://www.trugreen.com/why-choose-trugreen/testimonials-and-ratings","","missing-main|internal-links-missing-from-sitemap|duplicate-title",""
"chromium","2026-08-28T21:08:04.938Z","prod-release-2-7-2026-08-28","1-500","","https://www.trugreen.com/lawn-care-101/blog/lawn-care-tips/lawnmaster-inc-trugreen","https://www.trugreen.com/lawn-care-101/blog","200","301:https://www.trugreen.com/lawn-care-101/blog/lawn-care-tips/lawnmaster-inc-trugreen -> 200:https://www.trugreen.com/lawn-care-101/blog","TruGreen Blog | TruGreen","TruGreen Blog | TruGreen","https://www.trugreen.com/lawn-care-101/blog","1","https://www.trugreen.com/lawn-care-101/blog","1","","200","https://www.trugreen.com/lawn-care-101/blog","","","","0","1","Looking for advice?Turn to the experts.","0","main|header|footer","jsonld:1;types:Blog|BreadcrumbList|CollectionPage;invalid:0;missing:","0","0","86","22","https://www.trugreen.com/lawn-care-101 | https://www.trugreen.com/lawn-care-101/blog/beyond-lawn/hosting-backyard-party | https://www.trugreen.com/lawn-care-101/blog/consistent-lawn-care | https://www.trugreen.com/lawn-care-101/blog/lawn-care/lawn-care-myths | https://www.trugreen.com/lawn-care-101/blog/lawn-care/lawn-care-vs-landscaping | https://www.trugreen.com/lawn-care-101/blog/lawn-care/lawn-mowing-spread-weeds | https://www.trugreen.com/lawn-care-101/blog/lawn-care/what-lawn-need-thrive | https://www.trugreen.com/lawn-care-101/blog/lawn-care/what-my-lawn-need | https://www.trugreen.com/lawn-care-101/blog/lawn-care/when-aerate-and-overseed-northeast | https://www.trugreen.com/lawn-care-101/blog/lawn-damage/lawn-care-signs-stress | https://www.trugreen.com/lawn-care-101/blog/pest-control/how-control-fleas-yard | https://www.trugreen.com/lawn-care-101/blog/tree-shrub-care/tree-disease-treatment | https://www.trugreen.com/lawn-care-101/blog/weed-control/control-wild-violets | https://www.trugreen.com/lawn-care-101/blog/weed-control/how-control-clover-lawn | https://www.trugreen.com/lawn-care-101/blog/weed-control/weeds-from-coming-back | https://www.trugreen.com/lawn-care-101/learning-center | https://www.trugreen.com/newsroom | https://www.trugreen.com/pay-your-bill | https://www.trugreen.com/pests-products-and-services | https://www.trugreen.com/pga-tour | https://www.trugreen.com/products-and-services | https://www.trugreen.com/why-choose-trugreen/testimonials-and-ratings","","internal-links-missing-from-sitemap|duplicate-title",""
"chromium","2026-08-28T21:08:04.938Z","prod-release-2-7-2026-08-28","1-500","","https://www.trugreen.com/lawn-care-101/blog/lawn-care-tips/learn-about-your-lawn-s-lifecycle-from-trugreen","https://www.trugreen.com/lawn-care-101/blog/lawn-care-tips/organic-weed-control-vs-natural-lawn-care","200","301:https://www.trugreen.com/lawn-care-101/blog/lawn-care-tips/learn-about-your-lawn-s-lifecycle-from-trugreen -> 200:https://www.trugreen.com/lawn-care-101/blog/lawn-care-tips/organic-weed-control-vs-natural-lawn-care","Organic Weed Control | TruGreen","Organic Weed Control | TruGreen","https://www.trugreen.com/lawn-care-101/blog/lawn-care-tips/organic-weed-control-vs-natural-lawn-care","1","https://www.trugreen.com/lawn-care-101/blog/lawn-care-tips/organic-weed-control-vs-natural-lawn-care","1","","200","https://www.trugreen.com/lawn-care-101/blog/lawn-care-tips/organic-weed-control-vs-natural-lawn-care","","","","0","1","Organic Weed Control vs. Natural Lawn Care","0","header|footer","jsonld:1;types:Article;invalid:0;missing:jsonld_0_missing_@context","0","0","46","10","https://www.trugreen.com/lawn-care-101 | https://www.trugreen.com/lawn-care-101/blog?topic=Weed+Control | https://www.trugreen.com/lawn-care-101/blog?type=Blog | https://www.trugreen.com/lawn-care-101/learning-center | https://www.trugreen.com/newsroom | https://www.trugreen.com/pay-your-bill | https://www.trugreen.com/pests-products-and-services | https://www.trugreen.com/pga-tour | https://www.trugreen.com/products-and-services | https://www.trugreen.com/why-choose-trugreen/testimonials-and-ratings","","missing-main|internal-links-missing-from-sitemap|duplicate-title",""
"chromium","2026-08-28T21:08:04.938Z","prod-release-2-7-2026-08-28","1-500","","https://www.trugreen.com/lawn-care-101/blog/lawn-care-tips/license-to-chill-cold-season-gardening","https://www.trugreen.com/lawn-care-101/blog/lawn-care-tips/tips-to-protect-your-yard-this-winter","200","301:https://www.trugreen.com/lawn-care-101/blog/lawn-care-tips/license-to-chill-cold-season-gardening -> 301:https://www.trugreen.com/lawn-care-101/blog/lawn-care-tips/winter-gardening-cold-weather-gardening-tips -> 200:https://www.trugreen.com/lawn-care-101/blog/lawn-care-tips/tips-to-protect-your-yard-this-winter","Winterize Lawn | TruGreen","Winterize Lawn | TruGreen","https://www.trugreen.com/lawn-care-101/blog/lawn-care-tips/tips-to-protect-your-yard-this-winter","1","https://www.trugreen.com/lawn-care-101/blog/lawn-care-tips/tips-to-protect-your-yard-this-winter","1","","200","https://www.trugreen.com/lawn-care-101/blog/lawn-care-tips/tips-to-protect-your-yard-this-winter","","","","0","1","How to Winterize Your Yard: Essential Lawn Protection Tips","0","header|nav|footer","jsonld:1;types:Article;invalid:0;missing:jsonld_0_missing_@context","0","0","47","11","https://www.trugreen.com/lawn-care-101 | https://www.trugreen.com/lawn-care-101/blog?topic=Lawn+Care | https://www.trugreen.com/lawn-care-101/blog?type=Blog | https://www.trugreen.com/lawn-care-101/learning-center | https://www.trugreen.com/my-account/account-summary | https://www.trugreen.com/newsroom | https://www.trugreen.com/pay-your-bill | https://www.trugreen.com/pests-products-and-services | https://www.trugreen.com/pga-tour | https://www.trugreen.com/products-and-services | https://www.trugreen.com/why-choose-trugreen/testimonials-and-ratings","","missing-main|internal-links-missing-from-sitemap|duplicate-title",""
"chromium","2026-08-28T21:08:04.938Z","prod-release-2-7-2026-08-28","1-500","","https://www.trugreen.com/lawn-care-101/blog/lawn-care-tips/list-top-10-us-buggiest-cities-2022","https://www.trugreen.com/lawn-care-101/blog","200","301:https://www.trugreen.com/lawn-care-101/blog/lawn-care-tips/list-top-10-us-buggiest-cities-2022 -> 200:https://www.trugreen.com/lawn-care-101/blog","TruGreen Blog | TruGreen","TruGreen Blog | TruGreen","https://www.trugreen.com/lawn-care-101/blog","1","https://www.trugreen.com/lawn-care-101/blog","1","","200","https://www.trugreen.com/lawn-care-101/blog","","","","0","1","Looking for advice?Turn to the experts.","0","main|header|footer","jsonld:1;types:Blog|BreadcrumbList|CollectionPage;invalid:0;missing:","0","0","86","22","https://www.trugreen.com/lawn-care-101 | https://www.trugreen.com/lawn-care-101/blog/beyond-lawn/hosting-backyard-party | https://www.trugreen.com/lawn-care-101/blog/consistent-lawn-care | https://www.trugreen.com/lawn-care-101/blog/lawn-care/lawn-care-myths | https://www.trugreen.com/lawn-care-101/blog/lawn-care/lawn-care-vs-landscaping | https://www.trugreen.com/lawn-care-101/blog/lawn-care/lawn-mowing-spread-weeds | https://www.trugreen.com/lawn-care-101/blog/lawn-care/what-lawn-need-thrive | https://www.trugreen.com/lawn-care-101/blog/lawn-care/what-my-lawn-need | https://www.trugreen.com/lawn-care-101/blog/lawn-care/when-aerate-and-overseed-northeast | https://www.trugreen.com/lawn-care-101/blog/lawn-damage/lawn-care-signs-stress | https://www.trugreen.com/lawn-care-101/blog/pest-control/how-control-fleas-yard | https://www.trugreen.com/lawn-care-101/blog/tree-shrub-care/tree-disease-treatment | https://www.trugreen.com/lawn-care-101/blog/weed-control/control-wild-violets | https://www.trugreen.com/lawn-care-101/blog/weed-control/how-control-clover-lawn | https://www.trugreen.com/lawn-care-101/blog/weed-control/weeds-from-coming-back | https://www.trugreen.com/lawn-care-101/learning-center | https://www.trugreen.com/newsroom | https://www.trugreen.com/pay-your-bill | https://www.trugreen.com/pests-products-and-services | https://www.trugreen.com/pga-tour | https://www.trugreen.com/products-and-services | https://www.trugreen.com/why-choose-trugreen/testimonials-and-ratings","","internal-links-missing-from-sitemap|duplicate-title",""
"chromium","2026-08-28T21:08:04.938Z","prod-release-2-7-2026-08-28","1-500","","https://www.trugreen.com/lawn-care-101/blog/lawn-care-tips/list-us-buggiest-cities-2020-trugreen","https://www.trugreen.com/products-and-services/flea-tick-outdoor-nuisance-pest-control","200","301:https://www.trugreen.com/lawn-care-101/blog/lawn-care-tips/list-us-buggiest-cities-2020-trugreen -> 301:https://www.trugreen.com/lawn-care-101/blog/pest-control-and-mosquito-defense/cities-bothered-by-ticks -> 200:https://www.trugreen.com/products-and-services/flea-tick-outdoor-nuisance-pest-control","Yard Pest Control: Control flea and ticks in your outdoor space | TruGreen","Yard Pest Control: Control flea and ticks in your outdoor space | TruGreen","https://www.trugreen.com/products-and-services/flea-tick-outdoor-nuisance-pest-control","1","https://www.trugreen.com/products-and-services/flea-tick-outdoor-nuisance-pest-control","1","","200","https://www.trugreen.com/products-and-services/flea-tick-outdoor-nuisance-pest-control","","","","0","1","Flea, Tick and Outdoor Nuisance Control","0","main|header|footer","jsonld:1;types:Service;invalid:0;missing:","0","0","44","8","https://www.trugreen.com/lawn-care-101 | https://www.trugreen.com/lawn-care-101/learning-center | https://www.trugreen.com/newsroom | https://www.trugreen.com/pay-your-bill | https://www.trugreen.com/pests-products-and-services | https://www.trugreen.com/pga-tour | https://www.trugreen.com/products-and-services | https://www.trugreen.com/why-choose-trugreen/testimonials-and-ratings","","internal-links-missing-from-sitemap|duplicate-title",""
"chromium","2026-08-28T21:08:04.938Z","prod-release-2-7-2026-08-28","1-500","","https://www.trugreen.com/lawn-care-101/blog/lawn-care-tips/list-us-buggiest-cities-2020-trugreen/bkoppp.html111","https://www.trugreen.com/lawn-care-101/blog/lawn-care-tips/list-us-buggiest-cities-2020-trugreen/bkoppp.html111","404","404:https://www.trugreen.com/lawn-care-101/blog/lawn-care-tips/list-us-buggiest-cities-2020-trugreen/bkoppp.html111","Page Not Found","Page Not Found","https://www.trugreen.com/page-not-found","1","https://www.trugreen.com/page-not-found","1","","","https://www.trugreen.com/page-not-found","","","","0","1","404","0","main|header|nav|footer","jsonld:1;types:WebSite;invalid:0;missing:jsonld_0_missing_@context","0","0","46","15","https://www.trugreen.com/chat/organic-promo | https://www.trugreen.com/lawn-care-101 | https://www.trugreen.com/lawn-care-101/learning-center | https://www.trugreen.com/my-account/account-settings | https://www.trugreen.com/my-account/account-summary | https://www.trugreen.com/my-account/my-documents | https://www.trugreen.com/my-account/my-services | https://www.trugreen.com/my-account/payments | https://www.trugreen.com/newsroom | https://www.trugreen.com/pay-your-bill | https://www.trugreen.com/pests-products-and-services | https://www.trugreen.com/pga-tour | https://www.trugreen.com/products-and-services | https://www.trugreen.com/products-and-services/tree-and-shrub-service | https://www.trugreen.com/why-choose-trugreen/testimonials-and-ratings","","title-pattern-review|internal-links-missing-from-sitemap|duplicate-title|canonical-target-invalid",""
"chromium","2026-08-28T21:08:04.938Z","prod-release-2-7-2026-08-28","1-500","","https://www.trugreen.com/lawn-care-101/blog/lawn-care-tips/livelifeoutsidechallenge-benefits-nature-mental-health","https://www.trugreen.com/lawn-care-101/blog/lawn-care-tips/why-being-outside-good-your-mental-health","200","301:https://www.trugreen.com/lawn-care-101/blog/lawn-care-tips/livelifeoutsidechallenge-benefits-nature-mental-health -> 200:https://www.trugreen.com/lawn-care-101/blog/lawn-care-tips/why-being-outside-good-your-mental-health","Why Is Being Outside Good for Your Mental Health? | TruGreen","Why Is Being Outside Good for Your Mental Health? | TruGreen","https://www.trugreen.com/lawn-care-101/blog/lawn-care-tips/why-being-outside-good-your-mental-health","1","https://www.trugreen.com/lawn-care-101/blog/lawn-care-tips/why-being-outside-good-your-mental-health","1","","200","https://www.trugreen.com/lawn-care-101/blog/lawn-care-tips/why-being-outside-good-your-mental-health","","","","0","1","Being Outside and Mental Health: How to Boost Your Well-Being","0","header|nav|footer","jsonld:1;types:Article;invalid:0;missing:jsonld_0_missing_@context","0","0","46","11","https://www.trugreen.com/lawn-care-101 | https://www.trugreen.com/lawn-care-101/blog?topic=Beyond+the+Lawn | https://www.trugreen.com/lawn-care-101/blog?type=Blog | https://www.trugreen.com/lawn-care-101/learning-center | https://www.trugreen.com/my-account/account-summary | https://www.trugreen.com/newsroom | https://www.trugreen.com/pay-your-bill | https://www.trugreen.com/pests-products-and-services | https://www.trugreen.com/pga-tour | https://www.trugreen.com/products-and-services | https://www.trugreen.com/why-choose-trugreen/testimonials-and-ratings","","missing-main|internal-links-missing-from-sitemap|duplicate-title",""
"chromium","2026-08-28T21:08:04.938Z","prod-release-2-7-2026-08-28","1-500","","https://www.trugreen.com/lawn-care-101/blog/lawn-care-tips/lucky-lawn-trugreen","https://www.trugreen.com/lawn-care-101/blog","200","301:https://www.trugreen.com/lawn-care-101/blog/lawn-care-tips/lucky-lawn-trugreen -> 200:https://www.trugreen.com/lawn-care-101/blog","TruGreen Blog | TruGreen","TruGreen Blog | TruGreen","https://www.trugreen.com/lawn-care-101/blog","1","https://www.trugreen.com/lawn-care-101/blog","1","","200","https://www.trugreen.com/lawn-care-101/blog","","","","0","1","Looking for advice?Turn to the experts.","0","main|header|footer","jsonld:1;types:Blog|BreadcrumbList|CollectionPage;invalid:0;missing:","0","0","86","22","https://www.trugreen.com/lawn-care-101 | https://www.trugreen.com/lawn-care-101/blog/beyond-lawn/hosting-backyard-party | https://www.trugreen.com/lawn-care-101/blog/consistent-lawn-care | https://www.trugreen.com/lawn-care-101/blog/lawn-care/lawn-care-myths | https://www.trugreen.com/lawn-care-101/blog/lawn-care/lawn-care-vs-landscaping | https://www.trugreen.com/lawn-care-101/blog/lawn-care/lawn-mowing-spread-weeds | https://www.trugreen.com/lawn-care-101/blog/lawn-care/what-lawn-need-thrive | https://www.trugreen.com/lawn-care-101/blog/lawn-care/what-my-lawn-need | https://www.trugreen.com/lawn-care-101/blog/lawn-care/when-aerate-and-overseed-northeast | https://www.trugreen.com/lawn-care-101/blog/lawn-damage/lawn-care-signs-stress | https://www.trugreen.com/lawn-care-101/blog/pest-control/how-control-fleas-yard | https://www.trugreen.com/lawn-care-101/blog/tree-shrub-care/tree-disease-treatment | https://www.trugreen.com/lawn-care-101/blog/weed-control/control-wild-violets | https://www.trugreen.com/lawn-care-101/blog/weed-control/how-control-clover-lawn | https://www.trugreen.com/lawn-care-101/blog/weed-control/weeds-from-coming-back | https://www.trugreen.com/lawn-care-101/learning-center | https://www.trugreen.com/newsroom | https://www.trugreen.com/pay-your-bill | https://www.trugreen.com/pests-products-and-services | https://www.trugreen.com/pga-tour | https://www.trugreen.com/products-and-services | https://www.trugreen.com/why-choose-trugreen/testimonials-and-ratings","","internal-links-missing-from-sitemap|duplicate-title",""
"chromium","2026-08-28T21:08:04.938Z","prod-release-2-7-2026-08-28","1-500","","https://www.trugreen.com/lawn-care-101/blog/lawn-care-tips/manage-the-season-for-your-region-trugreen","https://www.trugreen.com/lawn-care-101/blog/lawn-care-tips/manage-the-season-for-your-region-trugreen","200","200:https://www.trugreen.com/lawn-care-101/blog/lawn-care-tips/manage-the-season-for-your-region-trugreen","Regional Lawn Care | TruGreen","Regional Lawn Care | TruGreen","https://www.trugreen.com/lawn-care-101/blog/lawn-care-tips/manage-the-season-for-your-region-trugreen","1","https://www.trugreen.com/lawn-care-101/blog/lawn-care-tips/manage-the-season-for-your-region-trugreen","1","","200","https://www.trugreen.com/lawn-care-101/blog/lawn-care-tips/manage-the-season-for-your-region-trugreen","","","","0","1","Regional Lawn Care: Seasonal Winter Tips for Every Climate","0","header|nav|footer","jsonld:1;types:Article;invalid:0;missing:jsonld_0_missing_@context","0","0","50","11","https://www.trugreen.com/lawn-care-101 | https://www.trugreen.com/lawn-care-101/blog?topic=Lawn+Care | https://www.trugreen.com/lawn-care-101/blog?type=Blog | https://www.trugreen.com/lawn-care-101/learning-center | https://www.trugreen.com/my-account/account-summary | https://www.trugreen.com/newsroom | https://www.trugreen.com/pay-your-bill | https://www.trugreen.com/pests-products-and-services | https://www.trugreen.com/pga-tour | https://www.trugreen.com/products-and-services | https://www.trugreen.com/why-choose-trugreen/testimonials-and-ratings","","missing-main|internal-links-missing-from-sitemap|duplicate-title",""
"chromium","2026-08-28T21:08:04.938Z","prod-release-2-7-2026-08-28","1-500","","https://www.trugreen.com/lawn-care-101/blog/lawn-care-tips/managing-your-account-trugreen","https://www.trugreen.com/lawn-care-101/blog/lawn-care-tips/managing-your-account-trugreen","200","200:https://www.trugreen.com/lawn-care-101/blog/lawn-care-tips/managing-your-account-trugreen","Managing Your TruGreen Login | TruGreen","Managing Your TruGreen Login | TruGreen","https://www.trugreen.com/lawn-care-101/blog/lawn-care-tips/managing-your-account-trugreen","1","https://www.trugreen.com/lawn-care-101/blog/lawn-care-tips/managing-your-account-trugreen","1","","200","https://www.trugreen.com/lawn-care-101/blog/lawn-care-tips/managing-your-account-trugreen","","","","0","1","Managing Your TruGreen Account","0","header|nav|footer","jsonld:1;types:Article;invalid:0;missing:jsonld_0_missing_@context","0","0","46","11","https://www.trugreen.com/lawn-care-101 | https://www.trugreen.com/lawn-care-101/blog?topic=Beyond+the+Lawn | https://www.trugreen.com/lawn-care-101/blog?type=Video | https://www.trugreen.com/lawn-care-101/learning-center | https://www.trugreen.com/my-account/account-summary | https://www.trugreen.com/newsroom | https://www.trugreen.com/pay-your-bill | https://www.trugreen.com/pests-products-and-services | https://www.trugreen.com/pga-tour | https://www.trugreen.com/products-and-services | https://www.trugreen.com/why-choose-trugreen/testimonials-and-ratings","","missing-main|internal-links-missing-from-sitemap",""
"chromium","2026-08-28T21:08:04.938Z","prod-release-2-7-2026-08-28","1-500","","https://www.trugreen.com/lawn-care-101/blog/lawn-care-tips/meet-our-new-partnership-first-tee-college-scholarship-program","https://www.trugreen.com/lawn-care-101/blog/lawn-care-tips/meet-our-new-partnership-first-tee-college-scholarship-program","200","200:https://www.trugreen.com/lawn-care-101/blog/lawn-care-tips/meet-our-new-partnership-first-tee-college-scholarship-program","Meet Our New Partnership: First Tee College Scholarship Program | TruGreen","Meet Our New Partnership: First Tee College Scholarship Program | TruGreen","https://www.trugreen.com/lawn-care-101/blog/lawn-care-tips/meet-our-new-partnership-first-tee-college-scholarship-program","1","https://www.trugreen.com/lawn-care-101/blog/lawn-care-tips/meet-our-new-partnership-first-tee-college-scholarship-program","1","","200","https://www.trugreen.com/lawn-care-101/blog/lawn-care-tips/meet-our-new-partnership-first-tee-college-scholarship-program","","","","0","2","Meet Our New Partnership: First Tee College Scholarship Program | Meet Our New Partnership: First Tee College Scholarship Program","0","header|footer","jsonld:1;types:Article;invalid:0;missing:jsonld_0_missing_@context","0","0","45","10","https://www.trugreen.com/lawn-care-101 | https://www.trugreen.com/lawn-care-101/blog?topic=Beyond+the+Lawn | https://www.trugreen.com/lawn-care-101/blog?type=Blog | https://www.trugreen.com/lawn-care-101/learning-center | https://www.trugreen.com/newsroom | https://www.trugreen.com/pay-your-bill | https://www.trugreen.com/pests-products-and-services | https://www.trugreen.com/pga-tour | https://www.trugreen.com/products-and-services | https://www.trugreen.com/why-choose-trugreen/testimonials-and-ratings","","multiple-h1|missing-main|internal-links-missing-from-sitemap",""
"chromium","2026-08-28T21:08:04.938Z","prod-release-2-7-2026-08-28","1-500","","https://www.trugreen.com/lawn-care-101/blog/lawn-care-tips/microclimates-and-lawn-care","https://www.trugreen.com/lawn-care-101/blog/lawn-care-tips/microclimates-and-lawn-care","200","200:https://www.trugreen.com/lawn-care-101/blog/lawn-care-tips/microclimates-and-lawn-care","How Microclimates Impact Lawn Care Schedules | TruGreen","How Microclimates Impact Lawn Care Schedules | TruGreen","https://www.trugreen.com/lawn-care-101/blog/lawn-care-tips/microclimates-and-lawn-care","1","https://www.trugreen.com/lawn-care-101/blog/lawn-care-tips/microclimates-and-lawn-care","1","","200","https://www.trugreen.com/lawn-care-101/blog/lawn-care-tips/microclimates-and-lawn-care","","","","0","1","What Are Microclimates and How Do They Affect Lawn Care Schedules?","0","header|nav|footer","jsonld:1;types:Article;invalid:0;missing:jsonld_0_missing_@context","0","0","52","18","https://www.trugreen.com/chat/organic-promo | https://www.trugreen.com/lawn-care-101 | https://www.trugreen.com/lawn-care-101/blog?topic=Lawn+Care | https://www.trugreen.com/lawn-care-101/blog?type=Blog | https://www.trugreen.com/lawn-care-101/learning-center | https://www.trugreen.com/my-account/account-settings | https://www.trugreen.com/my-account/account-summary | https://www.trugreen.com/my-account/my-documents | https://www.trugreen.com/my-account/my-services | https://www.trugreen.com/my-account/payments | https://www.trugreen.com/newsroom | https://www.trugreen.com/pay-your-bill | https://www.trugreen.com/pests-products-and-services | https://www.trugreen.com/pga-tour | https://www.trugreen.com/products-and-services | https://www.trugreen.com/products-and-services/tree-and-shrub-service | https://www.trugreen.com/products-and-services/trucomplete | https://www.trugreen.com/why-choose-trugreen/testimonials-and-ratings","","missing-main|internal-links-missing-from-sitemap",""
"chromium","2026-08-28T21:08:04.938Z","prod-release-2-7-2026-08-28","1-500","","https://www.trugreen.com/lawn-care-101/blog/lawn-care-tips/midwestern-lawn-care-guide","https://www.trugreen.com/lawn-care-101/blog/lawn-care-tips/midwestern-lawn-care-guide","200","200:https://www.trugreen.com/lawn-care-101/blog/lawn-care-tips/midwestern-lawn-care-guide","How to Care for Your Lawn in the Midwest I TruGreen","How to Care for Your Lawn in the Midwest I TruGreen","https://www.trugreen.com/lawn-care-101/blog/lawn-care-tips/midwestern-lawn-care-guide","1","https://www.trugreen.com/lawn-care-101/blog/lawn-care-tips/midwestern-lawn-care-guide","1","","200","https://www.trugreen.com/lawn-care-101/blog/lawn-care-tips/midwestern-lawn-care-guide","","","","0","1","Lawn Care in the Midwest: Your Complete Seasonal Guide","0","header|nav|footer","jsonld:1;types:Article;invalid:0;missing:jsonld_0_missing_@context","0","0","50","11","https://www.trugreen.com/lawn-care-101 | https://www.trugreen.com/lawn-care-101/blog?topic=Lawn+Care | https://www.trugreen.com/lawn-care-101/blog?type=Blog | https://www.trugreen.com/lawn-care-101/learning-center | https://www.trugreen.com/my-account/account-summary | https://www.trugreen.com/newsroom | https://www.trugreen.com/pay-your-bill | https://www.trugreen.com/pests-products-and-services | https://www.trugreen.com/pga-tour | https://www.trugreen.com/products-and-services | https://www.trugreen.com/why-choose-trugreen/testimonials-and-ratings","","missing-main|internal-links-missing-from-sitemap",""
"chromium","2026-08-28T21:08:04.938Z","prod-release-2-7-2026-08-28","1-500","","https://www.trugreen.com/lawn-care-101/blog/lawn-care-tips/millennials-the-importance-of-lawn-care","https://www.trugreen.com/lawn-care-101/blog","200","301:https://www.trugreen.com/lawn-care-101/blog/lawn-care-tips/millennials-the-importance-of-lawn-care -> 200:https://www.trugreen.com/lawn-care-101/blog","TruGreen Blog | TruGreen","TruGreen Blog | TruGreen","https://www.trugreen.com/lawn-care-101/blog","1","https://www.trugreen.com/lawn-care-101/blog","1","","200","https://www.trugreen.com/lawn-care-101/blog","","","","0","1","Looking for advice?Turn to the experts.","0","main|header|footer","jsonld:1;types:Blog|BreadcrumbList|CollectionPage;invalid:0;missing:","0","0","86","22","https://www.trugreen.com/lawn-care-101 | https://www.trugreen.com/lawn-care-101/blog/beyond-lawn/hosting-backyard-party | https://www.trugreen.com/lawn-care-101/blog/consistent-lawn-care | https://www.trugreen.com/lawn-care-101/blog/lawn-care/lawn-care-myths | https://www.trugreen.com/lawn-care-101/blog/lawn-care/lawn-care-vs-landscaping | https://www.trugreen.com/lawn-care-101/blog/lawn-care/lawn-mowing-spread-weeds | https://www.trugreen.com/lawn-care-101/blog/lawn-care/what-lawn-need-thrive | https://www.trugreen.com/lawn-care-101/blog/lawn-care/what-my-lawn-need | https://www.trugreen.com/lawn-care-101/blog/lawn-care/when-aerate-and-overseed-northeast | https://www.trugreen.com/lawn-care-101/blog/lawn-damage/lawn-care-signs-stress | https://www.trugreen.com/lawn-care-101/blog/pest-control/how-control-fleas-yard | https://www.trugreen.com/lawn-care-101/blog/tree-shrub-care/tree-disease-treatment | https://www.trugreen.com/lawn-care-101/blog/weed-control/control-wild-violets | https://www.trugreen.com/lawn-care-101/blog/weed-control/how-control-clover-lawn | https://www.trugreen.com/lawn-care-101/blog/weed-control/weeds-from-coming-back | https://www.trugreen.com/lawn-care-101/learning-center | https://www.trugreen.com/newsroom | https://www.trugreen.com/pay-your-bill | https://www.trugreen.com/pests-products-and-services | https://www.trugreen.com/pga-tour | https://www.trugreen.com/products-and-services | https://www.trugreen.com/why-choose-trugreen/testimonials-and-ratings","","internal-links-missing-from-sitemap|duplicate-title",""
"chromium","2026-08-28T21:08:04.938Z","prod-release-2-7-2026-08-28","1-500","","https://www.trugreen.com/lawn-care-101/blog/lawn-care-tips/mosquito-myths-fact-or-fiction","https://www.trugreen.com/products-and-services/trudefense-mosquito-control","200","301:https://www.trugreen.com/lawn-care-101/blog/lawn-care-tips/mosquito-myths-fact-or-fiction -> 200:https://www.trugreen.com/products-and-services/trudefense-mosquito-control","TruDefense :Mosquito Control for your yard | TruGreen","TruDefense :Mosquito Control for your yard | TruGreen","https://www.trugreen.com/products-and-services/trudefense-mosquito-control","1","https://www.trugreen.com/products-and-services/trudefense-mosquito-control","1","","200","https://www.trugreen.com/products-and-services/trudefense-mosquito-control","","","","0","1","TruDefense℠ Mosquito Control","0","main|header|footer","jsonld:1;types:Service;invalid:0;missing:","0","0","44","8","https://www.trugreen.com/lawn-care-101 | https://www.trugreen.com/lawn-care-101/learning-center | https://www.trugreen.com/newsroom | https://www.trugreen.com/pay-your-bill | https://www.trugreen.com/pests-products-and-services | https://www.trugreen.com/pga-tour | https://www.trugreen.com/products-and-services | https://www.trugreen.com/why-choose-trugreen/testimonials-and-ratings","","internal-links-missing-from-sitemap|duplicate-title",""
"chromium","2026-08-28T21:08:04.938Z","prod-release-2-7-2026-08-28","1-500","","https://www.trugreen.com/lawn-care-101/blog/lawn-care-tips/mosquito-myths-fact-or-fiction-1","https://www.trugreen.com/products-and-services/trudefense-mosquito-control","200","301:https://www.trugreen.com/lawn-care-101/blog/lawn-care-tips/mosquito-myths-fact-or-fiction-1 -> 301:https://www.trugreen.com/lawn-care-101/blog/lawn-care-tips/mosquito-myths-fact-or-fiction -> 200:https://www.trugreen.com/products-and-services/trudefense-mosquito-control","TruDefense :Mosquito Control for your yard | TruGreen","TruDefense :Mosquito Control for your yard | TruGreen","https://www.trugreen.com/products-and-services/trudefense-mosquito-control","1","https://www.trugreen.com/products-and-services/trudefense-mosquito-control","1","","200","https://www.trugreen.com/products-and-services/trudefense-mosquito-control","","","","0","1","TruDefense℠ Mosquito Control","0","main|header|footer","jsonld:1;types:Service;invalid:0;missing:","0","0","44","8","https://www.trugreen.com/lawn-care-101 | https://www.trugreen.com/lawn-care-101/learning-center | https://www.trugreen.com/newsroom | https://www.trugreen.com/pay-your-bill | https://www.trugreen.com/pests-products-and-services | https://www.trugreen.com/pga-tour | https://www.trugreen.com/products-and-services | https://www.trugreen.com/why-choose-trugreen/testimonials-and-ratings","","internal-links-missing-from-sitemap|duplicate-title",""
"chromium","2026-08-28T21:08:04.938Z","prod-release-2-7-2026-08-28","1-500","","https://www.trugreen.com/lawn-care-101/blog/lawn-care-tips/mountain-lawn-care-guide","https://www.trugreen.com/lawn-care-101/blog/lawn-care-tips/mountain-lawn-care-guide","200","200:https://www.trugreen.com/lawn-care-101/blog/lawn-care-tips/mountain-lawn-care-guide","Mountain Lawn Care Guide | TruGreen","Mountain Lawn Care Guide | TruGreen","https://www.trugreen.com/lawn-care-101/blog/lawn-care-tips/mountain-lawn-care-guide","1","https://www.trugreen.com/lawn-care-101/blog/lawn-care-tips/mountain-lawn-care-guide","1","","200","https://www.trugreen.com/lawn-care-101/blog/lawn-care-tips/mountain-lawn-care-guide","","","","0","1","Mountain Lawn Care Guide: How to Grow a Healthy Lawn at Elevation","0","header|footer","jsonld:1;types:Article;invalid:0;missing:jsonld_0_missing_@context","0","0","50","11","https://www.trugreen.com/lawn-care-101 | https://www.trugreen.com/lawn-care-101/blog?topic=Lawn+Care | https://www.trugreen.com/lawn-care-101/blog?type=Blog | https://www.trugreen.com/lawn-care-101/learning-center | https://www.trugreen.com/my-account/account-summary | https://www.trugreen.com/newsroom | https://www.trugreen.com/pay-your-bill | https://www.trugreen.com/pests-products-and-services | https://www.trugreen.com/pga-tour | https://www.trugreen.com/products-and-services | https://www.trugreen.com/why-choose-trugreen/testimonials-and-ratings","","missing-main|internal-links-missing-from-sitemap|duplicate-title",""
"chromium","2026-08-28T21:08:04.938Z","prod-release-2-7-2026-08-28","1-500","","https://www.trugreen.com/lawn-care-101/blog/lawn-care-tips/mountain-lawn-care-guide-1","https://www.trugreen.com/lawn-care-101/blog/lawn-care-tips/mountain-lawn-care-guide","200","301:https://www.trugreen.com/lawn-care-101/blog/lawn-care-tips/mountain-lawn-care-guide-1 -> 200:https://www.trugreen.com/lawn-care-101/blog/lawn-care-tips/mountain-lawn-care-guide","Mountain Lawn Care Guide | TruGreen","Mountain Lawn Care Guide | TruGreen","https://www.trugreen.com/lawn-care-101/blog/lawn-care-tips/mountain-lawn-care-guide","1","https://www.trugreen.com/lawn-care-101/blog/lawn-care-tips/mountain-lawn-care-guide","1","","200","https://www.trugreen.com/lawn-care-101/blog/lawn-care-tips/mountain-lawn-care-guide","","","","0","1","Mountain Lawn Care Guide: How to Grow a Healthy Lawn at Elevation","0","header|footer","jsonld:1;types:Article;invalid:0;missing:jsonld_0_missing_@context","0","0","50","11","https://www.trugreen.com/lawn-care-101 | https://www.trugreen.com/lawn-care-101/blog?topic=Lawn+Care | https://www.trugreen.com/lawn-care-101/blog?type=Blog | https://www.trugreen.com/lawn-care-101/learning-center | https://www.trugreen.com/my-account/account-summary | https://www.trugreen.com/newsroom | https://www.trugreen.com/pay-your-bill | https://www.trugreen.com/pests-products-and-services | https://www.trugreen.com/pga-tour | https://www.trugreen.com/products-and-services | https://www.trugreen.com/why-choose-trugreen/testimonials-and-ratings","","missing-main|internal-links-missing-from-sitemap|duplicate-title",""
"chromium","2026-08-28T21:08:04.938Z","prod-release-2-7-2026-08-28","1-500","","https://www.trugreen.com/lawn-care-101/blog/lawn-care-tips/mower-maintenance-for-winter-storage","https://www.trugreen.com/lawn-care-101/blog/lawn-care-tips/mower-maintenance-for-winter-storage","200","200:https://www.trugreen.com/lawn-care-101/blog/lawn-care-tips/mower-maintenance-for-winter-storage","Checklist for Lawn Mower Maintenance | TruGreen","Checklist for Lawn Mower Maintenance | TruGreen","https://www.trugreen.com/lawn-care-101/blog/lawn-care-tips/mower-maintenance-for-winter-storage","1","https://www.trugreen.com/lawn-care-101/blog/lawn-care-tips/mower-maintenance-for-winter-storage","1","","200","https://www.trugreen.com/lawn-care-101/blog/lawn-care-tips/mower-maintenance-for-winter-storage","","","","0","1","Essential Lawn Mower Maintenance Checklist for Winter Storage","0","header|nav|footer","jsonld:1;types:Article;invalid:0;missing:jsonld_0_missing_@context","0","0","50","15","https://www.trugreen.com/lawn-care-101 | https://www.trugreen.com/lawn-care-101/blog?topic=Lawn+Care | https://www.trugreen.com/lawn-care-101/blog?type=Blog | https://www.trugreen.com/lawn-care-101/learning-center | https://www.trugreen.com/my-account/account-settings | https://www.trugreen.com/my-account/account-summary | https://www.trugreen.com/my-account/my-documents | https://www.trugreen.com/my-account/my-services | https://www.trugreen.com/my-account/payments | https://www.trugreen.com/newsroom | https://www.trugreen.com/pay-your-bill | https://www.trugreen.com/pests-products-and-services | https://www.trugreen.com/pga-tour | https://www.trugreen.com/products-and-services | https://www.trugreen.com/why-choose-trugreen/testimonials-and-ratings","","missing-main|internal-links-missing-from-sitemap",""
"chromium","2026-08-28T21:08:04.938Z","prod-release-2-7-2026-08-28","1-500","","https://www.trugreen.com/lawn-care-101/blog/lawn-care-tips/mowing-heights-season-and-grass-type","https://www.trugreen.com/lawn-care-101/blog/lawn-care-tips/mowing-heights-season-and-grass-type","200","200:https://www.trugreen.com/lawn-care-101/blog/lawn-care-tips/mowing-heights-season-and-grass-type","Mowing Heights Chart | TruGreen","Mowing Heights Chart | TruGreen","https://www.trugreen.com/lawn-care-101/blog/lawn-care-tips/mowing-heights-season-and-grass-type","1","https://www.trugreen.com/lawn-care-101/blog/lawn-care-tips/mowing-heights-season-and-grass-type","1","","200","https://www.trugreen.com/lawn-care-101/blog/lawn-care-tips/mowing-heights-season-and-grass-type","","","","0","1","Grass Cutting Height Chart: Mowing Heights by Season and Grass Type","0","header|nav|footer","jsonld:1;types:Article;invalid:0;missing:jsonld_0_missing_@context","0","0","56","18","https://www.trugreen.com/lawn-care-101 | https://www.trugreen.com/lawn-care-101/blog?topic=Lawn+Care | https://www.trugreen.com/lawn-care-101/blog?type=Blog | https://www.trugreen.com/lawn-care-101/blog/lawn-care/lawn-care-myths | https://www.trugreen.com/lawn-care-101/blog/lawn-care/lawn-care-vs-landscaping | https://www.trugreen.com/lawn-care-101/blog/lawn-care/lawn-mowing-spread-weeds | https://www.trugreen.com/lawn-care-101/learning-center | https://www.trugreen.com/my-account/account-settings | https://www.trugreen.com/my-account/account-summary | https://www.trugreen.com/my-account/my-documents | https://www.trugreen.com/my-account/my-services | https://www.trugreen.com/my-account/payments | https://www.trugreen.com/newsroom | https://www.trugreen.com/pay-your-bill | https://www.trugreen.com/pests-products-and-services | https://www.trugreen.com/pga-tour | https://www.trugreen.com/products-and-services | https://www.trugreen.com/why-choose-trugreen/testimonials-and-ratings","","missing-main|internal-links-missing-from-sitemap|duplicate-title",""
"chromium","2026-08-28T21:08:04.938Z","prod-release-2-7-2026-08-28","1-500","","https://www.trugreen.com/lawn-care-101/blog/lawn-care-tips/mowing-tips-lawn-mowing-trugreen","https://www.trugreen.com/lawn-care-101/blog/lawn-care-tips/mowing-heights-season-and-grass-type","200","301:https://www.trugreen.com/lawn-care-101/blog/lawn-care-tips/mowing-tips-lawn-mowing-trugreen -> 200:https://www.trugreen.com/lawn-care-101/blog/lawn-care-tips/mowing-heights-season-and-grass-type","Mowing Heights Chart | TruGreen","Mowing Heights Chart | TruGreen","https://www.trugreen.com/lawn-care-101/blog/lawn-care-tips/mowing-heights-season-and-grass-type","1","https://www.trugreen.com/lawn-care-101/blog/lawn-care-tips/mowing-heights-season-and-grass-type","1","","200","https://www.trugreen.com/lawn-care-101/blog/lawn-care-tips/mowing-heights-season-and-grass-type","","","","0","1","Grass Cutting Height Chart: Mowing Heights by Season and Grass Type","0","header|nav|footer","jsonld:1;types:Article;invalid:0;missing:jsonld_0_missing_@context","0","0","56","18","https://www.trugreen.com/lawn-care-101 | https://www.trugreen.com/lawn-care-101/blog?topic=Lawn+Care | https://www.trugreen.com/lawn-care-101/blog?type=Blog | https://www.trugreen.com/lawn-care-101/blog/lawn-care/lawn-care-myths | https://www.trugreen.com/lawn-care-101/blog/lawn-care/lawn-care-vs-landscaping | https://www.trugreen.com/lawn-care-101/blog/lawn-care/lawn-mowing-spread-weeds | https://www.trugreen.com/lawn-care-101/learning-center | https://www.trugreen.com/my-account/account-settings | https://www.trugreen.com/my-account/account-summary | https://www.trugreen.com/my-account/my-documents | https://www.trugreen.com/my-account/my-services | https://www.trugreen.com/my-account/payments | https://www.trugreen.com/newsroom | https://www.trugreen.com/pay-your-bill | https://www.trugreen.com/pests-products-and-services | https://www.trugreen.com/pga-tour | https://www.trugreen.com/products-and-services | https://www.trugreen.com/why-choose-trugreen/testimonials-and-ratings","","missing-main|internal-links-missing-from-sitemap|duplicate-title",""
"chromium","2026-08-28T21:08:04.938Z","prod-release-2-7-2026-08-28","1-500","","https://www.trugreen.com/lawn-care-101/blog/lawn-care-tips/mowlikeapro-mr-yardleys-mowing-guide","https://www.trugreen.com/lawn-care-101/blog/lawn-care-tips/mowing-heights-season-and-grass-type","200","301:https://www.trugreen.com/lawn-care-101/blog/lawn-care-tips/mowlikeapro-mr-yardleys-mowing-guide -> 200:https://www.trugreen.com/lawn-care-101/blog/lawn-care-tips/mowing-heights-season-and-grass-type","Mowing Heights Chart | TruGreen","Mowing Heights Chart | TruGreen","https://www.trugreen.com/lawn-care-101/blog/lawn-care-tips/mowing-heights-season-and-grass-type","1","https://www.trugreen.com/lawn-care-101/blog/lawn-care-tips/mowing-heights-season-and-grass-type","1","","200","https://www.trugreen.com/lawn-care-101/blog/lawn-care-tips/mowing-heights-season-and-grass-type","","","","0","1","Grass Cutting Height Chart: Mowing Heights by Season and Grass Type","0","header|nav|footer","jsonld:1;types:Article;invalid:0;missing:jsonld_0_missing_@context","0","0","56","18","https://www.trugreen.com/lawn-care-101 | https://www.trugreen.com/lawn-care-101/blog?topic=Lawn+Care | https://www.trugreen.com/lawn-care-101/blog?type=Blog | https://www.trugreen.com/lawn-care-101/blog/lawn-care/lawn-care-myths | https://www.trugreen.com/lawn-care-101/blog/lawn-care/lawn-care-vs-landscaping | https://www.trugreen.com/lawn-care-101/blog/lawn-care/lawn-mowing-spread-weeds | https://www.trugreen.com/lawn-care-101/learning-center | https://www.trugreen.com/my-account/account-settings | https://www.trugreen.com/my-account/account-summary | https://www.trugreen.com/my-account/my-documents | https://www.trugreen.com/my-account/my-services | https://www.trugreen.com/my-account/payments | https://www.trugreen.com/newsroom | https://www.trugreen.com/pay-your-bill | https://www.trugreen.com/pests-products-and-services | https://www.trugreen.com/pga-tour | https://www.trugreen.com/products-and-services | https://www.trugreen.com/why-choose-trugreen/testimonials-and-ratings","","missing-main|internal-links-missing-from-sitemap|duplicate-title",""
"chromium","2026-08-28T21:08:04.938Z","prod-release-2-7-2026-08-28","1-500","","https://www.trugreen.com/lawn-care-101/blog/lawn-care-tips/myth-busting-keeping-your-lawn-well-watered","https://www.trugreen.com/lawn-care-101/blog/lawn-care-tips/lawn-watering-guide","200","301:https://www.trugreen.com/lawn-care-101/blog/lawn-care-tips/myth-busting-keeping-your-lawn-well-watered -> 200:https://www.trugreen.com/lawn-care-101/blog/lawn-care-tips/lawn-watering-guide","The Ultimate Guide to Lawn Watering | TruGreen","The Ultimate Guide to Lawn Watering | TruGreen","https://www.trugreen.com/lawn-care-101/blog/lawn-care-tips/lawn-watering-guide","1","https://www.trugreen.com/lawn-care-101/blog/lawn-care-tips/lawn-watering-guide","1","","200","https://www.trugreen.com/lawn-care-101/blog/lawn-care-tips/lawn-watering-guide","","","","0","1","The Ultimate Guide to Lawn Watering","0","header|nav|footer","jsonld:1;types:Article;invalid:0;missing:jsonld_0_missing_@context","0","0","49","18","https://www.trugreen.com/lawn-care-101 | https://www.trugreen.com/lawn-care-101/blog?topic=Lawn+Care | https://www.trugreen.com/lawn-care-101/blog?type=Blog | https://www.trugreen.com/lawn-care-101/blog/lawn-care/lawn-care-myths | https://www.trugreen.com/lawn-care-101/blog/lawn-care/lawn-care-vs-landscaping | https://www.trugreen.com/lawn-care-101/blog/lawn-care/lawn-mowing-spread-weeds | https://www.trugreen.com/lawn-care-101/learning-center | https://www.trugreen.com/my-account/account-settings | https://www.trugreen.com/my-account/account-summary | https://www.trugreen.com/my-account/my-documents | https://www.trugreen.com/my-account/my-services | https://www.trugreen.com/my-account/payments | https://www.trugreen.com/newsroom | https://www.trugreen.com/pay-your-bill | https://www.trugreen.com/pests-products-and-services | https://www.trugreen.com/pga-tour | https://www.trugreen.com/products-and-services | https://www.trugreen.com/why-choose-trugreen/testimonials-and-ratings","","missing-main|internal-links-missing-from-sitemap|duplicate-title",""
"chromium","2026-08-28T21:08:04.938Z","prod-release-2-7-2026-08-28","1-500","","https://www.trugreen.com/lawn-care-101/blog/lawn-care-tips/myth-busting-keeping-your-lawn-well-watered-1","https://www.trugreen.com/lawn-care-101/blog/lawn-care-tips/lawn-watering-guide","200","301:https://www.trugreen.com/lawn-care-101/blog/lawn-care-tips/myth-busting-keeping-your-lawn-well-watered-1 -> 200:https://www.trugreen.com/lawn-care-101/blog/lawn-care-tips/lawn-watering-guide","The Ultimate Guide to Lawn Watering | TruGreen","The Ultimate Guide to Lawn Watering | TruGreen","https://www.trugreen.com/lawn-care-101/blog/lawn-care-tips/lawn-watering-guide","1","https://www.trugreen.com/lawn-care-101/blog/lawn-care-tips/lawn-watering-guide","1","","200","https://www.trugreen.com/lawn-care-101/blog/lawn-care-tips/lawn-watering-guide","","","","0","1","The Ultimate Guide to Lawn Watering","0","header|nav|footer","jsonld:1;types:Article;invalid:0;missing:jsonld_0_missing_@context","0","0","49","18","https://www.trugreen.com/lawn-care-101 | https://www.trugreen.com/lawn-care-101/blog?topic=Lawn+Care | https://www.trugreen.com/lawn-care-101/blog?type=Blog | https://www.trugreen.com/lawn-care-101/blog/lawn-care/lawn-care-myths | https://www.trugreen.com/lawn-care-101/blog/lawn-care/lawn-care-vs-landscaping | https://www.trugreen.com/lawn-care-101/blog/lawn-care/lawn-mowing-spread-weeds | https://www.trugreen.com/lawn-care-101/learning-center | https://www.trugreen.com/my-account/account-settings | https://www.trugreen.com/my-account/account-summary | https://www.trugreen.com/my-account/my-documents | https://www.trugreen.com/my-account/my-services | https://www.trugreen.com/my-account/payments | https://www.trugreen.com/newsroom | https://www.trugreen.com/pay-your-bill | https://www.trugreen.com/pests-products-and-services | https://www.trugreen.com/pga-tour | https://www.trugreen.com/products-and-services | https://www.trugreen.com/why-choose-trugreen/testimonials-and-ratings","","missing-main|internal-links-missing-from-sitemap|duplicate-title",""
"chromium","2026-08-28T21:08:04.938Z","prod-release-2-7-2026-08-28","1-500","","https://www.trugreen.com/lawn-care-101/blog/lawn-care-tips/new-year-new-lawn","https://www.trugreen.com/lawn-care-101/blog","200","301:https://www.trugreen.com/lawn-care-101/blog/lawn-care-tips/new-year-new-lawn -> 200:https://www.trugreen.com/lawn-care-101/blog","TruGreen Blog | TruGreen","TruGreen Blog | TruGreen","https://www.trugreen.com/lawn-care-101/blog","1","https://www.trugreen.com/lawn-care-101/blog","1","","200","https://www.trugreen.com/lawn-care-101/blog","","","","0","1","Looking for advice?Turn to the experts.","0","main|header|footer","jsonld:1;types:Blog|BreadcrumbList|CollectionPage;invalid:0;missing:","0","0","86","22","https://www.trugreen.com/lawn-care-101 | https://www.trugreen.com/lawn-care-101/blog/beyond-lawn/hosting-backyard-party | https://www.trugreen.com/lawn-care-101/blog/consistent-lawn-care | https://www.trugreen.com/lawn-care-101/blog/lawn-care/lawn-care-myths | https://www.trugreen.com/lawn-care-101/blog/lawn-care/lawn-care-vs-landscaping | https://www.trugreen.com/lawn-care-101/blog/lawn-care/lawn-mowing-spread-weeds | https://www.trugreen.com/lawn-care-101/blog/lawn-care/what-lawn-need-thrive | https://www.trugreen.com/lawn-care-101/blog/lawn-care/what-my-lawn-need | https://www.trugreen.com/lawn-care-101/blog/lawn-care/when-aerate-and-overseed-northeast | https://www.trugreen.com/lawn-care-101/blog/lawn-damage/lawn-care-signs-stress | https://www.trugreen.com/lawn-care-101/blog/pest-control/how-control-fleas-yard | https://www.trugreen.com/lawn-care-101/blog/tree-shrub-care/tree-disease-treatment | https://www.trugreen.com/lawn-care-101/blog/weed-control/control-wild-violets | https://www.trugreen.com/lawn-care-101/blog/weed-control/how-control-clover-lawn | https://www.trugreen.com/lawn-care-101/blog/weed-control/weeds-from-coming-back | https://www.trugreen.com/lawn-care-101/learning-center | https://www.trugreen.com/newsroom | https://www.trugreen.com/pay-your-bill | https://www.trugreen.com/pests-products-and-services | https://www.trugreen.com/pga-tour | https://www.trugreen.com/products-and-services | https://www.trugreen.com/why-choose-trugreen/testimonials-and-ratings","","internal-links-missing-from-sitemap|duplicate-title",""
"chromium","2026-08-28T21:08:04.938Z","prod-release-2-7-2026-08-28","1-500","","https://www.trugreen.com/lawn-care-101/blog/lawn-care-tips/nutsedge-if-you-wait,-it-s-too-late","https://www.trugreen.com/lawn-care-101/blog/lawn-care-tips/nutsedge-if-you-wait,-it-s-too-late","200","200:https://www.trugreen.com/lawn-care-101/blog/lawn-care-tips/nutsedge-if-you-wait,-it-s-too-late","Nutsedge Weed | TruGreen","Nutsedge Weed | TruGreen","https://www.trugreen.com/lawn-care-101/blog/lawn-care-tips/nutsedge-if-you-wait%2C-it-s-too-late","1","https://www.trugreen.com/lawn-care-101/blog/lawn-care-tips/nutsedge-if-you-wait%2C-it-s-too-late","1","","200","https://www.trugreen.com/lawn-care-101/blog/lawn-care-tips/nutsedge-if-you-wait%2C-it-s-too-late","","","","0","1","Nutsedge Weed: How to Identify & Control Nutsedge in Your Lawn","0","header|nav|footer","jsonld:1;types:Article;invalid:0;missing:jsonld_0_missing_@context","0","0","52","17","https://www.trugreen.com/lawn-care-101 | https://www.trugreen.com/lawn-care-101/blog?topic=Weed+Control | https://www.trugreen.com/lawn-care-101/blog?type=Blog | https://www.trugreen.com/lawn-care-101/blog/weed-control/control-wild-violets | https://www.trugreen.com/lawn-care-101/blog/weed-control/how-control-clover-lawn | https://www.trugreen.com/lawn-care-101/learning-center | https://www.trugreen.com/my-account/account-settings | https://www.trugreen.com/my-account/account-summary | https://www.trugreen.com/my-account/my-documents | https://www.trugreen.com/my-account/my-services | https://www.trugreen.com/my-account/payments | https://www.trugreen.com/newsroom | https://www.trugreen.com/pay-your-bill | https://www.trugreen.com/pests-products-and-services | https://www.trugreen.com/pga-tour | https://www.trugreen.com/products-and-services | https://www.trugreen.com/why-choose-trugreen/testimonials-and-ratings","","missing-main|internal-links-missing-from-sitemap|duplicate-title",""
"chromium","2026-08-28T21:08:04.938Z","prod-release-2-7-2026-08-28","1-500","","https://www.trugreen.com/lawn-care-101/blog/lawn-care-tips/nutsedge-if-you-wait%2C-it-s-too-late","https://www.trugreen.com/lawn-care-101/blog/lawn-care-tips/nutsedge-if-you-wait%2C-it-s-too-late","200","200:https://www.trugreen.com/lawn-care-101/blog/lawn-care-tips/nutsedge-if-you-wait%2C-it-s-too-late","Nutsedge Weed | TruGreen","Nutsedge Weed | TruGreen","https://www.trugreen.com/lawn-care-101/blog/lawn-care-tips/nutsedge-if-you-wait%2C-it-s-too-late","1","https://www.trugreen.com/lawn-care-101/blog/lawn-care-tips/nutsedge-if-you-wait%2C-it-s-too-late","1","","200","https://www.trugreen.com/lawn-care-101/blog/lawn-care-tips/nutsedge-if-you-wait%2C-it-s-too-late","","","","0","1","Nutsedge Weed: How to Identify & Control Nutsedge in Your Lawn","0","header|nav|footer","jsonld:1;types:Article;invalid:0;missing:jsonld_0_missing_@context","0","0","52","17","https://www.trugreen.com/lawn-care-101 | https://www.trugreen.com/lawn-care-101/blog?topic=Weed+Control | https://www.trugreen.com/lawn-care-101/blog?type=Blog | https://www.trugreen.com/lawn-care-101/blog/weed-control/control-wild-violets | https://www.trugreen.com/lawn-care-101/blog/weed-control/how-control-clover-lawn | https://www.trugreen.com/lawn-care-101/learning-center | https://www.trugreen.com/my-account/account-settings | https://www.trugreen.com/my-account/account-summary | https://www.trugreen.com/my-account/my-documents | https://www.trugreen.com/my-account/my-services | https://www.trugreen.com/my-account/payments | https://www.trugreen.com/newsroom | https://www.trugreen.com/pay-your-bill | https://www.trugreen.com/pests-products-and-services | https://www.trugreen.com/pga-tour | https://www.trugreen.com/products-and-services | https://www.trugreen.com/why-choose-trugreen/testimonials-and-ratings","","missing-main|internal-links-missing-from-sitemap|duplicate-title",""
"chromium","2026-08-28T21:08:04.938Z","prod-release-2-7-2026-08-28","1-500","","https://www.trugreen.com/lawn-care-101/blog/lawn-care-tips/organic-weed-control-vs-natural-lawn-care","https://www.trugreen.com/lawn-care-101/blog/lawn-care-tips/organic-weed-control-vs-natural-lawn-care","200","200:https://www.trugreen.com/lawn-care-101/blog/lawn-care-tips/organic-weed-control-vs-natural-lawn-care","Organic Weed Control | TruGreen","Organic Weed Control | TruGreen","https://www.trugreen.com/lawn-care-101/blog/lawn-care-tips/organic-weed-control-vs-natural-lawn-care","1","https://www.trugreen.com/lawn-care-101/blog/lawn-care-tips/organic-weed-control-vs-natural-lawn-care","1","","200","https://www.trugreen.com/lawn-care-101/blog/lawn-care-tips/organic-weed-control-vs-natural-lawn-care","","","","0","1","Organic Weed Control vs. Natural Lawn Care","0","header|footer","jsonld:1;types:Article;invalid:0;missing:jsonld_0_missing_@context","0","0","46","10","https://www.trugreen.com/lawn-care-101 | https://www.trugreen.com/lawn-care-101/blog?topic=Weed+Control | https://www.trugreen.com/lawn-care-101/blog?type=Blog | https://www.trugreen.com/lawn-care-101/learning-center | https://www.trugreen.com/newsroom | https://www.trugreen.com/pay-your-bill | https://www.trugreen.com/pests-products-and-services | https://www.trugreen.com/pga-tour | https://www.trugreen.com/products-and-services | https://www.trugreen.com/why-choose-trugreen/testimonials-and-ratings","","missing-main|internal-links-missing-from-sitemap|duplicate-title",""
"chromium","2026-08-28T21:08:04.938Z","prod-release-2-7-2026-08-28","1-500","","https://www.trugreen.com/lawn-care-101/blog/lawn-care-tips/overseeding-should-i-overseed-my-lawn","https://www.trugreen.com/lawn-care-101/blog/lawn-care-tips/steps-prepare-your-lawn-overseeding-and-how-care-it-after","200","301:https://www.trugreen.com/lawn-care-101/blog/lawn-care-tips/overseeding-should-i-overseed-my-lawn -> 200:https://www.trugreen.com/lawn-care-101/blog/lawn-care-tips/steps-prepare-your-lawn-overseeding-and-how-care-it-after","Preparing Lawn for Overseeding | TruGreen","Preparing Lawn for Overseeding | TruGreen","https://www.trugreen.com/lawn-care-101/blog/lawn-care-tips/steps-prepare-your-lawn-overseeding-and-how-care-it-after","1","https://www.trugreen.com/lawn-care-101/blog/lawn-care-tips/steps-prepare-your-lawn-overseeding-and-how-care-it-after","1","","200","https://www.trugreen.com/lawn-care-101/blog/lawn-care-tips/steps-prepare-your-lawn-overseeding-and-how-care-it-after","","","","0","1","Preparing Lawn for Overseeding: The Complete Homeowner’s Guide","0","header|nav|footer","jsonld:1;types:Article;invalid:0;missing:jsonld_0_missing_@context","0","0","52","18","https://www.trugreen.com/lawn-care-101 | https://www.trugreen.com/lawn-care-101/blog?topic=Lawn+Care | https://www.trugreen.com/lawn-care-101/blog?type=Blog | https://www.trugreen.com/lawn-care-101/blog/lawn-care/lawn-care-myths | https://www.trugreen.com/lawn-care-101/blog/lawn-care/lawn-care-vs-landscaping | https://www.trugreen.com/lawn-care-101/blog/lawn-care/lawn-mowing-spread-weeds | https://www.trugreen.com/lawn-care-101/learning-center | https://www.trugreen.com/my-account/account-settings | https://www.trugreen.com/my-account/account-summary | https://www.trugreen.com/my-account/my-documents | https://www.trugreen.com/my-account/my-services | https://www.trugreen.com/my-account/payments | https://www.trugreen.com/newsroom | https://www.trugreen.com/pay-your-bill | https://www.trugreen.com/pests-products-and-services | https://www.trugreen.com/pga-tour | https://www.trugreen.com/products-and-services | https://www.trugreen.com/why-choose-trugreen/testimonials-and-ratings","","missing-main|internal-links-missing-from-sitemap|duplicate-title",""
"chromium","2026-08-28T21:08:04.938Z","prod-release-2-7-2026-08-28","1-500","","https://www.trugreen.com/lawn-care-101/blog/lawn-care-tips/parmley-environmental-trugreen","https://www.trugreen.com/lawn-care-101/blog","200","301:https://www.trugreen.com/lawn-care-101/blog/lawn-care-tips/parmley-environmental-trugreen -> 200:https://www.trugreen.com/lawn-care-101/blog","TruGreen Blog | TruGreen","TruGreen Blog | TruGreen","https://www.trugreen.com/lawn-care-101/blog","1","https://www.trugreen.com/lawn-care-101/blog","1","","200","https://www.trugreen.com/lawn-care-101/blog","","","","0","1","Looking for advice?Turn to the experts.","0","main|header|footer","jsonld:1;types:Blog|BreadcrumbList|CollectionPage;invalid:0;missing:","0","0","86","22","https://www.trugreen.com/lawn-care-101 | https://www.trugreen.com/lawn-care-101/blog/beyond-lawn/hosting-backyard-party | https://www.trugreen.com/lawn-care-101/blog/consistent-lawn-care | https://www.trugreen.com/lawn-care-101/blog/lawn-care/lawn-care-myths | https://www.trugreen.com/lawn-care-101/blog/lawn-care/lawn-care-vs-landscaping | https://www.trugreen.com/lawn-care-101/blog/lawn-care/lawn-mowing-spread-weeds | https://www.trugreen.com/lawn-care-101/blog/lawn-care/what-lawn-need-thrive | https://www.trugreen.com/lawn-care-101/blog/lawn-care/what-my-lawn-need | https://www.trugreen.com/lawn-care-101/blog/lawn-care/when-aerate-and-overseed-northeast | https://www.trugreen.com/lawn-care-101/blog/lawn-damage/lawn-care-signs-stress | https://www.trugreen.com/lawn-care-101/blog/pest-control/how-control-fleas-yard | https://www.trugreen.com/lawn-care-101/blog/tree-shrub-care/tree-disease-treatment | https://www.trugreen.com/lawn-care-101/blog/weed-control/control-wild-violets | https://www.trugreen.com/lawn-care-101/blog/weed-control/how-control-clover-lawn | https://www.trugreen.com/lawn-care-101/blog/weed-control/weeds-from-coming-back | https://www.trugreen.com/lawn-care-101/learning-center | https://www.trugreen.com/newsroom | https://www.trugreen.com/pay-your-bill | https://www.trugreen.com/pests-products-and-services | https://www.trugreen.com/pga-tour | https://www.trugreen.com/products-and-services | https://www.trugreen.com/why-choose-trugreen/testimonials-and-ratings","","internal-links-missing-from-sitemap|duplicate-title",""
"chromium","2026-08-28T21:08:04.938Z","prod-release-2-7-2026-08-28","1-500","","https://www.trugreen.com/lawn-care-101/blog/lawn-care-tips/pet-safe-gardening","https://www.trugreen.com/lawn-care-101/blog/lawn-care-tips/pet-safe-gardening","200","200:https://www.trugreen.com/lawn-care-101/blog/lawn-care-tips/pet-safe-gardening","How to Create a Pet-Friendly Garden: Yard Care Tips I TruGreen","How to Create a Pet-Friendly Garden: Yard Care Tips I TruGreen","https://www.trugreen.com/lawn-care-101/blog/lawn-care-tips/pet-safe-gardening","1","https://www.trugreen.com/lawn-care-101/blog/lawn-care-tips/pet-safe-gardening","1","","200","https://www.trugreen.com/lawn-care-101/blog/lawn-care-tips/pet-safe-gardening","","","","0","1","How to Create a Pet-Friendly Garden","0","header|nav|footer","jsonld:1;types:Article;invalid:0;missing:jsonld_0_missing_@context","0","0","47","11","https://www.trugreen.com/lawn-care-101 | https://www.trugreen.com/lawn-care-101/blog?topic=Beyond+the+Lawn | https://www.trugreen.com/lawn-care-101/blog?type=Blog | https://www.trugreen.com/lawn-care-101/learning-center | https://www.trugreen.com/my-account/account-summary | https://www.trugreen.com/newsroom | https://www.trugreen.com/pay-your-bill | https://www.trugreen.com/pests-products-and-services | https://www.trugreen.com/pga-tour | https://www.trugreen.com/products-and-services | https://www.trugreen.com/why-choose-trugreen/testimonials-and-ratings","","missing-main|internal-links-missing-from-sitemap",""
"chromium","2026-08-28T21:08:04.938Z","prod-release-2-7-2026-08-28","1-500","","https://www.trugreen.com/lawn-care-101/blog/lawn-care-tips/pet-waste-and-lawn-damage","https://www.trugreen.com/lawn-care-101/blog/lawn-care-tips/pet-waste-and-lawn-damage","200","200:https://www.trugreen.com/lawn-care-101/blog/lawn-care-tips/pet-waste-and-lawn-damage","How Animal Waste Impacts Lawn Health | TruGreen","How Animal Waste Impacts Lawn Health | TruGreen","https://www.trugreen.com/lawn-care-101/blog/lawn-care-tips/pet-waste-and-lawn-damage","1","https://www.trugreen.com/lawn-care-101/blog/lawn-care-tips/pet-waste-and-lawn-damage","1","","200","https://www.trugreen.com/lawn-care-101/blog/lawn-care-tips/pet-waste-and-lawn-damage","","","","0","1","How Does Pet Waste Affect Your Lawn’s Health?","0","header|footer","jsonld:1;types:Article;invalid:0;missing:jsonld_0_missing_@context","0","0","47","12","https://www.trugreen.com/lawn-care-101 | https://www.trugreen.com/lawn-care-101/blog?topic=Lawn+Care | https://www.trugreen.com/lawn-care-101/blog?type=Blog | https://www.trugreen.com/lawn-care-101/learning-center | https://www.trugreen.com/newsroom | https://www.trugreen.com/node/38466 | https://www.trugreen.com/node/38468 | https://www.trugreen.com/pay-your-bill | https://www.trugreen.com/pests-products-and-services | https://www.trugreen.com/pga-tour | https://www.trugreen.com/products-and-services | https://www.trugreen.com/why-choose-trugreen/testimonials-and-ratings","","missing-main|internal-links-missing-from-sitemap",""
"chromium","2026-08-28T21:08:04.938Z","prod-release-2-7-2026-08-28","1-500","","https://www.trugreen.com/lawn-care-101/blog/lawn-care-tips/pga-tour-and-trugreen-recap-iconic-partnership","https://www.trugreen.com/lawn-care-101/blog/lawn-care-tips/pga-tour-and-trugreen-recap-iconic-partnership","200","200:https://www.trugreen.com/lawn-care-101/blog/lawn-care-tips/pga-tour-and-trugreen-recap-iconic-partnership","PGA TOUR and TruGreen | TruGreen","PGA TOUR and TruGreen | TruGreen","https://www.trugreen.com/lawn-care-101/blog/lawn-care-tips/pga-tour-and-trugreen-recap-iconic-partnership","1","https://www.trugreen.com/lawn-care-101/blog/lawn-care-tips/pga-tour-and-trugreen-recap-iconic-partnership","1","","200","https://www.trugreen.com/lawn-care-101/blog/lawn-care-tips/pga-tour-and-trugreen-recap-iconic-partnership","","","","0","1","PGA TOUR and TruGreen Recap an Iconic Partnership","0","header|footer","jsonld:1;types:Article;invalid:0;missing:jsonld_0_missing_@context","0","0","47","10","https://www.trugreen.com/lawn-care-101 | https://www.trugreen.com/lawn-care-101/blog?topic=Beyond+the+Lawn | https://www.trugreen.com/lawn-care-101/blog?type=Blog | https://www.trugreen.com/lawn-care-101/learning-center | https://www.trugreen.com/newsroom | https://www.trugreen.com/pay-your-bill | https://www.trugreen.com/pests-products-and-services | https://www.trugreen.com/pga-tour | https://www.trugreen.com/products-and-services | https://www.trugreen.com/why-choose-trugreen/testimonials-and-ratings","","missing-main|internal-links-missing-from-sitemap",""
"chromium","2026-08-28T21:08:04.938Z","prod-release-2-7-2026-08-28","1-500","","https://www.trugreen.com/lawn-care-101/blog/lawn-care-tips/planning-perfect-backyard-graduation-celebration","https://www.trugreen.com/lawn-care-101/blog","200","301:https://www.trugreen.com/lawn-care-101/blog/lawn-care-tips/planning-perfect-backyard-graduation-celebration -> 200:https://www.trugreen.com/lawn-care-101/blog","TruGreen Blog | TruGreen","TruGreen Blog | TruGreen","https://www.trugreen.com/lawn-care-101/blog","1","https://www.trugreen.com/lawn-care-101/blog","1","","200","https://www.trugreen.com/lawn-care-101/blog","","","","0","1","Looking for advice?Turn to the experts.","0","main|header|footer","jsonld:1;types:Blog|BreadcrumbList|CollectionPage;invalid:0;missing:","0","0","86","22","https://www.trugreen.com/lawn-care-101 | https://www.trugreen.com/lawn-care-101/blog/beyond-lawn/hosting-backyard-party | https://www.trugreen.com/lawn-care-101/blog/consistent-lawn-care | https://www.trugreen.com/lawn-care-101/blog/lawn-care/lawn-care-myths | https://www.trugreen.com/lawn-care-101/blog/lawn-care/lawn-care-vs-landscaping | https://www.trugreen.com/lawn-care-101/blog/lawn-care/lawn-mowing-spread-weeds | https://www.trugreen.com/lawn-care-101/blog/lawn-care/what-lawn-need-thrive | https://www.trugreen.com/lawn-care-101/blog/lawn-care/what-my-lawn-need | https://www.trugreen.com/lawn-care-101/blog/lawn-care/when-aerate-and-overseed-northeast | https://www.trugreen.com/lawn-care-101/blog/lawn-damage/lawn-care-signs-stress | https://www.trugreen.com/lawn-care-101/blog/pest-control/how-control-fleas-yard | https://www.trugreen.com/lawn-care-101/blog/tree-shrub-care/tree-disease-treatment | https://www.trugreen.com/lawn-care-101/blog/weed-control/control-wild-violets | https://www.trugreen.com/lawn-care-101/blog/weed-control/how-control-clover-lawn | https://www.trugreen.com/lawn-care-101/blog/weed-control/weeds-from-coming-back | https://www.trugreen.com/lawn-care-101/learning-center | https://www.trugreen.com/newsroom | https://www.trugreen.com/pay-your-bill | https://www.trugreen.com/pests-products-and-services | https://www.trugreen.com/pga-tour | https://www.trugreen.com/products-and-services | https://www.trugreen.com/why-choose-trugreen/testimonials-and-ratings","","internal-links-missing-from-sitemap|duplicate-title",""
"chromium","2026-08-28T21:08:04.938Z","prod-release-2-7-2026-08-28","1-500","","https://www.trugreen.com/lawn-care-101/blog/lawn-care-tips/plant-this-now-bougainvillea","https://www.trugreen.com/lawn-care-101/blog/lawn-care-tips/plant-this-now-may-edition","200","301:https://www.trugreen.com/lawn-care-101/blog/lawn-care-tips/plant-this-now-bougainvillea -> 200:https://www.trugreen.com/lawn-care-101/blog/lawn-care-tips/plant-this-now-may-edition","What to Plant in Garden | TruGreen","What to Plant in Garden | TruGreen","https://www.trugreen.com/lawn-care-101/blog/lawn-care-tips/plant-this-now-may-edition","1","https://www.trugreen.com/lawn-care-101/blog/lawn-care-tips/plant-this-now-may-edition","1","","200","https://www.trugreen.com/lawn-care-101/blog/lawn-care-tips/plant-this-now-may-edition","","","","0","1","What to Plant in a Garden: Seasonal and Monthly Guide","0","header|footer","jsonld:1;types:Article;invalid:0;missing:jsonld_0_missing_@context","0","0","46","11","https://www.trugreen.com/blog/DIY-&-Curb-Appeal-Tips/front-yard-landscaping-ideas-for-springtime | https://www.trugreen.com/lawn-care-101 | https://www.trugreen.com/lawn-care-101/blog?topic=Beyond+the+Lawn | https://www.trugreen.com/lawn-care-101/blog?type=Blog | https://www.trugreen.com/lawn-care-101/learning-center | https://www.trugreen.com/newsroom | https://www.trugreen.com/pay-your-bill | https://www.trugreen.com/pests-products-and-services | https://www.trugreen.com/pga-tour | https://www.trugreen.com/products-and-services | https://www.trugreen.com/why-choose-trugreen/testimonials-and-ratings","","missing-main|internal-links-missing-from-sitemap|duplicate-title",""
"chromium","2026-08-28T21:08:04.938Z","prod-release-2-7-2026-08-28","1-500","","https://www.trugreen.com/lawn-care-101/blog/lawn-care-tips/plant-this-now-how-to-care-for-a-bonsai-tree","https://www.trugreen.com/lawn-care-101/blog/lawn-care-tips/plant-this-now-may-edition","200","301:https://www.trugreen.com/lawn-care-101/blog/lawn-care-tips/plant-this-now-how-to-care-for-a-bonsai-tree -> 200:https://www.trugreen.com/lawn-care-101/blog/lawn-care-tips/plant-this-now-may-edition","What to Plant in Garden | TruGreen","What to Plant in Garden | TruGreen","https://www.trugreen.com/lawn-care-101/blog/lawn-care-tips/plant-this-now-may-edition","1","https://www.trugreen.com/lawn-care-101/blog/lawn-care-tips/plant-this-now-may-edition","1","","200","https://www.trugreen.com/lawn-care-101/blog/lawn-care-tips/plant-this-now-may-edition","","","","0","1","What to Plant in a Garden: Seasonal and Monthly Guide","0","header|footer","jsonld:1;types:Article;invalid:0;missing:jsonld_0_missing_@context","0","0","46","11","https://www.trugreen.com/blog/DIY-&-Curb-Appeal-Tips/front-yard-landscaping-ideas-for-springtime | https://www.trugreen.com/lawn-care-101 | https://www.trugreen.com/lawn-care-101/blog?topic=Beyond+the+Lawn | https://www.trugreen.com/lawn-care-101/blog?type=Blog | https://www.trugreen.com/lawn-care-101/learning-center | https://www.trugreen.com/newsroom | https://www.trugreen.com/pay-your-bill | https://www.trugreen.com/pests-products-and-services | https://www.trugreen.com/pga-tour | https://www.trugreen.com/products-and-services | https://www.trugreen.com/why-choose-trugreen/testimonials-and-ratings","","missing-main|internal-links-missing-from-sitemap|duplicate-title",""
"chromium","2026-08-28T21:08:04.938Z","prod-release-2-7-2026-08-28","1-500","","https://www.trugreen.com/lawn-care-101/blog/lawn-care-tips/plant-this-now-may-edition","https://www.trugreen.com/lawn-care-101/blog/lawn-care-tips/plant-this-now-may-edition","200","200:https://www.trugreen.com/lawn-care-101/blog/lawn-care-tips/plant-this-now-may-edition","What to Plant in Garden | TruGreen","What to Plant in Garden | TruGreen","https://www.trugreen.com/lawn-care-101/blog/lawn-care-tips/plant-this-now-may-edition","1","https://www.trugreen.com/lawn-care-101/blog/lawn-care-tips/plant-this-now-may-edition","1","","200","https://www.trugreen.com/lawn-care-101/blog/lawn-care-tips/plant-this-now-may-edition","","","","0","1","What to Plant in a Garden: Seasonal and Monthly Guide","0","header|footer","jsonld:1;types:Article;invalid:0;missing:jsonld_0_missing_@context","0","0","46","11","https://www.trugreen.com/blog/DIY-&-Curb-Appeal-Tips/front-yard-landscaping-ideas-for-springtime | https://www.trugreen.com/lawn-care-101 | https://www.trugreen.com/lawn-care-101/blog?topic=Beyond+the+Lawn | https://www.trugreen.com/lawn-care-101/blog?type=Blog | https://www.trugreen.com/lawn-care-101/learning-center | https://www.trugreen.com/newsroom | https://www.trugreen.com/pay-your-bill | https://www.trugreen.com/pests-products-and-services | https://www.trugreen.com/pga-tour | https://www.trugreen.com/products-and-services | https://www.trugreen.com/why-choose-trugreen/testimonials-and-ratings","","missing-main|internal-links-missing-from-sitemap|duplicate-title",""
"chromium","2026-08-28T21:08:04.938Z","prod-release-2-7-2026-08-28","1-500","","https://www.trugreen.com/lawn-care-101/blog/lawn-care-tips/plant-this-now-your-autumn-color-palette","https://www.trugreen.com/lawn-care-101/blog/lawn-care-tips/plant-this-now-may-edition","200","301:https://www.trugreen.com/lawn-care-101/blog/lawn-care-tips/plant-this-now-your-autumn-color-palette -> 200:https://www.trugreen.com/lawn-care-101/blog/lawn-care-tips/plant-this-now-may-edition","What to Plant in Garden | TruGreen","What to Plant in Garden | TruGreen","https://www.trugreen.com/lawn-care-101/blog/lawn-care-tips/plant-this-now-may-edition","1","https://www.trugreen.com/lawn-care-101/blog/lawn-care-tips/plant-this-now-may-edition","1","","200","https://www.trugreen.com/lawn-care-101/blog/lawn-care-tips/plant-this-now-may-edition","","","","0","1","What to Plant in a Garden: Seasonal and Monthly Guide","0","header|footer","jsonld:1;types:Article;invalid:0;missing:jsonld_0_missing_@context","0","0","46","11","https://www.trugreen.com/blog/DIY-&-Curb-Appeal-Tips/front-yard-landscaping-ideas-for-springtime | https://www.trugreen.com/lawn-care-101 | https://www.trugreen.com/lawn-care-101/blog?topic=Beyond+the+Lawn | https://www.trugreen.com/lawn-care-101/blog?type=Blog | https://www.trugreen.com/lawn-care-101/learning-center | https://www.trugreen.com/newsroom | https://www.trugreen.com/pay-your-bill | https://www.trugreen.com/pests-products-and-services | https://www.trugreen.com/pga-tour | https://www.trugreen.com/products-and-services | https://www.trugreen.com/why-choose-trugreen/testimonials-and-ratings","","missing-main|internal-links-missing-from-sitemap|duplicate-title",""
"chromium","2026-08-28T21:08:04.938Z","prod-release-2-7-2026-08-28","1-500","","https://www.trugreen.com/lawn-care-101/blog/lawn-care-tips/preemergent-is-all-about-timing-helpful-tips","https://www.trugreen.com/lawn-care-101/blog/lawn-care-tips/preemergent-is-all-about-timing-helpful-tips","200","200:https://www.trugreen.com/lawn-care-101/blog/lawn-care-tips/preemergent-is-all-about-timing-helpful-tips","Preemergent and Timing: Stop Roots from Developing | TruGreen","Preemergent and Timing: Stop Roots from Developing | TruGreen","https://www.trugreen.com/lawn-care-101/blog/lawn-care-tips/preemergent-is-all-about-timing-helpful-tips","1","https://www.trugreen.com/lawn-care-101/blog/lawn-care-tips/preemergent-is-all-about-timing-helpful-tips","1","","200","https://www.trugreen.com/lawn-care-101/blog/lawn-care-tips/preemergent-is-all-about-timing-helpful-tips","","","","0","1","What is Preemergent and When Should You Apply It?","0","header|nav|footer","jsonld:1;types:Article;invalid:0;missing:jsonld_0_missing_@context","0","0","51","17","https://www.trugreen.com/lawn-care-101 | https://www.trugreen.com/lawn-care-101/blog?topic=Weed+Control | https://www.trugreen.com/lawn-care-101/blog?type=Video | https://www.trugreen.com/lawn-care-101/blog/weed-control/control-wild-violets | https://www.trugreen.com/lawn-care-101/blog/weed-control/how-control-clover-lawn | https://www.trugreen.com/lawn-care-101/learning-center | https://www.trugreen.com/my-account/account-settings | https://www.trugreen.com/my-account/account-summary | https://www.trugreen.com/my-account/my-documents | https://www.trugreen.com/my-account/my-services | https://www.trugreen.com/my-account/payments | https://www.trugreen.com/newsroom | https://www.trugreen.com/pay-your-bill | https://www.trugreen.com/pests-products-and-services | https://www.trugreen.com/pga-tour | https://www.trugreen.com/products-and-services | https://www.trugreen.com/why-choose-trugreen/testimonials-and-ratings","","missing-main|internal-links-missing-from-sitemap",""
"chromium","2026-08-28T21:08:04.938Z","prod-release-2-7-2026-08-28","1-500","","https://www.trugreen.com/lawn-care-101/blog/lawn-care-tips/prepare-your-lawn-for-winter","https://www.trugreen.com/lawn-care-101/blog/lawn-care-tips/tips-to-protect-your-yard-this-winter","200","301:https://www.trugreen.com/lawn-care-101/blog/lawn-care-tips/prepare-your-lawn-for-winter -> 200:https://www.trugreen.com/lawn-care-101/blog/lawn-care-tips/tips-to-protect-your-yard-this-winter","Winterize Lawn | TruGreen","Winterize Lawn | TruGreen","https://www.trugreen.com/lawn-care-101/blog/lawn-care-tips/tips-to-protect-your-yard-this-winter","1","https://www.trugreen.com/lawn-care-101/blog/lawn-care-tips/tips-to-protect-your-yard-this-winter","1","","200","https://www.trugreen.com/lawn-care-101/blog/lawn-care-tips/tips-to-protect-your-yard-this-winter","","","","0","1","How to Winterize Your Yard: Essential Lawn Protection Tips","0","header|nav|footer","jsonld:1;types:Article;invalid:0;missing:jsonld_0_missing_@context","0","0","47","11","https://www.trugreen.com/lawn-care-101 | https://www.trugreen.com/lawn-care-101/blog?topic=Lawn+Care | https://www.trugreen.com/lawn-care-101/blog?type=Blog | https://www.trugreen.com/lawn-care-101/learning-center | https://www.trugreen.com/my-account/account-summary | https://www.trugreen.com/newsroom | https://www.trugreen.com/pay-your-bill | https://www.trugreen.com/pests-products-and-services | https://www.trugreen.com/pga-tour | https://www.trugreen.com/products-and-services | https://www.trugreen.com/why-choose-trugreen/testimonials-and-ratings","","missing-main|internal-links-missing-from-sitemap|duplicate-title",""
"chromium","2026-08-28T21:08:04.938Z","prod-release-2-7-2026-08-28","1-500","","https://www.trugreen.com/lawn-care-101/blog/lawn-care-tips/professional-lawn-care-vs-do-it-yourself","https://www.trugreen.com/lawn-care-101/blog/trugreen-lawn-care-services/the-healthy-lawn-guarantee-from-trugreen","200","301:https://www.trugreen.com/lawn-care-101/blog/lawn-care-tips/professional-lawn-care-vs-do-it-yourself -> 200:https://www.trugreen.com/lawn-care-101/blog/trugreen-lawn-care-services/the-healthy-lawn-guarantee-from-trugreen","The TruGreen Guarantee | TruGreen","The TruGreen Guarantee | TruGreen","https://www.trugreen.com/lawn-care-101/blog/trugreen-lawn-care-services/the-healthy-lawn-guarantee-from-trugreen","1","https://www.trugreen.com/lawn-care-101/blog/trugreen-lawn-care-services/the-healthy-lawn-guarantee-from-trugreen","1","","","https://www.trugreen.com/lawn-care-101/blog/trugreen-lawn-care-services/the-healthy-lawn-guarantee-from-trugreen","","","","0","1","Why a TruGreen Lawn Specialist Is the Key to a Healthier Lawn","0","header|nav|footer","jsonld:1;types:Article;invalid:0;missing:jsonld_0_missing_@context","0","0","47","11","https://www.trugreen.com/lawn-care-101 | https://www.trugreen.com/lawn-care-101/blog?topic=Lawn+Care | https://www.trugreen.com/lawn-care-101/blog?type=Blog | https://www.trugreen.com/lawn-care-101/learning-center | https://www.trugreen.com/my-account/account-summary | https://www.trugreen.com/newsroom | https://www.trugreen.com/pay-your-bill | https://www.trugreen.com/pests-products-and-services | https://www.trugreen.com/pga-tour | https://www.trugreen.com/products-and-services | https://www.trugreen.com/why-choose-trugreen/testimonials-and-ratings","","missing-main|internal-links-missing-from-sitemap|duplicate-title|canonical-target-invalid",""
"chromium","2026-08-28T21:08:04.938Z","prod-release-2-7-2026-08-28","1-500","","https://www.trugreen.com/lawn-care-101/blog/lawn-care-tips/professional-lawn-care-vs-do-it-yourself-which-better","https://www.trugreen.com/lawn-care-101/blog","200","301:https://www.trugreen.com/lawn-care-101/blog/lawn-care-tips/professional-lawn-care-vs-do-it-yourself-which-better -> 200:https://www.trugreen.com/lawn-care-101/blog","TruGreen Blog | TruGreen","TruGreen Blog | TruGreen","https://www.trugreen.com/lawn-care-101/blog","1","https://www.trugreen.com/lawn-care-101/blog","1","","200","https://www.trugreen.com/lawn-care-101/blog","","","","0","1","Looking for advice?Turn to the experts.","0","main|header|footer","jsonld:1;types:Blog|BreadcrumbList|CollectionPage;invalid:0;missing:","0","0","86","22","https://www.trugreen.com/lawn-care-101 | https://www.trugreen.com/lawn-care-101/blog/beyond-lawn/hosting-backyard-party | https://www.trugreen.com/lawn-care-101/blog/consistent-lawn-care | https://www.trugreen.com/lawn-care-101/blog/lawn-care/lawn-care-myths | https://www.trugreen.com/lawn-care-101/blog/lawn-care/lawn-care-vs-landscaping | https://www.trugreen.com/lawn-care-101/blog/lawn-care/lawn-mowing-spread-weeds | https://www.trugreen.com/lawn-care-101/blog/lawn-care/what-lawn-need-thrive | https://www.trugreen.com/lawn-care-101/blog/lawn-care/what-my-lawn-need | https://www.trugreen.com/lawn-care-101/blog/lawn-care/when-aerate-and-overseed-northeast | https://www.trugreen.com/lawn-care-101/blog/lawn-damage/lawn-care-signs-stress | https://www.trugreen.com/lawn-care-101/blog/pest-control/how-control-fleas-yard | https://www.trugreen.com/lawn-care-101/blog/tree-shrub-care/tree-disease-treatment | https://www.trugreen.com/lawn-care-101/blog/weed-control/control-wild-violets | https://www.trugreen.com/lawn-care-101/blog/weed-control/how-control-clover-lawn | https://www.trugreen.com/lawn-care-101/blog/weed-control/weeds-from-coming-back | https://www.trugreen.com/lawn-care-101/learning-center | https://www.trugreen.com/newsroom | https://www.trugreen.com/pay-your-bill | https://www.trugreen.com/pests-products-and-services | https://www.trugreen.com/pga-tour | https://www.trugreen.com/products-and-services | https://www.trugreen.com/why-choose-trugreen/testimonials-and-ratings","","internal-links-missing-from-sitemap|duplicate-title",""
"chromium","2026-08-28T21:08:04.938Z","prod-release-2-7-2026-08-28","1-500","","https://www.trugreen.com/lawn-care-101/blog/lawn-care-tips/protect-your-trees-and-shrubs-from-frost","https://www.trugreen.com/lawn-care-101/blog/lawn-care-tips/protect-your-trees-and-shrubs-from-frost","200","200:https://www.trugreen.com/lawn-care-101/blog/lawn-care-tips/protect-your-trees-and-shrubs-from-frost","How to Protect Trees from Frost | TruGreen","How to Protect Trees from Frost | TruGreen","https://www.trugreen.com/lawn-care-101/blog/lawn-care-tips/protect-your-trees-and-shrubs-from-frost","1","https://www.trugreen.com/lawn-care-101/blog/lawn-care-tips/protect-your-trees-and-shrubs-from-frost","1","","200","https://www.trugreen.com/lawn-care-101/blog/lawn-care-tips/protect-your-trees-and-shrubs-from-frost","","","","0","1","How to Protect Trees from Frost Damage","0","header|nav|footer","jsonld:1;types:Article;invalid:0;missing:jsonld_0_missing_@context","0","0","51","16","https://www.trugreen.com/lawn-care-101 | https://www.trugreen.com/lawn-care-101/blog?topic=Tree+%26+Shrub+Care | https://www.trugreen.com/lawn-care-101/blog?type=Blog | https://www.trugreen.com/lawn-care-101/blog/tree-shrub-care/tree-disease-treatment | https://www.trugreen.com/lawn-care-101/learning-center | https://www.trugreen.com/my-account/account-settings | https://www.trugreen.com/my-account/account-summary | https://www.trugreen.com/my-account/my-documents | https://www.trugreen.com/my-account/my-services | https://www.trugreen.com/my-account/payments | https://www.trugreen.com/newsroom | https://www.trugreen.com/pay-your-bill | https://www.trugreen.com/pests-products-and-services | https://www.trugreen.com/pga-tour | https://www.trugreen.com/products-and-services | https://www.trugreen.com/why-choose-trugreen/testimonials-and-ratings","","missing-main|internal-links-missing-from-sitemap|duplicate-title",""
"chromium","2026-08-28T21:08:04.938Z","prod-release-2-7-2026-08-28","1-500","","https://www.trugreen.com/lawn-care-101/blog/lawn-care-tips/protecting-your-lawn-during-a-heatwave","https://www.trugreen.com/lawn-care-101/blog/lawn-care-tips/protecting-your-lawn-during-a-heatwave","200","200:https://www.trugreen.com/lawn-care-101/blog/lawn-care-tips/protecting-your-lawn-during-a-heatwave","Heat Stressed Lawn | TruGreen","Heat Stressed Lawn | TruGreen","https://www.trugreen.com/lawn-care-101/blog/lawn-care-tips/protecting-your-lawn-during-a-heatwave","1","https://www.trugreen.com/lawn-care-101/blog/lawn-care-tips/protecting-your-lawn-during-a-heatwave","1","","200","https://www.trugreen.com/lawn-care-101/blog/lawn-care-tips/protecting-your-lawn-during-a-heatwave","","","","0","1","Protecting Your Heat Stressed Lawn During a Heatwave","0","header|nav|footer","jsonld:1;types:Article;invalid:0;missing:jsonld_0_missing_@context","0","0","48","11","https://www.trugreen.com/lawn-care-101 | https://www.trugreen.com/lawn-care-101/blog?topic=Lawn+Care | https://www.trugreen.com/lawn-care-101/blog?type=Blog | https://www.trugreen.com/lawn-care-101/learning-center | https://www.trugreen.com/my-account/account-summary | https://www.trugreen.com/newsroom | https://www.trugreen.com/pay-your-bill | https://www.trugreen.com/pests-products-and-services | https://www.trugreen.com/pga-tour | https://www.trugreen.com/products-and-services | https://www.trugreen.com/why-choose-trugreen/testimonials-and-ratings","","missing-main|internal-links-missing-from-sitemap",""
"chromium","2026-08-28T21:08:04.938Z","prod-release-2-7-2026-08-28","1-500","","https://www.trugreen.com/lawn-care-101/blog/lawn-care-tips/red-thread-lawn-disease-signs-symptoms-and-how-to","https://www.trugreen.com/lawn-care-101/learning-center/lawn-diseases/red-thread","200","301:https://www.trugreen.com/lawn-care-101/blog/lawn-care-tips/red-thread-lawn-disease-signs-symptoms-and-how-to -> 200:https://www.trugreen.com/lawn-care-101/learning-center/lawn-diseases/red-thread","Red Thread | TruGreen","Red Thread | TruGreen","https://www.trugreen.com/lawn-care-101/learning-center/lawn-diseases/red-thread","1","https://www.trugreen.com/lawn-care-101/learning-center/lawn-diseases/red-thread","1","","200","https://www.trugreen.com/lawn-care-101/learning-center/lawn-diseases/red-thread","","","","0","0","","0","header|footer","jsonld:0;types:;invalid:0;missing:","0","0","41","8","https://www.trugreen.com/lawn-care-101 | https://www.trugreen.com/lawn-care-101/learning-center | https://www.trugreen.com/newsroom | https://www.trugreen.com/pay-your-bill | https://www.trugreen.com/pests-products-and-services | https://www.trugreen.com/pga-tour | https://www.trugreen.com/products-and-services | https://www.trugreen.com/why-choose-trugreen/testimonials-and-ratings","","missing-h1|missing-main|internal-links-missing-from-sitemap",""
"chromium","2026-08-28T21:08:04.938Z","prod-release-2-7-2026-08-28","1-500","","https://www.trugreen.com/lawn-care-101/blog/lawn-care-tips/reviving-dead-grass","https://www.trugreen.com/lawn-care-101/blog/lawn-care-tips/reviving-dead-grass","200","200:https://www.trugreen.com/lawn-care-101/blog/lawn-care-tips/reviving-dead-grass","How to Revive Dead Grass | TruGreen","How to Revive Dead Grass | TruGreen","https://www.trugreen.com/lawn-care-101/blog/lawn-care-tips/reviving-dead-grass","1","https://www.trugreen.com/lawn-care-101/blog/lawn-care-tips/reviving-dead-grass","1","","200","https://www.trugreen.com/lawn-care-101/blog/lawn-care-tips/reviving-dead-grass","","","","0","1","How to Revive Dead Grass","0","header|nav|footer","jsonld:1;types:Article;invalid:0;missing:jsonld_0_missing_@context","0","0","50","16","https://www.trugreen.com/lawn-care-101 | https://www.trugreen.com/lawn-care-101/blog?topic=Lawn+Damage | https://www.trugreen.com/lawn-care-101/blog?type=Blog | https://www.trugreen.com/lawn-care-101/blog/lawn-damage/lawn-care-signs-stress | https://www.trugreen.com/lawn-care-101/learning-center | https://www.trugreen.com/my-account/account-settings | https://www.trugreen.com/my-account/account-summary | https://www.trugreen.com/my-account/my-documents | https://www.trugreen.com/my-account/my-services | https://www.trugreen.com/my-account/payments | https://www.trugreen.com/newsroom | https://www.trugreen.com/pay-your-bill | https://www.trugreen.com/pests-products-and-services | https://www.trugreen.com/pga-tour | https://www.trugreen.com/products-and-services | https://www.trugreen.com/why-choose-trugreen/testimonials-and-ratings","","missing-main|internal-links-missing-from-sitemap",""
"chromium","2026-08-28T21:08:04.938Z","prod-release-2-7-2026-08-28","1-500","","https://www.trugreen.com/lawn-care-101/blog/lawn-care-tips/roses-trufacts","https://www.trugreen.com/lawn-care-101/blog/lawn-care-tips/plant-this-now-may-edition","200","301:https://www.trugreen.com/lawn-care-101/blog/lawn-care-tips/roses-trufacts -> 200:https://www.trugreen.com/lawn-care-101/blog/lawn-care-tips/plant-this-now-may-edition","What to Plant in Garden | TruGreen","What to Plant in Garden | TruGreen","https://www.trugreen.com/lawn-care-101/blog/lawn-care-tips/plant-this-now-may-edition","1","https://www.trugreen.com/lawn-care-101/blog/lawn-care-tips/plant-this-now-may-edition","1","","200","https://www.trugreen.com/lawn-care-101/blog/lawn-care-tips/plant-this-now-may-edition","","","","0","1","What to Plant in a Garden: Seasonal and Monthly Guide","0","header|footer","jsonld:1;types:Article;invalid:0;missing:jsonld_0_missing_@context","0","0","46","11","https://www.trugreen.com/blog/DIY-&-Curb-Appeal-Tips/front-yard-landscaping-ideas-for-springtime | https://www.trugreen.com/lawn-care-101 | https://www.trugreen.com/lawn-care-101/blog?topic=Beyond+the+Lawn | https://www.trugreen.com/lawn-care-101/blog?type=Blog | https://www.trugreen.com/lawn-care-101/learning-center | https://www.trugreen.com/newsroom | https://www.trugreen.com/pay-your-bill | https://www.trugreen.com/pests-products-and-services | https://www.trugreen.com/pga-tour | https://www.trugreen.com/products-and-services | https://www.trugreen.com/why-choose-trugreen/testimonials-and-ratings","","missing-main|internal-links-missing-from-sitemap|duplicate-title",""
"chromium","2026-08-28T21:08:04.938Z","prod-release-2-7-2026-08-28","1-500","","https://www.trugreen.com/lawn-care-101/blog/lawn-care-tips/signs-of-lawn-drainage-issues","https://www.trugreen.com/lawn-care-101/blog/lawn-care-tips/signs-of-lawn-drainage-issues","200","200:https://www.trugreen.com/lawn-care-101/blog/lawn-care-tips/signs-of-lawn-drainage-issues","Lawn Drainage | TruGreen","Lawn Drainage | TruGreen","https://www.trugreen.com/lawn-care-101/blog/lawn-care-tips/signs-of-lawn-drainage-issues","1","https://www.trugreen.com/lawn-care-101/blog/lawn-care-tips/signs-of-lawn-drainage-issues","1","","200","https://www.trugreen.com/lawn-care-101/blog/lawn-care-tips/signs-of-lawn-drainage-issues","","","","0","1","4 Common Signs of Lawn Drainage Issues","0","header|nav|footer","jsonld:1;types:Article;invalid:0;missing:jsonld_0_missing_@context","0","0","49","16","https://www.trugreen.com/lawn-care-101 | https://www.trugreen.com/lawn-care-101/blog?topic=Lawn+Damage | https://www.trugreen.com/lawn-care-101/blog?type=Blog | https://www.trugreen.com/lawn-care-101/blog/lawn-damage/lawn-care-signs-stress | https://www.trugreen.com/lawn-care-101/learning-center | https://www.trugreen.com/my-account/account-settings | https://www.trugreen.com/my-account/account-summary | https://www.trugreen.com/my-account/my-documents | https://www.trugreen.com/my-account/my-services | https://www.trugreen.com/my-account/payments | https://www.trugreen.com/newsroom | https://www.trugreen.com/pay-your-bill | https://www.trugreen.com/pests-products-and-services | https://www.trugreen.com/pga-tour | https://www.trugreen.com/products-and-services | https://www.trugreen.com/why-choose-trugreen/testimonials-and-ratings","","missing-main|internal-links-missing-from-sitemap",""
"chromium","2026-08-28T21:08:04.938Z","prod-release-2-7-2026-08-28","1-500","","https://www.trugreen.com/lawn-care-101/blog/lawn-care-tips/signs-of-lawn-grubs","https://www.trugreen.com/lawn-care-101/blog/lawn-care-tips/signs-of-lawn-grubs","200","200:https://www.trugreen.com/lawn-care-101/blog/lawn-care-tips/signs-of-lawn-grubs","3 Signs of Lawn Grub Damage &amp; How to Check | TruGreen","3 Signs of Lawn Grub Damage & How to Check | TruGreen","https://www.trugreen.com/lawn-care-101/blog/lawn-care-tips/signs-of-lawn-grubs","1","https://www.trugreen.com/lawn-care-101/blog/lawn-care-tips/signs-of-lawn-grubs","1","","200","https://www.trugreen.com/lawn-care-101/blog/lawn-care-tips/signs-of-lawn-grubs","","","","0","1","3 Signs You May Have Grubs in Your Lawn","0","header|nav|footer","jsonld:1;types:Article;invalid:0;missing:jsonld_0_missing_@context","0","0","52","15","https://www.trugreen.com/lawn-care-101 | https://www.trugreen.com/lawn-care-101/blog?topic=Pest+Control | https://www.trugreen.com/lawn-care-101/blog?type=Blog | https://www.trugreen.com/lawn-care-101/learning-center | https://www.trugreen.com/my-account/account-settings | https://www.trugreen.com/my-account/account-summary | https://www.trugreen.com/my-account/my-documents | https://www.trugreen.com/my-account/my-services | https://www.trugreen.com/my-account/payments | https://www.trugreen.com/newsroom | https://www.trugreen.com/pay-your-bill | https://www.trugreen.com/pests-products-and-services | https://www.trugreen.com/pga-tour | https://www.trugreen.com/products-and-services | https://www.trugreen.com/why-choose-trugreen/testimonials-and-ratings","","missing-main|internal-links-missing-from-sitemap|duplicate-title",""
"chromium","2026-08-28T21:08:04.938Z","prod-release-2-7-2026-08-28","1-500","","https://www.trugreen.com/lawn-care-101/blog/lawn-care-tips/simple-watering-tips-from-trugreen","https://www.trugreen.com/lawn-care-101/blog/lawn-care-tips/lawn-watering-guide","200","301:https://www.trugreen.com/lawn-care-101/blog/lawn-care-tips/simple-watering-tips-from-trugreen -> 200:https://www.trugreen.com/lawn-care-101/blog/lawn-care-tips/lawn-watering-guide","The Ultimate Guide to Lawn Watering | TruGreen","The Ultimate Guide to Lawn Watering | TruGreen","https://www.trugreen.com/lawn-care-101/blog/lawn-care-tips/lawn-watering-guide","1","https://www.trugreen.com/lawn-care-101/blog/lawn-care-tips/lawn-watering-guide","1","","200","https://www.trugreen.com/lawn-care-101/blog/lawn-care-tips/lawn-watering-guide","","","","0","1","The Ultimate Guide to Lawn Watering","0","header|nav|footer","jsonld:1;types:Article;invalid:0;missing:jsonld_0_missing_@context","0","0","49","18","https://www.trugreen.com/lawn-care-101 | https://www.trugreen.com/lawn-care-101/blog?topic=Lawn+Care | https://www.trugreen.com/lawn-care-101/blog?type=Blog | https://www.trugreen.com/lawn-care-101/blog/lawn-care/lawn-care-myths | https://www.trugreen.com/lawn-care-101/blog/lawn-care/lawn-care-vs-landscaping | https://www.trugreen.com/lawn-care-101/blog/lawn-care/lawn-mowing-spread-weeds | https://www.trugreen.com/lawn-care-101/learning-center | https://www.trugreen.com/my-account/account-settings | https://www.trugreen.com/my-account/account-summary | https://www.trugreen.com/my-account/my-documents | https://www.trugreen.com/my-account/my-services | https://www.trugreen.com/my-account/payments | https://www.trugreen.com/newsroom | https://www.trugreen.com/pay-your-bill | https://www.trugreen.com/pests-products-and-services | https://www.trugreen.com/pga-tour | https://www.trugreen.com/products-and-services | https://www.trugreen.com/why-choose-trugreen/testimonials-and-ratings","","missing-main|internal-links-missing-from-sitemap|duplicate-title",""
"chromium","2026-08-28T21:08:04.938Z","prod-release-2-7-2026-08-28","1-500","","https://www.trugreen.com/lawn-care-101/blog/lawn-care-tips/southeast-lawn-care-guide","https://www.trugreen.com/lawn-care-101/blog/lawn-care-tips/southeast-lawn-care-guide","200","200:https://www.trugreen.com/lawn-care-101/blog/lawn-care-tips/southeast-lawn-care-guide","Southeast Lawn Care Guide | TruGreen","Southeast Lawn Care Guide | TruGreen","https://www.trugreen.com/lawn-care-101/blog/lawn-care-tips/southeast-lawn-care-guide","1","https://www.trugreen.com/lawn-care-101/blog/lawn-care-tips/southeast-lawn-care-guide","1","","200","https://www.trugreen.com/lawn-care-101/blog/lawn-care-tips/southeast-lawn-care-guide","","","","0","1","Southeast Lawn Care Guide: How to Maintain a Healthy Lawn","0","header|footer","jsonld:1;types:Article;invalid:0;missing:jsonld_0_missing_@context","0","0","50","11","https://www.trugreen.com/lawn-care-101 | https://www.trugreen.com/lawn-care-101/blog?topic=Lawn+Care | https://www.trugreen.com/lawn-care-101/blog?type=Blog | https://www.trugreen.com/lawn-care-101/learning-center | https://www.trugreen.com/my-account/account-summary | https://www.trugreen.com/newsroom | https://www.trugreen.com/pay-your-bill | https://www.trugreen.com/pests-products-and-services | https://www.trugreen.com/pga-tour | https://www.trugreen.com/products-and-services | https://www.trugreen.com/why-choose-trugreen/testimonials-and-ratings","","missing-main|internal-links-missing-from-sitemap",""
"chromium","2026-08-28T21:08:04.938Z","prod-release-2-7-2026-08-28","1-500","","https://www.trugreen.com/lawn-care-101/blog/lawn-care-tips/southern-lawn-care-guide","https://www.trugreen.com/lawn-care-101/blog/lawn-care-tips/manage-the-season-for-your-region-trugreen","200","301:https://www.trugreen.com/lawn-care-101/blog/lawn-care-tips/southern-lawn-care-guide -> 200:https://www.trugreen.com/lawn-care-101/blog/lawn-care-tips/manage-the-season-for-your-region-trugreen","Regional Lawn Care | TruGreen","Regional Lawn Care | TruGreen","https://www.trugreen.com/lawn-care-101/blog/lawn-care-tips/manage-the-season-for-your-region-trugreen","1","https://www.trugreen.com/lawn-care-101/blog/lawn-care-tips/manage-the-season-for-your-region-trugreen","1","","200","https://www.trugreen.com/lawn-care-101/blog/lawn-care-tips/manage-the-season-for-your-region-trugreen","","","","0","1","Regional Lawn Care: Seasonal Winter Tips for Every Climate","0","header|nav|footer","jsonld:1;types:Article;invalid:0;missing:jsonld_0_missing_@context","0","0","50","11","https://www.trugreen.com/lawn-care-101 | https://www.trugreen.com/lawn-care-101/blog?topic=Lawn+Care | https://www.trugreen.com/lawn-care-101/blog?type=Blog | https://www.trugreen.com/lawn-care-101/learning-center | https://www.trugreen.com/my-account/account-summary | https://www.trugreen.com/newsroom | https://www.trugreen.com/pay-your-bill | https://www.trugreen.com/pests-products-and-services | https://www.trugreen.com/pga-tour | https://www.trugreen.com/products-and-services | https://www.trugreen.com/why-choose-trugreen/testimonials-and-ratings","","missing-main|internal-links-missing-from-sitemap|duplicate-title",""
"chromium","2026-08-28T21:08:04.938Z","prod-release-2-7-2026-08-28","1-500","","https://www.trugreen.com/lawn-care-101/blog/lawn-care-tips/spotted-lanternflies-what-you-need-know","https://www.trugreen.com/lawn-care-101/blog/lawn-care-tips/spotted-lanternflies-what-you-need-know","200","200:https://www.trugreen.com/lawn-care-101/blog/lawn-care-tips/spotted-lanternflies-what-you-need-know","How to Get Rid of Lanternflies | TruGreen","How to Get Rid of Lanternflies | TruGreen","https://www.trugreen.com/lawn-care-101/blog/lawn-care-tips/spotted-lanternflies-what-you-need-know","1","https://www.trugreen.com/lawn-care-101/blog/lawn-care-tips/spotted-lanternflies-what-you-need-know","1","","200","https://www.trugreen.com/lawn-care-101/blog/lawn-care-tips/spotted-lanternflies-what-you-need-know","","","","0","1","How to Get Rid of Spotted Lanternflies: What You Need to Know","0","header|nav|footer","jsonld:1;types:Article;invalid:0;missing:jsonld_0_missing_@context","0","0","46","11","https://www.trugreen.com/lawn-care-101 | https://www.trugreen.com/lawn-care-101/blog?topic=Pest+Control | https://www.trugreen.com/lawn-care-101/blog?type=Blog | https://www.trugreen.com/lawn-care-101/learning-center | https://www.trugreen.com/my-account/account-summary | https://www.trugreen.com/newsroom | https://www.trugreen.com/pay-your-bill | https://www.trugreen.com/pests-products-and-services | https://www.trugreen.com/pga-tour | https://www.trugreen.com/products-and-services | https://www.trugreen.com/why-choose-trugreen/testimonials-and-ratings","","missing-main|internal-links-missing-from-sitemap|duplicate-title",""
"chromium","2026-08-28T21:08:04.938Z","prod-release-2-7-2026-08-28","1-500","","https://www.trugreen.com/lawn-care-101/blog/lawn-care-tips/spotted-lanternflies-what-you-need-know-1","https://www.trugreen.com/lawn-care-101/blog/lawn-care-tips/spotted-lanternflies-what-you-need-know","200","301:https://www.trugreen.com/lawn-care-101/blog/lawn-care-tips/spotted-lanternflies-what-you-need-know-1 -> 200:https://www.trugreen.com/lawn-care-101/blog/lawn-care-tips/spotted-lanternflies-what-you-need-know","How to Get Rid of Lanternflies | TruGreen","How to Get Rid of Lanternflies | TruGreen","https://www.trugreen.com/lawn-care-101/blog/lawn-care-tips/spotted-lanternflies-what-you-need-know","1","https://www.trugreen.com/lawn-care-101/blog/lawn-care-tips/spotted-lanternflies-what-you-need-know","1","","200","https://www.trugreen.com/lawn-care-101/blog/lawn-care-tips/spotted-lanternflies-what-you-need-know","","","","0","1","How to Get Rid of Spotted Lanternflies: What You Need to Know","0","header|nav|footer","jsonld:1;types:Article;invalid:0;missing:jsonld_0_missing_@context","0","0","46","11","https://www.trugreen.com/lawn-care-101 | https://www.trugreen.com/lawn-care-101/blog?topic=Pest+Control | https://www.trugreen.com/lawn-care-101/blog?type=Blog | https://www.trugreen.com/lawn-care-101/learning-center | https://www.trugreen.com/my-account/account-summary | https://www.trugreen.com/newsroom | https://www.trugreen.com/pay-your-bill | https://www.trugreen.com/pests-products-and-services | https://www.trugreen.com/pga-tour | https://www.trugreen.com/products-and-services | https://www.trugreen.com/why-choose-trugreen/testimonials-and-ratings","","missing-main|internal-links-missing-from-sitemap|duplicate-title",""
"chromium","2026-08-28T21:08:04.938Z","prod-release-2-7-2026-08-28","1-500","","https://www.trugreen.com/lawn-care-101/blog/lawn-care-tips/spring-is-coming-how-to-prepare-yard-care-tools","https://www.trugreen.com/lawn-care-101/blog/lawn-care-tips/step-step-spring-lawn-care-guide-perfect-lawn","200","301:https://www.trugreen.com/lawn-care-101/blog/lawn-care-tips/spring-is-coming-how-to-prepare-yard-care-tools -> 200:https://www.trugreen.com/lawn-care-101/blog/lawn-care-tips/step-step-spring-lawn-care-guide-perfect-lawn","Spring Lawn Care Steps | TruGreen","Spring Lawn Care Steps | TruGreen","https://www.trugreen.com/lawn-care-101/blog/lawn-care-tips/step-step-spring-lawn-care-guide-perfect-lawn","1","https://www.trugreen.com/lawn-care-101/blog/lawn-care-tips/step-step-spring-lawn-care-guide-perfect-lawn","1","","200","https://www.trugreen.com/lawn-care-101/blog/lawn-care-tips/step-step-spring-lawn-care-guide-perfect-lawn","","","","0","1","Step-By-Step Spring Lawn Care Guide for a Perfect Lawn","0","header|nav|footer","jsonld:1;types:Article;invalid:0;missing:jsonld_0_missing_@context","0","0","55","15","https://www.trugreen.com/lawn-care-101 | https://www.trugreen.com/lawn-care-101/blog?topic=Lawn+Care | https://www.trugreen.com/lawn-care-101/blog?type=Blog | https://www.trugreen.com/lawn-care-101/learning-center | https://www.trugreen.com/my-account/account-settings | https://www.trugreen.com/my-account/account-summary | https://www.trugreen.com/my-account/my-documents | https://www.trugreen.com/my-account/my-services | https://www.trugreen.com/my-account/payments | https://www.trugreen.com/newsroom | https://www.trugreen.com/pay-your-bill | https://www.trugreen.com/pests-products-and-services | https://www.trugreen.com/pga-tour | https://www.trugreen.com/products-and-services | https://www.trugreen.com/why-choose-trugreen/testimonials-and-ratings","","missing-main|internal-links-missing-from-sitemap|duplicate-title",""
"chromium","2026-08-28T21:08:04.938Z","prod-release-2-7-2026-08-28","1-500","","https://www.trugreen.com/lawn-care-101/blog/lawn-care-tips/spring-lawn-care","https://www.trugreen.com/lawn-care-101/blog/lawn-care-tips/step-step-spring-lawn-care-guide-perfect-lawn","200","301:https://www.trugreen.com/lawn-care-101/blog/lawn-care-tips/spring-lawn-care -> 200:https://www.trugreen.com/lawn-care-101/blog/lawn-care-tips/step-step-spring-lawn-care-guide-perfect-lawn","Spring Lawn Care Steps | TruGreen","Spring Lawn Care Steps | TruGreen","https://www.trugreen.com/lawn-care-101/blog/lawn-care-tips/step-step-spring-lawn-care-guide-perfect-lawn","1","https://www.trugreen.com/lawn-care-101/blog/lawn-care-tips/step-step-spring-lawn-care-guide-perfect-lawn","1","","200","https://www.trugreen.com/lawn-care-101/blog/lawn-care-tips/step-step-spring-lawn-care-guide-perfect-lawn","","","","0","1","Step-By-Step Spring Lawn Care Guide for a Perfect Lawn","0","header|nav|footer","jsonld:1;types:Article;invalid:0;missing:jsonld_0_missing_@context","0","0","55","15","https://www.trugreen.com/lawn-care-101 | https://www.trugreen.com/lawn-care-101/blog?topic=Lawn+Care | https://www.trugreen.com/lawn-care-101/blog?type=Blog | https://www.trugreen.com/lawn-care-101/learning-center | https://www.trugreen.com/my-account/account-settings | https://www.trugreen.com/my-account/account-summary | https://www.trugreen.com/my-account/my-documents | https://www.trugreen.com/my-account/my-services | https://www.trugreen.com/my-account/payments | https://www.trugreen.com/newsroom | https://www.trugreen.com/pay-your-bill | https://www.trugreen.com/pests-products-and-services | https://www.trugreen.com/pga-tour | https://www.trugreen.com/products-and-services | https://www.trugreen.com/why-choose-trugreen/testimonials-and-ratings","","missing-main|internal-links-missing-from-sitemap|duplicate-title",""
"chromium","2026-08-28T21:08:04.938Z","prod-release-2-7-2026-08-28","1-500","","https://www.trugreen.com/lawn-care-101/blog/lawn-care-tips/spring-madness-top-spring-activities-tackle-season","https://www.trugreen.com/lawn-care-101/blog/lawn-care-tips/spring-madness-top-spring-activities-tackle-season","200","200:https://www.trugreen.com/lawn-care-101/blog/lawn-care-tips/spring-madness-top-spring-activities-tackle-season","Activities in Spring Season | TruGreen","Activities in Spring Season | TruGreen","https://www.trugreen.com/lawn-care-101/blog/lawn-care-tips/spring-madness-top-spring-activities-tackle-season","1","https://www.trugreen.com/lawn-care-101/blog/lawn-care-tips/spring-madness-top-spring-activities-tackle-season","1","","200","https://www.trugreen.com/lawn-care-101/blog/lawn-care-tips/spring-madness-top-spring-activities-tackle-season","","","","0","1","Best Spring Activities to Enjoy: Fun and Relaxing Outdoor Ideas","0","header|nav|footer","jsonld:1;types:Article;invalid:0;missing:jsonld_0_missing_@context","0","0","46","11","https://www.trugreen.com/lawn-care-101 | https://www.trugreen.com/lawn-care-101/blog?topic=Beyond+the+Lawn | https://www.trugreen.com/lawn-care-101/blog?type=Blog | https://www.trugreen.com/lawn-care-101/learning-center | https://www.trugreen.com/my-account/account-summary | https://www.trugreen.com/newsroom | https://www.trugreen.com/pay-your-bill | https://www.trugreen.com/pests-products-and-services | https://www.trugreen.com/pga-tour | https://www.trugreen.com/products-and-services | https://www.trugreen.com/why-choose-trugreen/testimonials-and-ratings","","missing-main|internal-links-missing-from-sitemap|duplicate-title",""
"chromium","2026-08-28T21:08:04.938Z","prod-release-2-7-2026-08-28","1-500","","https://www.trugreen.com/lawn-care-101/blog/lawn-care-tips/spring-madness-top-spring-activities-tackle-season-1","https://www.trugreen.com/lawn-care-101/blog/lawn-care-tips/spring-madness-top-spring-activities-tackle-season-1","200","200:https://www.trugreen.com/lawn-care-101/blog/lawn-care-tips/spring-madness-top-spring-activities-tackle-season-1","TruGreen Lawn Care Blog | TruGreen","TruGreen Lawn Care Blog | TruGreen","https://www.trugreen.com/lawn-care-101/blog","1","https://www.trugreen.com/lawn-care-101/blog","1","","200","https://www.trugreen.com/lawn-care-101/blog","","","","0","1","Looking for advice? Turn to the experts.","0","main|header|footer","jsonld:1;types:WebSite;invalid:0;missing:jsonld_0_missing_@context","0","0","38","8","https://www.trugreen.com/lawn-care-101 | https://www.trugreen.com/lawn-care-101/learning-center | https://www.trugreen.com/newsroom | https://www.trugreen.com/pay-your-bill | https://www.trugreen.com/pests-products-and-services | https://www.trugreen.com/pga-tour | https://www.trugreen.com/products-and-services | https://www.trugreen.com/why-choose-trugreen/testimonials-and-ratings","","internal-links-missing-from-sitemap|duplicate-title",""
"chromium","2026-08-28T21:08:04.938Z","prod-release-2-7-2026-08-28","1-500","","https://www.trugreen.com/lawn-care-101/blog/lawn-care-tips/step-step-spring-lawn-care-guide-perfect-lawn","https://www.trugreen.com/lawn-care-101/blog/lawn-care-tips/step-step-spring-lawn-care-guide-perfect-lawn","200","200:https://www.trugreen.com/lawn-care-101/blog/lawn-care-tips/step-step-spring-lawn-care-guide-perfect-lawn","Spring Lawn Care Steps | TruGreen","Spring Lawn Care Steps | TruGreen","https://www.trugreen.com/lawn-care-101/blog/lawn-care-tips/step-step-spring-lawn-care-guide-perfect-lawn","1","https://www.trugreen.com/lawn-care-101/blog/lawn-care-tips/step-step-spring-lawn-care-guide-perfect-lawn","1","","200","https://www.trugreen.com/lawn-care-101/blog/lawn-care-tips/step-step-spring-lawn-care-guide-perfect-lawn","","","","0","1","Step-By-Step Spring Lawn Care Guide for a Perfect Lawn","0","header|nav|footer","jsonld:1;types:Article;invalid:0;missing:jsonld_0_missing_@context","0","0","55","15","https://www.trugreen.com/lawn-care-101 | https://www.trugreen.com/lawn-care-101/blog?topic=Lawn+Care | https://www.trugreen.com/lawn-care-101/blog?type=Blog | https://www.trugreen.com/lawn-care-101/learning-center | https://www.trugreen.com/my-account/account-settings | https://www.trugreen.com/my-account/account-summary | https://www.trugreen.com/my-account/my-documents | https://www.trugreen.com/my-account/my-services | https://www.trugreen.com/my-account/payments | https://www.trugreen.com/newsroom | https://www.trugreen.com/pay-your-bill | https://www.trugreen.com/pests-products-and-services | https://www.trugreen.com/pga-tour | https://www.trugreen.com/products-and-services | https://www.trugreen.com/why-choose-trugreen/testimonials-and-ratings","","missing-main|internal-links-missing-from-sitemap|duplicate-title",""
"chromium","2026-08-28T21:08:04.938Z","prod-release-2-7-2026-08-28","1-500","","https://www.trugreen.com/lawn-care-101/blog/lawn-care-tips/steps-prepare-your-lawn-overseeding-and-how-care-it-after","https://www.trugreen.com/lawn-care-101/blog/lawn-care-tips/steps-prepare-your-lawn-overseeding-and-how-care-it-after","200","200:https://www.trugreen.com/lawn-care-101/blog/lawn-care-tips/steps-prepare-your-lawn-overseeding-and-how-care-it-after","Preparing Lawn for Overseeding | TruGreen","Preparing Lawn for Overseeding | TruGreen","https://www.trugreen.com/lawn-care-101/blog/lawn-care-tips/steps-prepare-your-lawn-overseeding-and-how-care-it-after","1","https://www.trugreen.com/lawn-care-101/blog/lawn-care-tips/steps-prepare-your-lawn-overseeding-and-how-care-it-after","1","","200","https://www.trugreen.com/lawn-care-101/blog/lawn-care-tips/steps-prepare-your-lawn-overseeding-and-how-care-it-after","","","","0","1","Preparing Lawn for Overseeding: The Complete Homeowner’s Guide","0","header|nav|footer","jsonld:1;types:Article;invalid:0;missing:jsonld_0_missing_@context","0","0","52","18","https://www.trugreen.com/lawn-care-101 | https://www.trugreen.com/lawn-care-101/blog?topic=Lawn+Care | https://www.trugreen.com/lawn-care-101/blog?type=Blog | https://www.trugreen.com/lawn-care-101/blog/lawn-care/lawn-care-myths | https://www.trugreen.com/lawn-care-101/blog/lawn-care/lawn-care-vs-landscaping | https://www.trugreen.com/lawn-care-101/blog/lawn-care/lawn-mowing-spread-weeds | https://www.trugreen.com/lawn-care-101/learning-center | https://www.trugreen.com/my-account/account-settings | https://www.trugreen.com/my-account/account-summary | https://www.trugreen.com/my-account/my-documents | https://www.trugreen.com/my-account/my-services | https://www.trugreen.com/my-account/payments | https://www.trugreen.com/newsroom | https://www.trugreen.com/pay-your-bill | https://www.trugreen.com/pests-products-and-services | https://www.trugreen.com/pga-tour | https://www.trugreen.com/products-and-services | https://www.trugreen.com/why-choose-trugreen/testimonials-and-ratings","","missing-main|internal-links-missing-from-sitemap|duplicate-title",""
"chromium","2026-08-28T21:08:04.938Z","prod-release-2-7-2026-08-28","1-500","","https://www.trugreen.com/lawn-care-101/blog/lawn-care-tips/steps-prepare-your-lawn-overseeding-and-how-care-it-after-test","https://www.trugreen.com/lawn-care-101/blog/lawn-care-tips/steps-prepare-your-lawn-overseeding-and-how-care-it-after-test","200","200:https://www.trugreen.com/lawn-care-101/blog/lawn-care-tips/steps-prepare-your-lawn-overseeding-and-how-care-it-after-test","","Preparation and After Care for Lawn Overseeding | TruGreen","","0","","0","","","","","","","0","1","Steps to Prepare Your Lawn for Overseeding and How to Care for It After Test","0","main|header|nav|footer","jsonld:1;types:Article;invalid:0;missing:jsonld_0_missing_@context","0","0","45","17","https://www.trugreen.com/commercial | https://www.trugreen.com/get-a-quote/custom-services | https://www.trugreen.com/lawn-care-101 | https://www.trugreen.com/lawn-care-101/blog/lawn-care-tips/overseeding-in-spring-can-i-just-throw-the-seed-on | https://www.trugreen.com/lawn-care-101/lawn-care-guides | https://www.trugreen.com/lawn-care-101/learning-center | https://www.trugreen.com/newsroom | https://www.trugreen.com/pga-tour | https://www.trugreen.com/products-and-services | https://www.trugreen.com/products-and-services/mosquito-control | https://www.trugreen.com/products-and-services/outdoor-pest-control | https://www.trugreen.com/products-and-services/perimeter-pest-control | https://www.trugreen.com/products-and-services/tree-and-shrub-service | https://www.trugreen.com/products-and-services/trucomplete | https://www.trugreen.com/products-and-services/truhealth | https://www.trugreen.com/why-choose-trugreen/professional-lawn-care | https://www.trugreen.com/why-choose-trugreen/testimonials-and-ratings","title","missing-canonical|raw-canonical-count-invalid|rendered-canonical-count-invalid|internal-links-missing-from-sitemap",""
"chromium","2026-08-28T21:08:04.938Z","prod-release-2-7-2026-08-28","1-500","","https://www.trugreen.com/lawn-care-101/blog/lawn-care-tips/sterling-lawn-professional-trugreen","https://www.trugreen.com/lawn-care-101/blog","200","301:https://www.trugreen.com/lawn-care-101/blog/lawn-care-tips/sterling-lawn-professional-trugreen -> 200:https://www.trugreen.com/lawn-care-101/blog","TruGreen Blog | TruGreen","TruGreen Blog | TruGreen","https://www.trugreen.com/lawn-care-101/blog","1","https://www.trugreen.com/lawn-care-101/blog","1","","200","https://www.trugreen.com/lawn-care-101/blog","","","","0","1","Looking for advice?Turn to the experts.","0","main|header|footer","jsonld:1;types:Blog|BreadcrumbList|CollectionPage;invalid:0;missing:","0","0","86","22","https://www.trugreen.com/lawn-care-101 | https://www.trugreen.com/lawn-care-101/blog/beyond-lawn/hosting-backyard-party | https://www.trugreen.com/lawn-care-101/blog/consistent-lawn-care | https://www.trugreen.com/lawn-care-101/blog/lawn-care/lawn-care-myths | https://www.trugreen.com/lawn-care-101/blog/lawn-care/lawn-care-vs-landscaping | https://www.trugreen.com/lawn-care-101/blog/lawn-care/lawn-mowing-spread-weeds | https://www.trugreen.com/lawn-care-101/blog/lawn-care/what-lawn-need-thrive | https://www.trugreen.com/lawn-care-101/blog/lawn-care/what-my-lawn-need | https://www.trugreen.com/lawn-care-101/blog/lawn-care/when-aerate-and-overseed-northeast | https://www.trugreen.com/lawn-care-101/blog/lawn-damage/lawn-care-signs-stress | https://www.trugreen.com/lawn-care-101/blog/pest-control/how-control-fleas-yard | https://www.trugreen.com/lawn-care-101/blog/tree-shrub-care/tree-disease-treatment | https://www.trugreen.com/lawn-care-101/blog/weed-control/control-wild-violets | https://www.trugreen.com/lawn-care-101/blog/weed-control/how-control-clover-lawn | https://www.trugreen.com/lawn-care-101/blog/weed-control/weeds-from-coming-back | https://www.trugreen.com/lawn-care-101/learning-center | https://www.trugreen.com/newsroom | https://www.trugreen.com/pay-your-bill | https://www.trugreen.com/pests-products-and-services | https://www.trugreen.com/pga-tour | https://www.trugreen.com/products-and-services | https://www.trugreen.com/why-choose-trugreen/testimonials-and-ratings","","internal-links-missing-from-sitemap|duplicate-title",""
"chromium","2026-08-28T21:08:04.938Z","prod-release-2-7-2026-08-28","1-500","","https://www.trugreen.com/lawn-care-101/blog/lawn-care-tips/summer-lawn-care","https://www.trugreen.com/lawn-care-101/blog/lawn-care-tips/how-to-keep-a-healthy-summer-lawn","200","301:https://www.trugreen.com/lawn-care-101/blog/lawn-care-tips/summer-lawn-care -> 200:https://www.trugreen.com/lawn-care-101/blog/lawn-care-tips/how-to-keep-a-healthy-summer-lawn","Summer Lawn Care | TruGreen","Summer Lawn Care | TruGreen","https://www.trugreen.com/lawn-care-101/blog/lawn-care-tips/how-to-keep-a-healthy-summer-lawn","1","https://www.trugreen.com/lawn-care-101/blog/lawn-care-tips/how-to-keep-a-healthy-summer-lawn","1","","200","https://www.trugreen.com/lawn-care-101/blog/lawn-care-tips/how-to-keep-a-healthy-summer-lawn","","","","0","1","Summer Lawn Care: How to Keep Your Lawn Healthy All Season","0","header|nav|footer","jsonld:1;types:Article;invalid:0;missing:jsonld_0_missing_@context","0","0","50","18","https://www.trugreen.com/lawn-care-101 | https://www.trugreen.com/lawn-care-101/blog?topic=Lawn+Care | https://www.trugreen.com/lawn-care-101/blog?type=Blog | https://www.trugreen.com/lawn-care-101/blog/lawn-care/lawn-care-myths | https://www.trugreen.com/lawn-care-101/blog/lawn-care/lawn-care-vs-landscaping | https://www.trugreen.com/lawn-care-101/blog/lawn-care/lawn-mowing-spread-weeds | https://www.trugreen.com/lawn-care-101/learning-center | https://www.trugreen.com/my-account/account-settings | https://www.trugreen.com/my-account/account-summary | https://www.trugreen.com/my-account/my-documents | https://www.trugreen.com/my-account/my-services | https://www.trugreen.com/my-account/payments | https://www.trugreen.com/newsroom | https://www.trugreen.com/pay-your-bill | https://www.trugreen.com/pests-products-and-services | https://www.trugreen.com/pga-tour | https://www.trugreen.com/products-and-services | https://www.trugreen.com/why-choose-trugreen/testimonials-and-ratings","","missing-main|internal-links-missing-from-sitemap|duplicate-title",""
"chromium","2026-08-28T21:08:04.938Z","prod-release-2-7-2026-08-28","1-500","","https://www.trugreen.com/lawn-care-101/blog/lawn-care-tips/summer-lawn-fertilization-best-practices-thriving-yard","https://www.trugreen.com/lawn-care-101/blog/lawn-care-tips/summer-lawn-fertilization-best-practices-thriving-yard","200","200:https://www.trugreen.com/lawn-care-101/blog/lawn-care-tips/summer-lawn-fertilization-best-practices-thriving-yard","Fertilize Lawn in Summer | TruGreen","Fertilize Lawn in Summer | TruGreen","https://www.trugreen.com/lawn-care-101/blog/lawn-care-tips/summer-lawn-fertilization-best-practices-thriving-yard","1","https://www.trugreen.com/lawn-care-101/blog/lawn-care-tips/summer-lawn-fertilization-best-practices-thriving-yard","1","","200","https://www.trugreen.com/lawn-care-101/blog/lawn-care-tips/summer-lawn-fertilization-best-practices-thriving-yard","","","","0","1","Summer Lawn Fertilization: Best Practices for a Thriving Yard","0","header|nav|footer","jsonld:1;types:Article;invalid:0;missing:jsonld_0_missing_@context","0","0","54","18","https://www.trugreen.com/lawn-care-101 | https://www.trugreen.com/lawn-care-101/blog?topic=Lawn+Care | https://www.trugreen.com/lawn-care-101/blog?type=Blog | https://www.trugreen.com/lawn-care-101/blog/lawn-care/lawn-care-myths | https://www.trugreen.com/lawn-care-101/blog/lawn-care/lawn-care-vs-landscaping | https://www.trugreen.com/lawn-care-101/blog/lawn-care/lawn-mowing-spread-weeds | https://www.trugreen.com/lawn-care-101/learning-center | https://www.trugreen.com/my-account/account-settings | https://www.trugreen.com/my-account/account-summary | https://www.trugreen.com/my-account/my-documents | https://www.trugreen.com/my-account/my-services | https://www.trugreen.com/my-account/payments | https://www.trugreen.com/newsroom | https://www.trugreen.com/pay-your-bill | https://www.trugreen.com/pests-products-and-services | https://www.trugreen.com/pga-tour | https://www.trugreen.com/products-and-services | https://www.trugreen.com/why-choose-trugreen/testimonials-and-ratings","","missing-main|internal-links-missing-from-sitemap",""
"chromium","2026-08-28T21:08:04.938Z","prod-release-2-7-2026-08-28","1-500","","https://www.trugreen.com/lawn-care-101/blog/lawn-care-tips/tag-spraying-services-trugreen","https://www.trugreen.com/lawn-care-101/blog","200","301:https://www.trugreen.com/lawn-care-101/blog/lawn-care-tips/tag-spraying-services-trugreen -> 200:https://www.trugreen.com/lawn-care-101/blog","TruGreen Blog | TruGreen","TruGreen Blog | TruGreen","https://www.trugreen.com/lawn-care-101/blog","1","https://www.trugreen.com/lawn-care-101/blog","1","","200","https://www.trugreen.com/lawn-care-101/blog","","","","0","1","Looking for advice?Turn to the experts.","0","main|header|footer","jsonld:1;types:Blog|BreadcrumbList|CollectionPage;invalid:0;missing:","0","0","86","22","https://www.trugreen.com/lawn-care-101 | https://www.trugreen.com/lawn-care-101/blog/beyond-lawn/hosting-backyard-party | https://www.trugreen.com/lawn-care-101/blog/consistent-lawn-care | https://www.trugreen.com/lawn-care-101/blog/lawn-care/lawn-care-myths | https://www.trugreen.com/lawn-care-101/blog/lawn-care/lawn-care-vs-landscaping | https://www.trugreen.com/lawn-care-101/blog/lawn-care/lawn-mowing-spread-weeds | https://www.trugreen.com/lawn-care-101/blog/lawn-care/what-lawn-need-thrive | https://www.trugreen.com/lawn-care-101/blog/lawn-care/what-my-lawn-need | https://www.trugreen.com/lawn-care-101/blog/lawn-care/when-aerate-and-overseed-northeast | https://www.trugreen.com/lawn-care-101/blog/lawn-damage/lawn-care-signs-stress | https://www.trugreen.com/lawn-care-101/blog/pest-control/how-control-fleas-yard | https://www.trugreen.com/lawn-care-101/blog/tree-shrub-care/tree-disease-treatment | https://www.trugreen.com/lawn-care-101/blog/weed-control/control-wild-violets | https://www.trugreen.com/lawn-care-101/blog/weed-control/how-control-clover-lawn | https://www.trugreen.com/lawn-care-101/blog/weed-control/weeds-from-coming-back | https://www.trugreen.com/lawn-care-101/learning-center | https://www.trugreen.com/newsroom | https://www.trugreen.com/pay-your-bill | https://www.trugreen.com/pests-products-and-services | https://www.trugreen.com/pga-tour | https://www.trugreen.com/products-and-services | https://www.trugreen.com/why-choose-trugreen/testimonials-and-ratings","","internal-links-missing-from-sitemap|duplicate-title",""
"chromium","2026-08-28T21:08:04.938Z","prod-release-2-7-2026-08-28","1-500","","https://www.trugreen.com/lawn-care-101/blog/lawn-care-tips/taking-care-your-outdoor-living-space-year-round","https://www.trugreen.com/lawn-care-101/blog/lawn-care-tips/taking-care-your-outdoor-living-space-year-round","200","200:https://www.trugreen.com/lawn-care-101/blog/lawn-care-tips/taking-care-your-outdoor-living-space-year-round","Outdoor Lawn Care | TruGreen","Outdoor Lawn Care | TruGreen","https://www.trugreen.com/lawn-care-101/blog/lawn-care-tips/taking-care-your-outdoor-living-space-year-round","1","https://www.trugreen.com/lawn-care-101/blog/lawn-care-tips/taking-care-your-outdoor-living-space-year-round","1","","200","https://www.trugreen.com/lawn-care-101/blog/lawn-care-tips/taking-care-your-outdoor-living-space-year-round","","","","0","1","Outdoor Lawn Care: Year-Round Maintenance Tips for a Healthy Lawn","0","header|nav|footer","jsonld:1;types:Article;invalid:0;missing:jsonld_0_missing_@context","0","0","47","11","https://www.trugreen.com/lawn-care-101 | https://www.trugreen.com/lawn-care-101/blog?topic=Lawn+Care | https://www.trugreen.com/lawn-care-101/blog?type=Blog | https://www.trugreen.com/lawn-care-101/learning-center | https://www.trugreen.com/my-account/account-summary | https://www.trugreen.com/newsroom | https://www.trugreen.com/pay-your-bill | https://www.trugreen.com/pests-products-and-services | https://www.trugreen.com/pga-tour | https://www.trugreen.com/products-and-services | https://www.trugreen.com/why-choose-trugreen/testimonials-and-ratings","","missing-main|internal-links-missing-from-sitemap",""
"chromium","2026-08-28T21:08:04.938Z","prod-release-2-7-2026-08-28","1-500","","https://www.trugreen.com/lawn-care-101/blog/lawn-care-tips/test-20","https://www.trugreen.com/lawn-care-101/blog/lawn-care-tips/test-20","200","200:https://www.trugreen.com/lawn-care-101/blog/lawn-care-tips/test-20","test 20 | TruGreen","test 20 | TruGreen","https://www.trugreen.com/lawn-care-101/blog/lawn-care-tips/test-20","1","https://www.trugreen.com/lawn-care-101/blog/lawn-care-tips/test-20","1","","200","https://www.trugreen.com/lawn-care-101/blog/lawn-care-tips/test-20","","","","0","0","","0","header|footer","jsonld:1;types:Article;invalid:0;missing:jsonld_0_missing_@context","0","0","45","10","https://www.trugreen.com/lawn-care-101 | https://www.trugreen.com/lawn-care-101/blog?topic=Beyond+the+Lawn | https://www.trugreen.com/lawn-care-101/blog?type=Blog | https://www.trugreen.com/lawn-care-101/learning-center | https://www.trugreen.com/newsroom | https://www.trugreen.com/pay-your-bill | https://www.trugreen.com/pests-products-and-services | https://www.trugreen.com/pga-tour | https://www.trugreen.com/products-and-services | https://www.trugreen.com/why-choose-trugreen/testimonials-and-ratings","","missing-h1|missing-main|internal-links-missing-from-sitemap",""
"chromium","2026-08-28T21:08:04.938Z","prod-release-2-7-2026-08-28","1-500","","https://www.trugreen.com/lawn-care-101/blog/lawn-care-tips/test-blog-testps-prod-test","https://www.trugreen.com/lawn-care-101/blog/lawn-care-tips/test-blog-testps-prod-test","200","200:https://www.trugreen.com/lawn-care-101/blog/lawn-care-tips/test-blog-testps-prod-test","test blog testPS - prod test | TruGreen","test blog testPS - prod test | TruGreen","https://www.trugreen.com/lawn-care-101/blog/lawn-care-tips/test-blog-testps-prod-test","1","https://www.trugreen.com/lawn-care-101/blog/lawn-care-tips/test-blog-testps-prod-test","1","","200","https://www.trugreen.com/lawn-care-101/blog/lawn-care-tips/test-blog-testps-prod-test","","","","0","1","test blog testPS - prod test","0","header|footer","jsonld:1;types:Article;invalid:0;missing:jsonld_0_missing_@context","0","0","44","16","https://www.trugreen.com/get-a-quote/custom-services | https://www.trugreen.com/lawn-care-101 | https://www.trugreen.com/lawn-care-101/blog?topic=TruGreen+Company | https://www.trugreen.com/lawn-care-101/blog?type=Guest+Blog | https://www.trugreen.com/lawn-care-101/learning-center | https://www.trugreen.com/newsroom | https://www.trugreen.com/pay-your-bill | https://www.trugreen.com/pests-products-and-services | https://www.trugreen.com/pga-tour | https://www.trugreen.com/products-and-services | https://www.trugreen.com/products-and-services/mosquito-control | https://www.trugreen.com/products-and-services/outdoor-pest-control | https://www.trugreen.com/products-and-services/perimeter-pest-control | https://www.trugreen.com/products-and-services/tree-and-shrub-service | https://www.trugreen.com/products-and-services/trucomplete | https://www.trugreen.com/products-and-services/truhealth","","missing-main|internal-links-missing-from-sitemap",""
"chromium","2026-08-28T21:08:04.938Z","prod-release-2-7-2026-08-28","1-500","","https://www.trugreen.com/lawn-care-101/blog/lawn-care-tips/test-new-year-new-lawn","https://www.trugreen.com/lawn-care-101/blog/lawn-care-tips/test-new-year-new-lawn","200","200:https://www.trugreen.com/lawn-care-101/blog/lawn-care-tips/test-new-year-new-lawn","","test New Year, New Lawn | TruGreen","","0","","0","","","","","","","0","1","test New Year, New Lawn","0","main|header|nav|footer","jsonld:1;types:Article;invalid:0;missing:jsonld_0_missing_@context","0","0","42","16","https://www.trugreen.com/commercial | https://www.trugreen.com/get-a-quote/custom-services | https://www.trugreen.com/lawn-care-101 | https://www.trugreen.com/lawn-care-101/lawn-care-guides | https://www.trugreen.com/lawn-care-101/learning-center | https://www.trugreen.com/newsroom | https://www.trugreen.com/pga-tour | https://www.trugreen.com/products-and-services | https://www.trugreen.com/products-and-services/mosquito-control | https://www.trugreen.com/products-and-services/outdoor-pest-control | https://www.trugreen.com/products-and-services/perimeter-pest-control | https://www.trugreen.com/products-and-services/tree-and-shrub-service | https://www.trugreen.com/products-and-services/trucomplete | https://www.trugreen.com/products-and-services/truhealth | https://www.trugreen.com/why-choose-trugreen/professional-lawn-care | https://www.trugreen.com/why-choose-trugreen/testimonials-and-ratings","title","missing-canonical|raw-canonical-count-invalid|rendered-canonical-count-invalid|internal-links-missing-from-sitemap",""
"chromium","2026-08-28T21:08:04.938Z","prod-release-2-7-2026-08-28","1-500","","https://www.trugreen.com/lawn-care-101/blog/lawn-care-tips/thatch-101","https://www.trugreen.com/lawn-care-101/blog/lawn-care-tips/thatch-101","200","200:https://www.trugreen.com/lawn-care-101/blog/lawn-care-tips/thatch-101","Thatch 101 | TruGreen","Thatch 101 | TruGreen","https://www.trugreen.com/lawn-care-101/blog/lawn-care-tips/thatch-101","1","https://www.trugreen.com/lawn-care-101/blog/lawn-care-tips/thatch-101","1","","200","https://www.trugreen.com/lawn-care-101/blog/lawn-care-tips/thatch-101","","","","0","1","Dealing with Thatch: Your First Step to a Lush Spring Lawn","0","header|footer","jsonld:1;types:Article;invalid:0;missing:jsonld_0_missing_@context","0","0","46","13","https://www.trugreen.com/get-a-quote/custom-services | https://www.trugreen.com/lawn-care-101 | https://www.trugreen.com/lawn-care-101/blog?topic=Lawn+Care | https://www.trugreen.com/lawn-care-101/blog?type=Blog | https://www.trugreen.com/lawn-care-101/learning-center | https://www.trugreen.com/newsroom | https://www.trugreen.com/node/38466 | https://www.trugreen.com/node/38468 | https://www.trugreen.com/pay-your-bill | https://www.trugreen.com/pests-products-and-services | https://www.trugreen.com/pga-tour | https://www.trugreen.com/products-and-services | https://www.trugreen.com/why-choose-trugreen/testimonials-and-ratings","","missing-main|internal-links-missing-from-sitemap",""
"chromium","2026-08-28T21:08:04.938Z","prod-release-2-7-2026-08-28","1-500","","https://www.trugreen.com/lawn-care-101/blog/lawn-care-tips/the-benefits-of-lawn-maintenance-services","https://www.trugreen.com/lawn-care-101/blog","200","301:https://www.trugreen.com/lawn-care-101/blog/lawn-care-tips/the-benefits-of-lawn-maintenance-services -> 200:https://www.trugreen.com/lawn-care-101/blog","TruGreen Blog | TruGreen","TruGreen Blog | TruGreen","https://www.trugreen.com/lawn-care-101/blog","1","https://www.trugreen.com/lawn-care-101/blog","1","","200","https://www.trugreen.com/lawn-care-101/blog","","","","0","1","Looking for advice?Turn to the experts.","0","main|header|footer","jsonld:1;types:Blog|BreadcrumbList|CollectionPage;invalid:0;missing:","0","0","86","22","https://www.trugreen.com/lawn-care-101 | https://www.trugreen.com/lawn-care-101/blog/beyond-lawn/hosting-backyard-party | https://www.trugreen.com/lawn-care-101/blog/consistent-lawn-care | https://www.trugreen.com/lawn-care-101/blog/lawn-care/lawn-care-myths | https://www.trugreen.com/lawn-care-101/blog/lawn-care/lawn-care-vs-landscaping | https://www.trugreen.com/lawn-care-101/blog/lawn-care/lawn-mowing-spread-weeds | https://www.trugreen.com/lawn-care-101/blog/lawn-care/what-lawn-need-thrive | https://www.trugreen.com/lawn-care-101/blog/lawn-care/what-my-lawn-need | https://www.trugreen.com/lawn-care-101/blog/lawn-care/when-aerate-and-overseed-northeast | https://www.trugreen.com/lawn-care-101/blog/lawn-damage/lawn-care-signs-stress | https://www.trugreen.com/lawn-care-101/blog/pest-control/how-control-fleas-yard | https://www.trugreen.com/lawn-care-101/blog/tree-shrub-care/tree-disease-treatment | https://www.trugreen.com/lawn-care-101/blog/weed-control/control-wild-violets | https://www.trugreen.com/lawn-care-101/blog/weed-control/how-control-clover-lawn | https://www.trugreen.com/lawn-care-101/blog/weed-control/weeds-from-coming-back | https://www.trugreen.com/lawn-care-101/learning-center | https://www.trugreen.com/newsroom | https://www.trugreen.com/pay-your-bill | https://www.trugreen.com/pests-products-and-services | https://www.trugreen.com/pga-tour | https://www.trugreen.com/products-and-services | https://www.trugreen.com/why-choose-trugreen/testimonials-and-ratings","","internal-links-missing-from-sitemap|duplicate-title",""
"chromium","2026-08-28T21:08:04.938Z","prod-release-2-7-2026-08-28","1-500","","https://www.trugreen.com/lawn-care-101/blog/lawn-care-tips/there-any-benefit-lawn-scalping","https://www.trugreen.com/lawn-care-101/blog/lawn-care-tips/there-any-benefit-lawn-scalping","200","200:https://www.trugreen.com/lawn-care-101/blog/lawn-care-tips/there-any-benefit-lawn-scalping","Is There Any Benefit to Lawn Scalping? | TruGreen","Is There Any Benefit to Lawn Scalping? | TruGreen","https://www.trugreen.com/lawn-care-101/blog/lawn-care-tips/there-any-benefit-lawn-scalping","1","https://www.trugreen.com/lawn-care-101/blog/lawn-care-tips/there-any-benefit-lawn-scalping","1","","200","https://www.trugreen.com/lawn-care-101/blog/lawn-care-tips/there-any-benefit-lawn-scalping","","","","0","1","Is There Any Benefit to Lawn Scalping?","0","header|footer","jsonld:1;types:Article;invalid:0;missing:jsonld_0_missing_@context","0","0","48","10","https://www.trugreen.com/lawn-care-101 | https://www.trugreen.com/lawn-care-101/blog?topic=Lawn+Care | https://www.trugreen.com/lawn-care-101/blog?type=Blog | https://www.trugreen.com/lawn-care-101/learning-center | https://www.trugreen.com/newsroom | https://www.trugreen.com/pay-your-bill | https://www.trugreen.com/pests-products-and-services | https://www.trugreen.com/pga-tour | https://www.trugreen.com/products-and-services | https://www.trugreen.com/why-choose-trugreen/testimonials-and-ratings","","missing-main|internal-links-missing-from-sitemap",""
"chromium","2026-08-28T21:08:04.938Z","prod-release-2-7-2026-08-28","1-500","","https://www.trugreen.com/lawn-care-101/blog/lawn-care-tips/things-i-learned-watching-trugreenr-pro-service-my-lawn","https://www.trugreen.com/lawn-care-101/blog/trugreen-lawn-care-services/the-healthy-lawn-guarantee-from-trugreen","200","301:https://www.trugreen.com/lawn-care-101/blog/lawn-care-tips/things-i-learned-watching-trugreenr-pro-service-my-lawn -> 200:https://www.trugreen.com/lawn-care-101/blog/trugreen-lawn-care-services/the-healthy-lawn-guarantee-from-trugreen","The TruGreen Guarantee | TruGreen","The TruGreen Guarantee | TruGreen","https://www.trugreen.com/lawn-care-101/blog/trugreen-lawn-care-services/the-healthy-lawn-guarantee-from-trugreen","1","https://www.trugreen.com/lawn-care-101/blog/trugreen-lawn-care-services/the-healthy-lawn-guarantee-from-trugreen","1","","","https://www.trugreen.com/lawn-care-101/blog/trugreen-lawn-care-services/the-healthy-lawn-guarantee-from-trugreen","","","","0","1","Why a TruGreen Lawn Specialist Is the Key to a Healthier Lawn","0","header|nav|footer","jsonld:1;types:Article;invalid:0;missing:jsonld_0_missing_@context","0","0","47","11","https://www.trugreen.com/lawn-care-101 | https://www.trugreen.com/lawn-care-101/blog?topic=Lawn+Care | https://www.trugreen.com/lawn-care-101/blog?type=Blog | https://www.trugreen.com/lawn-care-101/learning-center | https://www.trugreen.com/my-account/account-summary | https://www.trugreen.com/newsroom | https://www.trugreen.com/pay-your-bill | https://www.trugreen.com/pests-products-and-services | https://www.trugreen.com/pga-tour | https://www.trugreen.com/products-and-services | https://www.trugreen.com/why-choose-trugreen/testimonials-and-ratings","","missing-main|internal-links-missing-from-sitemap|duplicate-title|canonical-target-invalid",""
"chromium","2026-08-28T21:08:04.938Z","prod-release-2-7-2026-08-28","1-500","","https://www.trugreen.com/lawn-care-101/blog/lawn-care-tips/tips-to-protect-your-yard-this-winter","https://www.trugreen.com/lawn-care-101/blog/lawn-care-tips/tips-to-protect-your-yard-this-winter","200","200:https://www.trugreen.com/lawn-care-101/blog/lawn-care-tips/tips-to-protect-your-yard-this-winter","Winterize Lawn | TruGreen","Winterize Lawn | TruGreen","https://www.trugreen.com/lawn-care-101/blog/lawn-care-tips/tips-to-protect-your-yard-this-winter","1","https://www.trugreen.com/lawn-care-101/blog/lawn-care-tips/tips-to-protect-your-yard-this-winter","1","","200","https://www.trugreen.com/lawn-care-101/blog/lawn-care-tips/tips-to-protect-your-yard-this-winter","","","","0","1","How to Winterize Your Yard: Essential Lawn Protection Tips","0","header|nav|footer","jsonld:1;types:Article;invalid:0;missing:jsonld_0_missing_@context","0","0","47","11","https://www.trugreen.com/lawn-care-101 | https://www.trugreen.com/lawn-care-101/blog?topic=Lawn+Care | https://www.trugreen.com/lawn-care-101/blog?type=Blog | https://www.trugreen.com/lawn-care-101/learning-center | https://www.trugreen.com/my-account/account-summary | https://www.trugreen.com/newsroom | https://www.trugreen.com/pay-your-bill | https://www.trugreen.com/pests-products-and-services | https://www.trugreen.com/pga-tour | https://www.trugreen.com/products-and-services | https://www.trugreen.com/why-choose-trugreen/testimonials-and-ratings","","missing-main|internal-links-missing-from-sitemap|duplicate-title",""
"chromium","2026-08-28T21:08:04.938Z","prod-release-2-7-2026-08-28","1-500","","https://www.trugreen.com/lawn-care-101/blog/lawn-care-tips/top-10-buggiest-cities-2023","https://www.trugreen.com/products-and-services/flea-tick-outdoor-nuisance-pest-control","200","301:https://www.trugreen.com/lawn-care-101/blog/lawn-care-tips/top-10-buggiest-cities-2023 -> 301:https://www.trugreen.com/lawn-care-101/blog/pest-control-and-mosquito-defense/cities-bothered-by-ticks -> 200:https://www.trugreen.com/products-and-services/flea-tick-outdoor-nuisance-pest-control","Yard Pest Control: Control flea and ticks in your outdoor space | TruGreen","Yard Pest Control: Control flea and ticks in your outdoor space | TruGreen","https://www.trugreen.com/products-and-services/flea-tick-outdoor-nuisance-pest-control","1","https://www.trugreen.com/products-and-services/flea-tick-outdoor-nuisance-pest-control","1","","200","https://www.trugreen.com/products-and-services/flea-tick-outdoor-nuisance-pest-control","","","","0","1","Flea, Tick and Outdoor Nuisance Control","0","main|header|footer","jsonld:1;types:Service;invalid:0;missing:","0","0","44","8","https://www.trugreen.com/lawn-care-101 | https://www.trugreen.com/lawn-care-101/learning-center | https://www.trugreen.com/newsroom | https://www.trugreen.com/pay-your-bill | https://www.trugreen.com/pests-products-and-services | https://www.trugreen.com/pga-tour | https://www.trugreen.com/products-and-services | https://www.trugreen.com/why-choose-trugreen/testimonials-and-ratings","","internal-links-missing-from-sitemap|duplicate-title",""
"chromium","2026-08-28T21:08:04.938Z","prod-release-2-7-2026-08-28","1-500","","https://www.trugreen.com/lawn-care-101/blog/lawn-care-tips/top-20-trees-and-shrubs-can-increase-property-value","https://www.trugreen.com/lawn-care-101/blog/lawn-care-tips/top-20-trees-and-shrubs-can-increase-property-value","200","200:https://www.trugreen.com/lawn-care-101/blog/lawn-care-tips/top-20-trees-and-shrubs-can-increase-property-value","Do Trees Increase Property Value? | TruGreen","Do Trees Increase Property Value? | TruGreen","https://www.trugreen.com/lawn-care-101/blog/lawn-care-tips/top-20-trees-and-shrubs-can-increase-property-value","1","https://www.trugreen.com/lawn-care-101/blog/lawn-care-tips/top-20-trees-and-shrubs-can-increase-property-value","1","","200","https://www.trugreen.com/lawn-care-101/blog/lawn-care-tips/top-20-trees-and-shrubs-can-increase-property-value","","","","0","1","Do Trees Increase Property Value? Top 20 Trees and Shrubs","0","header|nav|footer","jsonld:1;types:Article;invalid:0;missing:jsonld_0_missing_@context","0","0","50","16","https://www.trugreen.com/lawn-care-101 | https://www.trugreen.com/lawn-care-101/blog?topic=Tree+%26+Shrub+Care | https://www.trugreen.com/lawn-care-101/blog?type=Blog | https://www.trugreen.com/lawn-care-101/blog/tree-shrub-care/tree-disease-treatment | https://www.trugreen.com/lawn-care-101/learning-center | https://www.trugreen.com/my-account/account-settings | https://www.trugreen.com/my-account/account-summary | https://www.trugreen.com/my-account/my-documents | https://www.trugreen.com/my-account/my-services | https://www.trugreen.com/my-account/payments | https://www.trugreen.com/newsroom | https://www.trugreen.com/pay-your-bill | https://www.trugreen.com/pests-products-and-services | https://www.trugreen.com/pga-tour | https://www.trugreen.com/products-and-services | https://www.trugreen.com/why-choose-trugreen/testimonials-and-ratings","","missing-main|internal-links-missing-from-sitemap|duplicate-title",""
"chromium","2026-08-28T21:08:04.938Z","prod-release-2-7-2026-08-28","1-500","","https://www.trugreen.com/lawn-care-101/blog/lawn-care-tips/top-ten-lawn-care-mistakes","https://www.trugreen.com/lawn-care-101/blog","200","301:https://www.trugreen.com/lawn-care-101/blog/lawn-care-tips/top-ten-lawn-care-mistakes -> 200:https://www.trugreen.com/lawn-care-101/blog","TruGreen Blog | TruGreen","TruGreen Blog | TruGreen","https://www.trugreen.com/lawn-care-101/blog","1","https://www.trugreen.com/lawn-care-101/blog","1","","200","https://www.trugreen.com/lawn-care-101/blog","","","","0","1","Looking for advice?Turn to the experts.","0","main|header|footer","jsonld:1;types:Blog|BreadcrumbList|CollectionPage;invalid:0;missing:","0","0","86","22","https://www.trugreen.com/lawn-care-101 | https://www.trugreen.com/lawn-care-101/blog/beyond-lawn/hosting-backyard-party | https://www.trugreen.com/lawn-care-101/blog/consistent-lawn-care | https://www.trugreen.com/lawn-care-101/blog/lawn-care/lawn-care-myths | https://www.trugreen.com/lawn-care-101/blog/lawn-care/lawn-care-vs-landscaping | https://www.trugreen.com/lawn-care-101/blog/lawn-care/lawn-mowing-spread-weeds | https://www.trugreen.com/lawn-care-101/blog/lawn-care/what-lawn-need-thrive | https://www.trugreen.com/lawn-care-101/blog/lawn-care/what-my-lawn-need | https://www.trugreen.com/lawn-care-101/blog/lawn-care/when-aerate-and-overseed-northeast | https://www.trugreen.com/lawn-care-101/blog/lawn-damage/lawn-care-signs-stress | https://www.trugreen.com/lawn-care-101/blog/pest-control/how-control-fleas-yard | https://www.trugreen.com/lawn-care-101/blog/tree-shrub-care/tree-disease-treatment | https://www.trugreen.com/lawn-care-101/blog/weed-control/control-wild-violets | https://www.trugreen.com/lawn-care-101/blog/weed-control/how-control-clover-lawn | https://www.trugreen.com/lawn-care-101/blog/weed-control/weeds-from-coming-back | https://www.trugreen.com/lawn-care-101/learning-center | https://www.trugreen.com/newsroom | https://www.trugreen.com/pay-your-bill | https://www.trugreen.com/pests-products-and-services | https://www.trugreen.com/pga-tour | https://www.trugreen.com/products-and-services | https://www.trugreen.com/why-choose-trugreen/testimonials-and-ratings","","internal-links-missing-from-sitemap|duplicate-title",""
"chromium","2026-08-28T21:08:04.938Z","prod-release-2-7-2026-08-28","1-500","","https://www.trugreen.com/lawn-care-101/blog/lawn-care-tips/treatyourlawn-services-help-treat-your-lawn","https://www.trugreen.com/lawn-care-101/blog/trugreen-lawn-care-services/the-healthy-lawn-guarantee-from-trugreen","200","301:https://www.trugreen.com/lawn-care-101/blog/lawn-care-tips/treatyourlawn-services-help-treat-your-lawn -> 200:https://www.trugreen.com/lawn-care-101/blog/trugreen-lawn-care-services/the-healthy-lawn-guarantee-from-trugreen","The TruGreen Guarantee | TruGreen","The TruGreen Guarantee | TruGreen","https://www.trugreen.com/lawn-care-101/blog/trugreen-lawn-care-services/the-healthy-lawn-guarantee-from-trugreen","1","https://www.trugreen.com/lawn-care-101/blog/trugreen-lawn-care-services/the-healthy-lawn-guarantee-from-trugreen","1","","","https://www.trugreen.com/lawn-care-101/blog/trugreen-lawn-care-services/the-healthy-lawn-guarantee-from-trugreen","","","","0","1","Why a TruGreen Lawn Specialist Is the Key to a Healthier Lawn","0","header|nav|footer","jsonld:1;types:Article;invalid:0;missing:jsonld_0_missing_@context","0","0","47","11","https://www.trugreen.com/lawn-care-101 | https://www.trugreen.com/lawn-care-101/blog?topic=Lawn+Care | https://www.trugreen.com/lawn-care-101/blog?type=Blog | https://www.trugreen.com/lawn-care-101/learning-center | https://www.trugreen.com/my-account/account-summary | https://www.trugreen.com/newsroom | https://www.trugreen.com/pay-your-bill | https://www.trugreen.com/pests-products-and-services | https://www.trugreen.com/pga-tour | https://www.trugreen.com/products-and-services | https://www.trugreen.com/why-choose-trugreen/testimonials-and-ratings","","missing-main|internal-links-missing-from-sitemap|duplicate-title|canonical-target-invalid",""
"chromium","2026-08-28T21:08:04.938Z","prod-release-2-7-2026-08-28","1-500","","https://www.trugreen.com/lawn-care-101/blog/lawn-care-tips/trufriends-referral-program-update","https://www.trugreen.com/lawn-care-101/blog/lawn-care-tips/trugreen-referral-program","200","301:https://www.trugreen.com/lawn-care-101/blog/lawn-care-tips/trufriends-referral-program-update -> 200:https://www.trugreen.com/lawn-care-101/blog/lawn-care-tips/trugreen-referral-program","TruGreen Referral Program | TruGreen","TruGreen Referral Program | TruGreen","https://www.trugreen.com/lawn-care-101/blog/lawn-care-tips/trugreen-referral-program","1","https://www.trugreen.com/lawn-care-101/blog/lawn-care-tips/trugreen-referral-program","1","","200","https://www.trugreen.com/lawn-care-101/blog/lawn-care-tips/trugreen-referral-program","","","","0","1","TruGreen Referral Program","0","header|nav|footer","jsonld:1;types:Article;invalid:0;missing:jsonld_0_missing_@context","0","0","49","15","https://www.trugreen.com/lawn-care-101 | https://www.trugreen.com/lawn-care-101/blog?topic=Beyond+the+Lawn | https://www.trugreen.com/lawn-care-101/blog?type=Blog | https://www.trugreen.com/lawn-care-101/learning-center | https://www.trugreen.com/my-account/account-settings | https://www.trugreen.com/my-account/account-summary | https://www.trugreen.com/my-account/my-documents | https://www.trugreen.com/my-account/my-services | https://www.trugreen.com/my-account/payments | https://www.trugreen.com/newsroom | https://www.trugreen.com/pay-your-bill | https://www.trugreen.com/pests-products-and-services | https://www.trugreen.com/pga-tour | https://www.trugreen.com/products-and-services | https://www.trugreen.com/why-choose-trugreen/testimonials-and-ratings","","missing-main|internal-links-missing-from-sitemap|duplicate-title",""
"chromium","2026-08-28T21:08:04.938Z","prod-release-2-7-2026-08-28","1-500","","https://www.trugreen.com/lawn-care-101/blog/lawn-care-tips/trugreen-employees-receive-green-industry-pros-2022-women-green","https://www.trugreen.com/lawn-care-101/blog/lawn-care-tips/trugreen-employees-receive-green-industry-pros-2022-women-green","200","200:https://www.trugreen.com/lawn-care-101/blog/lawn-care-tips/trugreen-employees-receive-green-industry-pros-2022-women-green","Women in Green 2022 | TruGreen","Women in Green 2022 | TruGreen","https://www.trugreen.com/lawn-care-101/blog/lawn-care-tips/trugreen-employees-receive-green-industry-pros-2022-women-green","1","https://www.trugreen.com/lawn-care-101/blog/lawn-care-tips/trugreen-employees-receive-green-industry-pros-2022-women-green","1","","200","https://www.trugreen.com/lawn-care-101/blog/lawn-care-tips/trugreen-employees-receive-green-industry-pros-2022-women-green","","","","0","1","TruGreen Employees Receive Green Industry Pros’ 2022 Women in the Green Industry Award","0","header|footer","jsonld:1;types:Article;invalid:0;missing:jsonld_0_missing_@context","0","0","45","10","https://www.trugreen.com/lawn-care-101 | https://www.trugreen.com/lawn-care-101/blog?topic=Beyond+the+Lawn | https://www.trugreen.com/lawn-care-101/blog?type=Blog | https://www.trugreen.com/lawn-care-101/learning-center | https://www.trugreen.com/newsroom | https://www.trugreen.com/pay-your-bill | https://www.trugreen.com/pests-products-and-services | https://www.trugreen.com/pga-tour | https://www.trugreen.com/products-and-services | https://www.trugreen.com/why-choose-trugreen/testimonials-and-ratings","","missing-main|internal-links-missing-from-sitemap",""
"chromium","2026-08-28T21:08:04.938Z","prod-release-2-7-2026-08-28","1-500","","https://www.trugreen.com/lawn-care-101/blog/lawn-care-tips/trugreen-employees-receive-green-industry-pros-2023-women-green","https://www.trugreen.com/lawn-care-101/blog/lawn-care-tips/trugreen-employees-receive-green-industry-pros-2023-women-green","200","200:https://www.trugreen.com/lawn-care-101/blog/lawn-care-tips/trugreen-employees-receive-green-industry-pros-2023-women-green","Women in Green 2023 | TruGreen","Women in Green 2023 | TruGreen","https://www.trugreen.com/lawn-care-101/blog/lawn-care-tips/trugreen-employees-receive-green-industry-pros-2023-women-green","1","https://www.trugreen.com/lawn-care-101/blog/lawn-care-tips/trugreen-employees-receive-green-industry-pros-2023-women-green","1","","200","https://www.trugreen.com/lawn-care-101/blog/lawn-care-tips/trugreen-employees-receive-green-industry-pros-2023-women-green","","","","0","1","TruGreen Employees Receive Green Industry Pros’ 2023 Women in the Green Industry Award","0","header|footer","jsonld:1;types:Article;invalid:0;missing:jsonld_0_missing_@context","0","0","45","10","https://www.trugreen.com/lawn-care-101 | https://www.trugreen.com/lawn-care-101/blog?topic=Beyond+the+Lawn | https://www.trugreen.com/lawn-care-101/blog?type=Blog | https://www.trugreen.com/lawn-care-101/learning-center | https://www.trugreen.com/newsroom | https://www.trugreen.com/pay-your-bill | https://www.trugreen.com/pests-products-and-services | https://www.trugreen.com/pga-tour | https://www.trugreen.com/products-and-services | https://www.trugreen.com/why-choose-trugreen/testimonials-and-ratings","","missing-main|internal-links-missing-from-sitemap",""
"chromium","2026-08-28T21:08:04.938Z","prod-release-2-7-2026-08-28","1-500","","https://www.trugreen.com/lawn-care-101/blog/lawn-care-tips/trugreen-expands-mentorship-support-first-tee-college-scholarship","https://www.trugreen.com/lawn-care-101/blog/lawn-care-tips/trugreen-expands-mentorship-support-first-tee-college-scholarship","200","200:https://www.trugreen.com/lawn-care-101/blog/lawn-care-tips/trugreen-expands-mentorship-support-first-tee-college-scholarship","TruGreen Expands Mentorship Support of First Tee College Scholarship Program | TruGreen","TruGreen Expands Mentorship Support of First Tee College Scholarship Program | TruGreen","https://www.trugreen.com/lawn-care-101/blog/lawn-care-tips/trugreen-expands-mentorship-support-first-tee-college-scholarship","1","https://www.trugreen.com/lawn-care-101/blog/lawn-care-tips/trugreen-expands-mentorship-support-first-tee-college-scholarship","1","","200","https://www.trugreen.com/lawn-care-101/blog/lawn-care-tips/trugreen-expands-mentorship-support-first-tee-college-scholarship","","","","0","1","TruGreen Expands Mentorship Support of First Tee College Scholarship Program","0","header|footer","jsonld:1;types:Article;invalid:0;missing:jsonld_0_missing_@context","0","0","45","10","https://www.trugreen.com/lawn-care-101 | https://www.trugreen.com/lawn-care-101/blog?topic=Beyond+the+Lawn | https://www.trugreen.com/lawn-care-101/blog?type=Blog | https://www.trugreen.com/lawn-care-101/learning-center | https://www.trugreen.com/newsroom | https://www.trugreen.com/pay-your-bill | https://www.trugreen.com/pests-products-and-services | https://www.trugreen.com/pga-tour | https://www.trugreen.com/products-and-services | https://www.trugreen.com/why-choose-trugreen/testimonials-and-ratings","","missing-main|internal-links-missing-from-sitemap",""
"chromium","2026-08-28T21:08:04.938Z","prod-release-2-7-2026-08-28","1-500","","https://www.trugreen.com/lawn-care-101/blog/lawn-care-tips/trugreen-giving-reaches-major-milestone-2020","https://www.trugreen.com/lawn-care-101/blog","200","301:https://www.trugreen.com/lawn-care-101/blog/lawn-care-tips/trugreen-giving-reaches-major-milestone-2020 -> 200:https://www.trugreen.com/lawn-care-101/blog","TruGreen Blog | TruGreen","TruGreen Blog | TruGreen","https://www.trugreen.com/lawn-care-101/blog","1","https://www.trugreen.com/lawn-care-101/blog","1","","200","https://www.trugreen.com/lawn-care-101/blog","","","","0","1","Looking for advice?Turn to the experts.","0","main|header|footer","jsonld:1;types:Blog|BreadcrumbList|CollectionPage;invalid:0;missing:","0","0","86","22","https://www.trugreen.com/lawn-care-101 | https://www.trugreen.com/lawn-care-101/blog/beyond-lawn/hosting-backyard-party | https://www.trugreen.com/lawn-care-101/blog/consistent-lawn-care | https://www.trugreen.com/lawn-care-101/blog/lawn-care/lawn-care-myths | https://www.trugreen.com/lawn-care-101/blog/lawn-care/lawn-care-vs-landscaping | https://www.trugreen.com/lawn-care-101/blog/lawn-care/lawn-mowing-spread-weeds | https://www.trugreen.com/lawn-care-101/blog/lawn-care/what-lawn-need-thrive | https://www.trugreen.com/lawn-care-101/blog/lawn-care/what-my-lawn-need | https://www.trugreen.com/lawn-care-101/blog/lawn-care/when-aerate-and-overseed-northeast | https://www.trugreen.com/lawn-care-101/blog/lawn-damage/lawn-care-signs-stress | https://www.trugreen.com/lawn-care-101/blog/pest-control/how-control-fleas-yard | https://www.trugreen.com/lawn-care-101/blog/tree-shrub-care/tree-disease-treatment | https://www.trugreen.com/lawn-care-101/blog/weed-control/control-wild-violets | https://www.trugreen.com/lawn-care-101/blog/weed-control/how-control-clover-lawn | https://www.trugreen.com/lawn-care-101/blog/weed-control/weeds-from-coming-back | https://www.trugreen.com/lawn-care-101/learning-center | https://www.trugreen.com/newsroom | https://www.trugreen.com/pay-your-bill | https://www.trugreen.com/pests-products-and-services | https://www.trugreen.com/pga-tour | https://www.trugreen.com/products-and-services | https://www.trugreen.com/why-choose-trugreen/testimonials-and-ratings","","internal-links-missing-from-sitemap|duplicate-title",""
"chromium","2026-08-28T21:08:04.938Z","prod-release-2-7-2026-08-28","1-500","","https://www.trugreen.com/lawn-care-101/blog/lawn-care-tips/trugreen-hosts-exclusive-activations-pga-tours-honda-classic-and","https://www.trugreen.com/lawn-care-101/blog/lawn-care-tips/trugreen-hosts-exclusive-activations-pga-tours-honda-classic-and","200","200:https://www.trugreen.com/lawn-care-101/blog/lawn-care-tips/trugreen-hosts-exclusive-activations-pga-tours-honda-classic-and","TruGreen Hosts Exclusive Activations at the PGA TOUR&rsquo;s Honda Classic and THE PLAYERS Tournaments | TruGreen","TruGreen Hosts Exclusive Activations at the PGA TOUR’s Honda Classic and THE PLAYERS Tournaments | TruGreen","https://www.trugreen.com/lawn-care-101/blog/lawn-care-tips/trugreen-hosts-exclusive-activations-pga-tours-honda-classic-and","1","https://www.trugreen.com/lawn-care-101/blog/lawn-care-tips/trugreen-hosts-exclusive-activations-pga-tours-honda-classic-and","1","","200","https://www.trugreen.com/lawn-care-101/blog/lawn-care-tips/trugreen-hosts-exclusive-activations-pga-tours-honda-classic-and","","","","0","1","TruGreen Hosts Exclusive Activations at the PGA TOUR’s Honda Classic and THE PLAYERS Tournaments","0","header|footer","jsonld:1;types:Article;invalid:0;missing:jsonld_0_missing_@context","0","0","45","10","https://www.trugreen.com/lawn-care-101 | https://www.trugreen.com/lawn-care-101/blog?topic=Beyond+the+Lawn | https://www.trugreen.com/lawn-care-101/blog?type=Blog | https://www.trugreen.com/lawn-care-101/learning-center | https://www.trugreen.com/newsroom | https://www.trugreen.com/pay-your-bill | https://www.trugreen.com/pests-products-and-services | https://www.trugreen.com/pga-tour | https://www.trugreen.com/products-and-services | https://www.trugreen.com/why-choose-trugreen/testimonials-and-ratings","","missing-main|internal-links-missing-from-sitemap",""
"chromium","2026-08-28T21:08:04.938Z","prod-release-2-7-2026-08-28","1-500","","https://www.trugreen.com/lawn-care-101/blog/lawn-care-tips/trugreen-hosts-exclusive-experiences-pga-tours-fedex-st-jude","https://www.trugreen.com/lawn-care-101/blog","200","301:https://www.trugreen.com/lawn-care-101/blog/lawn-care-tips/trugreen-hosts-exclusive-experiences-pga-tours-fedex-st-jude -> 200:https://www.trugreen.com/lawn-care-101/blog","TruGreen Blog | TruGreen","TruGreen Blog | TruGreen","https://www.trugreen.com/lawn-care-101/blog","1","https://www.trugreen.com/lawn-care-101/blog","1","","200","https://www.trugreen.com/lawn-care-101/blog","","","","0","1","Looking for advice?Turn to the experts.","0","main|header|footer","jsonld:1;types:Blog|BreadcrumbList|CollectionPage;invalid:0;missing:","0","0","86","22","https://www.trugreen.com/lawn-care-101 | https://www.trugreen.com/lawn-care-101/blog/beyond-lawn/hosting-backyard-party | https://www.trugreen.com/lawn-care-101/blog/consistent-lawn-care | https://www.trugreen.com/lawn-care-101/blog/lawn-care/lawn-care-myths | https://www.trugreen.com/lawn-care-101/blog/lawn-care/lawn-care-vs-landscaping | https://www.trugreen.com/lawn-care-101/blog/lawn-care/lawn-mowing-spread-weeds | https://www.trugreen.com/lawn-care-101/blog/lawn-care/what-lawn-need-thrive | https://www.trugreen.com/lawn-care-101/blog/lawn-care/what-my-lawn-need | https://www.trugreen.com/lawn-care-101/blog/lawn-care/when-aerate-and-overseed-northeast | https://www.trugreen.com/lawn-care-101/blog/lawn-damage/lawn-care-signs-stress | https://www.trugreen.com/lawn-care-101/blog/pest-control/how-control-fleas-yard | https://www.trugreen.com/lawn-care-101/blog/tree-shrub-care/tree-disease-treatment | https://www.trugreen.com/lawn-care-101/blog/weed-control/control-wild-violets | https://www.trugreen.com/lawn-care-101/blog/weed-control/how-control-clover-lawn | https://www.trugreen.com/lawn-care-101/blog/weed-control/weeds-from-coming-back | https://www.trugreen.com/lawn-care-101/learning-center | https://www.trugreen.com/newsroom | https://www.trugreen.com/pay-your-bill | https://www.trugreen.com/pests-products-and-services | https://www.trugreen.com/pga-tour | https://www.trugreen.com/products-and-services | https://www.trugreen.com/why-choose-trugreen/testimonials-and-ratings","","internal-links-missing-from-sitemap|duplicate-title",""
"chromium","2026-08-28T21:08:04.938Z","prod-release-2-7-2026-08-28","1-500","","https://www.trugreen.com/lawn-care-101/blog/lawn-care-tips/trugreen-lawn-care-service-reviews","https://www.trugreen.com/lawn-care-101/blog/trugreen-lawn-care-services/the-healthy-lawn-guarantee-from-trugreen","200","301:https://www.trugreen.com/lawn-care-101/blog/lawn-care-tips/trugreen-lawn-care-service-reviews -> 200:https://www.trugreen.com/lawn-care-101/blog/trugreen-lawn-care-services/the-healthy-lawn-guarantee-from-trugreen","The TruGreen Guarantee | TruGreen","The TruGreen Guarantee | TruGreen","https://www.trugreen.com/lawn-care-101/blog/trugreen-lawn-care-services/the-healthy-lawn-guarantee-from-trugreen","1","https://www.trugreen.com/lawn-care-101/blog/trugreen-lawn-care-services/the-healthy-lawn-guarantee-from-trugreen","1","","","https://www.trugreen.com/lawn-care-101/blog/trugreen-lawn-care-services/the-healthy-lawn-guarantee-from-trugreen","","","","0","1","Why a TruGreen Lawn Specialist Is the Key to a Healthier Lawn","0","header|nav|footer","jsonld:1;types:Article;invalid:0;missing:jsonld_0_missing_@context","0","0","47","11","https://www.trugreen.com/lawn-care-101 | https://www.trugreen.com/lawn-care-101/blog?topic=Lawn+Care | https://www.trugreen.com/lawn-care-101/blog?type=Blog | https://www.trugreen.com/lawn-care-101/learning-center | https://www.trugreen.com/my-account/account-summary | https://www.trugreen.com/newsroom | https://www.trugreen.com/pay-your-bill | https://www.trugreen.com/pests-products-and-services | https://www.trugreen.com/pga-tour | https://www.trugreen.com/products-and-services | https://www.trugreen.com/why-choose-trugreen/testimonials-and-ratings","","missing-main|internal-links-missing-from-sitemap|duplicate-title|canonical-target-invalid",""
"chromium","2026-08-28T21:08:04.938Z","prod-release-2-7-2026-08-28","1-500","","https://www.trugreen.com/lawn-care-101/blog/lawn-care-tips/trugreen-mosquito-control-defense-treatment-plan-faq-lawn-care","https://www.trugreen.com/lawn-care-101/blog/lawn-care-tips/trugreen-mosquito-control-defense-treatment-plan-faq-lawn-care","200","200:https://www.trugreen.com/lawn-care-101/blog/lawn-care-tips/trugreen-mosquito-control-defense-treatment-plan-faq-lawn-care","TruGreen TruDefense Mosquito Control | TruGreen","TruGreen TruDefense Mosquito Control | TruGreen","https://www.trugreen.com/lawn-care-101/blog/lawn-care-tips/trugreen-mosquito-control-defense-treatment-plan-faq-lawn-care","1","https://www.trugreen.com/lawn-care-101/blog/lawn-care-tips/trugreen-mosquito-control-defense-treatment-plan-faq-lawn-care","1","","200","https://www.trugreen.com/lawn-care-101/blog/lawn-care-tips/trugreen-mosquito-control-defense-treatment-plan-faq-lawn-care","","","","0","1","TruGreen Mosquito Defense Plan FAQs","0","header|footer","jsonld:1;types:Article;invalid:0;missing:jsonld_0_missing_@context","0","0","46","11","https://www.trugreen.com/lawn-care-101 | https://www.trugreen.com/lawn-care-101/blog?topic=Pest+Control | https://www.trugreen.com/lawn-care-101/blog?type=Blog | https://www.trugreen.com/lawn-care-101/learning-center | https://www.trugreen.com/newsroom | https://www.trugreen.com/pay-your-bill | https://www.trugreen.com/pest-control/blog/how-get-rid-mosquitoes-your-yard | https://www.trugreen.com/pests-products-and-services | https://www.trugreen.com/pga-tour | https://www.trugreen.com/products-and-services | https://www.trugreen.com/why-choose-trugreen/testimonials-and-ratings","","missing-main|internal-links-missing-from-sitemap|duplicate-title",""
"chromium","2026-08-28T21:08:04.938Z","prod-release-2-7-2026-08-28","1-500","","https://www.trugreen.com/lawn-care-101/blog/lawn-care-tips/trugreen-recaps-another-year-of-giving-in-2019","https://www.trugreen.com/lawn-care-101/blog","200","301:https://www.trugreen.com/lawn-care-101/blog/lawn-care-tips/trugreen-recaps-another-year-of-giving-in-2019 -> 200:https://www.trugreen.com/lawn-care-101/blog","TruGreen Blog | TruGreen","TruGreen Blog | TruGreen","https://www.trugreen.com/lawn-care-101/blog","1","https://www.trugreen.com/lawn-care-101/blog","1","","200","https://www.trugreen.com/lawn-care-101/blog","","","","0","1","Looking for advice?Turn to the experts.","0","main|header|footer","jsonld:1;types:Blog|BreadcrumbList|CollectionPage;invalid:0;missing:","0","0","86","22","https://www.trugreen.com/lawn-care-101 | https://www.trugreen.com/lawn-care-101/blog/beyond-lawn/hosting-backyard-party | https://www.trugreen.com/lawn-care-101/blog/consistent-lawn-care | https://www.trugreen.com/lawn-care-101/blog/lawn-care/lawn-care-myths | https://www.trugreen.com/lawn-care-101/blog/lawn-care/lawn-care-vs-landscaping | https://www.trugreen.com/lawn-care-101/blog/lawn-care/lawn-mowing-spread-weeds | https://www.trugreen.com/lawn-care-101/blog/lawn-care/what-lawn-need-thrive | https://www.trugreen.com/lawn-care-101/blog/lawn-care/what-my-lawn-need | https://www.trugreen.com/lawn-care-101/blog/lawn-care/when-aerate-and-overseed-northeast | https://www.trugreen.com/lawn-care-101/blog/lawn-damage/lawn-care-signs-stress | https://www.trugreen.com/lawn-care-101/blog/pest-control/how-control-fleas-yard | https://www.trugreen.com/lawn-care-101/blog/tree-shrub-care/tree-disease-treatment | https://www.trugreen.com/lawn-care-101/blog/weed-control/control-wild-violets | https://www.trugreen.com/lawn-care-101/blog/weed-control/how-control-clover-lawn | https://www.trugreen.com/lawn-care-101/blog/weed-control/weeds-from-coming-back | https://www.trugreen.com/lawn-care-101/learning-center | https://www.trugreen.com/newsroom | https://www.trugreen.com/pay-your-bill | https://www.trugreen.com/pests-products-and-services | https://www.trugreen.com/pga-tour | https://www.trugreen.com/products-and-services | https://www.trugreen.com/why-choose-trugreen/testimonials-and-ratings","","internal-links-missing-from-sitemap|duplicate-title",""
"chromium","2026-08-28T21:08:04.938Z","prod-release-2-7-2026-08-28","1-500","","https://www.trugreen.com/lawn-care-101/blog/lawn-care-tips/trugreen-recaps-exclusive-experiences-world-golf-championships","https://www.trugreen.com/lawn-care-101/blog","200","301:https://www.trugreen.com/lawn-care-101/blog/lawn-care-tips/trugreen-recaps-exclusive-experiences-world-golf-championships -> 200:https://www.trugreen.com/lawn-care-101/blog","TruGreen Blog | TruGreen","TruGreen Blog | TruGreen","https://www.trugreen.com/lawn-care-101/blog","1","https://www.trugreen.com/lawn-care-101/blog","1","","200","https://www.trugreen.com/lawn-care-101/blog","","","","0","1","Looking for advice?Turn to the experts.","0","main|header|footer","jsonld:1;types:Blog|BreadcrumbList|CollectionPage;invalid:0;missing:","0","0","86","22","https://www.trugreen.com/lawn-care-101 | https://www.trugreen.com/lawn-care-101/blog/beyond-lawn/hosting-backyard-party | https://www.trugreen.com/lawn-care-101/blog/consistent-lawn-care | https://www.trugreen.com/lawn-care-101/blog/lawn-care/lawn-care-myths | https://www.trugreen.com/lawn-care-101/blog/lawn-care/lawn-care-vs-landscaping | https://www.trugreen.com/lawn-care-101/blog/lawn-care/lawn-mowing-spread-weeds | https://www.trugreen.com/lawn-care-101/blog/lawn-care/what-lawn-need-thrive | https://www.trugreen.com/lawn-care-101/blog/lawn-care/what-my-lawn-need | https://www.trugreen.com/lawn-care-101/blog/lawn-care/when-aerate-and-overseed-northeast | https://www.trugreen.com/lawn-care-101/blog/lawn-damage/lawn-care-signs-stress | https://www.trugreen.com/lawn-care-101/blog/pest-control/how-control-fleas-yard | https://www.trugreen.com/lawn-care-101/blog/tree-shrub-care/tree-disease-treatment | https://www.trugreen.com/lawn-care-101/blog/weed-control/control-wild-violets | https://www.trugreen.com/lawn-care-101/blog/weed-control/how-control-clover-lawn | https://www.trugreen.com/lawn-care-101/blog/weed-control/weeds-from-coming-back | https://www.trugreen.com/lawn-care-101/learning-center | https://www.trugreen.com/newsroom | https://www.trugreen.com/pay-your-bill | https://www.trugreen.com/pests-products-and-services | https://www.trugreen.com/pga-tour | https://www.trugreen.com/products-and-services | https://www.trugreen.com/why-choose-trugreen/testimonials-and-ratings","","internal-links-missing-from-sitemap|duplicate-title",""
"chromium","2026-08-28T21:08:04.938Z","prod-release-2-7-2026-08-28","1-500","","https://www.trugreen.com/lawn-care-101/blog/lawn-care-tips/trugreen-referral-program","https://www.trugreen.com/lawn-care-101/blog/lawn-care-tips/trugreen-referral-program","200","200:https://www.trugreen.com/lawn-care-101/blog/lawn-care-tips/trugreen-referral-program","TruGreen Referral Program | TruGreen","TruGreen Referral Program | TruGreen","https://www.trugreen.com/lawn-care-101/blog/lawn-care-tips/trugreen-referral-program","1","https://www.trugreen.com/lawn-care-101/blog/lawn-care-tips/trugreen-referral-program","1","","200","https://www.trugreen.com/lawn-care-101/blog/lawn-care-tips/trugreen-referral-program","","","","0","1","TruGreen Referral Program","0","header|nav|footer","jsonld:1;types:Article;invalid:0;missing:jsonld_0_missing_@context","0","0","49","15","https://www.trugreen.com/lawn-care-101 | https://www.trugreen.com/lawn-care-101/blog?topic=Beyond+the+Lawn | https://www.trugreen.com/lawn-care-101/blog?type=Blog | https://www.trugreen.com/lawn-care-101/learning-center | https://www.trugreen.com/my-account/account-settings | https://www.trugreen.com/my-account/account-summary | https://www.trugreen.com/my-account/my-documents | https://www.trugreen.com/my-account/my-services | https://www.trugreen.com/my-account/payments | https://www.trugreen.com/newsroom | https://www.trugreen.com/pay-your-bill | https://www.trugreen.com/pests-products-and-services | https://www.trugreen.com/pga-tour | https://www.trugreen.com/products-and-services | https://www.trugreen.com/why-choose-trugreen/testimonials-and-ratings","","missing-main|internal-links-missing-from-sitemap|duplicate-title",""
"chromium","2026-08-28T21:08:04.938Z","prod-release-2-7-2026-08-28","1-500","","https://www.trugreen.com/lawn-care-101/blog/lawn-care-tips/trugreen-sensory-scavenger-hunt-parents-and-kids","https://www.trugreen.com/lawn-care-101/blog/lawn-care-tips/trugreen-sensory-scavenger-hunt-parents-and-kids","200","200:https://www.trugreen.com/lawn-care-101/blog/lawn-care-tips/trugreen-sensory-scavenger-hunt-parents-and-kids","Sensory Scavenger Hunt | TruGreen","Sensory Scavenger Hunt | TruGreen","https://www.trugreen.com/lawn-care-101/blog/lawn-care-tips/trugreen-sensory-scavenger-hunt-parents-and-kids","1","https://www.trugreen.com/lawn-care-101/blog/lawn-care-tips/trugreen-sensory-scavenger-hunt-parents-and-kids","1","","200","https://www.trugreen.com/lawn-care-101/blog/lawn-care-tips/trugreen-sensory-scavenger-hunt-parents-and-kids","","","","0","1","TruGreen Sensory Scavenger Hunt for Parents and Kids","0","header|footer","jsonld:1;types:Article;invalid:0;missing:jsonld_0_missing_@context","0","0","45","10","https://www.trugreen.com/lawn-care-101 | https://www.trugreen.com/lawn-care-101/blog?topic=Beyond+the+Lawn | https://www.trugreen.com/lawn-care-101/blog?type=Blog | https://www.trugreen.com/lawn-care-101/learning-center | https://www.trugreen.com/newsroom | https://www.trugreen.com/pay-your-bill | https://www.trugreen.com/pests-products-and-services | https://www.trugreen.com/pga-tour | https://www.trugreen.com/products-and-services | https://www.trugreen.com/why-choose-trugreen/testimonials-and-ratings","","missing-main|internal-links-missing-from-sitemap",""
"chromium","2026-08-28T21:08:04.938Z","prod-release-2-7-2026-08-28","1-500","","https://www.trugreen.com/lawn-care-101/blog/lawn-care-tips/trugreen-supports-recipients-2022-first-tee-college-scholarship","https://www.trugreen.com/lawn-care-101/blog/lawn-care-tips/trugreen-supports-recipients-2022-first-tee-college-scholarship","200","200:https://www.trugreen.com/lawn-care-101/blog/lawn-care-tips/trugreen-supports-recipients-2022-first-tee-college-scholarship","TruGreen Supports Recipients of the 2022 First Tee College Scholarship Program | TruGreen","TruGreen Supports Recipients of the 2022 First Tee College Scholarship Program | TruGreen","https://www.trugreen.com/lawn-care-101/blog/lawn-care-tips/trugreen-supports-recipients-2022-first-tee-college-scholarship","1","https://www.trugreen.com/lawn-care-101/blog/lawn-care-tips/trugreen-supports-recipients-2022-first-tee-college-scholarship","1","","200","https://www.trugreen.com/lawn-care-101/blog/lawn-care-tips/trugreen-supports-recipients-2022-first-tee-college-scholarship","","","","0","1","TruGreen Supports Recipients of the 2022 First Tee College Scholarship Program","0","header|footer","jsonld:1;types:Article;invalid:0;missing:jsonld_0_missing_@context","0","0","45","10","https://www.trugreen.com/lawn-care-101 | https://www.trugreen.com/lawn-care-101/blog?topic=Beyond+the+Lawn | https://www.trugreen.com/lawn-care-101/blog?type=Blog | https://www.trugreen.com/lawn-care-101/learning-center | https://www.trugreen.com/newsroom | https://www.trugreen.com/pay-your-bill | https://www.trugreen.com/pests-products-and-services | https://www.trugreen.com/pga-tour | https://www.trugreen.com/products-and-services | https://www.trugreen.com/why-choose-trugreen/testimonials-and-ratings","","missing-main|internal-links-missing-from-sitemap",""
"chromium","2026-08-28T21:08:04.938Z","prod-release-2-7-2026-08-28","1-500","","https://www.trugreen.com/lawn-care-101/blog/lawn-care-tips/trugreen-supports-scholarships-awarded-first-tee-alumni","https://www.trugreen.com/lawn-care-101/blog/lawn-care-tips/trugreen-supports-scholarships-awarded-first-tee-alumni","200","200:https://www.trugreen.com/lawn-care-101/blog/lawn-care-tips/trugreen-supports-scholarships-awarded-first-tee-alumni","First Tee Alumni | TruGreen","First Tee Alumni | TruGreen","https://www.trugreen.com/lawn-care-101/blog/lawn-care-tips/trugreen-supports-scholarships-awarded-first-tee-alumni","1","https://www.trugreen.com/lawn-care-101/blog/lawn-care-tips/trugreen-supports-scholarships-awarded-first-tee-alumni","1","","200","https://www.trugreen.com/lawn-care-101/blog/lawn-care-tips/trugreen-supports-scholarships-awarded-first-tee-alumni","","","","0","1","TruGreen Supports Scholarships Awarded to First Tee Alumni","0","header|footer","jsonld:1;types:Article;invalid:0;missing:jsonld_0_missing_@context","0","0","45","10","https://www.trugreen.com/lawn-care-101 | https://www.trugreen.com/lawn-care-101/blog?topic=Beyond+the+Lawn | https://www.trugreen.com/lawn-care-101/blog?type=Blog | https://www.trugreen.com/lawn-care-101/learning-center | https://www.trugreen.com/newsroom | https://www.trugreen.com/pay-your-bill | https://www.trugreen.com/pests-products-and-services | https://www.trugreen.com/pga-tour | https://www.trugreen.com/products-and-services | https://www.trugreen.com/why-choose-trugreen/testimonials-and-ratings","","missing-main|internal-links-missing-from-sitemap",""
"chromium","2026-08-28T21:08:04.938Z","prod-release-2-7-2026-08-28","1-500","","https://www.trugreen.com/lawn-care-101/blog/lawn-care-tips/trugreen%C2%AE-lawn-care-plans-overview","https://www.trugreen.com/lawn-care-101/blog/trugreen-lawn-care-services/trugreen-lawn-plans-tailored-for-you","200","301:https://www.trugreen.com/lawn-care-101/blog/lawn-care-tips/trugreen%C2%AE-lawn-care-plans-overview -> 200:https://www.trugreen.com/lawn-care-101/blog/trugreen-lawn-care-services/trugreen-lawn-plans-tailored-for-you","TruGreen Plans | TruGreen","TruGreen Plans | TruGreen","https://www.trugreen.com/lawn-care-101/blog/trugreen-lawn-care-services/trugreen-lawn-plans-tailored-for-you","1","https://www.trugreen.com/lawn-care-101/blog/trugreen-lawn-care-services/trugreen-lawn-plans-tailored-for-you","1","","","https://www.trugreen.com/lawn-care-101/blog/trugreen-lawn-care-services/trugreen-lawn-plans-tailored-for-you","","","","0","1","TruGreen Lawn Plans Tailored for You","0","header|nav|footer","jsonld:1;types:Article;invalid:0;missing:jsonld_0_missing_@context","0","0","50","15","https://www.trugreen.com/lawn-care-101 | https://www.trugreen.com/lawn-care-101/blog?topic=Lawn+Care | https://www.trugreen.com/lawn-care-101/blog?type=Blog | https://www.trugreen.com/lawn-care-101/learning-center | https://www.trugreen.com/my-account/account-settings | https://www.trugreen.com/my-account/account-summary | https://www.trugreen.com/my-account/my-documents | https://www.trugreen.com/my-account/my-services | https://www.trugreen.com/my-account/payments | https://www.trugreen.com/newsroom | https://www.trugreen.com/pay-your-bill | https://www.trugreen.com/pests-products-and-services | https://www.trugreen.com/pga-tour | https://www.trugreen.com/products-and-services | https://www.trugreen.com/why-choose-trugreen/testimonials-and-ratings","","missing-main|internal-links-missing-from-sitemap|duplicate-title|canonical-target-invalid",""
"chromium","2026-08-28T21:08:04.938Z","prod-release-2-7-2026-08-28","1-500","","https://www.trugreen.com/lawn-care-101/blog/lawn-care-tips/trugreens-guide-best-backyard-bbq","https://www.trugreen.com/lawn-care-101/blog/lawn-care-tips/greetings-your-backyard-summer-traditions-bring-home","200","301:https://www.trugreen.com/lawn-care-101/blog/lawn-care-tips/trugreens-guide-best-backyard-bbq -> 200:https://www.trugreen.com/lawn-care-101/blog/lawn-care-tips/greetings-your-backyard-summer-traditions-bring-home","Summer Traditions | TruGreen","Summer Traditions | TruGreen","https://www.trugreen.com/lawn-care-101/blog/lawn-care-tips/greetings-your-backyard-summer-traditions-bring-home","1","https://www.trugreen.com/lawn-care-101/blog/lawn-care-tips/greetings-your-backyard-summer-traditions-bring-home","1","","200","https://www.trugreen.com/lawn-care-101/blog/lawn-care-tips/greetings-your-backyard-summer-traditions-bring-home","","","","0","1","Greetings from Your Backyard: Summer Traditions to Bring Home","0","header|footer","jsonld:1;types:Article;invalid:0;missing:jsonld_0_missing_@context","0","0","45","10","https://www.trugreen.com/lawn-care-101 | https://www.trugreen.com/lawn-care-101/blog?topic=Beyond+the+Lawn | https://www.trugreen.com/lawn-care-101/blog?type=Blog | https://www.trugreen.com/lawn-care-101/learning-center | https://www.trugreen.com/newsroom | https://www.trugreen.com/pay-your-bill | https://www.trugreen.com/pests-products-and-services | https://www.trugreen.com/pga-tour | https://www.trugreen.com/products-and-services | https://www.trugreen.com/why-choose-trugreen/testimonials-and-ratings","","missing-main|internal-links-missing-from-sitemap|duplicate-title",""
"chromium","2026-08-28T21:08:04.938Z","prod-release-2-7-2026-08-28","1-500","","https://www.trugreen.com/lawn-care-101/blog/lawn-care-tips/trugreens-top-8-things-mosquitoes-do-not-want-you-know","https://www.trugreen.com/products-and-services/trudefense-mosquito-control","200","301:https://www.trugreen.com/lawn-care-101/blog/lawn-care-tips/trugreens-top-8-things-mosquitoes-do-not-want-you-know -> 301:https://www.trugreen.com/lawn-care-101/blog/lawn-care-tips/trugreens-top-8-things-mosquitoes-dont-want-you-know -> 200:https://www.trugreen.com/products-and-services/trudefense-mosquito-control","TruDefense :Mosquito Control for your yard | TruGreen","TruDefense :Mosquito Control for your yard | TruGreen","https://www.trugreen.com/products-and-services/trudefense-mosquito-control","1","https://www.trugreen.com/products-and-services/trudefense-mosquito-control","1","","200","https://www.trugreen.com/products-and-services/trudefense-mosquito-control","","","","0","1","TruDefense℠ Mosquito Control","0","main|header|footer","jsonld:1;types:Service;invalid:0;missing:","0","0","44","8","https://www.trugreen.com/lawn-care-101 | https://www.trugreen.com/lawn-care-101/learning-center | https://www.trugreen.com/newsroom | https://www.trugreen.com/pay-your-bill | https://www.trugreen.com/pests-products-and-services | https://www.trugreen.com/pga-tour | https://www.trugreen.com/products-and-services | https://www.trugreen.com/why-choose-trugreen/testimonials-and-ratings","","internal-links-missing-from-sitemap|duplicate-title",""
"chromium","2026-08-28T21:08:04.938Z","prod-release-2-7-2026-08-28","1-500","","https://www.trugreen.com/lawn-care-101/blog/lawn-care-tips/trugreens-top-8-things-mosquitoes-dont-want-you-know","https://www.trugreen.com/products-and-services/trudefense-mosquito-control","200","301:https://www.trugreen.com/lawn-care-101/blog/lawn-care-tips/trugreens-top-8-things-mosquitoes-dont-want-you-know -> 200:https://www.trugreen.com/products-and-services/trudefense-mosquito-control","TruDefense :Mosquito Control for your yard | TruGreen","TruDefense :Mosquito Control for your yard | TruGreen","https://www.trugreen.com/products-and-services/trudefense-mosquito-control","1","https://www.trugreen.com/products-and-services/trudefense-mosquito-control","1","","200","https://www.trugreen.com/products-and-services/trudefense-mosquito-control","","","","0","1","TruDefense℠ Mosquito Control","0","main|header|footer","jsonld:1;types:Service;invalid:0;missing:","0","0","44","8","https://www.trugreen.com/lawn-care-101 | https://www.trugreen.com/lawn-care-101/learning-center | https://www.trugreen.com/newsroom | https://www.trugreen.com/pay-your-bill | https://www.trugreen.com/pests-products-and-services | https://www.trugreen.com/pga-tour | https://www.trugreen.com/products-and-services | https://www.trugreen.com/why-choose-trugreen/testimonials-and-ratings","","internal-links-missing-from-sitemap|duplicate-title",""
"chromium","2026-08-28T21:08:04.938Z","prod-release-2-7-2026-08-28","1-500","","https://www.trugreen.com/lawn-care-101/blog/lawn-care-tips/ultimate-guide-controlling-weeds-your-lawn","https://www.trugreen.com/lawn-care-101/blog/lawn-care-tips/ultimate-guide-controlling-weeds-your-lawn","200","200:https://www.trugreen.com/lawn-care-101/blog/lawn-care-tips/ultimate-guide-controlling-weeds-your-lawn","Controlling Weeds in Lawn | TruGreen","Controlling Weeds in Lawn | TruGreen","https://www.trugreen.com/lawn-care-101/blog/lawn-care-tips/ultimate-guide-controlling-weeds-your-lawn","1","https://www.trugreen.com/lawn-care-101/blog/lawn-care-tips/ultimate-guide-controlling-weeds-your-lawn","1","","200","https://www.trugreen.com/lawn-care-101/blog/lawn-care-tips/ultimate-guide-controlling-weeds-your-lawn","","","","0","1","The Ultimate Guide to Controlling Weeds in Your Lawn","0","header|nav|footer","jsonld:1;types:Article;invalid:0;missing:jsonld_0_missing_@context","0","0","56","17","https://www.trugreen.com/lawn-care-101 | https://www.trugreen.com/lawn-care-101/blog?topic=Weed+Control | https://www.trugreen.com/lawn-care-101/blog?type=Blog | https://www.trugreen.com/lawn-care-101/blog/weed-control/control-wild-violets | https://www.trugreen.com/lawn-care-101/blog/weed-control/how-control-clover-lawn | https://www.trugreen.com/lawn-care-101/learning-center | https://www.trugreen.com/my-account/account-settings | https://www.trugreen.com/my-account/account-summary | https://www.trugreen.com/my-account/my-documents | https://www.trugreen.com/my-account/my-services | https://www.trugreen.com/my-account/payments | https://www.trugreen.com/newsroom | https://www.trugreen.com/pay-your-bill | https://www.trugreen.com/pests-products-and-services | https://www.trugreen.com/pga-tour | https://www.trugreen.com/products-and-services | https://www.trugreen.com/why-choose-trugreen/testimonials-and-ratings","","missing-main|internal-links-missing-from-sitemap",""
"chromium","2026-08-28T21:08:04.938Z","prod-release-2-7-2026-08-28","1-500","","https://www.trugreen.com/lawn-care-101/blog/lawn-care-tips/ultimate-lawn-lovers-gift-guide","https://www.trugreen.com/lawn-care-101/blog/lawn-care-tips/ultimate-lawn-lovers-gift-guide","200","200:https://www.trugreen.com/lawn-care-101/blog/lawn-care-tips/ultimate-lawn-lovers-gift-guide","Lawn Lover Gift Guide | TruGreen","Lawn Lover Gift Guide | TruGreen","https://www.trugreen.com/lawn-care-101/blog/lawn-care-tips/ultimate-lawn-lovers-gift-guide","1","https://www.trugreen.com/lawn-care-101/blog/lawn-care-tips/ultimate-lawn-lovers-gift-guide","1","","200","https://www.trugreen.com/lawn-care-101/blog/lawn-care-tips/ultimate-lawn-lovers-gift-guide","","","","0","1","The Ultimate Lawn Lover’s Gift Guide","0","header|footer","jsonld:1;types:Article;invalid:0;missing:jsonld_0_missing_@context","0","0","48","12","https://www.trugreen.com/lawn-care-101 | https://www.trugreen.com/lawn-care-101/blog?topic=Beyond+the+Lawn | https://www.trugreen.com/lawn-care-101/blog?type=Blog | https://www.trugreen.com/lawn-care-101/learning-center | https://www.trugreen.com/newsroom | https://www.trugreen.com/pay-your-bill | https://www.trugreen.com/pests-products-and-services | https://www.trugreen.com/pga-tour | https://www.trugreen.com/products-and-services | https://www.trugreen.com/products-and-services/perimeter-pest-control | https://www.trugreen.com/products-and-services/tree-and-shrub-service | https://www.trugreen.com/why-choose-trugreen/testimonials-and-ratings","","missing-main|internal-links-missing-from-sitemap",""
"chromium","2026-08-28T21:08:04.938Z","prod-release-2-7-2026-08-28","1-500","","https://www.trugreen.com/lawn-care-101/blog/lawn-care-tips/ultra-lawn-trugreen","https://www.trugreen.com/lawn-care-101/blog","200","301:https://www.trugreen.com/lawn-care-101/blog/lawn-care-tips/ultra-lawn-trugreen -> 200:https://www.trugreen.com/lawn-care-101/blog","TruGreen Blog | TruGreen","TruGreen Blog | TruGreen","https://www.trugreen.com/lawn-care-101/blog","1","https://www.trugreen.com/lawn-care-101/blog","1","","200","https://www.trugreen.com/lawn-care-101/blog","","","","0","1","Looking for advice?Turn to the experts.","0","main|header|footer","jsonld:1;types:Blog|BreadcrumbList|CollectionPage;invalid:0;missing:","0","0","86","22","https://www.trugreen.com/lawn-care-101 | https://www.trugreen.com/lawn-care-101/blog/beyond-lawn/hosting-backyard-party | https://www.trugreen.com/lawn-care-101/blog/consistent-lawn-care | https://www.trugreen.com/lawn-care-101/blog/lawn-care/lawn-care-myths | https://www.trugreen.com/lawn-care-101/blog/lawn-care/lawn-care-vs-landscaping | https://www.trugreen.com/lawn-care-101/blog/lawn-care/lawn-mowing-spread-weeds | https://www.trugreen.com/lawn-care-101/blog/lawn-care/what-lawn-need-thrive | https://www.trugreen.com/lawn-care-101/blog/lawn-care/what-my-lawn-need | https://www.trugreen.com/lawn-care-101/blog/lawn-care/when-aerate-and-overseed-northeast | https://www.trugreen.com/lawn-care-101/blog/lawn-damage/lawn-care-signs-stress | https://www.trugreen.com/lawn-care-101/blog/pest-control/how-control-fleas-yard | https://www.trugreen.com/lawn-care-101/blog/tree-shrub-care/tree-disease-treatment | https://www.trugreen.com/lawn-care-101/blog/weed-control/control-wild-violets | https://www.trugreen.com/lawn-care-101/blog/weed-control/how-control-clover-lawn | https://www.trugreen.com/lawn-care-101/blog/weed-control/weeds-from-coming-back | https://www.trugreen.com/lawn-care-101/learning-center | https://www.trugreen.com/newsroom | https://www.trugreen.com/pay-your-bill | https://www.trugreen.com/pests-products-and-services | https://www.trugreen.com/pga-tour | https://www.trugreen.com/products-and-services | https://www.trugreen.com/why-choose-trugreen/testimonials-and-ratings","","internal-links-missing-from-sitemap|duplicate-title",""
"chromium","2026-08-28T21:08:04.938Z","prod-release-2-7-2026-08-28","1-500","","https://www.trugreen.com/lawn-care-101/blog/lawn-care-tips/ultragreen-trugreen","https://www.trugreen.com/lawn-care-101/blog","200","301:https://www.trugreen.com/lawn-care-101/blog/lawn-care-tips/ultragreen-trugreen -> 200:https://www.trugreen.com/lawn-care-101/blog","TruGreen Blog | TruGreen","TruGreen Blog | TruGreen","https://www.trugreen.com/lawn-care-101/blog","1","https://www.trugreen.com/lawn-care-101/blog","1","","200","https://www.trugreen.com/lawn-care-101/blog","","","","0","1","Looking for advice?Turn to the experts.","0","main|header|footer","jsonld:1;types:Blog|BreadcrumbList|CollectionPage;invalid:0;missing:","0","0","86","22","https://www.trugreen.com/lawn-care-101 | https://www.trugreen.com/lawn-care-101/blog/beyond-lawn/hosting-backyard-party | https://www.trugreen.com/lawn-care-101/blog/consistent-lawn-care | https://www.trugreen.com/lawn-care-101/blog/lawn-care/lawn-care-myths | https://www.trugreen.com/lawn-care-101/blog/lawn-care/lawn-care-vs-landscaping | https://www.trugreen.com/lawn-care-101/blog/lawn-care/lawn-mowing-spread-weeds | https://www.trugreen.com/lawn-care-101/blog/lawn-care/what-lawn-need-thrive | https://www.trugreen.com/lawn-care-101/blog/lawn-care/what-my-lawn-need | https://www.trugreen.com/lawn-care-101/blog/lawn-care/when-aerate-and-overseed-northeast | https://www.trugreen.com/lawn-care-101/blog/lawn-damage/lawn-care-signs-stress | https://www.trugreen.com/lawn-care-101/blog/pest-control/how-control-fleas-yard | https://www.trugreen.com/lawn-care-101/blog/tree-shrub-care/tree-disease-treatment | https://www.trugreen.com/lawn-care-101/blog/weed-control/control-wild-violets | https://www.trugreen.com/lawn-care-101/blog/weed-control/how-control-clover-lawn | https://www.trugreen.com/lawn-care-101/blog/weed-control/weeds-from-coming-back | https://www.trugreen.com/lawn-care-101/learning-center | https://www.trugreen.com/newsroom | https://www.trugreen.com/pay-your-bill | https://www.trugreen.com/pests-products-and-services | https://www.trugreen.com/pga-tour | https://www.trugreen.com/products-and-services | https://www.trugreen.com/why-choose-trugreen/testimonials-and-ratings","","internal-links-missing-from-sitemap|duplicate-title",""
"chromium","2026-08-28T21:08:04.938Z","prod-release-2-7-2026-08-28","1-500","","https://www.trugreen.com/lawn-care-101/blog/lawn-care-tips/unique-lawn-care-trugreen","https://www.trugreen.com/lawn-care-101/blog","200","301:https://www.trugreen.com/lawn-care-101/blog/lawn-care-tips/unique-lawn-care-trugreen -> 200:https://www.trugreen.com/lawn-care-101/blog","TruGreen Blog | TruGreen","TruGreen Blog | TruGreen","https://www.trugreen.com/lawn-care-101/blog","1","https://www.trugreen.com/lawn-care-101/blog","1","","200","https://www.trugreen.com/lawn-care-101/blog","","","","0","1","Looking for advice?Turn to the experts.","0","main|header|footer","jsonld:1;types:Blog|BreadcrumbList|CollectionPage;invalid:0;missing:","0","0","86","22","https://www.trugreen.com/lawn-care-101 | https://www.trugreen.com/lawn-care-101/blog/beyond-lawn/hosting-backyard-party | https://www.trugreen.com/lawn-care-101/blog/consistent-lawn-care | https://www.trugreen.com/lawn-care-101/blog/lawn-care/lawn-care-myths | https://www.trugreen.com/lawn-care-101/blog/lawn-care/lawn-care-vs-landscaping | https://www.trugreen.com/lawn-care-101/blog/lawn-care/lawn-mowing-spread-weeds | https://www.trugreen.com/lawn-care-101/blog/lawn-care/what-lawn-need-thrive | https://www.trugreen.com/lawn-care-101/blog/lawn-care/what-my-lawn-need | https://www.trugreen.com/lawn-care-101/blog/lawn-care/when-aerate-and-overseed-northeast | https://www.trugreen.com/lawn-care-101/blog/lawn-damage/lawn-care-signs-stress | https://www.trugreen.com/lawn-care-101/blog/pest-control/how-control-fleas-yard | https://www.trugreen.com/lawn-care-101/blog/tree-shrub-care/tree-disease-treatment | https://www.trugreen.com/lawn-care-101/blog/weed-control/control-wild-violets | https://www.trugreen.com/lawn-care-101/blog/weed-control/how-control-clover-lawn | https://www.trugreen.com/lawn-care-101/blog/weed-control/weeds-from-coming-back | https://www.trugreen.com/lawn-care-101/learning-center | https://www.trugreen.com/newsroom | https://www.trugreen.com/pay-your-bill | https://www.trugreen.com/pests-products-and-services | https://www.trugreen.com/pga-tour | https://www.trugreen.com/products-and-services | https://www.trugreen.com/why-choose-trugreen/testimonials-and-ratings","","internal-links-missing-from-sitemap|duplicate-title",""
"chromium","2026-08-28T21:08:04.938Z","prod-release-2-7-2026-08-28","1-500","","https://www.trugreen.com/lawn-care-101/blog/lawn-care-tips/value-curb-appeal-selling-your-home","https://www.trugreen.com/lawn-care-101/blog/lawn-care-tips/value-curb-appeal-selling-your-home","200","200:https://www.trugreen.com/lawn-care-101/blog/lawn-care-tips/value-curb-appeal-selling-your-home","Curb Appeal and Home Value | TruGreen","Curb Appeal and Home Value | TruGreen","https://www.trugreen.com/lawn-care-101/blog/lawn-care-tips/value-curb-appeal-selling-your-home","1","https://www.trugreen.com/lawn-care-101/blog/lawn-care-tips/value-curb-appeal-selling-your-home","1","","200","https://www.trugreen.com/lawn-care-101/blog/lawn-care-tips/value-curb-appeal-selling-your-home","","","","0","1","Curb Appeal and Home Value: Why It Matters and How to Improve It","0","header|nav|footer","jsonld:1;types:Article;invalid:0;missing:jsonld_0_missing_@context","0","0","47","11","https://www.trugreen.com/lawn-care-101 | https://www.trugreen.com/lawn-care-101/blog?topic=Beyond+the+Lawn | https://www.trugreen.com/lawn-care-101/blog?type=Blog | https://www.trugreen.com/lawn-care-101/learning-center | https://www.trugreen.com/my-account/account-summary | https://www.trugreen.com/newsroom | https://www.trugreen.com/pay-your-bill | https://www.trugreen.com/pests-products-and-services | https://www.trugreen.com/pga-tour | https://www.trugreen.com/products-and-services | https://www.trugreen.com/why-choose-trugreen/testimonials-and-ratings","","missing-main|internal-links-missing-from-sitemap|duplicate-title",""
"chromium","2026-08-28T21:08:04.938Z","prod-release-2-7-2026-08-28","1-500","","https://www.trugreen.com/lawn-care-101/blog/lawn-care-tips/vital-and-green-of-Wisconsin-trugreen","https://www.trugreen.com/lawn-care-101/blog/lawn-care-tips/vital-and-green-of-Wisconsin-trugreen","200","200:https://www.trugreen.com/lawn-care-101/blog/lawn-care-tips/vital-and-green-of-Wisconsin-trugreen","Vital and Green of Wisconsin, Inc. + Trugreen | TruGreen","Vital and Green of Wisconsin, Inc. + Trugreen | TruGreen","https://www.trugreen.com/lawn-care-101/blog/lawn-care-tips/vital-and-green-of-Wisconsin-trugreen","1","https://www.trugreen.com/lawn-care-101/blog/lawn-care-tips/vital-and-green-of-Wisconsin-trugreen","1","","200","https://www.trugreen.com/lawn-care-101/blog/lawn-care-tips/vital-and-green-of-Wisconsin-trugreen","","","","0","1","Vital and Green of Wisconsin, Inc. + Trugreen","0","main|header|nav|footer","jsonld:0;types:;invalid:0;missing:","0","0","46","15","https://www.trugreen.com/chat/organic-promo | https://www.trugreen.com/lawn-care-101 | https://www.trugreen.com/lawn-care-101/learning-center | https://www.trugreen.com/my-account/account-settings | https://www.trugreen.com/my-account/account-summary | https://www.trugreen.com/my-account/my-documents | https://www.trugreen.com/my-account/my-services | https://www.trugreen.com/my-account/payments | https://www.trugreen.com/newsroom | https://www.trugreen.com/pay-your-bill | https://www.trugreen.com/pests-products-and-services | https://www.trugreen.com/pga-tour | https://www.trugreen.com/products-and-services | https://www.trugreen.com/products-and-services/tree-and-shrub-service | https://www.trugreen.com/why-choose-trugreen/testimonials-and-ratings","","internal-links-missing-from-sitemap",""
"chromium","2026-08-28T21:08:04.938Z","prod-release-2-7-2026-08-28","1-500","","https://www.trugreen.com/lawn-care-101/blog/lawn-care-tips/weed-control-for-lawns-keep-your-backyard","https://www.trugreen.com/lawn-care-101/blog/lawn-care-tips/best-methods-broadleaf-weed-control","200","301:https://www.trugreen.com/lawn-care-101/blog/lawn-care-tips/weed-control-for-lawns-keep-your-backyard -> 200:https://www.trugreen.com/lawn-care-101/blog/lawn-care-tips/best-methods-broadleaf-weed-control","Broadleaf Weed Control | TruGreen","Broadleaf Weed Control | TruGreen","https://www.trugreen.com/lawn-care-101/blog/lawn-care-tips/best-methods-broadleaf-weed-control","1","https://www.trugreen.com/lawn-care-101/blog/lawn-care-tips/best-methods-broadleaf-weed-control","1","","200","https://www.trugreen.com/lawn-care-101/blog/lawn-care-tips/best-methods-broadleaf-weed-control","","","","0","1","Broadleaf Weed Control: How to Prevent and Eliminate Lawn Weeds","0","header|nav|footer","jsonld:1;types:Article;invalid:0;missing:jsonld_0_missing_@context","0","0","53","17","https://www.trugreen.com/lawn-care-101 | https://www.trugreen.com/lawn-care-101/blog?topic=Weed+Control | https://www.trugreen.com/lawn-care-101/blog?type=Blog | https://www.trugreen.com/lawn-care-101/blog/weed-control/control-wild-violets | https://www.trugreen.com/lawn-care-101/blog/weed-control/how-control-clover-lawn | https://www.trugreen.com/lawn-care-101/learning-center | https://www.trugreen.com/my-account/account-settings | https://www.trugreen.com/my-account/account-summary | https://www.trugreen.com/my-account/my-documents | https://www.trugreen.com/my-account/my-services | https://www.trugreen.com/my-account/payments | https://www.trugreen.com/newsroom | https://www.trugreen.com/pay-your-bill | https://www.trugreen.com/pests-products-and-services | https://www.trugreen.com/pga-tour | https://www.trugreen.com/products-and-services | https://www.trugreen.com/why-choose-trugreen/testimonials-and-ratings","","missing-main|internal-links-missing-from-sitemap|duplicate-title",""
"chromium","2026-08-28T21:08:04.938Z","prod-release-2-7-2026-08-28","1-500","","https://www.trugreen.com/lawn-care-101/blog/lawn-care-tips/western-lawn-care-guide","https://www.trugreen.com/lawn-care-101/blog/lawn-care-tips/western-lawn-care-guide","200","200:https://www.trugreen.com/lawn-care-101/blog/lawn-care-tips/western-lawn-care-guide","Western Lawn Care | TruGreen","Western Lawn Care | TruGreen","https://www.trugreen.com/lawn-care-101/blog/lawn-care-tips/western-lawn-care-guide","1","https://www.trugreen.com/lawn-care-101/blog/lawn-care-tips/western-lawn-care-guide","1","","200","https://www.trugreen.com/lawn-care-101/blog/lawn-care-tips/western-lawn-care-guide","","","","0","1","Western Lawn Care: How to Keep Your Lawn Healthy in Every Season","0","header|footer","jsonld:1;types:Article;invalid:0;missing:jsonld_0_missing_@context","0","0","47","12","https://www.trugreen.com/lawn-care-101 | https://www.trugreen.com/lawn-care-101/blog?topic=Lawn+Care | https://www.trugreen.com/lawn-care-101/blog?type=Blog | https://www.trugreen.com/lawn-care-101/learning-center | https://www.trugreen.com/lawn-damage/blog/drought-resistant-grass-best-types-green-lawn | https://www.trugreen.com/my-account/account-summary | https://www.trugreen.com/newsroom | https://www.trugreen.com/pay-your-bill | https://www.trugreen.com/pests-products-and-services | https://www.trugreen.com/pga-tour | https://www.trugreen.com/products-and-services | https://www.trugreen.com/why-choose-trugreen/testimonials-and-ratings","","missing-main|internal-links-missing-from-sitemap|duplicate-title",""
"chromium","2026-08-28T21:08:04.938Z","prod-release-2-7-2026-08-28","1-500","","https://www.trugreen.com/lawn-care-101/blog/lawn-care-tips/western-lawn-care-guide-1","https://www.trugreen.com/lawn-care-101/blog/lawn-care-tips/western-lawn-care-guide","200","301:https://www.trugreen.com/lawn-care-101/blog/lawn-care-tips/western-lawn-care-guide-1 -> 200:https://www.trugreen.com/lawn-care-101/blog/lawn-care-tips/western-lawn-care-guide","Western Lawn Care | TruGreen","Western Lawn Care | TruGreen","https://www.trugreen.com/lawn-care-101/blog/lawn-care-tips/western-lawn-care-guide","1","https://www.trugreen.com/lawn-care-101/blog/lawn-care-tips/western-lawn-care-guide","1","","200","https://www.trugreen.com/lawn-care-101/blog/lawn-care-tips/western-lawn-care-guide","","","","0","1","Western Lawn Care: How to Keep Your Lawn Healthy in Every Season","0","header|footer","jsonld:1;types:Article;invalid:0;missing:jsonld_0_missing_@context","0","0","47","12","https://www.trugreen.com/lawn-care-101 | https://www.trugreen.com/lawn-care-101/blog?topic=Lawn+Care | https://www.trugreen.com/lawn-care-101/blog?type=Blog | https://www.trugreen.com/lawn-care-101/learning-center | https://www.trugreen.com/lawn-damage/blog/drought-resistant-grass-best-types-green-lawn | https://www.trugreen.com/my-account/account-summary | https://www.trugreen.com/newsroom | https://www.trugreen.com/pay-your-bill | https://www.trugreen.com/pests-products-and-services | https://www.trugreen.com/pga-tour | https://www.trugreen.com/products-and-services | https://www.trugreen.com/why-choose-trugreen/testimonials-and-ratings","","missing-main|internal-links-missing-from-sitemap|duplicate-title",""
"chromium","2026-08-28T21:08:04.938Z","prod-release-2-7-2026-08-28","1-500","","https://www.trugreen.com/lawn-care-101/blog/lawn-care-tips/what-causes-lawn-mushrooms-and-are-they-problem","https://www.trugreen.com/lawn-care-101/blog/lawn-care-tips/what-causes-lawn-mushrooms-and-are-they-problem","200","200:https://www.trugreen.com/lawn-care-101/blog/lawn-care-tips/what-causes-lawn-mushrooms-and-are-they-problem","Lawn Mushrooms | TruGreen","Lawn Mushrooms | TruGreen","https://www.trugreen.com/lawn-care-101/blog/lawn-care-tips/what-causes-lawn-mushrooms-and-are-they-problem","1","https://www.trugreen.com/lawn-care-101/blog/lawn-care-tips/what-causes-lawn-mushrooms-and-are-they-problem","1","","200","https://www.trugreen.com/lawn-care-101/blog/lawn-care-tips/what-causes-lawn-mushrooms-and-are-they-problem","","","","0","1","What Causes Lawn Mushrooms and Are They a Problem?","0","header|nav|footer","jsonld:1;types:Article;invalid:0;missing:jsonld_0_missing_@context","0","0","51","16","https://www.trugreen.com/lawn-care-101 | https://www.trugreen.com/lawn-care-101/blog?topic=Lawn+Damage | https://www.trugreen.com/lawn-care-101/blog?type=Blog | https://www.trugreen.com/lawn-care-101/blog/lawn-damage/lawn-care-signs-stress | https://www.trugreen.com/lawn-care-101/learning-center | https://www.trugreen.com/my-account/account-settings | https://www.trugreen.com/my-account/account-summary | https://www.trugreen.com/my-account/my-documents | https://www.trugreen.com/my-account/my-services | https://www.trugreen.com/my-account/payments | https://www.trugreen.com/newsroom | https://www.trugreen.com/pay-your-bill | https://www.trugreen.com/pests-products-and-services | https://www.trugreen.com/pga-tour | https://www.trugreen.com/products-and-services | https://www.trugreen.com/why-choose-trugreen/testimonials-and-ratings","","missing-main|internal-links-missing-from-sitemap",""
"chromium","2026-08-28T21:08:04.938Z","prod-release-2-7-2026-08-28","1-500","","https://www.trugreen.com/lawn-care-101/blog/lawn-care-tips/what-going-beneath-your-winter-wonderland","https://www.trugreen.com/lawn-care-101/blog/lawn-care-tips/tips-to-protect-your-yard-this-winter","200","301:https://www.trugreen.com/lawn-care-101/blog/lawn-care-tips/what-going-beneath-your-winter-wonderland -> 200:https://www.trugreen.com/lawn-care-101/blog/lawn-care-tips/tips-to-protect-your-yard-this-winter","Winterize Lawn | TruGreen","Winterize Lawn | TruGreen","https://www.trugreen.com/lawn-care-101/blog/lawn-care-tips/tips-to-protect-your-yard-this-winter","1","https://www.trugreen.com/lawn-care-101/blog/lawn-care-tips/tips-to-protect-your-yard-this-winter","1","","200","https://www.trugreen.com/lawn-care-101/blog/lawn-care-tips/tips-to-protect-your-yard-this-winter","","","","0","1","How to Winterize Your Yard: Essential Lawn Protection Tips","0","header|nav|footer","jsonld:1;types:Article;invalid:0;missing:jsonld_0_missing_@context","0","0","47","11","https://www.trugreen.com/lawn-care-101 | https://www.trugreen.com/lawn-care-101/blog?topic=Lawn+Care | https://www.trugreen.com/lawn-care-101/blog?type=Blog | https://www.trugreen.com/lawn-care-101/learning-center | https://www.trugreen.com/my-account/account-summary | https://www.trugreen.com/newsroom | https://www.trugreen.com/pay-your-bill | https://www.trugreen.com/pests-products-and-services | https://www.trugreen.com/pga-tour | https://www.trugreen.com/products-and-services | https://www.trugreen.com/why-choose-trugreen/testimonials-and-ratings","","missing-main|internal-links-missing-from-sitemap|duplicate-title",""
"chromium","2026-08-28T21:08:04.938Z","prod-release-2-7-2026-08-28","1-500","","https://www.trugreen.com/lawn-care-101/blog/lawn-care-tips/what-happens-your-lawn-when-you-dont-rake-fall-leaves","https://www.trugreen.com/lawn-care-101/blog/lawn-care-tips/what-happens-your-lawn-when-you-dont-rake-fall-leaves","200","200:https://www.trugreen.com/lawn-care-101/blog/lawn-care-tips/what-happens-your-lawn-when-you-dont-rake-fall-leaves","What Happens to Your Lawn When You Don’t Rake Leaves | TruGreen","What Happens to Your Lawn When You Don’t Rake Leaves | TruGreen","https://www.trugreen.com/lawn-care-101/blog/lawn-care-tips/what-happens-your-lawn-when-you-dont-rake-fall-leaves","1","https://www.trugreen.com/lawn-care-101/blog/lawn-care-tips/what-happens-your-lawn-when-you-dont-rake-fall-leaves","1","","200","https://www.trugreen.com/lawn-care-101/blog/lawn-care-tips/what-happens-your-lawn-when-you-dont-rake-fall-leaves","","","","0","1","What Happens to Your Lawn When You Don’t Rake Fall Leaves","0","header|nav|footer","jsonld:1;types:Article;invalid:0;missing:jsonld_0_missing_@context","0","0","54","18","https://www.trugreen.com/chat/organic-promo | https://www.trugreen.com/lawn-care-101 | https://www.trugreen.com/lawn-care-101/blog?topic=Lawn+Care | https://www.trugreen.com/lawn-care-101/blog?type=Blog | https://www.trugreen.com/lawn-care-101/blog/composting-fall-leaves | https://www.trugreen.com/lawn-care-101/learning-center | https://www.trugreen.com/my-account/account-settings | https://www.trugreen.com/my-account/account-summary | https://www.trugreen.com/my-account/my-documents | https://www.trugreen.com/my-account/my-services | https://www.trugreen.com/my-account/payments | https://www.trugreen.com/newsroom | https://www.trugreen.com/pay-your-bill | https://www.trugreen.com/pests-products-and-services | https://www.trugreen.com/pga-tour | https://www.trugreen.com/products-and-services | https://www.trugreen.com/products-and-services/tree-and-shrub-service | https://www.trugreen.com/why-choose-trugreen/testimonials-and-ratings","","missing-main|internal-links-missing-from-sitemap",""
"chromium","2026-08-28T21:08:04.938Z","prod-release-2-7-2026-08-28","1-500","","https://www.trugreen.com/lawn-care-101/blog/lawn-care-tips/what-is-brown-patch-lawn-disease","https://www.trugreen.com/lawn-care-101/blog/lawn-care-tips/what-is-brown-patch-lawn-disease","200","200:https://www.trugreen.com/lawn-care-101/blog/lawn-care-tips/what-is-brown-patch-lawn-disease","Patches on Lawn | TruGreen","Patches on Lawn | TruGreen","https://www.trugreen.com/lawn-care-101/blog/lawn-care-tips/what-is-brown-patch-lawn-disease","1","https://www.trugreen.com/lawn-care-101/blog/lawn-care-tips/what-is-brown-patch-lawn-disease","1","","200","https://www.trugreen.com/lawn-care-101/blog/lawn-care-tips/what-is-brown-patch-lawn-disease","","","","0","1","Patches on Lawn? Causes and Expert Lawn Treatment Tips","0","header|nav|footer","jsonld:1;types:Article;invalid:0;missing:jsonld_0_missing_@context","0","0","49","16","https://www.trugreen.com/lawn-care-101 | https://www.trugreen.com/lawn-care-101/blog?topic=Lawn+Damage | https://www.trugreen.com/lawn-care-101/blog?type=Blog | https://www.trugreen.com/lawn-care-101/blog/lawn-damage/lawn-care-signs-stress | https://www.trugreen.com/lawn-care-101/learning-center | https://www.trugreen.com/my-account/account-settings | https://www.trugreen.com/my-account/account-summary | https://www.trugreen.com/my-account/my-documents | https://www.trugreen.com/my-account/my-services | https://www.trugreen.com/my-account/payments | https://www.trugreen.com/newsroom | https://www.trugreen.com/pay-your-bill | https://www.trugreen.com/pests-products-and-services | https://www.trugreen.com/pga-tour | https://www.trugreen.com/products-and-services | https://www.trugreen.com/why-choose-trugreen/testimonials-and-ratings","","missing-main|internal-links-missing-from-sitemap",""
"chromium","2026-08-28T21:08:04.938Z","prod-release-2-7-2026-08-28","1-500","","https://www.trugreen.com/lawn-care-101/blog/lawn-care-tips/what-is-dollar-spot-lawn-disease","https://www.trugreen.com/lawn-care-101/blog/lawn-care-tips/what-is-dollar-spot-lawn-disease","200","200:https://www.trugreen.com/lawn-care-101/blog/lawn-care-tips/what-is-dollar-spot-lawn-disease","Lawn Disease | What is Dollar Spot Lawn Disease? | TruGreen","Lawn Disease | What is Dollar Spot Lawn Disease? | TruGreen","https://www.trugreen.com/lawn-care-101/blog/lawn-care-tips/what-is-dollar-spot-lawn-disease","1","https://www.trugreen.com/lawn-care-101/blog/lawn-care-tips/what-is-dollar-spot-lawn-disease","1","","200","https://www.trugreen.com/lawn-care-101/blog/lawn-care-tips/what-is-dollar-spot-lawn-disease","","","","0","1","What is Dollar Spot Lawn Disease?","0","header|nav|footer","jsonld:1;types:Article;invalid:0;missing:jsonld_0_missing_@context","0","0","49","16","https://www.trugreen.com/lawn-care-101 | https://www.trugreen.com/lawn-care-101/blog?topic=Lawn+Damage | https://www.trugreen.com/lawn-care-101/blog?type=Blog | https://www.trugreen.com/lawn-care-101/blog/lawn-damage/lawn-care-signs-stress | https://www.trugreen.com/lawn-care-101/learning-center | https://www.trugreen.com/my-account/account-settings | https://www.trugreen.com/my-account/account-summary | https://www.trugreen.com/my-account/my-documents | https://www.trugreen.com/my-account/my-services | https://www.trugreen.com/my-account/payments | https://www.trugreen.com/newsroom | https://www.trugreen.com/pay-your-bill | https://www.trugreen.com/pests-products-and-services | https://www.trugreen.com/pga-tour | https://www.trugreen.com/products-and-services | https://www.trugreen.com/why-choose-trugreen/testimonials-and-ratings","","missing-main|internal-links-missing-from-sitemap|duplicate-title",""
"chromium","2026-08-28T21:08:04.938Z","prod-release-2-7-2026-08-28","1-500","","https://www.trugreen.com/lawn-care-101/blog/lawn-care-tips/what-is-overseeding-a-lawn","https://www.trugreen.com/lawn-care-101/blog/lawn-care-tips/steps-prepare-your-lawn-overseeding-and-how-care-it-after","200","301:https://www.trugreen.com/lawn-care-101/blog/lawn-care-tips/what-is-overseeding-a-lawn -> 200:https://www.trugreen.com/lawn-care-101/blog/lawn-care-tips/steps-prepare-your-lawn-overseeding-and-how-care-it-after","Preparing Lawn for Overseeding | TruGreen","Preparing Lawn for Overseeding | TruGreen","https://www.trugreen.com/lawn-care-101/blog/lawn-care-tips/steps-prepare-your-lawn-overseeding-and-how-care-it-after","1","https://www.trugreen.com/lawn-care-101/blog/lawn-care-tips/steps-prepare-your-lawn-overseeding-and-how-care-it-after","1","","200","https://www.trugreen.com/lawn-care-101/blog/lawn-care-tips/steps-prepare-your-lawn-overseeding-and-how-care-it-after","","","","0","1","Preparing Lawn for Overseeding: The Complete Homeowner’s Guide","0","header|nav|footer","jsonld:1;types:Article;invalid:0;missing:jsonld_0_missing_@context","0","0","52","18","https://www.trugreen.com/lawn-care-101 | https://www.trugreen.com/lawn-care-101/blog?topic=Lawn+Care | https://www.trugreen.com/lawn-care-101/blog?type=Blog | https://www.trugreen.com/lawn-care-101/blog/lawn-care/lawn-care-myths | https://www.trugreen.com/lawn-care-101/blog/lawn-care/lawn-care-vs-landscaping | https://www.trugreen.com/lawn-care-101/blog/lawn-care/lawn-mowing-spread-weeds | https://www.trugreen.com/lawn-care-101/learning-center | https://www.trugreen.com/my-account/account-settings | https://www.trugreen.com/my-account/account-summary | https://www.trugreen.com/my-account/my-documents | https://www.trugreen.com/my-account/my-services | https://www.trugreen.com/my-account/payments | https://www.trugreen.com/newsroom | https://www.trugreen.com/pay-your-bill | https://www.trugreen.com/pests-products-and-services | https://www.trugreen.com/pga-tour | https://www.trugreen.com/products-and-services | https://www.trugreen.com/why-choose-trugreen/testimonials-and-ratings","","missing-main|internal-links-missing-from-sitemap|duplicate-title",""
"chromium","2026-08-28T21:08:04.938Z","prod-release-2-7-2026-08-28","1-500","","https://www.trugreen.com/lawn-care-101/blog/lawn-care-tips/what-keeps-mosquitoes-away","https://www.trugreen.com/lawn-care-101/blog/lawn-care-tips/what-keeps-mosquitoes-away","200","200:https://www.trugreen.com/lawn-care-101/blog/lawn-care-tips/what-keeps-mosquitoes-away","What Keeps Mosquitoes Away | TruGreen","What Keeps Mosquitoes Away | TruGreen","https://www.trugreen.com/lawn-care-101/blog/lawn-care-tips/what-keeps-mosquitoes-away","1","https://www.trugreen.com/lawn-care-101/blog/lawn-care-tips/what-keeps-mosquitoes-away","1","","200","https://www.trugreen.com/lawn-care-101/blog/lawn-care-tips/what-keeps-mosquitoes-away","","","","0","1","What Keeps Mosquitoes Away?","0","header|footer","jsonld:1;types:Article;invalid:0;missing:jsonld_0_missing_@context","0","0","47","11","https://www.trugreen.com/lawn-care-101 | https://www.trugreen.com/lawn-care-101/blog?topic=Pest+Control | https://www.trugreen.com/lawn-care-101/blog?type=Blog | https://www.trugreen.com/lawn-care-101/learning-center | https://www.trugreen.com/newsroom | https://www.trugreen.com/pay-your-bill | https://www.trugreen.com/pest-control/blog/how-get-rid-mosquitoes-your-yard | https://www.trugreen.com/pests-products-and-services | https://www.trugreen.com/pga-tour | https://www.trugreen.com/products-and-services | https://www.trugreen.com/why-choose-trugreen/testimonials-and-ratings","","missing-main|internal-links-missing-from-sitemap",""
"chromium","2026-08-28T21:08:04.938Z","prod-release-2-7-2026-08-28","1-500","","https://www.trugreen.com/lawn-care-101/blog/lawn-care-tips/what-kind-of-grass-are-you","https://www.trugreen.com/lawn-care-101/lawn-care-guides/the-easy-guide-to-growing-healthy%2C-green-grass","200","301:https://www.trugreen.com/lawn-care-101/blog/lawn-care-tips/what-kind-of-grass-are-you -> 200:https://www.trugreen.com/lawn-care-101/lawn-care-guides/the-easy-guide-to-growing-healthy%2C-green-grass","How to Get Greener Grass | TruGreen","How to Get Greener Grass | TruGreen","https://www.trugreen.com/lawn-care-101/lawn-care-guides/the-easy-guide-to-growing-healthy%2C-green-grass","1","https://www.trugreen.com/lawn-care-101/lawn-care-guides/the-easy-guide-to-growing-healthy%2C-green-grass","1","","","https://www.trugreen.com/lawn-care-101/lawn-care-guides/the-easy-guide-to-growing-healthy%2C-green-grass","","","","0","1","The Comprehensive Guide to Planting, Growing and Getting Healthy, Green Grass","0","header|nav|footer","jsonld:1;types:LawnCareGuide;invalid:0;missing:jsonld_0_missing_@context","0","0","46","15","https://www.trugreen.com/chat/organic-promo | https://www.trugreen.com/lawn-care-101 | https://www.trugreen.com/lawn-care-101/learning-center | https://www.trugreen.com/my-account/account-settings | https://www.trugreen.com/my-account/account-summary | https://www.trugreen.com/my-account/my-documents | https://www.trugreen.com/my-account/my-services | https://www.trugreen.com/my-account/payments | https://www.trugreen.com/newsroom | https://www.trugreen.com/pay-your-bill | https://www.trugreen.com/pests-products-and-services | https://www.trugreen.com/pga-tour | https://www.trugreen.com/products-and-services | https://www.trugreen.com/products-and-services/tree-and-shrub-service | https://www.trugreen.com/why-choose-trugreen/testimonials-and-ratings","","missing-main|internal-links-missing-from-sitemap|canonical-target-invalid",""
"chromium","2026-08-28T21:08:04.938Z","prod-release-2-7-2026-08-28","1-500","","https://www.trugreen.com/lawn-care-101/blog/lawn-care-tips/what-type-grass-are-you","https://www.trugreen.com/lawn-care-101/blog/lawn-care-tips/what-type-grass-are-you","200","200:https://www.trugreen.com/lawn-care-101/blog/lawn-care-tips/what-type-grass-are-you","Different Grass Types | TruGreen","Different Grass Types | TruGreen","https://www.trugreen.com/lawn-care-101/blog/lawn-care-tips/what-type-grass-are-you","1","https://www.trugreen.com/lawn-care-101/blog/lawn-care-tips/what-type-grass-are-you","1","","200","https://www.trugreen.com/lawn-care-101/blog/lawn-care-tips/what-type-grass-are-you","","","","0","1","Different Grass Types: How to Identify and Choose the Right One","0","header|footer","jsonld:1;types:Article;invalid:0;missing:jsonld_0_missing_@context","0","0","47","11","https://www.trugreen.com/lawn-care-101 | https://www.trugreen.com/lawn-care-101/blog?topic=Lawn+Care | https://www.trugreen.com/lawn-care-101/blog?type=Blog | https://www.trugreen.com/lawn-care-101/learning-center | https://www.trugreen.com/my-account/account-summary | https://www.trugreen.com/newsroom | https://www.trugreen.com/pay-your-bill | https://www.trugreen.com/pests-products-and-services | https://www.trugreen.com/pga-tour | https://www.trugreen.com/products-and-services | https://www.trugreen.com/why-choose-trugreen/testimonials-and-ratings","","missing-main|internal-links-missing-from-sitemap",""
"chromium","2026-08-28T21:08:04.938Z","prod-release-2-7-2026-08-28","1-500","","https://www.trugreen.com/lawn-care-101/blog/lawn-care-tips/when-do-you-need-preemergent-weed-control","https://www.trugreen.com/lawn-care-101/blog/lawn-care-tips/best-methods-broadleaf-weed-control","200","301:https://www.trugreen.com/lawn-care-101/blog/lawn-care-tips/when-do-you-need-preemergent-weed-control -> 200:https://www.trugreen.com/lawn-care-101/blog/lawn-care-tips/best-methods-broadleaf-weed-control","Broadleaf Weed Control | TruGreen","Broadleaf Weed Control | TruGreen","https://www.trugreen.com/lawn-care-101/blog/lawn-care-tips/best-methods-broadleaf-weed-control","1","https://www.trugreen.com/lawn-care-101/blog/lawn-care-tips/best-methods-broadleaf-weed-control","1","","200","https://www.trugreen.com/lawn-care-101/blog/lawn-care-tips/best-methods-broadleaf-weed-control","","","","0","1","Broadleaf Weed Control: How to Prevent and Eliminate Lawn Weeds","0","header|nav|footer","jsonld:1;types:Article;invalid:0;missing:jsonld_0_missing_@context","0","0","53","17","https://www.trugreen.com/lawn-care-101 | https://www.trugreen.com/lawn-care-101/blog?topic=Weed+Control | https://www.trugreen.com/lawn-care-101/blog?type=Blog | https://www.trugreen.com/lawn-care-101/blog/weed-control/control-wild-violets | https://www.trugreen.com/lawn-care-101/blog/weed-control/how-control-clover-lawn | https://www.trugreen.com/lawn-care-101/learning-center | https://www.trugreen.com/my-account/account-settings | https://www.trugreen.com/my-account/account-summary | https://www.trugreen.com/my-account/my-documents | https://www.trugreen.com/my-account/my-services | https://www.trugreen.com/my-account/payments | https://www.trugreen.com/newsroom | https://www.trugreen.com/pay-your-bill | https://www.trugreen.com/pests-products-and-services | https://www.trugreen.com/pga-tour | https://www.trugreen.com/products-and-services | https://www.trugreen.com/why-choose-trugreen/testimonials-and-ratings","","missing-main|internal-links-missing-from-sitemap|duplicate-title",""
"chromium","2026-08-28T21:08:04.938Z","prod-release-2-7-2026-08-28","1-500","","https://www.trugreen.com/lawn-care-101/blog/lawn-care-tips/when-overseed-your-lawn-overseeding-spring-or-fall","https://www.trugreen.com/lawn-care-101/blog/lawn-care-tips/when-overseed-your-lawn-overseeding-spring-or-fall","200","200:https://www.trugreen.com/lawn-care-101/blog/lawn-care-tips/when-overseed-your-lawn-overseeding-spring-or-fall","When and How to Overseed | TruGreen","When and How to Overseed | TruGreen","https://www.trugreen.com/lawn-care-101/blog/lawn-care-tips/when-overseed-your-lawn-overseeding-spring-or-fall","1","https://www.trugreen.com/lawn-care-101/blog/lawn-care-tips/when-overseed-your-lawn-overseeding-spring-or-fall","1","","200","https://www.trugreen.com/lawn-care-101/blog/lawn-care-tips/when-overseed-your-lawn-overseeding-spring-or-fall","","","","0","1","When to Overseed Your Lawn: Overseeding in the Spring or Fall?","0","header|nav|footer","jsonld:1;types:Article;invalid:0;missing:jsonld_0_missing_@context","0","0","48","11","https://www.trugreen.com/lawn-care-101 | https://www.trugreen.com/lawn-care-101/blog?topic=Lawn+Care | https://www.trugreen.com/lawn-care-101/blog?type=Blog | https://www.trugreen.com/lawn-care-101/learning-center | https://www.trugreen.com/my-account/account-summary | https://www.trugreen.com/newsroom | https://www.trugreen.com/pay-your-bill | https://www.trugreen.com/pests-products-and-services | https://www.trugreen.com/pga-tour | https://www.trugreen.com/products-and-services | https://www.trugreen.com/why-choose-trugreen/testimonials-and-ratings","","missing-main|internal-links-missing-from-sitemap",""
"chromium","2026-08-28T21:08:04.938Z","prod-release-2-7-2026-08-28","1-500","","https://www.trugreen.com/lawn-care-101/blog/lawn-care-tips/when-stop-mowing-your-lawn-winter","https://www.trugreen.com/lawn-care-101/blog/lawn-care-tips/when-stop-mowing-your-lawn-winter","200","200:https://www.trugreen.com/lawn-care-101/blog/lawn-care-tips/when-stop-mowing-your-lawn-winter","When to Stop Mowing Your Lawn Before Winter | TruGreen","When to Stop Mowing Your Lawn Before Winter | TruGreen","https://www.trugreen.com/lawn-care-101/blog/lawn-care-tips/when-stop-mowing-your-lawn-winter","1","https://www.trugreen.com/lawn-care-101/blog/lawn-care-tips/when-stop-mowing-your-lawn-winter","1","","200","https://www.trugreen.com/lawn-care-101/blog/lawn-care-tips/when-stop-mowing-your-lawn-winter","","","","0","1","When to Stop Mowing Your Lawn Before Winter","0","header|footer","jsonld:1;types:Article;invalid:0;missing:jsonld_0_missing_@context","0","0","47","10","https://www.trugreen.com/lawn-care-101 | https://www.trugreen.com/lawn-care-101/blog?topic=Lawn+Care | https://www.trugreen.com/lawn-care-101/blog?type=Blog | https://www.trugreen.com/lawn-care-101/learning-center | https://www.trugreen.com/newsroom | https://www.trugreen.com/pay-your-bill | https://www.trugreen.com/pests-products-and-services | https://www.trugreen.com/pga-tour | https://www.trugreen.com/products-and-services | https://www.trugreen.com/why-choose-trugreen/testimonials-and-ratings","","missing-main|internal-links-missing-from-sitemap",""
"chromium","2026-08-28T21:08:04.938Z","prod-release-2-7-2026-08-28","1-500","","https://www.trugreen.com/lawn-care-101/blog/lawn-care-tips/why-are-mosquitoes-bad-texas","https://www.trugreen.com/products-and-services/trudefense-mosquito-control","200","301:https://www.trugreen.com/lawn-care-101/blog/lawn-care-tips/why-are-mosquitoes-bad-texas -> 301:https://www.trugreen.com/lawn-care-101/blog/pest-control-and-mosquito-defense/the-buzz-on-the-top-cities-bothered-by-mosquitoes -> 200:https://www.trugreen.com/products-and-services/trudefense-mosquito-control","TruDefense :Mosquito Control for your yard | TruGreen","TruDefense :Mosquito Control for your yard | TruGreen","https://www.trugreen.com/products-and-services/trudefense-mosquito-control","1","https://www.trugreen.com/products-and-services/trudefense-mosquito-control","1","","200","https://www.trugreen.com/products-and-services/trudefense-mosquito-control","","","","0","1","TruDefense℠ Mosquito Control","0","main|header|footer","jsonld:1;types:Service;invalid:0;missing:","0","0","44","8","https://www.trugreen.com/lawn-care-101 | https://www.trugreen.com/lawn-care-101/learning-center | https://www.trugreen.com/newsroom | https://www.trugreen.com/pay-your-bill | https://www.trugreen.com/pests-products-and-services | https://www.trugreen.com/pga-tour | https://www.trugreen.com/products-and-services | https://www.trugreen.com/why-choose-trugreen/testimonials-and-ratings","","internal-links-missing-from-sitemap|duplicate-title",""
"chromium","2026-08-28T21:08:04.938Z","prod-release-2-7-2026-08-28","1-500","","https://www.trugreen.com/lawn-care-101/blog/lawn-care-tips/why-being-outside-good-your-mental-health","https://www.trugreen.com/lawn-care-101/blog/lawn-care-tips/why-being-outside-good-your-mental-health","200","200:https://www.trugreen.com/lawn-care-101/blog/lawn-care-tips/why-being-outside-good-your-mental-health","Why Is Being Outside Good for Your Mental Health? | TruGreen","Why Is Being Outside Good for Your Mental Health? | TruGreen","https://www.trugreen.com/lawn-care-101/blog/lawn-care-tips/why-being-outside-good-your-mental-health","1","https://www.trugreen.com/lawn-care-101/blog/lawn-care-tips/why-being-outside-good-your-mental-health","1","","200","https://www.trugreen.com/lawn-care-101/blog/lawn-care-tips/why-being-outside-good-your-mental-health","","","","0","1","Being Outside and Mental Health: How to Boost Your Well-Being","0","header|nav|footer","jsonld:1;types:Article;invalid:0;missing:jsonld_0_missing_@context","0","0","46","11","https://www.trugreen.com/lawn-care-101 | https://www.trugreen.com/lawn-care-101/blog?topic=Beyond+the+Lawn | https://www.trugreen.com/lawn-care-101/blog?type=Blog | https://www.trugreen.com/lawn-care-101/learning-center | https://www.trugreen.com/my-account/account-summary | https://www.trugreen.com/newsroom | https://www.trugreen.com/pay-your-bill | https://www.trugreen.com/pests-products-and-services | https://www.trugreen.com/pga-tour | https://www.trugreen.com/products-and-services | https://www.trugreen.com/why-choose-trugreen/testimonials-and-ratings","","missing-main|internal-links-missing-from-sitemap|duplicate-title",""
"chromium","2026-08-28T21:08:04.938Z","prod-release-2-7-2026-08-28","1-500","","https://www.trugreen.com/lawn-care-101/blog/lawn-care-tips/why-lawn-soil-health-matters","https://www.trugreen.com/lawn-care-101/blog/lawn-care-tips/why-lawn-soil-health-matters","200","200:https://www.trugreen.com/lawn-care-101/blog/lawn-care-tips/why-lawn-soil-health-matters","Why Soil Health Matters for a Healthy Lawn | TruGreen","Why Soil Health Matters for a Healthy Lawn | TruGreen","https://www.trugreen.com/lawn-care-101/blog/lawn-care-tips/why-lawn-soil-health-matters","1","https://www.trugreen.com/lawn-care-101/blog/lawn-care-tips/why-lawn-soil-health-matters","1","","200","https://www.trugreen.com/lawn-care-101/blog/lawn-care-tips/why-lawn-soil-health-matters","","","","0","1","Why Soil Health Matters for a Healthy Lawn","0","header|footer","jsonld:1;types:Article;invalid:0;missing:jsonld_0_missing_@context","0","0","45","10","https://www.trugreen.com/lawn-care-101 | https://www.trugreen.com/lawn-care-101/blog?topic=Lawn+Care | https://www.trugreen.com/lawn-care-101/blog?type=Blog | https://www.trugreen.com/lawn-care-101/learning-center | https://www.trugreen.com/newsroom | https://www.trugreen.com/pay-your-bill | https://www.trugreen.com/pests-products-and-services | https://www.trugreen.com/pga-tour | https://www.trugreen.com/products-and-services | https://www.trugreen.com/why-choose-trugreen/testimonials-and-ratings","","missing-main|internal-links-missing-from-sitemap",""
"chromium","2026-08-28T21:08:04.938Z","prod-release-2-7-2026-08-28","1-500","","https://www.trugreen.com/lawn-care-101/blog/lawn-care-tips/why-you-should-hire-professional-lawn-fertilization","https://www.trugreen.com/lawn-care-101/blog/lawn-care-tips/why-you-should-hire-professional-lawn-fertilization","200","200:https://www.trugreen.com/lawn-care-101/blog/lawn-care-tips/why-you-should-hire-professional-lawn-fertilization","Professional Lawn Fertilization | TruGreen","Professional Lawn Fertilization | TruGreen","https://www.trugreen.com/lawn-care-101/blog/lawn-care-tips/why-you-should-hire-professional-lawn-fertilization","1","https://www.trugreen.com/lawn-care-101/blog/lawn-care-tips/why-you-should-hire-professional-lawn-fertilization","1","","200","https://www.trugreen.com/lawn-care-101/blog/lawn-care-tips/why-you-should-hire-professional-lawn-fertilization","","","","0","1","Why You Should Hire a Professional for Lawn Fertilization","0","header|nav|footer","jsonld:1;types:Article;invalid:0;missing:jsonld_0_missing_@context","0","0","51","15","https://www.trugreen.com/lawn-care-101 | https://www.trugreen.com/lawn-care-101/blog?topic=Lawn+Care | https://www.trugreen.com/lawn-care-101/blog?type=Blog | https://www.trugreen.com/lawn-care-101/learning-center | https://www.trugreen.com/my-account/account-settings | https://www.trugreen.com/my-account/account-summary | https://www.trugreen.com/my-account/my-documents | https://www.trugreen.com/my-account/my-services | https://www.trugreen.com/my-account/payments | https://www.trugreen.com/newsroom | https://www.trugreen.com/pay-your-bill | https://www.trugreen.com/pests-products-and-services | https://www.trugreen.com/pga-tour | https://www.trugreen.com/products-and-services | https://www.trugreen.com/why-choose-trugreen/testimonials-and-ratings","","missing-main|internal-links-missing-from-sitemap",""
"chromium","2026-08-28T21:08:04.938Z","prod-release-2-7-2026-08-28","1-500","","https://www.trugreen.com/lawn-care-101/blog/lawn-care-tips/winter-gardening-cold-weather-gardening-tips","https://www.trugreen.com/lawn-care-101/blog/lawn-care-tips/tips-to-protect-your-yard-this-winter","200","301:https://www.trugreen.com/lawn-care-101/blog/lawn-care-tips/winter-gardening-cold-weather-gardening-tips -> 200:https://www.trugreen.com/lawn-care-101/blog/lawn-care-tips/tips-to-protect-your-yard-this-winter","Winterize Lawn | TruGreen","Winterize Lawn | TruGreen","https://www.trugreen.com/lawn-care-101/blog/lawn-care-tips/tips-to-protect-your-yard-this-winter","1","https://www.trugreen.com/lawn-care-101/blog/lawn-care-tips/tips-to-protect-your-yard-this-winter","1","","200","https://www.trugreen.com/lawn-care-101/blog/lawn-care-tips/tips-to-protect-your-yard-this-winter","","","","0","1","How to Winterize Your Yard: Essential Lawn Protection Tips","0","header|nav|footer","jsonld:1;types:Article;invalid:0;missing:jsonld_0_missing_@context","0","0","47","11","https://www.trugreen.com/lawn-care-101 | https://www.trugreen.com/lawn-care-101/blog?topic=Lawn+Care | https://www.trugreen.com/lawn-care-101/blog?type=Blog | https://www.trugreen.com/lawn-care-101/learning-center | https://www.trugreen.com/my-account/account-summary | https://www.trugreen.com/newsroom | https://www.trugreen.com/pay-your-bill | https://www.trugreen.com/pests-products-and-services | https://www.trugreen.com/pga-tour | https://www.trugreen.com/products-and-services | https://www.trugreen.com/why-choose-trugreen/testimonials-and-ratings","","missing-main|internal-links-missing-from-sitemap|duplicate-title",""
"chromium","2026-08-28T21:08:04.938Z","prod-release-2-7-2026-08-28","1-500","","https://www.trugreen.com/lawn-care-101/blog/lawn-care-tips/winter-lawn-damage-protecting-your-lawn-extreme-winter-weather","https://www.trugreen.com/lawn-care-101/blog/lawn-care-tips/winter-lawn-damage-protecting-your-lawn-extreme-winter-weather","200","200:https://www.trugreen.com/lawn-care-101/blog/lawn-care-tips/winter-lawn-damage-protecting-your-lawn-extreme-winter-weather","Winter Lawn Damage | TruGreen","Winter Lawn Damage | TruGreen","https://www.trugreen.com/lawn-care-101/blog/lawn-care-tips/winter-lawn-damage-protecting-your-lawn-extreme-winter-weather","1","https://www.trugreen.com/lawn-care-101/blog/lawn-care-tips/winter-lawn-damage-protecting-your-lawn-extreme-winter-weather","1","","200","https://www.trugreen.com/lawn-care-101/blog/lawn-care-tips/winter-lawn-damage-protecting-your-lawn-extreme-winter-weather","","","","0","1","Winter Lawn Damage: Protecting Your Lawn from Extreme Winter Weather","0","header|nav|footer","jsonld:1;types:Article;invalid:0;missing:jsonld_0_missing_@context","0","0","52","16","https://www.trugreen.com/lawn-care-101 | https://www.trugreen.com/lawn-care-101/blog?topic=Lawn+Damage | https://www.trugreen.com/lawn-care-101/blog?type=Blog | https://www.trugreen.com/lawn-care-101/blog/lawn-damage/lawn-care-signs-stress | https://www.trugreen.com/lawn-care-101/learning-center | https://www.trugreen.com/my-account/account-settings | https://www.trugreen.com/my-account/account-summary | https://www.trugreen.com/my-account/my-documents | https://www.trugreen.com/my-account/my-services | https://www.trugreen.com/my-account/payments | https://www.trugreen.com/newsroom | https://www.trugreen.com/pay-your-bill | https://www.trugreen.com/pests-products-and-services | https://www.trugreen.com/pga-tour | https://www.trugreen.com/products-and-services | https://www.trugreen.com/why-choose-trugreen/testimonials-and-ratings","","missing-main|internal-links-missing-from-sitemap|duplicate-title",""
"chromium","2026-08-28T21:08:04.938Z","prod-release-2-7-2026-08-28","1-500","","https://www.trugreen.com/lawn-care-101/blog/lawn-care-tips/winter-weather-impact-health-yard","https://www.trugreen.com/lawn-care-101/blog/lawn-care-tips/tips-to-protect-your-yard-this-winter","200","301:https://www.trugreen.com/lawn-care-101/blog/lawn-care-tips/winter-weather-impact-health-yard -> 200:https://www.trugreen.com/lawn-care-101/blog/lawn-care-tips/tips-to-protect-your-yard-this-winter","Winterize Lawn | TruGreen","Winterize Lawn | TruGreen","https://www.trugreen.com/lawn-care-101/blog/lawn-care-tips/tips-to-protect-your-yard-this-winter","1","https://www.trugreen.com/lawn-care-101/blog/lawn-care-tips/tips-to-protect-your-yard-this-winter","1","","200","https://www.trugreen.com/lawn-care-101/blog/lawn-care-tips/tips-to-protect-your-yard-this-winter","","","","0","1","How to Winterize Your Yard: Essential Lawn Protection Tips","0","header|nav|footer","jsonld:1;types:Article;invalid:0;missing:jsonld_0_missing_@context","0","0","47","11","https://www.trugreen.com/lawn-care-101 | https://www.trugreen.com/lawn-care-101/blog?topic=Lawn+Care | https://www.trugreen.com/lawn-care-101/blog?type=Blog | https://www.trugreen.com/lawn-care-101/learning-center | https://www.trugreen.com/my-account/account-summary | https://www.trugreen.com/newsroom | https://www.trugreen.com/pay-your-bill | https://www.trugreen.com/pests-products-and-services | https://www.trugreen.com/pga-tour | https://www.trugreen.com/products-and-services | https://www.trugreen.com/why-choose-trugreen/testimonials-and-ratings","","missing-main|internal-links-missing-from-sitemap|duplicate-title",""
"chromium","2026-08-28T21:08:04.938Z","prod-release-2-7-2026-08-28","1-500","","https://www.trugreen.com/lawn-care-101/blog/lawn-care-tips/winterizing-protecting-your-lawn-and-preparing-spring","https://www.trugreen.com/lawn-care-101/blog/lawn-care-tips/winterizing-protecting-your-lawn-and-preparing-spring","200","200:https://www.trugreen.com/lawn-care-101/blog/lawn-care-tips/winterizing-protecting-your-lawn-and-preparing-spring","Winterizing: Protecting Your Lawn and Preparing for Spring | TruGreen","Winterizing: Protecting Your Lawn and Preparing for Spring | TruGreen","https://www.trugreen.com/lawn-care-101/blog/lawn-care-tips/winterizing-protecting-your-lawn-and-preparing-spring","1","https://www.trugreen.com/lawn-care-101/blog/lawn-care-tips/winterizing-protecting-your-lawn-and-preparing-spring","1","","200","https://www.trugreen.com/lawn-care-101/blog/lawn-care-tips/winterizing-protecting-your-lawn-and-preparing-spring","","","","0","1","Winterizing: Protecting Your Lawn and Preparing for Spring","0","header|footer","jsonld:1;types:Article;invalid:0;missing:jsonld_0_missing_@context","0","0","48","14","https://www.trugreen.com/aftercare | https://www.trugreen.com/blog/Lawn-Care-Tips/is-that-spot-in-my-yard-some-sort-of-lawn-fungus | https://www.trugreen.com/chat/organic-promo | https://www.trugreen.com/index.php/products-and-services/perimeter-pest-control | https://www.trugreen.com/lawn-care-101 | https://www.trugreen.com/lawn-care-101/blog?topic=TruGreen+Lawn+Care+Services | https://www.trugreen.com/lawn-care-101/blog?type=Blog | https://www.trugreen.com/lawn-care-101/learning-center | https://www.trugreen.com/newsroom | https://www.trugreen.com/pay-your-bill | https://www.trugreen.com/pests-products-and-services | https://www.trugreen.com/pga-tour | https://www.trugreen.com/products-and-services | https://www.trugreen.com/products-and-services/tree-and-shrub-service","","missing-main|internal-links-missing-from-sitemap",""
"chromium","2026-08-28T21:08:04.938Z","prod-release-2-7-2026-08-28","1-500","","https://www.trugreen.com/lawn-care-101/blog/lawn-care-tips/wipe-out-winter-weeds","https://www.trugreen.com/lawn-care-101/blog/lawn-care-tips/tips-to-protect-your-yard-this-winter","200","301:https://www.trugreen.com/lawn-care-101/blog/lawn-care-tips/wipe-out-winter-weeds -> 200:https://www.trugreen.com/lawn-care-101/blog/lawn-care-tips/tips-to-protect-your-yard-this-winter","Winterize Lawn | TruGreen","Winterize Lawn | TruGreen","https://www.trugreen.com/lawn-care-101/blog/lawn-care-tips/tips-to-protect-your-yard-this-winter","1","https://www.trugreen.com/lawn-care-101/blog/lawn-care-tips/tips-to-protect-your-yard-this-winter","1","","200","https://www.trugreen.com/lawn-care-101/blog/lawn-care-tips/tips-to-protect-your-yard-this-winter","","","","0","1","How to Winterize Your Yard: Essential Lawn Protection Tips","0","header|nav|footer","jsonld:1;types:Article;invalid:0;missing:jsonld_0_missing_@context","0","0","47","11","https://www.trugreen.com/lawn-care-101 | https://www.trugreen.com/lawn-care-101/blog?topic=Lawn+Care | https://www.trugreen.com/lawn-care-101/blog?type=Blog | https://www.trugreen.com/lawn-care-101/learning-center | https://www.trugreen.com/my-account/account-summary | https://www.trugreen.com/newsroom | https://www.trugreen.com/pay-your-bill | https://www.trugreen.com/pests-products-and-services | https://www.trugreen.com/pga-tour | https://www.trugreen.com/products-and-services | https://www.trugreen.com/why-choose-trugreen/testimonials-and-ratings","","missing-main|internal-links-missing-from-sitemap|duplicate-title",""
"chromium","2026-08-28T21:08:04.938Z","prod-release-2-7-2026-08-28","1-500","","https://www.trugreen.com/lawn-care-101/blog/lawn-care-tips/wipe-out-winter-weeds_data","https://www.trugreen.com/lawn-care-101/blog/lawn-care-tips/wipe-out-winter-weeds_data","200","200:https://www.trugreen.com/lawn-care-101/blog/lawn-care-tips/wipe-out-winter-weeds_data","Controlling Winter Weeds in Warmer Climates | TruGreen","Controlling Winter Weeds in Warmer Climates | TruGreen","https://www.trugreen.com/lawn-care-101/blog/lawn-care-tips/wipe-out-winter-weeds","1","https://www.trugreen.com/lawn-care-101/blog/lawn-care-tips/wipe-out-winter-weeds","1","","","https://www.trugreen.com/lawn-care-101/blog/lawn-care-tips/wipe-out-winter-weeds","","","","0","1","How to Manage and Control Winter Lawn Weeds in Warmer Climates","0","header|footer","jsonld:1;types:Article;invalid:0;missing:jsonld_0_missing_@context","0","0","48","11","https://www.trugreen.com/chat/organic-promo | https://www.trugreen.com/lawn-care-101 | https://www.trugreen.com/lawn-care-101/blog?topic=Lawn+Care+Tips | https://www.trugreen.com/lawn-care-101/blog?type=Blog | https://www.trugreen.com/lawn-care-101/learning-center | https://www.trugreen.com/newsroom | https://www.trugreen.com/pay-your-bill | https://www.trugreen.com/pests-products-and-services | https://www.trugreen.com/pga-tour | https://www.trugreen.com/products-and-services | https://www.trugreen.com/products-and-services/tree-and-shrub-service","","missing-main|internal-links-missing-from-sitemap|canonical-target-invalid",""
"chromium","2026-08-28T21:08:04.938Z","prod-release-2-7-2026-08-28","1-500","","https://www.trugreen.com/lawn-care-101/blog/lawn-care-tips/yard-stop-trugreen","https://www.trugreen.com/lawn-care-101/blog","200","301:https://www.trugreen.com/lawn-care-101/blog/lawn-care-tips/yard-stop-trugreen -> 200:https://www.trugreen.com/lawn-care-101/blog","TruGreen Blog | TruGreen","TruGreen Blog | TruGreen","https://www.trugreen.com/lawn-care-101/blog","1","https://www.trugreen.com/lawn-care-101/blog","1","","200","https://www.trugreen.com/lawn-care-101/blog","","","","0","1","Looking for advice?Turn to the experts.","0","main|header|footer","jsonld:1;types:Blog|BreadcrumbList|CollectionPage;invalid:0;missing:","0","0","86","22","https://www.trugreen.com/lawn-care-101 | https://www.trugreen.com/lawn-care-101/blog/beyond-lawn/hosting-backyard-party | https://www.trugreen.com/lawn-care-101/blog/consistent-lawn-care | https://www.trugreen.com/lawn-care-101/blog/lawn-care/lawn-care-myths | https://www.trugreen.com/lawn-care-101/blog/lawn-care/lawn-care-vs-landscaping | https://www.trugreen.com/lawn-care-101/blog/lawn-care/lawn-mowing-spread-weeds | https://www.trugreen.com/lawn-care-101/blog/lawn-care/what-lawn-need-thrive | https://www.trugreen.com/lawn-care-101/blog/lawn-care/what-my-lawn-need | https://www.trugreen.com/lawn-care-101/blog/lawn-care/when-aerate-and-overseed-northeast | https://www.trugreen.com/lawn-care-101/blog/lawn-damage/lawn-care-signs-stress | https://www.trugreen.com/lawn-care-101/blog/pest-control/how-control-fleas-yard | https://www.trugreen.com/lawn-care-101/blog/tree-shrub-care/tree-disease-treatment | https://www.trugreen.com/lawn-care-101/blog/weed-control/control-wild-violets | https://www.trugreen.com/lawn-care-101/blog/weed-control/how-control-clover-lawn | https://www.trugreen.com/lawn-care-101/blog/weed-control/weeds-from-coming-back | https://www.trugreen.com/lawn-care-101/learning-center | https://www.trugreen.com/newsroom | https://www.trugreen.com/pay-your-bill | https://www.trugreen.com/pests-products-and-services | https://www.trugreen.com/pga-tour | https://www.trugreen.com/products-and-services | https://www.trugreen.com/why-choose-trugreen/testimonials-and-ratings","","internal-links-missing-from-sitemap|duplicate-title",""
"chromium","2026-08-28T21:08:04.938Z","prod-release-2-7-2026-08-28","1-500","","https://www.trugreen.com/lawn-care-101/blog/lawn-care-tips/your-spring-lawn-checklist","https://www.trugreen.com/lawn-care-101/blog/lawn-care-tips/your-spring-lawn-maintenance-checklist","200","301:https://www.trugreen.com/lawn-care-101/blog/lawn-care-tips/your-spring-lawn-checklist -> 200:https://www.trugreen.com/lawn-care-101/blog/lawn-care-tips/your-spring-lawn-maintenance-checklist","Spring Lawn Care Checklist | TruGreen","Spring Lawn Care Checklist | TruGreen","https://www.trugreen.com/lawn-care-101/blog/lawn-care-tips/your-spring-lawn-maintenance-checklist","1","https://www.trugreen.com/lawn-care-101/blog/lawn-care-tips/your-spring-lawn-maintenance-checklist","1","","200","https://www.trugreen.com/lawn-care-101/blog/lawn-care-tips/your-spring-lawn-maintenance-checklist","","","","0","1","Spring Lawn Care: Your Essential Seasonal Maintenance Checklist","0","header|nav|footer","jsonld:1;types:Article;invalid:0;missing:jsonld_0_missing_@context","0","0","46","11","https://www.trugreen.com/lawn-care-101 | https://www.trugreen.com/lawn-care-101/blog?topic=Lawn+Care | https://www.trugreen.com/lawn-care-101/blog?type=Blog | https://www.trugreen.com/lawn-care-101/learning-center | https://www.trugreen.com/my-account/account-summary | https://www.trugreen.com/newsroom | https://www.trugreen.com/pay-your-bill | https://www.trugreen.com/pests-products-and-services | https://www.trugreen.com/pga-tour | https://www.trugreen.com/products-and-services | https://www.trugreen.com/why-choose-trugreen/testimonials-and-ratings","","missing-main|internal-links-missing-from-sitemap|duplicate-title",""
"chromium","2026-08-28T21:08:04.938Z","prod-release-2-7-2026-08-28","1-500","","https://www.trugreen.com/lawn-care-101/blog/lawn-care-tips/your-spring-lawn-maintenance-checklist","https://www.trugreen.com/lawn-care-101/blog/lawn-care-tips/your-spring-lawn-maintenance-checklist","200","200:https://www.trugreen.com/lawn-care-101/blog/lawn-care-tips/your-spring-lawn-maintenance-checklist","Spring Lawn Care Checklist | TruGreen","Spring Lawn Care Checklist | TruGreen","https://www.trugreen.com/lawn-care-101/blog/lawn-care-tips/your-spring-lawn-maintenance-checklist","1","https://www.trugreen.com/lawn-care-101/blog/lawn-care-tips/your-spring-lawn-maintenance-checklist","1","","200","https://www.trugreen.com/lawn-care-101/blog/lawn-care-tips/your-spring-lawn-maintenance-checklist","","","","0","1","Spring Lawn Care: Your Essential Seasonal Maintenance Checklist","0","header|nav|footer","jsonld:1;types:Article;invalid:0;missing:jsonld_0_missing_@context","0","0","46","11","https://www.trugreen.com/lawn-care-101 | https://www.trugreen.com/lawn-care-101/blog?topic=Lawn+Care | https://www.trugreen.com/lawn-care-101/blog?type=Blog | https://www.trugreen.com/lawn-care-101/learning-center | https://www.trugreen.com/my-account/account-summary | https://www.trugreen.com/newsroom | https://www.trugreen.com/pay-your-bill | https://www.trugreen.com/pests-products-and-services | https://www.trugreen.com/pga-tour | https://www.trugreen.com/products-and-services | https://www.trugreen.com/why-choose-trugreen/testimonials-and-ratings","","missing-main|internal-links-missing-from-sitemap|duplicate-title",""
"chromium","2026-08-28T21:08:04.938Z","prod-release-2-7-2026-08-28","1-500","","https://www.trugreen.com/lawn-care-101/blog/lawn-care-tips/your-spring-lawn-maintenance-checklist-2","https://www.trugreen.com/lawn-care-101/blog/lawn-care-tips/your-spring-lawn-maintenance-checklist","200","301:https://www.trugreen.com/lawn-care-101/blog/lawn-care-tips/your-spring-lawn-maintenance-checklist-2 -> 200:https://www.trugreen.com/lawn-care-101/blog/lawn-care-tips/your-spring-lawn-maintenance-checklist","Spring Lawn Care Checklist | TruGreen","Spring Lawn Care Checklist | TruGreen","https://www.trugreen.com/lawn-care-101/blog/lawn-care-tips/your-spring-lawn-maintenance-checklist","1","https://www.trugreen.com/lawn-care-101/blog/lawn-care-tips/your-spring-lawn-maintenance-checklist","1","","200","https://www.trugreen.com/lawn-care-101/blog/lawn-care-tips/your-spring-lawn-maintenance-checklist","","","","0","1","Spring Lawn Care: Your Essential Seasonal Maintenance Checklist","0","header|nav|footer","jsonld:1;types:Article;invalid:0;missing:jsonld_0_missing_@context","0","0","46","11","https://www.trugreen.com/lawn-care-101 | https://www.trugreen.com/lawn-care-101/blog?topic=Lawn+Care | https://www.trugreen.com/lawn-care-101/blog?type=Blog | https://www.trugreen.com/lawn-care-101/learning-center | https://www.trugreen.com/my-account/account-summary | https://www.trugreen.com/newsroom | https://www.trugreen.com/pay-your-bill | https://www.trugreen.com/pests-products-and-services | https://www.trugreen.com/pga-tour | https://www.trugreen.com/products-and-services | https://www.trugreen.com/why-choose-trugreen/testimonials-and-ratings","","missing-main|internal-links-missing-from-sitemap|duplicate-title",""
"chromium","2026-08-28T21:08:04.938Z","prod-release-2-7-2026-08-28","1-500","","https://www.trugreen.com/lawn-care-101/blog/lawn-care/atlanta-lawn-care","https://www.trugreen.com/lawn-care-101/blog/lawn-care/atlanta-lawn-care","200","200:https://www.trugreen.com/lawn-care-101/blog/lawn-care/atlanta-lawn-care","Atlanta Lawn Care | TruGreen","Atlanta Lawn Care | TruGreen","https://www.trugreen.com/lawn-care-101/blog/lawn-care/atlanta-lawn-care","1","https://www.trugreen.com/lawn-care-101/blog/lawn-care/atlanta-lawn-care","1","","200","https://www.trugreen.com/lawn-care-101/blog/lawn-care/atlanta-lawn-care","","","","0","1","Atlanta Lawn Care Services for a Healthier, Greener Lawn","0","header|nav|footer","jsonld:1;types:Article;invalid:0;missing:jsonld_0_missing_@context","0","0","46","11","https://www.trugreen.com/lawn-care-101 | https://www.trugreen.com/lawn-care-101/blog?topic=Lawn+Care | https://www.trugreen.com/lawn-care-101/blog?type=Blog | https://www.trugreen.com/lawn-care-101/learning-center | https://www.trugreen.com/my-account/account-summary | https://www.trugreen.com/newsroom | https://www.trugreen.com/pay-your-bill | https://www.trugreen.com/pests-products-and-services | https://www.trugreen.com/pga-tour | https://www.trugreen.com/products-and-services | https://www.trugreen.com/why-choose-trugreen/testimonials-and-ratings","","missing-main|internal-links-missing-from-sitemap",""
"chromium","2026-08-28T21:08:04.938Z","prod-release-2-7-2026-08-28","1-500","","https://www.trugreen.com/lawn-care-101/blog/lawn-care/best-grass-texas-lawns","https://www.trugreen.com/lawn-care-101/blog/lawn-care/best-grass-texas-lawns","200","200:https://www.trugreen.com/lawn-care-101/blog/lawn-care/best-grass-texas-lawns","Best Grass for Texas Lawns | TruGreen","Best Grass for Texas Lawns | TruGreen","https://www.trugreen.com/lawn-care-101/blog/lawn-care/best-grass-texas-lawns","1","https://www.trugreen.com/lawn-care-101/blog/lawn-care/best-grass-texas-lawns","1","","200","https://www.trugreen.com/lawn-care-101/blog/lawn-care/best-grass-texas-lawns","","","","0","1","Best Grass for Texas Lawns: A Regional Guide","0","header|footer","jsonld:1;types:Article;invalid:0;missing:jsonld_0_missing_@context","0","0","49","10","https://www.trugreen.com/lawn-care-101 | https://www.trugreen.com/lawn-care-101/blog?topic=Lawn+Care | https://www.trugreen.com/lawn-care-101/blog?type=Blog | https://www.trugreen.com/lawn-care-101/learning-center | https://www.trugreen.com/newsroom | https://www.trugreen.com/pay-your-bill | https://www.trugreen.com/pests-products-and-services | https://www.trugreen.com/pga-tour | https://www.trugreen.com/products-and-services | https://www.trugreen.com/why-choose-trugreen/testimonials-and-ratings","","missing-main|internal-links-missing-from-sitemap",""
"chromium","2026-08-28T21:08:04.938Z","prod-release-2-7-2026-08-28","1-500","","https://www.trugreen.com/lawn-care-101/blog/lawn-care/choose-lawn-treatment-company","https://www.trugreen.com/lawn-care-101/blog/lawn-care/choose-lawn-treatment-company","200","200:https://www.trugreen.com/lawn-care-101/blog/lawn-care/choose-lawn-treatment-company","How to Choose a Lawn Treatment Company | TruGreen","How to Choose a Lawn Treatment Company | TruGreen","https://www.trugreen.com/lawn-care-101/blog/lawn-care/choose-lawn-treatment-company","1","https://www.trugreen.com/lawn-care-101/blog/lawn-care/choose-lawn-treatment-company","1","","200","https://www.trugreen.com/lawn-care-101/blog/lawn-care/choose-lawn-treatment-company","","","","0","1","How to Choose a Lawn Treatment Company","0","header|nav|footer","jsonld:1;types:Article;invalid:0;missing:jsonld_0_missing_@context","0","0","53","15","https://www.trugreen.com/lawn-care-101 | https://www.trugreen.com/lawn-care-101/blog?topic=Lawn+Care | https://www.trugreen.com/lawn-care-101/blog?type=Blog | https://www.trugreen.com/lawn-care-101/learning-center | https://www.trugreen.com/my-account/account-settings | https://www.trugreen.com/my-account/account-summary | https://www.trugreen.com/my-account/my-documents | https://www.trugreen.com/my-account/my-services | https://www.trugreen.com/my-account/payments | https://www.trugreen.com/newsroom | https://www.trugreen.com/pay-your-bill | https://www.trugreen.com/pests-products-and-services | https://www.trugreen.com/pga-tour | https://www.trugreen.com/products-and-services | https://www.trugreen.com/why-choose-trugreen/testimonials-and-ratings","","missing-main|internal-links-missing-from-sitemap",""
"chromium","2026-08-28T21:08:04.938Z","prod-release-2-7-2026-08-28","1-500","","https://www.trugreen.com/lawn-care-101/blog/lawn-care/detroit-lawn-care","https://www.trugreen.com/lawn-care-101/blog/lawn-care/detroit-lawn-care","200","200:https://www.trugreen.com/lawn-care-101/blog/lawn-care/detroit-lawn-care","Detroit Lawn Care | TruGreen","Detroit Lawn Care | TruGreen","https://www.trugreen.com/lawn-care-101/blog/lawn-care/detroit-lawn-care","1","https://www.trugreen.com/lawn-care-101/blog/lawn-care/detroit-lawn-care","1","","200","https://www.trugreen.com/lawn-care-101/blog/lawn-care/detroit-lawn-care","","","","0","1","Get a Greener, Thicker Lawn with Expert Detroit Lawn Care","0","header|nav|footer","jsonld:1;types:Article;invalid:0;missing:jsonld_0_missing_@context","0","0","45","11","https://www.trugreen.com/lawn-care-101 | https://www.trugreen.com/lawn-care-101/blog?topic=Lawn+Care | https://www.trugreen.com/lawn-care-101/blog?type=Blog | https://www.trugreen.com/lawn-care-101/learning-center | https://www.trugreen.com/my-account/account-summary | https://www.trugreen.com/newsroom | https://www.trugreen.com/pay-your-bill | https://www.trugreen.com/pests-products-and-services | https://www.trugreen.com/pga-tour | https://www.trugreen.com/products-and-services | https://www.trugreen.com/why-choose-trugreen/testimonials-and-ratings","","missing-main|internal-links-missing-from-sitemap",""
"chromium","2026-08-28T21:08:04.938Z","prod-release-2-7-2026-08-28","1-500","","https://www.trugreen.com/lawn-care-101/blog/lawn-care/diy-vs-professional-lawn-care","https://www.trugreen.com/lawn-care-101/blog/lawn-care/diy-vs-professional-lawn-care","200","200:https://www.trugreen.com/lawn-care-101/blog/lawn-care/diy-vs-professional-lawn-care","DIY Lawn Care vs. Professional | TruGreen","DIY Lawn Care vs. Professional | TruGreen","https://www.trugreen.com/lawn-care-101/blog/lawn-care/diy-vs-professional-lawn-care","1","https://www.trugreen.com/lawn-care-101/blog/lawn-care/diy-vs-professional-lawn-care","1","","200","https://www.trugreen.com/lawn-care-101/blog/lawn-care/diy-vs-professional-lawn-care","","","","0","1","DIY Lawn Care vs. Hiring a Lawn Care Company: A TruGreen Customer Story","0","header|nav|footer","jsonld:1;types:Article;invalid:0;missing:jsonld_0_missing_@context","0","0","46","11","https://www.trugreen.com/lawn-care-101 | https://www.trugreen.com/lawn-care-101/blog?topic=Lawn+Care | https://www.trugreen.com/lawn-care-101/blog?type=Blog | https://www.trugreen.com/lawn-care-101/learning-center | https://www.trugreen.com/my-account/account-summary | https://www.trugreen.com/newsroom | https://www.trugreen.com/pay-your-bill | https://www.trugreen.com/pests-products-and-services | https://www.trugreen.com/pga-tour | https://www.trugreen.com/products-and-services | https://www.trugreen.com/why-choose-trugreen/testimonials-and-ratings","","missing-main|internal-links-missing-from-sitemap",""
"chromium","2026-08-28T21:08:04.938Z","prod-release-2-7-2026-08-28","1-500","","https://www.trugreen.com/lawn-care-101/blog/lawn-care/essential-guide-lawn-mower-maintenance","https://www.trugreen.com/lawn-care-101/blog/lawn-care/essential-guide-lawn-mower-maintenance","200","200:https://www.trugreen.com/lawn-care-101/blog/lawn-care/essential-guide-lawn-mower-maintenance","Lawn Mower Maintenance | TruGreen","Lawn Mower Maintenance | TruGreen","https://www.trugreen.com/lawn-care-101/blog/lawn-care/essential-guide-lawn-mower-maintenance","1","https://www.trugreen.com/lawn-care-101/blog/lawn-care/essential-guide-lawn-mower-maintenance","1","","200","https://www.trugreen.com/lawn-care-101/blog/lawn-care/essential-guide-lawn-mower-maintenance","","","","0","1","The Essential Guide for Lawn Mower Maintenance","0","header|footer","jsonld:1;types:Article;invalid:0;missing:jsonld_0_missing_@context","0","0","48","10","https://www.trugreen.com/lawn-care-101 | https://www.trugreen.com/lawn-care-101/blog?topic=Lawn+Care | https://www.trugreen.com/lawn-care-101/blog?type=Blog | https://www.trugreen.com/lawn-care-101/learning-center | https://www.trugreen.com/newsroom | https://www.trugreen.com/pay-your-bill | https://www.trugreen.com/pests-products-and-services | https://www.trugreen.com/pga-tour | https://www.trugreen.com/products-and-services | https://www.trugreen.com/why-choose-trugreen/testimonials-and-ratings","","missing-main|internal-links-missing-from-sitemap",""
"chromium","2026-08-28T21:08:04.938Z","prod-release-2-7-2026-08-28","1-500","","https://www.trugreen.com/lawn-care-101/blog/lawn-care/fall-lawn-care-tips-for-winter","https://www.trugreen.com/lawn-care-101/blog/lawn-care/fall-lawn-care-tips-for-winter","200","200:https://www.trugreen.com/lawn-care-101/blog/lawn-care/fall-lawn-care-tips-for-winter","Fall Lawn Care | TruGreen","Fall Lawn Care | TruGreen","https://www.trugreen.com/lawn-care-101/blog/lawn-care/fall-lawn-care-tips-for-winter","1","https://www.trugreen.com/lawn-care-101/blog/lawn-care/fall-lawn-care-tips-for-winter","1","","200","https://www.trugreen.com/lawn-care-101/blog/lawn-care/fall-lawn-care-tips-for-winter","","","","0","1","Lawn Care in Fall: 8 Essential Tips for a Healthy, Winter-Ready Lawn","0","header|nav|footer","jsonld:1;types:Article;invalid:0;missing:jsonld_0_missing_@context","0","0","58","18","https://www.trugreen.com/lawn-care-101 | https://www.trugreen.com/lawn-care-101/blog?topic=Lawn+Care | https://www.trugreen.com/lawn-care-101/blog?type=Blog | https://www.trugreen.com/lawn-care-101/blog/lawn-care/lawn-care-myths | https://www.trugreen.com/lawn-care-101/blog/lawn-care/lawn-care-vs-landscaping | https://www.trugreen.com/lawn-care-101/blog/lawn-care/what-lawn-need-thrive | https://www.trugreen.com/lawn-care-101/learning-center | https://www.trugreen.com/my-account/account-settings | https://www.trugreen.com/my-account/account-summary | https://www.trugreen.com/my-account/my-documents | https://www.trugreen.com/my-account/my-services | https://www.trugreen.com/my-account/payments | https://www.trugreen.com/newsroom | https://www.trugreen.com/pay-your-bill | https://www.trugreen.com/pests-products-and-services | https://www.trugreen.com/pga-tour | https://www.trugreen.com/products-and-services | https://www.trugreen.com/why-choose-trugreen/testimonials-and-ratings","","missing-main|internal-links-missing-from-sitemap",""
"chromium","2026-08-28T21:08:04.938Z","prod-release-2-7-2026-08-28","1-500","","https://www.trugreen.com/lawn-care-101/blog/lawn-care/fertilize-lawn-michigan","https://www.trugreen.com/lawn-care-101/blog/lawn-care/fertilize-lawn-michigan","200","200:https://www.trugreen.com/lawn-care-101/blog/lawn-care/fertilize-lawn-michigan","When to Fertilize Lawn in Michigan | TruGreen","When to Fertilize Lawn in Michigan | TruGreen","https://www.trugreen.com/lawn-care-101/blog/lawn-care/fertilize-lawn-michigan","1","https://www.trugreen.com/lawn-care-101/blog/lawn-care/fertilize-lawn-michigan","1","","200","https://www.trugreen.com/lawn-care-101/blog/lawn-care/fertilize-lawn-michigan","","","","0","1","When to Fertilize Your Lawn in Michigan","0","header|nav|footer","jsonld:1;types:Article;invalid:0;missing:jsonld_0_missing_@context","0","0","52","11","https://www.trugreen.com/lawn-care-101 | https://www.trugreen.com/lawn-care-101/blog?topic=Lawn+Care | https://www.trugreen.com/lawn-care-101/blog?type=Blog | https://www.trugreen.com/lawn-care-101/learning-center | https://www.trugreen.com/my-account/account-summary | https://www.trugreen.com/newsroom | https://www.trugreen.com/pay-your-bill | https://www.trugreen.com/pests-products-and-services | https://www.trugreen.com/pga-tour | https://www.trugreen.com/products-and-services | https://www.trugreen.com/why-choose-trugreen/testimonials-and-ratings","","missing-main|internal-links-missing-from-sitemap",""
"chromium","2026-08-28T21:08:04.938Z","prod-release-2-7-2026-08-28","1-500","","https://www.trugreen.com/lawn-care-101/blog/lawn-care/florida-grass-types","https://www.trugreen.com/lawn-care-101/blog/lawn-care/florida-grass-types","200","200:https://www.trugreen.com/lawn-care-101/blog/lawn-care/florida-grass-types","A Guide to Types of Grass in Florida | TruGreen","A Guide to Types of Grass in Florida | TruGreen","https://www.trugreen.com/lawn-care-101/blog/lawn-care/florida-grass-types","1","https://www.trugreen.com/lawn-care-101/blog/lawn-care/florida-grass-types","1","","200","https://www.trugreen.com/lawn-care-101/blog/lawn-care/florida-grass-types","","","","0","1","A Guide to Types of Grass in Florida","0","header|footer","jsonld:1;types:Article;invalid:0;missing:jsonld_0_missing_@context","0","0","51","10","https://www.trugreen.com/lawn-care-101 | https://www.trugreen.com/lawn-care-101/blog?topic=Lawn+Care | https://www.trugreen.com/lawn-care-101/blog?type=Blog | https://www.trugreen.com/lawn-care-101/learning-center | https://www.trugreen.com/newsroom | https://www.trugreen.com/pay-your-bill | https://www.trugreen.com/pests-products-and-services | https://www.trugreen.com/pga-tour | https://www.trugreen.com/products-and-services | https://www.trugreen.com/why-choose-trugreen/testimonials-and-ratings","","missing-main|internal-links-missing-from-sitemap",""
"chromium","2026-08-28T21:08:04.938Z","prod-release-2-7-2026-08-28","1-500","","https://www.trugreen.com/lawn-care-101/blog/lawn-care/grass-care-fall","https://www.trugreen.com/lawn-care-101/blog/lawn-care/grass-care-fall","200","200:https://www.trugreen.com/lawn-care-101/blog/lawn-care/grass-care-fall","Grass Care Fall | TruGreen","Grass Care Fall | TruGreen","https://www.trugreen.com/lawn-care-101/blog/lawn-care/grass-care-fall","1","https://www.trugreen.com/lawn-care-101/blog/lawn-care/grass-care-fall","1","","200","https://www.trugreen.com/lawn-care-101/blog/lawn-care/grass-care-fall","","","","0","1","Grass Care in Fall: A Step-by-Step Guide","0","header|nav|footer","jsonld:1;types:Article;invalid:0;missing:jsonld_0_missing_@context","0","0","54","18","https://www.trugreen.com/lawn-care-101 | https://www.trugreen.com/lawn-care-101/blog?topic=Lawn+Care | https://www.trugreen.com/lawn-care-101/blog?type=Blog | https://www.trugreen.com/lawn-care-101/blog/lawn-care/lawn-care-myths | https://www.trugreen.com/lawn-care-101/blog/lawn-care/lawn-care-vs-landscaping | https://www.trugreen.com/lawn-care-101/blog/lawn-care/what-lawn-need-thrive | https://www.trugreen.com/lawn-care-101/learning-center | https://www.trugreen.com/my-account/account-settings | https://www.trugreen.com/my-account/account-summary | https://www.trugreen.com/my-account/my-documents | https://www.trugreen.com/my-account/my-services | https://www.trugreen.com/my-account/payments | https://www.trugreen.com/newsroom | https://www.trugreen.com/pay-your-bill | https://www.trugreen.com/pests-products-and-services | https://www.trugreen.com/pga-tour | https://www.trugreen.com/products-and-services | https://www.trugreen.com/why-choose-trugreen/testimonials-and-ratings","","missing-main|internal-links-missing-from-sitemap",""
"chromium","2026-08-28T21:08:04.938Z","prod-release-2-7-2026-08-28","1-500","","https://www.trugreen.com/lawn-care-101/blog/lawn-care/minneapolis-lawn-care","https://www.trugreen.com/lawn-care-101/blog/lawn-care/minneapolis-lawn-care","200","200:https://www.trugreen.com/lawn-care-101/blog/lawn-care/minneapolis-lawn-care","Minneapolis Lawn Care | TruGreen","Minneapolis Lawn Care | TruGreen","https://www.trugreen.com/lawn-care-101/blog/lawn-care/minneapolis-lawn-care","1","https://www.trugreen.com/lawn-care-101/blog/lawn-care/minneapolis-lawn-care","1","","200","https://www.trugreen.com/lawn-care-101/blog/lawn-care/minneapolis-lawn-care","","","","0","1","Minneapolis Lawn Care Services for a Healthier, Greener Lawn","0","header|nav|footer","jsonld:1;types:Article;invalid:0;missing:jsonld_0_missing_@context","0","0","49","15","https://www.trugreen.com/lawn-care-101 | https://www.trugreen.com/lawn-care-101/blog?topic=Lawn+Care | https://www.trugreen.com/lawn-care-101/blog?type=Blog | https://www.trugreen.com/lawn-care-101/learning-center | https://www.trugreen.com/my-account/account-settings | https://www.trugreen.com/my-account/account-summary | https://www.trugreen.com/my-account/my-documents | https://www.trugreen.com/my-account/my-services | https://www.trugreen.com/my-account/payments | https://www.trugreen.com/newsroom | https://www.trugreen.com/pay-your-bill | https://www.trugreen.com/pests-products-and-services | https://www.trugreen.com/pga-tour | https://www.trugreen.com/products-and-services | https://www.trugreen.com/why-choose-trugreen/testimonials-and-ratings","","missing-main|internal-links-missing-from-sitemap",""
"chromium","2026-08-28T21:08:04.938Z","prod-release-2-7-2026-08-28","1-500","","https://www.trugreen.com/lawn-care-101/blog/lawn-care/pacific-northwest-lawn-care-schedule","https://www.trugreen.com/lawn-care-101/blog/lawn-care/pacific-northwest-lawn-care-schedule","200","200:https://www.trugreen.com/lawn-care-101/blog/lawn-care/pacific-northwest-lawn-care-schedule","Pacific Northwest Lawn Care Schedule | TruGreen","Pacific Northwest Lawn Care Schedule | TruGreen","https://www.trugreen.com/lawn-care-101/blog/lawn-care/pacific-northwest-lawn-care-schedule","1","https://www.trugreen.com/lawn-care-101/blog/lawn-care/pacific-northwest-lawn-care-schedule","1","","200","https://www.trugreen.com/lawn-care-101/blog/lawn-care/pacific-northwest-lawn-care-schedule","","","","0","1","Pacific Northwest Lawn Care Schedule","0","header|footer","jsonld:1;types:Article;invalid:0;missing:jsonld_0_missing_@context","0","0","50","10","https://www.trugreen.com/lawn-care-101 | https://www.trugreen.com/lawn-care-101/blog?topic=Lawn+Care | https://www.trugreen.com/lawn-care-101/blog?type=Blog | https://www.trugreen.com/lawn-care-101/learning-center | https://www.trugreen.com/newsroom | https://www.trugreen.com/pay-your-bill | https://www.trugreen.com/pests-products-and-services | https://www.trugreen.com/pga-tour | https://www.trugreen.com/products-and-services | https://www.trugreen.com/why-choose-trugreen/testimonials-and-ratings","","missing-main|internal-links-missing-from-sitemap",""
"chromium","2026-08-28T21:08:04.938Z","prod-release-2-7-2026-08-28","1-500","","https://www.trugreen.com/lawn-care-101/blog/lawn-care/springtime-lawn-maintenance","https://www.trugreen.com/lawn-care-101/blog/lawn-care/springtime-lawn-maintenance","200","200:https://www.trugreen.com/lawn-care-101/blog/lawn-care/springtime-lawn-maintenance","Springtime Lawn Maintenance | TruGreen","Springtime Lawn Maintenance | TruGreen","https://www.trugreen.com/lawn-care-101/blog/lawn-care/springtime-lawn-maintenance","1","https://www.trugreen.com/lawn-care-101/blog/lawn-care/springtime-lawn-maintenance","1","","200","https://www.trugreen.com/lawn-care-101/blog/lawn-care/springtime-lawn-maintenance","","","","0","1","Springtime Lawn Maintenance: Your Comprehensive Seasonal Upkeep Guide","0","header|nav|footer","jsonld:1;types:Article;invalid:0;missing:jsonld_0_missing_@context","0","0","49","11","https://www.trugreen.com/lawn-care-101 | https://www.trugreen.com/lawn-care-101/blog?topic=Lawn+Care | https://www.trugreen.com/lawn-care-101/blog?type=Blog | https://www.trugreen.com/lawn-care-101/learning-center | https://www.trugreen.com/my-account/account-summary | https://www.trugreen.com/newsroom | https://www.trugreen.com/pay-your-bill | https://www.trugreen.com/pests-products-and-services | https://www.trugreen.com/pga-tour | https://www.trugreen.com/products-and-services | https://www.trugreen.com/why-choose-trugreen/testimonials-and-ratings","","missing-main|internal-links-missing-from-sitemap",""
"chromium","2026-08-28T21:08:04.938Z","prod-release-2-7-2026-08-28","1-500","","https://www.trugreen.com/lawn-care-101/blog/lawn-care/washington-dc-lawn-care","https://www.trugreen.com/lawn-care-101/blog/lawn-care/washington-dc-lawn-care","200","200:https://www.trugreen.com/lawn-care-101/blog/lawn-care/washington-dc-lawn-care","Washington DC Lawn Care | TruGreen","Washington DC Lawn Care | TruGreen","https://www.trugreen.com/lawn-care-101/blog/lawn-care/washington-dc-lawn-care","1","https://www.trugreen.com/lawn-care-101/blog/lawn-care/washington-dc-lawn-care","1","","200","https://www.trugreen.com/lawn-care-101/blog/lawn-care/washington-dc-lawn-care","","","","0","1","Washington DC Lawn Care Services for a Healthier, Greener Lawn","0","header|nav|footer","jsonld:1;types:Article;invalid:0;missing:jsonld_0_missing_@context","0","0","46","11","https://www.trugreen.com/lawn-care-101 | https://www.trugreen.com/lawn-care-101/blog?topic=Lawn+Care | https://www.trugreen.com/lawn-care-101/blog?type=Blog | https://www.trugreen.com/lawn-care-101/learning-center | https://www.trugreen.com/my-account/account-summary | https://www.trugreen.com/newsroom | https://www.trugreen.com/pay-your-bill | https://www.trugreen.com/pests-products-and-services | https://www.trugreen.com/pga-tour | https://www.trugreen.com/products-and-services | https://www.trugreen.com/why-choose-trugreen/testimonials-and-ratings","","missing-main|internal-links-missing-from-sitemap",""
"chromium","2026-08-28T21:08:04.938Z","prod-release-2-7-2026-08-28","1-500","","https://www.trugreen.com/lawn-care-101/blog/lawn-care/when-fertilize-lawn-texas","https://www.trugreen.com/lawn-care-101/blog/lawn-care/when-fertilize-lawn-texas","200","200:https://www.trugreen.com/lawn-care-101/blog/lawn-care/when-fertilize-lawn-texas","When to Fertilize Lawn in Texas | TruGreen","When to Fertilize Lawn in Texas | TruGreen","https://www.trugreen.com/lawn-care-101/blog/lawn-care/when-fertilize-lawn-texas","1","https://www.trugreen.com/lawn-care-101/blog/lawn-care/when-fertilize-lawn-texas","1","","200","https://www.trugreen.com/lawn-care-101/blog/lawn-care/when-fertilize-lawn-texas","","","","0","1","When to Fertilize Lawn in Texas","0","header|nav|footer","jsonld:1;types:Article;invalid:0;missing:jsonld_0_missing_@context","0","0","50","11","https://www.trugreen.com/lawn-care-101 | https://www.trugreen.com/lawn-care-101/blog?topic=Lawn+Care | https://www.trugreen.com/lawn-care-101/blog?type=Blog | https://www.trugreen.com/lawn-care-101/learning-center | https://www.trugreen.com/my-account/account-summary | https://www.trugreen.com/newsroom | https://www.trugreen.com/pay-your-bill | https://www.trugreen.com/pests-products-and-services | https://www.trugreen.com/pga-tour | https://www.trugreen.com/products-and-services | https://www.trugreen.com/why-choose-trugreen/testimonials-and-ratings","","missing-main|internal-links-missing-from-sitemap",""
"chromium","2026-08-28T21:08:04.938Z","prod-release-2-7-2026-08-28","1-500","","https://www.trugreen.com/lawn-care-101/blog/lawn-damage","https://www.trugreen.com/lawn-care-101/blog/lawn-damage","404","404:https://www.trugreen.com/lawn-care-101/blog/lawn-damage","","","","0","","0","","","","","","","0","0","","0","","jsonld:0;types:;invalid:0;missing:","0","0","0","0","","","missing-title|missing-canonical|raw-canonical-count-invalid|rendered-canonical-count-invalid|missing-h1|missing-main",""
"chromium","2026-08-28T21:08:04.938Z","prod-release-2-7-2026-08-28","1-500","","https://www.trugreen.com/lawn-care-101/blog/lawn-damage/get-rid-mushrooms-lawn","https://www.trugreen.com/lawn-care-101/blog/lawn-damage/get-rid-mushrooms-lawn","200","200:https://www.trugreen.com/lawn-care-101/blog/lawn-damage/get-rid-mushrooms-lawn","How to Get Rid of Mushrooms in Your Lawn | TruGreen","How to Get Rid of Mushrooms in Your Lawn | TruGreen","https://www.trugreen.com/lawn-care-101/blog/lawn-damage/get-rid-mushrooms-lawn","1","https://www.trugreen.com/lawn-care-101/blog/lawn-damage/get-rid-mushrooms-lawn","1","","200","https://www.trugreen.com/lawn-care-101/blog/lawn-damage/get-rid-mushrooms-lawn","","","","0","1","How to Get Rid of Mushrooms in Your Lawn — and Keep Them from Coming Back","0","header|nav|footer","jsonld:1;types:Article;invalid:0;missing:jsonld_0_missing_@context","0","0","53","16","https://www.trugreen.com/lawn-care-101 | https://www.trugreen.com/lawn-care-101/blog?topic=Lawn+Damage | https://www.trugreen.com/lawn-care-101/blog?type=Blog | https://www.trugreen.com/lawn-care-101/blog/lawn-damage/lawn-care-signs-stress | https://www.trugreen.com/lawn-care-101/learning-center | https://www.trugreen.com/my-account/account-settings | https://www.trugreen.com/my-account/account-summary | https://www.trugreen.com/my-account/my-documents | https://www.trugreen.com/my-account/my-services | https://www.trugreen.com/my-account/payments | https://www.trugreen.com/newsroom | https://www.trugreen.com/pay-your-bill | https://www.trugreen.com/pests-products-and-services | https://www.trugreen.com/pga-tour | https://www.trugreen.com/products-and-services | https://www.trugreen.com/why-choose-trugreen/testimonials-and-ratings","","missing-main|internal-links-missing-from-sitemap",""
"chromium","2026-08-28T21:08:04.938Z","prod-release-2-7-2026-08-28","1-500","","https://www.trugreen.com/lawn-care-101/blog/lawn-damage/lawn-fertilizer-burn","https://www.trugreen.com/lawn-care-101/blog/lawn-damage/lawn-fertilizer-burn","200","200:https://www.trugreen.com/lawn-care-101/blog/lawn-damage/lawn-fertilizer-burn","How to Prevent Lawn Fertilizer Burn | TruGreen","How to Prevent Lawn Fertilizer Burn | TruGreen","https://www.trugreen.com/lawn-care-101/blog/lawn-damage/lawn-fertilizer-burn","1","https://www.trugreen.com/lawn-care-101/blog/lawn-damage/lawn-fertilizer-burn","1","","200","https://www.trugreen.com/lawn-care-101/blog/lawn-damage/lawn-fertilizer-burn","","","","0","1","Lawn Fertilizer Burn: What It Is, How to Fix It and How to Prevent It","0","header|nav|footer","jsonld:1;types:Article;invalid:0;missing:jsonld_0_missing_@context","0","0","52","16","https://www.trugreen.com/lawn-care-101 | https://www.trugreen.com/lawn-care-101/blog?topic=Lawn+Damage | https://www.trugreen.com/lawn-care-101/blog?type=Blog | https://www.trugreen.com/lawn-care-101/blog/lawn-damage/lawn-care-signs-stress | https://www.trugreen.com/lawn-care-101/learning-center | https://www.trugreen.com/my-account/account-settings | https://www.trugreen.com/my-account/account-summary | https://www.trugreen.com/my-account/my-documents | https://www.trugreen.com/my-account/my-services | https://www.trugreen.com/my-account/payments | https://www.trugreen.com/newsroom | https://www.trugreen.com/pay-your-bill | https://www.trugreen.com/pests-products-and-services | https://www.trugreen.com/pga-tour | https://www.trugreen.com/products-and-services | https://www.trugreen.com/why-choose-trugreen/testimonials-and-ratings","","missing-main|internal-links-missing-from-sitemap",""
"chromium","2026-08-28T21:08:04.938Z","prod-release-2-7-2026-08-28","1-500","","https://www.trugreen.com/lawn-care-101/blog/lawn-damage/lawn-salt-damage","https://www.trugreen.com/lawn-care-101/blog/lawn-damage/lawn-salt-damage","200","200:https://www.trugreen.com/lawn-care-101/blog/lawn-damage/lawn-salt-damage","Lawn Salt Damage How to Fix It I TruGreen","Lawn Salt Damage How to Fix It I TruGreen","https://www.trugreen.com/lawn-care-101/blog/lawn-damage/lawn-salt-damage","1","https://www.trugreen.com/lawn-care-101/blog/lawn-damage/lawn-salt-damage","1","","200","https://www.trugreen.com/lawn-care-101/blog/lawn-damage/lawn-salt-damage","","","","0","1","Lawn Salt Damage: How Winter Road Salt Wrecks Grass and How to Fix It","0","header|nav|footer","jsonld:1;types:Article;invalid:0;missing:jsonld_0_missing_@context","0","0","52","16","https://www.trugreen.com/lawn-care-101 | https://www.trugreen.com/lawn-care-101/blog?topic=Lawn+Damage | https://www.trugreen.com/lawn-care-101/blog?type=Blog | https://www.trugreen.com/lawn-care-101/blog/lawn-damage/lawn-care-signs-stress | https://www.trugreen.com/lawn-care-101/learning-center | https://www.trugreen.com/my-account/account-settings | https://www.trugreen.com/my-account/account-summary | https://www.trugreen.com/my-account/my-documents | https://www.trugreen.com/my-account/my-services | https://www.trugreen.com/my-account/payments | https://www.trugreen.com/newsroom | https://www.trugreen.com/pay-your-bill | https://www.trugreen.com/pests-products-and-services | https://www.trugreen.com/pga-tour | https://www.trugreen.com/products-and-services | https://www.trugreen.com/why-choose-trugreen/testimonials-and-ratings","","missing-main|internal-links-missing-from-sitemap",""
"chromium","2026-08-28T21:08:04.938Z","prod-release-2-7-2026-08-28","1-500","","https://www.trugreen.com/lawn-care-101/blog/lawn-damage/water-lawn-hot-weather-schedule","https://www.trugreen.com/lawn-care-101/blog/lawn-damage/water-lawn-hot-weather-schedule","200","200:https://www.trugreen.com/lawn-care-101/blog/lawn-damage/water-lawn-hot-weather-schedule","Best Time to Water Lawn in Hot Weather | TruGreen","Best Time to Water Lawn in Hot Weather | TruGreen","https://www.trugreen.com/lawn-care-101/blog/lawn-damage/water-lawn-hot-weather-schedule","1","https://www.trugreen.com/lawn-care-101/blog/lawn-damage/water-lawn-hot-weather-schedule","1","","200","https://www.trugreen.com/lawn-care-101/blog/lawn-damage/water-lawn-hot-weather-schedule","","","","0","1","Best Time to Water Lawn in Hot Weather (with Schedule!)","0","header|nav|footer","jsonld:1;types:Article;invalid:0;missing:jsonld_0_missing_@context","0","0","55","17","https://www.trugreen.com/lawn-care-101 | https://www.trugreen.com/lawn-care-101/blog?topic=Lawn+Damage | https://www.trugreen.com/lawn-care-101/blog?type=Blog | https://www.trugreen.com/lawn-care-101/blog/lawn-damage/lawn-care-signs-stress | https://www.trugreen.com/lawn-care-101/learning-center | https://www.trugreen.com/lawn-damage/blog/drought-resistant-grass-best-types-green-lawn | https://www.trugreen.com/my-account/account-settings | https://www.trugreen.com/my-account/account-summary | https://www.trugreen.com/my-account/my-documents | https://www.trugreen.com/my-account/my-services | https://www.trugreen.com/my-account/payments | https://www.trugreen.com/newsroom | https://www.trugreen.com/pay-your-bill | https://www.trugreen.com/pests-products-and-services | https://www.trugreen.com/pga-tour | https://www.trugreen.com/products-and-services | https://www.trugreen.com/why-choose-trugreen/testimonials-and-ratings","","missing-main|internal-links-missing-from-sitemap",""
"chromium","2026-08-28T21:08:04.938Z","prod-release-2-7-2026-08-28","1-500","","https://www.trugreen.com/lawn-care-101/blog/lawn-damage/what-snow-mold","https://www.trugreen.com/lawn-care-101/blog/lawn-damage/what-snow-mold","200","200:https://www.trugreen.com/lawn-care-101/blog/lawn-damage/what-snow-mold","Snow Mold on Grass: How to Repair Winter Damage I TruGreen","Snow Mold on Grass: How to Repair Winter Damage I TruGreen","https://www.trugreen.com/lawn-care-101/blog/lawn-damage/what-snow-mold","1","https://www.trugreen.com/lawn-care-101/blog/lawn-damage/what-snow-mold","1","","200","https://www.trugreen.com/lawn-care-101/blog/lawn-damage/what-snow-mold","","","","0","1","What Snow Mold Is and Why It Forms","0","header|nav|footer","jsonld:1;types:Article;invalid:0;missing:jsonld_0_missing_@context","0","0","55","16","https://www.trugreen.com/lawn-care-101 | https://www.trugreen.com/lawn-care-101/blog?topic=Lawn+Damage | https://www.trugreen.com/lawn-care-101/blog?type=Blog | https://www.trugreen.com/lawn-care-101/blog/lawn-damage/lawn-care-signs-stress | https://www.trugreen.com/lawn-care-101/learning-center | https://www.trugreen.com/my-account/account-settings | https://www.trugreen.com/my-account/account-summary | https://www.trugreen.com/my-account/my-documents | https://www.trugreen.com/my-account/my-services | https://www.trugreen.com/my-account/payments | https://www.trugreen.com/newsroom | https://www.trugreen.com/pay-your-bill | https://www.trugreen.com/pests-products-and-services | https://www.trugreen.com/pga-tour | https://www.trugreen.com/products-and-services | https://www.trugreen.com/why-choose-trugreen/testimonials-and-ratings","","missing-main|internal-links-missing-from-sitemap",""
"chromium","2026-08-28T21:08:04.938Z","prod-release-2-7-2026-08-28","1-500","","https://www.trugreen.com/lawn-care-101/blog/lifestyle/bloomin%E2%80%99-spring-printables-trugreen","https://www.trugreen.com/lawn-care-101/blog","200","301:https://www.trugreen.com/lawn-care-101/blog/lifestyle/bloomin%E2%80%99-spring-printables-trugreen -> 200:https://www.trugreen.com/lawn-care-101/blog","TruGreen Blog | TruGreen","TruGreen Blog | TruGreen","https://www.trugreen.com/lawn-care-101/blog","1","https://www.trugreen.com/lawn-care-101/blog","1","","200","https://www.trugreen.com/lawn-care-101/blog","","","","0","1","Looking for advice?Turn to the experts.","0","main|header|footer","jsonld:1;types:Blog|BreadcrumbList|CollectionPage;invalid:0;missing:","0","0","86","22","https://www.trugreen.com/lawn-care-101 | https://www.trugreen.com/lawn-care-101/blog/beyond-lawn/hosting-backyard-party | https://www.trugreen.com/lawn-care-101/blog/consistent-lawn-care | https://www.trugreen.com/lawn-care-101/blog/lawn-care/lawn-care-myths | https://www.trugreen.com/lawn-care-101/blog/lawn-care/lawn-care-vs-landscaping | https://www.trugreen.com/lawn-care-101/blog/lawn-care/lawn-mowing-spread-weeds | https://www.trugreen.com/lawn-care-101/blog/lawn-care/what-lawn-need-thrive | https://www.trugreen.com/lawn-care-101/blog/lawn-care/what-my-lawn-need | https://www.trugreen.com/lawn-care-101/blog/lawn-care/when-aerate-and-overseed-northeast | https://www.trugreen.com/lawn-care-101/blog/lawn-damage/lawn-care-signs-stress | https://www.trugreen.com/lawn-care-101/blog/pest-control/how-control-fleas-yard | https://www.trugreen.com/lawn-care-101/blog/tree-shrub-care/tree-disease-treatment | https://www.trugreen.com/lawn-care-101/blog/weed-control/control-wild-violets | https://www.trugreen.com/lawn-care-101/blog/weed-control/how-control-clover-lawn | https://www.trugreen.com/lawn-care-101/blog/weed-control/weeds-from-coming-back | https://www.trugreen.com/lawn-care-101/learning-center | https://www.trugreen.com/newsroom | https://www.trugreen.com/pay-your-bill | https://www.trugreen.com/pests-products-and-services | https://www.trugreen.com/pga-tour | https://www.trugreen.com/products-and-services | https://www.trugreen.com/why-choose-trugreen/testimonials-and-ratings","","internal-links-missing-from-sitemap|duplicate-title",""
"chromium","2026-08-28T21:08:04.938Z","prod-release-2-7-2026-08-28","1-500","","https://www.trugreen.com/lawn-care-101/blog/lifestyle/fall-fun-trugreen","https://www.trugreen.com/lawn-care-101/blog/lawn-care-tips/fall-in-love-with-lawn-maintenance-tips-and-tricks","200","301:https://www.trugreen.com/lawn-care-101/blog/lifestyle/fall-fun-trugreen -> 200:https://www.trugreen.com/lawn-care-101/blog/lawn-care-tips/fall-in-love-with-lawn-maintenance-tips-and-tricks","Fall in Love with Lawn Maintenance | TruGreen","Fall in Love with Lawn Maintenance | TruGreen","https://www.trugreen.com/lawn-care-101/blog/lawn-care-tips/fall-in-love-with-lawn-maintenance-tips-and-tricks","1","https://www.trugreen.com/lawn-care-101/blog/lawn-care-tips/fall-in-love-with-lawn-maintenance-tips-and-tricks","1","","200","https://www.trugreen.com/lawn-care-101/blog/lawn-care-tips/fall-in-love-with-lawn-maintenance-tips-and-tricks","","","","0","1","Essential Fall Lawn Tips for a Healthier Yard Next Spring","0","header|footer","jsonld:1;types:Article;invalid:0;missing:jsonld_0_missing_@context","0","0","47","10","https://www.trugreen.com/lawn-care-101 | https://www.trugreen.com/lawn-care-101/blog?topic=Lawn+Care | https://www.trugreen.com/lawn-care-101/blog?type=Blog | https://www.trugreen.com/lawn-care-101/learning-center | https://www.trugreen.com/newsroom | https://www.trugreen.com/pay-your-bill | https://www.trugreen.com/pests-products-and-services | https://www.trugreen.com/pga-tour | https://www.trugreen.com/products-and-services | https://www.trugreen.com/why-choose-trugreen/testimonials-and-ratings","","missing-main|internal-links-missing-from-sitemap|duplicate-title",""
"chromium","2026-08-28T21:08:04.938Z","prod-release-2-7-2026-08-28","1-500","","https://www.trugreen.com/lawn-care-101/blog/lifestyle/livelifeoutside-s%E2%80%99more-this-fall-trugreen","https://www.trugreen.com/lawn-care-101/blog","200","301:https://www.trugreen.com/lawn-care-101/blog/lifestyle/livelifeoutside-s%E2%80%99more-this-fall-trugreen -> 200:https://www.trugreen.com/lawn-care-101/blog","TruGreen Blog | TruGreen","TruGreen Blog | TruGreen","https://www.trugreen.com/lawn-care-101/blog","1","https://www.trugreen.com/lawn-care-101/blog","1","","200","https://www.trugreen.com/lawn-care-101/blog","","","","0","1","Looking for advice?Turn to the experts.","0","main|header|footer","jsonld:1;types:Blog|BreadcrumbList|CollectionPage;invalid:0;missing:","0","0","86","22","https://www.trugreen.com/lawn-care-101 | https://www.trugreen.com/lawn-care-101/blog/beyond-lawn/hosting-backyard-party | https://www.trugreen.com/lawn-care-101/blog/consistent-lawn-care | https://www.trugreen.com/lawn-care-101/blog/lawn-care/lawn-care-myths | https://www.trugreen.com/lawn-care-101/blog/lawn-care/lawn-care-vs-landscaping | https://www.trugreen.com/lawn-care-101/blog/lawn-care/lawn-mowing-spread-weeds | https://www.trugreen.com/lawn-care-101/blog/lawn-care/what-lawn-need-thrive | https://www.trugreen.com/lawn-care-101/blog/lawn-care/what-my-lawn-need | https://www.trugreen.com/lawn-care-101/blog/lawn-care/when-aerate-and-overseed-northeast | https://www.trugreen.com/lawn-care-101/blog/lawn-damage/lawn-care-signs-stress | https://www.trugreen.com/lawn-care-101/blog/pest-control/how-control-fleas-yard | https://www.trugreen.com/lawn-care-101/blog/tree-shrub-care/tree-disease-treatment | https://www.trugreen.com/lawn-care-101/blog/weed-control/control-wild-violets | https://www.trugreen.com/lawn-care-101/blog/weed-control/how-control-clover-lawn | https://www.trugreen.com/lawn-care-101/blog/weed-control/weeds-from-coming-back | https://www.trugreen.com/lawn-care-101/learning-center | https://www.trugreen.com/newsroom | https://www.trugreen.com/pay-your-bill | https://www.trugreen.com/pests-products-and-services | https://www.trugreen.com/pga-tour | https://www.trugreen.com/products-and-services | https://www.trugreen.com/why-choose-trugreen/testimonials-and-ratings","","internal-links-missing-from-sitemap|duplicate-title",""
"chromium","2026-08-28T21:08:04.938Z","prod-release-2-7-2026-08-28","1-500","","https://www.trugreen.com/lawn-care-101/blog/morton-trugreen","https://www.trugreen.com/lawn-care-101/blog/morton-trugreen","200","200:https://www.trugreen.com/lawn-care-101/blog/morton-trugreen","Morton + TruGreen | TruGreen","Morton + TruGreen | TruGreen","https://www.trugreen.com/lawn-care-101/blog/morton-trugreen","1","https://www.trugreen.com/lawn-care-101/blog/morton-trugreen","1","","200","https://www.trugreen.com/lawn-care-101/blog/morton-trugreen","","","","0","1","Morton + TruGreen","0","main|header|nav|footer","jsonld:0;types:;invalid:0;missing:","0","0","46","15","https://www.trugreen.com/chat/organic-promo | https://www.trugreen.com/lawn-care-101 | https://www.trugreen.com/lawn-care-101/learning-center | https://www.trugreen.com/my-account/account-settings | https://www.trugreen.com/my-account/account-summary | https://www.trugreen.com/my-account/my-documents | https://www.trugreen.com/my-account/my-services | https://www.trugreen.com/my-account/payments | https://www.trugreen.com/newsroom | https://www.trugreen.com/pay-your-bill | https://www.trugreen.com/pests-products-and-services | https://www.trugreen.com/pga-tour | https://www.trugreen.com/products-and-services | https://www.trugreen.com/products-and-services/tree-and-shrub-service | https://www.trugreen.com/why-choose-trugreen/testimonials-and-ratings","","internal-links-missing-from-sitemap",""
"chromium","2026-08-28T21:08:04.938Z","prod-release-2-7-2026-08-28","1-500","","https://www.trugreen.com/lawn-care-101/blog/pest-control","https://www.trugreen.com/lawn-care-101/blog/pest-control","404","404:https://www.trugreen.com/lawn-care-101/blog/pest-control","","","","0","","0","","","","","","","0","0","","0","","jsonld:0;types:;invalid:0;missing:","0","0","0","0","","","missing-title|missing-canonical|raw-canonical-count-invalid|rendered-canonical-count-invalid|missing-h1|missing-main",""
"chromium","2026-08-28T21:08:04.938Z","prod-release-2-7-2026-08-28","1-500","","https://www.trugreen.com/lawn-care-101/blog/pest-control-and-mosquito-defense","https://www.trugreen.com/lawn-care-101/blog/pest-control-and-mosquito-defense","404","404:https://www.trugreen.com/lawn-care-101/blog/pest-control-and-mosquito-defense","","","","0","","0","","","","","","","0","0","","0","","jsonld:0;types:;invalid:0;missing:","0","0","0","0","","","missing-title|missing-canonical|raw-canonical-count-invalid|rendered-canonical-count-invalid|missing-h1|missing-main",""
"chromium","2026-08-28T21:08:04.938Z","prod-release-2-7-2026-08-28","1-500","","https://www.trugreen.com/lawn-care-101/blog/pest-control-and-mosquito-defense/3-summer-lawn-pests-to-avoid-trugreen","https://www.trugreen.com/lawn-care-101/blog/pest-control-and-mosquito-defense/six-common-pests-that-are-harming-your-lawn","200","301:https://www.trugreen.com/lawn-care-101/blog/pest-control-and-mosquito-defense/3-summer-lawn-pests-to-avoid-trugreen -> 200:https://www.trugreen.com/lawn-care-101/blog/pest-control-and-mosquito-defense/six-common-pests-that-are-harming-your-lawn","Pests Harming Your Lawn | TruGreen","Pests Harming Your Lawn | TruGreen","https://www.trugreen.com/lawn-care-101/blog/pest-control-and-mosquito-defense/six-common-pests-that-are-harming-your-lawn","1","https://www.trugreen.com/lawn-care-101/blog/pest-control-and-mosquito-defense/six-common-pests-that-are-harming-your-lawn","1","","200","https://www.trugreen.com/lawn-care-101/blog/pest-control-and-mosquito-defense/six-common-pests-that-are-harming-your-lawn","","","","0","1","Six Common Pests That Are Harming Your Lawn","0","header|footer","jsonld:1;types:Article;invalid:0;missing:jsonld_0_missing_@context","0","0","49","13","https://www.trugreen.com/lawn-care-101 | https://www.trugreen.com/lawn-care-101/blog?topic=Pest+Control | https://www.trugreen.com/lawn-care-101/blog?type=Blog | https://www.trugreen.com/lawn-care-101/learning-center | https://www.trugreen.com/newsroom | https://www.trugreen.com/pay-your-bill | https://www.trugreen.com/pest-control/blog/how-get-rid-mosquitoes-your-yard | https://www.trugreen.com/pests-products-and-services | https://www.trugreen.com/pga-tour | https://www.trugreen.com/products-and-services | https://www.trugreen.com/products-and-services/lawn-aeration | https://www.trugreen.com/products-and-services/mosquito-control | https://www.trugreen.com/why-choose-trugreen/testimonials-and-ratings","","missing-main|internal-links-missing-from-sitemap|duplicate-title",""
"chromium","2026-08-28T21:08:04.938Z","prod-release-2-7-2026-08-28","1-500","","https://www.trugreen.com/lawn-care-101/blog/pest-control-and-mosquito-defense/5-things-to-know-about-lyme-disease-and-tick-preve","https://www.trugreen.com/lawn-care-101/blog/lawn-care-tips/6-things-know-about-lyme-disease-prevention-and-ticks","200","301:https://www.trugreen.com/lawn-care-101/blog/pest-control-and-mosquito-defense/5-things-to-know-about-lyme-disease-and-tick-preve -> 200:https://www.trugreen.com/lawn-care-101/blog/lawn-care-tips/6-things-know-about-lyme-disease-prevention-and-ticks","Preventing Lyme Disease | TruGreen","Preventing Lyme Disease | TruGreen","https://www.trugreen.com/lawn-care-101/blog/lawn-care-tips/6-things-know-about-lyme-disease-prevention-and-ticks","1","https://www.trugreen.com/lawn-care-101/blog/lawn-care-tips/6-things-know-about-lyme-disease-prevention-and-ticks","1","","200","https://www.trugreen.com/lawn-care-101/blog/lawn-care-tips/6-things-know-about-lyme-disease-prevention-and-ticks","","","","0","1","Preventing Lyme Disease: Essential Tick Control Tips","0","header|nav|footer","jsonld:1;types:Article;invalid:0;missing:jsonld_0_missing_@context","0","0","47","11","https://www.trugreen.com/lawn-care-101 | https://www.trugreen.com/lawn-care-101/blog?topic=Pest+Control | https://www.trugreen.com/lawn-care-101/blog?type=Blog | https://www.trugreen.com/lawn-care-101/learning-center | https://www.trugreen.com/my-account/account-summary | https://www.trugreen.com/newsroom | https://www.trugreen.com/pay-your-bill | https://www.trugreen.com/pests-products-and-services | https://www.trugreen.com/pga-tour | https://www.trugreen.com/products-and-services | https://www.trugreen.com/why-choose-trugreen/testimonials-and-ratings","","missing-main|internal-links-missing-from-sitemap|duplicate-title",""
"chromium","2026-08-28T21:08:04.938Z","prod-release-2-7-2026-08-28","1-500","","https://www.trugreen.com/lawn-care-101/blog/pest-control-and-mosquito-defense/cities-bothered-by-ticks","https://www.trugreen.com/products-and-services/flea-tick-outdoor-nuisance-pest-control","200","301:https://www.trugreen.com/lawn-care-101/blog/pest-control-and-mosquito-defense/cities-bothered-by-ticks -> 200:https://www.trugreen.com/products-and-services/flea-tick-outdoor-nuisance-pest-control","Yard Pest Control: Control flea and ticks in your outdoor space | TruGreen","Yard Pest Control: Control flea and ticks in your outdoor space | TruGreen","https://www.trugreen.com/products-and-services/flea-tick-outdoor-nuisance-pest-control","1","https://www.trugreen.com/products-and-services/flea-tick-outdoor-nuisance-pest-control","1","","200","https://www.trugreen.com/products-and-services/flea-tick-outdoor-nuisance-pest-control","","","","0","1","Flea, Tick and Outdoor Nuisance Control","0","main|header|footer","jsonld:1;types:Service;invalid:0;missing:","0","0","44","8","https://www.trugreen.com/lawn-care-101 | https://www.trugreen.com/lawn-care-101/learning-center | https://www.trugreen.com/newsroom | https://www.trugreen.com/pay-your-bill | https://www.trugreen.com/pests-products-and-services | https://www.trugreen.com/pga-tour | https://www.trugreen.com/products-and-services | https://www.trugreen.com/why-choose-trugreen/testimonials-and-ratings","","internal-links-missing-from-sitemap|duplicate-title",""
"chromium","2026-08-28T21:08:04.938Z","prod-release-2-7-2026-08-28","1-500","","https://www.trugreen.com/lawn-care-101/blog/pest-control-and-mosquito-defense/controlling-outdoor-ants","https://www.trugreen.com/lawn-care-101/blog/pest-control-and-mosquito-defense/controlling-outdoor-ants","200","200:https://www.trugreen.com/lawn-care-101/blog/pest-control-and-mosquito-defense/controlling-outdoor-ants","How To Get Rid of Ants Outside | TruGreen","How To Get Rid of Ants Outside | TruGreen","https://www.trugreen.com/lawn-care-101/blog/pest-control-and-mosquito-defense/controlling-outdoor-ants","1","https://www.trugreen.com/lawn-care-101/blog/pest-control-and-mosquito-defense/controlling-outdoor-ants","1","","200","https://www.trugreen.com/lawn-care-101/blog/pest-control-and-mosquito-defense/controlling-outdoor-ants","","","","0","1","A Homeowner’s Guide to Controlling Outdoor Ants","0","header|footer","jsonld:1;types:Article;invalid:0;missing:jsonld_0_missing_@context","0","0","47","12","https://www.trugreen.com/lawn-care-101 | https://www.trugreen.com/lawn-care-101/blog?topic=Pest+Control | https://www.trugreen.com/lawn-care-101/blog?type=Blog | https://www.trugreen.com/lawn-care-101/learning-center | https://www.trugreen.com/newsroom | https://www.trugreen.com/pay-your-bill | https://www.trugreen.com/pest-control/blog/how-get-rid-mosquitoes-your-yard | https://www.trugreen.com/pests-products-and-services | https://www.trugreen.com/pga-tour | https://www.trugreen.com/products-and-services | https://www.trugreen.com/products-and-services/perimeter-pest-control | https://www.trugreen.com/why-choose-trugreen/testimonials-and-ratings","","missing-main|internal-links-missing-from-sitemap",""
"chromium","2026-08-28T21:08:04.938Z","prod-release-2-7-2026-08-28","1-500","","https://www.trugreen.com/lawn-care-101/blog/pest-control-and-mosquito-defense/defending-your-turf-against-summer-season-garden-p","https://www.trugreen.com/lawn-care-101/blog/pest-control-and-mosquito-defense/defending-your-turf-against-summer-season-garden-p","200","200:https://www.trugreen.com/lawn-care-101/blog/pest-control-and-mosquito-defense/defending-your-turf-against-summer-season-garden-p","Summer Garden Pests in Lawn | TruGreen","Summer Garden Pests in Lawn | TruGreen","https://www.trugreen.com/lawn-care-101/blog/pest-control-and-mosquito-defense/defending-your-turf-against-summer-season-garden-p","1","https://www.trugreen.com/lawn-care-101/blog/pest-control-and-mosquito-defense/defending-your-turf-against-summer-season-garden-p","1","","200","https://www.trugreen.com/lawn-care-101/blog/pest-control-and-mosquito-defense/defending-your-turf-against-summer-season-garden-p","","","","0","1","Defending Your Lawn Against Summer Garden Pests","0","header|nav|footer","jsonld:1;types:Article;invalid:0;missing:jsonld_0_missing_@context","0","0","47","11","https://www.trugreen.com/lawn-care-101 | https://www.trugreen.com/lawn-care-101/blog?topic=Pest+Control | https://www.trugreen.com/lawn-care-101/blog?type=Blog | https://www.trugreen.com/lawn-care-101/learning-center | https://www.trugreen.com/my-account/account-summary | https://www.trugreen.com/newsroom | https://www.trugreen.com/pay-your-bill | https://www.trugreen.com/pests-products-and-services | https://www.trugreen.com/pga-tour | https://www.trugreen.com/products-and-services | https://www.trugreen.com/why-choose-trugreen/testimonials-and-ratings","","missing-main|internal-links-missing-from-sitemap",""
"chromium","2026-08-28T21:08:04.938Z","prod-release-2-7-2026-08-28","1-500","","https://www.trugreen.com/lawn-care-101/blog/pest-control-and-mosquito-defense/don-t-invite-mosquitoes-to-your-housewarming-party","https://www.trugreen.com/products-and-services/trudefense-mosquito-control","200","301:https://www.trugreen.com/lawn-care-101/blog/pest-control-and-mosquito-defense/don-t-invite-mosquitoes-to-your-housewarming-party -> 200:https://www.trugreen.com/products-and-services/trudefense-mosquito-control","TruDefense :Mosquito Control for your yard | TruGreen","TruDefense :Mosquito Control for your yard | TruGreen","https://www.trugreen.com/products-and-services/trudefense-mosquito-control","1","https://www.trugreen.com/products-and-services/trudefense-mosquito-control","1","","200","https://www.trugreen.com/products-and-services/trudefense-mosquito-control","","","","0","1","TruDefense℠ Mosquito Control","0","main|header|footer","jsonld:1;types:Service;invalid:0;missing:","0","0","44","8","https://www.trugreen.com/lawn-care-101 | https://www.trugreen.com/lawn-care-101/learning-center | https://www.trugreen.com/newsroom | https://www.trugreen.com/pay-your-bill | https://www.trugreen.com/pests-products-and-services | https://www.trugreen.com/pga-tour | https://www.trugreen.com/products-and-services | https://www.trugreen.com/why-choose-trugreen/testimonials-and-ratings","","internal-links-missing-from-sitemap|duplicate-title",""
"chromium","2026-08-28T21:08:04.938Z","prod-release-2-7-2026-08-28","1-500","","https://www.trugreen.com/lawn-care-101/blog/pest-control-and-mosquito-defense/facts-about-mosquitoes","https://www.trugreen.com/products-and-services/trudefense-mosquito-control","200","301:https://www.trugreen.com/lawn-care-101/blog/pest-control-and-mosquito-defense/facts-about-mosquitoes -> 200:https://www.trugreen.com/products-and-services/trudefense-mosquito-control","TruDefense :Mosquito Control for your yard | TruGreen","TruDefense :Mosquito Control for your yard | TruGreen","https://www.trugreen.com/products-and-services/trudefense-mosquito-control","1","https://www.trugreen.com/products-and-services/trudefense-mosquito-control","1","","200","https://www.trugreen.com/products-and-services/trudefense-mosquito-control","","","","0","1","TruDefense℠ Mosquito Control","0","main|header|footer","jsonld:1;types:Service;invalid:0;missing:","0","0","44","8","https://www.trugreen.com/lawn-care-101 | https://www.trugreen.com/lawn-care-101/learning-center | https://www.trugreen.com/newsroom | https://www.trugreen.com/pay-your-bill | https://www.trugreen.com/pests-products-and-services | https://www.trugreen.com/pga-tour | https://www.trugreen.com/products-and-services | https://www.trugreen.com/why-choose-trugreen/testimonials-and-ratings","","internal-links-missing-from-sitemap|duplicate-title",""
"chromium","2026-08-28T21:08:04.938Z","prod-release-2-7-2026-08-28","1-500","","https://www.trugreen.com/lawn-care-101/blog/pest-control-and-mosquito-defense/millennial-lawn-love-campaign-creates-buzz","https://www.trugreen.com/lawn-care-101/blog/lawn-care-tips/trugreen-mosquito-control-defense-treatment-plan-faq-lawn-care","200","301:https://www.trugreen.com/lawn-care-101/blog/pest-control-and-mosquito-defense/millennial-lawn-love-campaign-creates-buzz -> 301:https://www.trugreen.com/lawn-care-101/blog/trugreen-lawn-care-services/lawn-service-pest-control-and-weed-control -> 200:https://www.trugreen.com/lawn-care-101/blog/lawn-care-tips/trugreen-mosquito-control-defense-treatment-plan-faq-lawn-care","TruGreen TruDefense Mosquito Control | TruGreen","TruGreen TruDefense Mosquito Control | TruGreen","https://www.trugreen.com/lawn-care-101/blog/lawn-care-tips/trugreen-mosquito-control-defense-treatment-plan-faq-lawn-care","1","https://www.trugreen.com/lawn-care-101/blog/lawn-care-tips/trugreen-mosquito-control-defense-treatment-plan-faq-lawn-care","1","","200","https://www.trugreen.com/lawn-care-101/blog/lawn-care-tips/trugreen-mosquito-control-defense-treatment-plan-faq-lawn-care","","","","0","1","TruGreen Mosquito Defense Plan FAQs","0","header|footer","jsonld:1;types:Article;invalid:0;missing:jsonld_0_missing_@context","0","0","46","11","https://www.trugreen.com/lawn-care-101 | https://www.trugreen.com/lawn-care-101/blog?topic=Pest+Control | https://www.trugreen.com/lawn-care-101/blog?type=Blog | https://www.trugreen.com/lawn-care-101/learning-center | https://www.trugreen.com/newsroom | https://www.trugreen.com/pay-your-bill | https://www.trugreen.com/pest-control/blog/how-get-rid-mosquitoes-your-yard | https://www.trugreen.com/pests-products-and-services | https://www.trugreen.com/pga-tour | https://www.trugreen.com/products-and-services | https://www.trugreen.com/why-choose-trugreen/testimonials-and-ratings","","missing-main|internal-links-missing-from-sitemap|duplicate-title",""
"chromium","2026-08-28T21:08:04.938Z","prod-release-2-7-2026-08-28","1-500","","https://www.trugreen.com/lawn-care-101/blog/pest-control-and-mosquito-defense/mosquito-control","https://www.trugreen.com/products-and-services/trudefense-mosquito-control","200","301:https://www.trugreen.com/lawn-care-101/blog/pest-control-and-mosquito-defense/mosquito-control -> 200:https://www.trugreen.com/products-and-services/trudefense-mosquito-control","TruDefense :Mosquito Control for your yard | TruGreen","TruDefense :Mosquito Control for your yard | TruGreen","https://www.trugreen.com/products-and-services/trudefense-mosquito-control","1","https://www.trugreen.com/products-and-services/trudefense-mosquito-control","1","","200","https://www.trugreen.com/products-and-services/trudefense-mosquito-control","","","","0","1","TruDefense℠ Mosquito Control","0","main|header|footer","jsonld:1;types:Service;invalid:0;missing:","0","0","44","8","https://www.trugreen.com/lawn-care-101 | https://www.trugreen.com/lawn-care-101/learning-center | https://www.trugreen.com/newsroom | https://www.trugreen.com/pay-your-bill | https://www.trugreen.com/pests-products-and-services | https://www.trugreen.com/pga-tour | https://www.trugreen.com/products-and-services | https://www.trugreen.com/why-choose-trugreen/testimonials-and-ratings","","internal-links-missing-from-sitemap|duplicate-title",""
"chromium","2026-08-28T21:08:04.938Z","prod-release-2-7-2026-08-28","1-500","","https://www.trugreen.com/lawn-care-101/blog/pest-control-and-mosquito-defense/mosquito-control-protect-fun-in-the-sun","https://www.trugreen.com/products-and-services/trudefense-mosquito-control","200","301:https://www.trugreen.com/lawn-care-101/blog/pest-control-and-mosquito-defense/mosquito-control-protect-fun-in-the-sun -> 200:https://www.trugreen.com/products-and-services/trudefense-mosquito-control","TruDefense :Mosquito Control for your yard | TruGreen","TruDefense :Mosquito Control for your yard | TruGreen","https://www.trugreen.com/products-and-services/trudefense-mosquito-control","1","https://www.trugreen.com/products-and-services/trudefense-mosquito-control","1","","200","https://www.trugreen.com/products-and-services/trudefense-mosquito-control","","","","0","1","TruDefense℠ Mosquito Control","0","main|header|footer","jsonld:1;types:Service;invalid:0;missing:","0","0","44","8","https://www.trugreen.com/lawn-care-101 | https://www.trugreen.com/lawn-care-101/learning-center | https://www.trugreen.com/newsroom | https://www.trugreen.com/pay-your-bill | https://www.trugreen.com/pests-products-and-services | https://www.trugreen.com/pga-tour | https://www.trugreen.com/products-and-services | https://www.trugreen.com/why-choose-trugreen/testimonials-and-ratings","","internal-links-missing-from-sitemap|duplicate-title",""
"chromium","2026-08-28T21:08:04.938Z","prod-release-2-7-2026-08-28","1-500","","https://www.trugreen.com/lawn-care-101/blog/pest-control-and-mosquito-defense/mosquito-defense-faqs","https://www.trugreen.com/products-and-services/trudefense-mosquito-control","200","301:https://www.trugreen.com/lawn-care-101/blog/pest-control-and-mosquito-defense/mosquito-defense-faqs -> 200:https://www.trugreen.com/products-and-services/trudefense-mosquito-control","TruDefense :Mosquito Control for your yard | TruGreen","TruDefense :Mosquito Control for your yard | TruGreen","https://www.trugreen.com/products-and-services/trudefense-mosquito-control","1","https://www.trugreen.com/products-and-services/trudefense-mosquito-control","1","","200","https://www.trugreen.com/products-and-services/trudefense-mosquito-control","","","","0","1","TruDefense℠ Mosquito Control","0","main|header|footer","jsonld:1;types:Service;invalid:0;missing:","0","0","44","8","https://www.trugreen.com/lawn-care-101 | https://www.trugreen.com/lawn-care-101/learning-center | https://www.trugreen.com/newsroom | https://www.trugreen.com/pay-your-bill | https://www.trugreen.com/pests-products-and-services | https://www.trugreen.com/pga-tour | https://www.trugreen.com/products-and-services | https://www.trugreen.com/why-choose-trugreen/testimonials-and-ratings","","internal-links-missing-from-sitemap|duplicate-title",""
"chromium","2026-08-28T21:08:04.938Z","prod-release-2-7-2026-08-28","1-500","","https://www.trugreen.com/lawn-care-101/blog/pest-control-and-mosquito-defense/pets-and-outdoor-threats","https://www.trugreen.com/lawn-care-101/blog/pest-control-and-mosquito-defense/pets-and-outdoor-threats","200","200:https://www.trugreen.com/lawn-care-101/blog/pest-control-and-mosquito-defense/pets-and-outdoor-threats","Lawn Care for Fleas and Tick | TruGreen","Lawn Care for Fleas and Tick | TruGreen","https://www.trugreen.com/lawn-care-101/blog/pest-control-and-mosquito-defense/pets-and-outdoor-threats","1","https://www.trugreen.com/lawn-care-101/blog/pest-control-and-mosquito-defense/pets-and-outdoor-threats","1","","200","https://www.trugreen.com/lawn-care-101/blog/pest-control-and-mosquito-defense/pets-and-outdoor-threats","","","","0","1","Lawn Care for Fleas and Ticks: Protecting Your Pets","0","header|nav|footer","jsonld:1;types:Article;invalid:0;missing:jsonld_0_missing_@context","0","0","49","11","https://www.trugreen.com/lawn-care-101 | https://www.trugreen.com/lawn-care-101/blog?topic=Pest+Control | https://www.trugreen.com/lawn-care-101/blog?type=Blog | https://www.trugreen.com/lawn-care-101/learning-center | https://www.trugreen.com/my-account/account-summary | https://www.trugreen.com/newsroom | https://www.trugreen.com/pay-your-bill | https://www.trugreen.com/pests-products-and-services | https://www.trugreen.com/pga-tour | https://www.trugreen.com/products-and-services | https://www.trugreen.com/why-choose-trugreen/testimonials-and-ratings","","missing-main|internal-links-missing-from-sitemap",""
"chromium","2026-08-28T21:08:04.938Z","prod-release-2-7-2026-08-28","1-500","","https://www.trugreen.com/lawn-care-101/blog/pest-control-and-mosquito-defense/plants-and-herbs-that-mosquitoes-hate-trugreen","https://www.trugreen.com/lawn-care-101/blog/pest-control-and-mosquito-defense/plants-and-herbs-that-mosquitoes-hate-trugreen","200","200:https://www.trugreen.com/lawn-care-101/blog/pest-control-and-mosquito-defense/plants-and-herbs-that-mosquitoes-hate-trugreen","Herbs that Deter Mosquitoes | TruGreen","Herbs that Deter Mosquitoes | TruGreen","https://www.trugreen.com/lawn-care-101/blog/pest-control-and-mosquito-defense/plants-and-herbs-that-mosquitoes-hate-trugreen","1","https://www.trugreen.com/lawn-care-101/blog/pest-control-and-mosquito-defense/plants-and-herbs-that-mosquitoes-hate-trugreen","1","","200","https://www.trugreen.com/lawn-care-101/blog/pest-control-and-mosquito-defense/plants-and-herbs-that-mosquitoes-hate-trugreen","","","","0","1","Herbs that Deter Mosquitoes from Your Garden","0","header|nav|footer","jsonld:1;types:Article;invalid:0;missing:jsonld_0_missing_@context","0","0","46","12","https://www.trugreen.com/lawn-care-101 | https://www.trugreen.com/lawn-care-101/blog?topic=Pest+Control | https://www.trugreen.com/lawn-care-101/blog?type=Blog | https://www.trugreen.com/lawn-care-101/learning-center | https://www.trugreen.com/my-account/account-summary | https://www.trugreen.com/newsroom | https://www.trugreen.com/pay-your-bill | https://www.trugreen.com/pest-control/blog/how-get-rid-mosquitoes-your-yard | https://www.trugreen.com/pests-products-and-services | https://www.trugreen.com/pga-tour | https://www.trugreen.com/products-and-services | https://www.trugreen.com/why-choose-trugreen/testimonials-and-ratings","","missing-main|internal-links-missing-from-sitemap",""
"chromium","2026-08-28T21:08:04.938Z","prod-release-2-7-2026-08-28","1-500","","https://www.trugreen.com/lawn-care-101/blog/pest-control-and-mosquito-defense/six-common-pests-that-are-harming-your-lawn","https://www.trugreen.com/lawn-care-101/blog/pest-control-and-mosquito-defense/six-common-pests-that-are-harming-your-lawn","200","200:https://www.trugreen.com/lawn-care-101/blog/pest-control-and-mosquito-defense/six-common-pests-that-are-harming-your-lawn","Pests Harming Your Lawn | TruGreen","Pests Harming Your Lawn | TruGreen","https://www.trugreen.com/lawn-care-101/blog/pest-control-and-mosquito-defense/six-common-pests-that-are-harming-your-lawn","1","https://www.trugreen.com/lawn-care-101/blog/pest-control-and-mosquito-defense/six-common-pests-that-are-harming-your-lawn","1","","200","https://www.trugreen.com/lawn-care-101/blog/pest-control-and-mosquito-defense/six-common-pests-that-are-harming-your-lawn","","","","0","1","Six Common Pests That Are Harming Your Lawn","0","header|footer","jsonld:1;types:Article;invalid:0;missing:jsonld_0_missing_@context","0","0","49","13","https://www.trugreen.com/lawn-care-101 | https://www.trugreen.com/lawn-care-101/blog?topic=Pest+Control | https://www.trugreen.com/lawn-care-101/blog?type=Blog | https://www.trugreen.com/lawn-care-101/learning-center | https://www.trugreen.com/newsroom | https://www.trugreen.com/pay-your-bill | https://www.trugreen.com/pest-control/blog/how-get-rid-mosquitoes-your-yard | https://www.trugreen.com/pests-products-and-services | https://www.trugreen.com/pga-tour | https://www.trugreen.com/products-and-services | https://www.trugreen.com/products-and-services/lawn-aeration | https://www.trugreen.com/products-and-services/mosquito-control | https://www.trugreen.com/why-choose-trugreen/testimonials-and-ratings","","missing-main|internal-links-missing-from-sitemap|duplicate-title",""
"chromium","2026-08-28T21:08:04.938Z","prod-release-2-7-2026-08-28","1-500","","https://www.trugreen.com/lawn-care-101/blog/pest-control-and-mosquito-defense/the-buzz-on-the-top-cities-bothered-by-mosquitoes","https://www.trugreen.com/products-and-services/trudefense-mosquito-control","200","301:https://www.trugreen.com/lawn-care-101/blog/pest-control-and-mosquito-defense/the-buzz-on-the-top-cities-bothered-by-mosquitoes -> 200:https://www.trugreen.com/products-and-services/trudefense-mosquito-control","TruDefense :Mosquito Control for your yard | TruGreen","TruDefense :Mosquito Control for your yard | TruGreen","https://www.trugreen.com/products-and-services/trudefense-mosquito-control","1","https://www.trugreen.com/products-and-services/trudefense-mosquito-control","1","","200","https://www.trugreen.com/products-and-services/trudefense-mosquito-control","","","","0","1","TruDefense℠ Mosquito Control","0","main|header|footer","jsonld:1;types:Service;invalid:0;missing:","0","0","44","8","https://www.trugreen.com/lawn-care-101 | https://www.trugreen.com/lawn-care-101/learning-center | https://www.trugreen.com/newsroom | https://www.trugreen.com/pay-your-bill | https://www.trugreen.com/pests-products-and-services | https://www.trugreen.com/pga-tour | https://www.trugreen.com/products-and-services | https://www.trugreen.com/why-choose-trugreen/testimonials-and-ratings","","internal-links-missing-from-sitemap|duplicate-title",""
"chromium","2026-08-28T21:08:04.938Z","prod-release-2-7-2026-08-28","1-500","","https://www.trugreen.com/lawn-care-101/blog/pest-control-and-mosquito-defense/top-10-cities-bothered-by-mosquitoes-2018","https://www.trugreen.com/products-and-services/trudefense-mosquito-control","200","301:https://www.trugreen.com/lawn-care-101/blog/pest-control-and-mosquito-defense/top-10-cities-bothered-by-mosquitoes-2018 -> 301:https://www.trugreen.com/lawn-care-101/blog/pest-control-and-mosquito-defense/the-buzz-on-the-top-cities-bothered-by-mosquitoes -> 200:https://www.trugreen.com/products-and-services/trudefense-mosquito-control","TruDefense :Mosquito Control for your yard | TruGreen","TruDefense :Mosquito Control for your yard | TruGreen","https://www.trugreen.com/products-and-services/trudefense-mosquito-control","1","https://www.trugreen.com/products-and-services/trudefense-mosquito-control","1","","200","https://www.trugreen.com/products-and-services/trudefense-mosquito-control","","","","0","1","TruDefense℠ Mosquito Control","0","main|header|footer","jsonld:1;types:Service;invalid:0;missing:","0","0","44","8","https://www.trugreen.com/lawn-care-101 | https://www.trugreen.com/lawn-care-101/learning-center | https://www.trugreen.com/newsroom | https://www.trugreen.com/pay-your-bill | https://www.trugreen.com/pests-products-and-services | https://www.trugreen.com/pga-tour | https://www.trugreen.com/products-and-services | https://www.trugreen.com/why-choose-trugreen/testimonials-and-ratings","","internal-links-missing-from-sitemap|duplicate-title",""
"chromium","2026-08-28T21:08:04.938Z","prod-release-2-7-2026-08-28","1-500","","https://www.trugreen.com/lawn-care-101/blog/pest-control-and-mosquito-defense/trugreen_mosquito_defense","https://www.trugreen.com/products-and-services/trudefense-mosquito-control","200","301:https://www.trugreen.com/lawn-care-101/blog/pest-control-and-mosquito-defense/trugreen_mosquito_defense -> 200:https://www.trugreen.com/products-and-services/trudefense-mosquito-control","TruDefense :Mosquito Control for your yard | TruGreen","TruDefense :Mosquito Control for your yard | TruGreen","https://www.trugreen.com/products-and-services/trudefense-mosquito-control","1","https://www.trugreen.com/products-and-services/trudefense-mosquito-control","1","","200","https://www.trugreen.com/products-and-services/trudefense-mosquito-control","","","","0","1","TruDefense℠ Mosquito Control","0","main|header|footer","jsonld:1;types:Service;invalid:0;missing:","0","0","44","8","https://www.trugreen.com/lawn-care-101 | https://www.trugreen.com/lawn-care-101/learning-center | https://www.trugreen.com/newsroom | https://www.trugreen.com/pay-your-bill | https://www.trugreen.com/pests-products-and-services | https://www.trugreen.com/pga-tour | https://www.trugreen.com/products-and-services | https://www.trugreen.com/why-choose-trugreen/testimonials-and-ratings","","internal-links-missing-from-sitemap|duplicate-title",""
"chromium","2026-08-28T21:08:04.938Z","prod-release-2-7-2026-08-28","1-500","","https://www.trugreen.com/lawn-care-101/blog/pest-control-and-mosquito-defense/trugreen-mosquito-defense","https://www.trugreen.com/products-and-services/trudefense-mosquito-control","200","301:https://www.trugreen.com/lawn-care-101/blog/pest-control-and-mosquito-defense/trugreen-mosquito-defense -> 200:https://www.trugreen.com/products-and-services/trudefense-mosquito-control","TruDefense :Mosquito Control for your yard | TruGreen","TruDefense :Mosquito Control for your yard | TruGreen","https://www.trugreen.com/products-and-services/trudefense-mosquito-control","1","https://www.trugreen.com/products-and-services/trudefense-mosquito-control","1","","200","https://www.trugreen.com/products-and-services/trudefense-mosquito-control","","","","0","1","TruDefense℠ Mosquito Control","0","main|header|footer","jsonld:1;types:Service;invalid:0;missing:","0","0","44","8","https://www.trugreen.com/lawn-care-101 | https://www.trugreen.com/lawn-care-101/learning-center | https://www.trugreen.com/newsroom | https://www.trugreen.com/pay-your-bill | https://www.trugreen.com/pests-products-and-services | https://www.trugreen.com/pga-tour | https://www.trugreen.com/products-and-services | https://www.trugreen.com/why-choose-trugreen/testimonials-and-ratings","","internal-links-missing-from-sitemap|duplicate-title",""
"chromium","2026-08-28T21:08:04.938Z","prod-release-2-7-2026-08-28","1-500","","https://www.trugreen.com/lawn-care-101/blog/pest-control/7-fall-pest-control-tips","https://www.trugreen.com/lawn-care-101/blog/pest-control/7-fall-pest-control-tips","200","200:https://www.trugreen.com/lawn-care-101/blog/pest-control/7-fall-pest-control-tips","Fall Pest Control Tips | TruGreen","Fall Pest Control Tips | TruGreen","https://www.trugreen.com/lawn-care-101/blog/pest-control/7-fall-pest-control-tips","1","https://www.trugreen.com/lawn-care-101/blog/pest-control/7-fall-pest-control-tips","1","","200","https://www.trugreen.com/lawn-care-101/blog/pest-control/7-fall-pest-control-tips","","","","0","1","7 Pest Control Tips for Fall","0","header|footer","jsonld:1;types:Article;invalid:0;missing:jsonld_0_missing_@context","0","0","47","10","https://www.trugreen.com/lawn-care-101 | https://www.trugreen.com/lawn-care-101/blog?topic=Pest+Control | https://www.trugreen.com/lawn-care-101/blog?type=Blog | https://www.trugreen.com/lawn-care-101/learning-center | https://www.trugreen.com/newsroom | https://www.trugreen.com/pay-your-bill | https://www.trugreen.com/pest-control/blog/how-get-rid-mosquitoes-your-yard | https://www.trugreen.com/pests-products-and-services | https://www.trugreen.com/pga-tour | https://www.trugreen.com/products-and-services","","missing-main|internal-links-missing-from-sitemap",""
"chromium","2026-08-28T21:08:04.938Z","prod-release-2-7-2026-08-28","1-500","","https://www.trugreen.com/lawn-care-101/blog/Safety-Lawn-trugreen","https://www.trugreen.com/lawn-care-101/blog/Safety-Lawn-trugreen","200","200:https://www.trugreen.com/lawn-care-101/blog/Safety-Lawn-trugreen","Safety Lawn + TruGreen | TruGreen","Safety Lawn + TruGreen | TruGreen","https://www.trugreen.com/lawn-care-101/blog/Safety-Lawn-trugreen","1","https://www.trugreen.com/lawn-care-101/blog/Safety-Lawn-trugreen","1","","200","https://www.trugreen.com/lawn-care-101/blog/Safety-Lawn-trugreen","","","","0","1","Safety Lawn + TruGreen","0","main|header|nav|footer","jsonld:0;types:;invalid:0;missing:","0","0","46","15","https://www.trugreen.com/chat/organic-promo | https://www.trugreen.com/lawn-care-101 | https://www.trugreen.com/lawn-care-101/learning-center | https://www.trugreen.com/my-account/account-settings | https://www.trugreen.com/my-account/account-summary | https://www.trugreen.com/my-account/my-documents | https://www.trugreen.com/my-account/my-services | https://www.trugreen.com/my-account/payments | https://www.trugreen.com/newsroom | https://www.trugreen.com/pay-your-bill | https://www.trugreen.com/pests-products-and-services | https://www.trugreen.com/pga-tour | https://www.trugreen.com/products-and-services | https://www.trugreen.com/products-and-services/tree-and-shrub-service | https://www.trugreen.com/why-choose-trugreen/testimonials-and-ratings","","internal-links-missing-from-sitemap",""
"chromium","2026-08-28T21:08:04.938Z","prod-release-2-7-2026-08-28","1-500","","https://www.trugreen.com/lawn-care-101/blog/starscape-trugreen","https://www.trugreen.com/lawn-care-101/blog/starscape-trugreen","200","200:https://www.trugreen.com/lawn-care-101/blog/starscape-trugreen","Starscape + Trugreen | TruGreen","Starscape + Trugreen | TruGreen","https://www.trugreen.com/lawn-care-101/blog/starscape-trugreen","1","https://www.trugreen.com/lawn-care-101/blog/starscape-trugreen","1","","200","https://www.trugreen.com/lawn-care-101/blog/starscape-trugreen","","","","0","1","Starscape + Trugreen","0","main|header|nav|footer","jsonld:0;types:;invalid:0;missing:","0","0","46","15","https://www.trugreen.com/chat/organic-promo | https://www.trugreen.com/lawn-care-101 | https://www.trugreen.com/lawn-care-101/learning-center | https://www.trugreen.com/my-account/account-settings | https://www.trugreen.com/my-account/account-summary | https://www.trugreen.com/my-account/my-documents | https://www.trugreen.com/my-account/my-services | https://www.trugreen.com/my-account/payments | https://www.trugreen.com/newsroom | https://www.trugreen.com/pay-your-bill | https://www.trugreen.com/pests-products-and-services | https://www.trugreen.com/pga-tour | https://www.trugreen.com/products-and-services | https://www.trugreen.com/products-and-services/tree-and-shrub-service | https://www.trugreen.com/why-choose-trugreen/testimonials-and-ratings","","internal-links-missing-from-sitemap",""
"chromium","2026-08-28T21:08:04.938Z","prod-release-2-7-2026-08-28","1-500","","https://www.trugreen.com/lawn-care-101/blog/tendercare-trugreen","https://www.trugreen.com/lawn-care-101/blog/tendercare-trugreen","200","200:https://www.trugreen.com/lawn-care-101/blog/tendercare-trugreen","TenderCare + TruGreen | TruGreen","TenderCare + TruGreen | TruGreen","https://www.trugreen.com/lawn-care-101/blog/tendercare-trugreen","1","https://www.trugreen.com/lawn-care-101/blog/tendercare-trugreen","1","","200","https://www.trugreen.com/lawn-care-101/blog/tendercare-trugreen","","","","0","1","TenderCare + TruGreen","0","main|header|nav|footer","jsonld:0;types:;invalid:0;missing:","0","0","46","15","https://www.trugreen.com/chat/organic-promo | https://www.trugreen.com/lawn-care-101 | https://www.trugreen.com/lawn-care-101/learning-center | https://www.trugreen.com/my-account/account-settings | https://www.trugreen.com/my-account/account-summary | https://www.trugreen.com/my-account/my-documents | https://www.trugreen.com/my-account/my-services | https://www.trugreen.com/my-account/payments | https://www.trugreen.com/newsroom | https://www.trugreen.com/pay-your-bill | https://www.trugreen.com/pests-products-and-services | https://www.trugreen.com/pga-tour | https://www.trugreen.com/products-and-services | https://www.trugreen.com/products-and-services/tree-and-shrub-service | https://www.trugreen.com/why-choose-trugreen/testimonials-and-ratings","","internal-links-missing-from-sitemap",""
"chromium","2026-08-28T21:08:04.938Z","prod-release-2-7-2026-08-28","1-500","","https://www.trugreen.com/lawn-care-101/blog/tree-and-shrub-care","https://www.trugreen.com/lawn-care-101/blog/tree-and-shrub-care","404","404:https://www.trugreen.com/lawn-care-101/blog/tree-and-shrub-care","","","","0","","0","","","","","","","0","0","","0","","jsonld:0;types:;invalid:0;missing:","0","0","0","0","","","missing-title|missing-canonical|raw-canonical-count-invalid|rendered-canonical-count-invalid|missing-h1|missing-main",""
"chromium","2026-08-28T21:08:04.938Z","prod-release-2-7-2026-08-28","1-500","","https://www.trugreen.com/lawn-care-101/blog/tree-and-shrub-care/7-ways-to-care-for-your-trees-this-spring","https://www.trugreen.com/lawn-care-101/blog/tree-and-shrub-care/tree-and-shrub-care-steps","200","301:https://www.trugreen.com/lawn-care-101/blog/tree-and-shrub-care/7-ways-to-care-for-your-trees-this-spring -> 200:https://www.trugreen.com/lawn-care-101/blog/tree-and-shrub-care/tree-and-shrub-care-steps","Tree and Shrub Care | TruGreen","Tree and Shrub Care | TruGreen","https://www.trugreen.com/lawn-care-101/blog/tree-and-shrub-care/tree-and-shrub-care-steps","1","https://www.trugreen.com/lawn-care-101/blog/tree-and-shrub-care/tree-and-shrub-care-steps","1","","200","https://www.trugreen.com/lawn-care-101/blog/tree-and-shrub-care/tree-and-shrub-care-steps","","","","0","1","Tree and Shrub Care: 5 Essential Steps for Healthy Trees and Shrubs","0","header|nav|footer","jsonld:1;types:Article;invalid:0;missing:jsonld_0_missing_@context","0","0","50","16","https://www.trugreen.com/lawn-care-101 | https://www.trugreen.com/lawn-care-101/blog?topic=Tree+%26+Shrub+Care | https://www.trugreen.com/lawn-care-101/blog?type=Blog | https://www.trugreen.com/lawn-care-101/blog/tree-shrub-care/tree-disease-treatment | https://www.trugreen.com/lawn-care-101/learning-center | https://www.trugreen.com/my-account/account-settings | https://www.trugreen.com/my-account/account-summary | https://www.trugreen.com/my-account/my-documents | https://www.trugreen.com/my-account/my-services | https://www.trugreen.com/my-account/payments | https://www.trugreen.com/newsroom | https://www.trugreen.com/pay-your-bill | https://www.trugreen.com/pests-products-and-services | https://www.trugreen.com/pga-tour | https://www.trugreen.com/products-and-services | https://www.trugreen.com/why-choose-trugreen/testimonials-and-ratings","","missing-main|internal-links-missing-from-sitemap|duplicate-title",""
"chromium","2026-08-28T21:08:04.938Z","prod-release-2-7-2026-08-28","1-500","","https://www.trugreen.com/lawn-care-101/blog/tree-and-shrub-care/benefits-of-pruning-your-trees","https://www.trugreen.com/lawn-care-101/blog/tree-and-shrub-care/benefits-of-pruning-your-trees","200","200:https://www.trugreen.com/lawn-care-101/blog/tree-and-shrub-care/benefits-of-pruning-your-trees","5 Benefits of Pruning and Trimming Trees | TruGreen","5 Benefits of Pruning and Trimming Trees | TruGreen","https://www.trugreen.com/lawn-care-101/blog/tree-and-shrub-care/benefits-of-pruning-your-trees","1","https://www.trugreen.com/lawn-care-101/blog/tree-and-shrub-care/benefits-of-pruning-your-trees","1","","200","https://www.trugreen.com/lawn-care-101/blog/tree-and-shrub-care/benefits-of-pruning-your-trees","","","","0","1","5 Ways Pruning Can Benefit Your Trees","0","header|nav|footer","jsonld:1;types:Article;invalid:0;missing:jsonld_0_missing_@context","0","0","51","16","https://www.trugreen.com/lawn-care-101 | https://www.trugreen.com/lawn-care-101/blog?topic=Tree+%26+Shrub+Care | https://www.trugreen.com/lawn-care-101/blog?type=Blog | https://www.trugreen.com/lawn-care-101/blog/tree-shrub-care/tree-disease-treatment | https://www.trugreen.com/lawn-care-101/learning-center | https://www.trugreen.com/my-account/account-settings | https://www.trugreen.com/my-account/account-summary | https://www.trugreen.com/my-account/my-documents | https://www.trugreen.com/my-account/my-services | https://www.trugreen.com/my-account/payments | https://www.trugreen.com/newsroom | https://www.trugreen.com/pay-your-bill | https://www.trugreen.com/pests-products-and-services | https://www.trugreen.com/pga-tour | https://www.trugreen.com/products-and-services | https://www.trugreen.com/why-choose-trugreen/testimonials-and-ratings","","missing-main|internal-links-missing-from-sitemap",""
"chromium","2026-08-28T21:08:04.938Z","prod-release-2-7-2026-08-28","1-500","","https://www.trugreen.com/lawn-care-101/blog/tree-and-shrub-care/best-plants-to-plant-in-winter","https://www.trugreen.com/lawn-care-101/blog/tree-and-shrub-care/tree-and-shrub-care-steps","200","301:https://www.trugreen.com/lawn-care-101/blog/tree-and-shrub-care/best-plants-to-plant-in-winter -> 200:https://www.trugreen.com/lawn-care-101/blog/tree-and-shrub-care/tree-and-shrub-care-steps","Tree and Shrub Care | TruGreen","Tree and Shrub Care | TruGreen","https://www.trugreen.com/lawn-care-101/blog/tree-and-shrub-care/tree-and-shrub-care-steps","1","https://www.trugreen.com/lawn-care-101/blog/tree-and-shrub-care/tree-and-shrub-care-steps","1","","200","https://www.trugreen.com/lawn-care-101/blog/tree-and-shrub-care/tree-and-shrub-care-steps","","","","0","1","Tree and Shrub Care: 5 Essential Steps for Healthy Trees and Shrubs","0","header|nav|footer","jsonld:1;types:Article;invalid:0;missing:jsonld_0_missing_@context","0","0","50","16","https://www.trugreen.com/lawn-care-101 | https://www.trugreen.com/lawn-care-101/blog?topic=Tree+%26+Shrub+Care | https://www.trugreen.com/lawn-care-101/blog?type=Blog | https://www.trugreen.com/lawn-care-101/blog/tree-shrub-care/tree-disease-treatment | https://www.trugreen.com/lawn-care-101/learning-center | https://www.trugreen.com/my-account/account-settings | https://www.trugreen.com/my-account/account-summary | https://www.trugreen.com/my-account/my-documents | https://www.trugreen.com/my-account/my-services | https://www.trugreen.com/my-account/payments | https://www.trugreen.com/newsroom | https://www.trugreen.com/pay-your-bill | https://www.trugreen.com/pests-products-and-services | https://www.trugreen.com/pga-tour | https://www.trugreen.com/products-and-services | https://www.trugreen.com/why-choose-trugreen/testimonials-and-ratings","","missing-main|internal-links-missing-from-sitemap|duplicate-title",""
"chromium","2026-08-28T21:08:04.938Z","prod-release-2-7-2026-08-28","1-500","","https://www.trugreen.com/lawn-care-101/blog/tree-and-shrub-care/blog-tree-and-shrub-care-5-things-threatening-you","https://www.trugreen.com/lawn-care-101/blog/tree-and-shrub-care/tree-and-shrub-care-steps","200","301:https://www.trugreen.com/lawn-care-101/blog/tree-and-shrub-care/blog-tree-and-shrub-care-5-things-threatening-you -> 200:https://www.trugreen.com/lawn-care-101/blog/tree-and-shrub-care/tree-and-shrub-care-steps","Tree and Shrub Care | TruGreen","Tree and Shrub Care | TruGreen","https://www.trugreen.com/lawn-care-101/blog/tree-and-shrub-care/tree-and-shrub-care-steps","1","https://www.trugreen.com/lawn-care-101/blog/tree-and-shrub-care/tree-and-shrub-care-steps","1","","200","https://www.trugreen.com/lawn-care-101/blog/tree-and-shrub-care/tree-and-shrub-care-steps","","","","0","1","Tree and Shrub Care: 5 Essential Steps for Healthy Trees and Shrubs","0","header|nav|footer","jsonld:1;types:Article;invalid:0;missing:jsonld_0_missing_@context","0","0","50","16","https://www.trugreen.com/lawn-care-101 | https://www.trugreen.com/lawn-care-101/blog?topic=Tree+%26+Shrub+Care | https://www.trugreen.com/lawn-care-101/blog?type=Blog | https://www.trugreen.com/lawn-care-101/blog/tree-shrub-care/tree-disease-treatment | https://www.trugreen.com/lawn-care-101/learning-center | https://www.trugreen.com/my-account/account-settings | https://www.trugreen.com/my-account/account-summary | https://www.trugreen.com/my-account/my-documents | https://www.trugreen.com/my-account/my-services | https://www.trugreen.com/my-account/payments | https://www.trugreen.com/newsroom | https://www.trugreen.com/pay-your-bill | https://www.trugreen.com/pests-products-and-services | https://www.trugreen.com/pga-tour | https://www.trugreen.com/products-and-services | https://www.trugreen.com/why-choose-trugreen/testimonials-and-ratings","","missing-main|internal-links-missing-from-sitemap|duplicate-title",""
"chromium","2026-08-28T21:08:04.938Z","prod-release-2-7-2026-08-28","1-500","","https://www.trugreen.com/lawn-care-101/blog/tree-and-shrub-care/do-i-need-professional-tree-service","https://www.trugreen.com/lawn-care-101/blog/tree-and-shrub-care/what-to-expect-from-your-shrub-and-tree-service","200","301:https://www.trugreen.com/lawn-care-101/blog/tree-and-shrub-care/do-i-need-professional-tree-service -> 200:https://www.trugreen.com/lawn-care-101/blog/tree-and-shrub-care/what-to-expect-from-your-shrub-and-tree-service","What to Expect from Your Tree &amp; Shrub Service | TruGreen","What to Expect from Your Tree & Shrub Service | TruGreen","https://www.trugreen.com/lawn-care-101/blog/tree-and-shrub-care/what-to-expect-from-your-shrub-and-tree-service","1","https://www.trugreen.com/lawn-care-101/blog/tree-and-shrub-care/what-to-expect-from-your-shrub-and-tree-service","1","","200","https://www.trugreen.com/lawn-care-101/blog/tree-and-shrub-care/what-to-expect-from-your-shrub-and-tree-service","","","","0","1","What to Expect from Your Shrub and Tree Care Service","0","header|nav|footer","jsonld:1;types:Article;invalid:0;missing:jsonld_0_missing_@context","0","0","49","16","https://www.trugreen.com/lawn-care-101 | https://www.trugreen.com/lawn-care-101/blog?topic=Tree+%26+Shrub+Care | https://www.trugreen.com/lawn-care-101/blog?type=Blog | https://www.trugreen.com/lawn-care-101/blog/tree-shrub-care/tree-disease-treatment | https://www.trugreen.com/lawn-care-101/learning-center | https://www.trugreen.com/my-account/account-settings | https://www.trugreen.com/my-account/account-summary | https://www.trugreen.com/my-account/my-documents | https://www.trugreen.com/my-account/my-services | https://www.trugreen.com/my-account/payments | https://www.trugreen.com/newsroom | https://www.trugreen.com/pay-your-bill | https://www.trugreen.com/pests-products-and-services | https://www.trugreen.com/pga-tour | https://www.trugreen.com/products-and-services | https://www.trugreen.com/why-choose-trugreen/testimonials-and-ratings","","missing-main|internal-links-missing-from-sitemap|duplicate-title",""
"chromium","2026-08-28T21:08:04.938Z","prod-release-2-7-2026-08-28","1-500","","https://www.trugreen.com/lawn-care-101/blog/tree-and-shrub-care/how-to-water-your-trees-this-summer","https://www.trugreen.com/lawn-care-101/blog/tree-and-shrub-care/tree-and-shrub-care-steps","200","301:https://www.trugreen.com/lawn-care-101/blog/tree-and-shrub-care/how-to-water-your-trees-this-summer -> 200:https://www.trugreen.com/lawn-care-101/blog/tree-and-shrub-care/tree-and-shrub-care-steps","Tree and Shrub Care | TruGreen","Tree and Shrub Care | TruGreen","https://www.trugreen.com/lawn-care-101/blog/tree-and-shrub-care/tree-and-shrub-care-steps","1","https://www.trugreen.com/lawn-care-101/blog/tree-and-shrub-care/tree-and-shrub-care-steps","1","","200","https://www.trugreen.com/lawn-care-101/blog/tree-and-shrub-care/tree-and-shrub-care-steps","","","","0","1","Tree and Shrub Care: 5 Essential Steps for Healthy Trees and Shrubs","0","header|nav|footer","jsonld:1;types:Article;invalid:0;missing:jsonld_0_missing_@context","0","0","50","16","https://www.trugreen.com/lawn-care-101 | https://www.trugreen.com/lawn-care-101/blog?topic=Tree+%26+Shrub+Care | https://www.trugreen.com/lawn-care-101/blog?type=Blog | https://www.trugreen.com/lawn-care-101/blog/tree-shrub-care/tree-disease-treatment | https://www.trugreen.com/lawn-care-101/learning-center | https://www.trugreen.com/my-account/account-settings | https://www.trugreen.com/my-account/account-summary | https://www.trugreen.com/my-account/my-documents | https://www.trugreen.com/my-account/my-services | https://www.trugreen.com/my-account/payments | https://www.trugreen.com/newsroom | https://www.trugreen.com/pay-your-bill | https://www.trugreen.com/pests-products-and-services | https://www.trugreen.com/pga-tour | https://www.trugreen.com/products-and-services | https://www.trugreen.com/why-choose-trugreen/testimonials-and-ratings","","missing-main|internal-links-missing-from-sitemap|duplicate-title",""
"chromium","2026-08-28T21:08:04.938Z","prod-release-2-7-2026-08-28","1-500","","https://www.trugreen.com/lawn-care-101/blog/tree-and-shrub-care/iron-deficiency-in-trees-and-shrubs","https://www.trugreen.com/lawn-care-101/blog/tree-and-shrub-care/tree-and-shrub-care-steps","200","301:https://www.trugreen.com/lawn-care-101/blog/tree-and-shrub-care/iron-deficiency-in-trees-and-shrubs -> 200:https://www.trugreen.com/lawn-care-101/blog/tree-and-shrub-care/tree-and-shrub-care-steps","Tree and Shrub Care | TruGreen","Tree and Shrub Care | TruGreen","https://www.trugreen.com/lawn-care-101/blog/tree-and-shrub-care/tree-and-shrub-care-steps","1","https://www.trugreen.com/lawn-care-101/blog/tree-and-shrub-care/tree-and-shrub-care-steps","1","","200","https://www.trugreen.com/lawn-care-101/blog/tree-and-shrub-care/tree-and-shrub-care-steps","","","","0","1","Tree and Shrub Care: 5 Essential Steps for Healthy Trees and Shrubs","0","header|nav|footer","jsonld:1;types:Article;invalid:0;missing:jsonld_0_missing_@context","0","0","50","16","https://www.trugreen.com/lawn-care-101 | https://www.trugreen.com/lawn-care-101/blog?topic=Tree+%26+Shrub+Care | https://www.trugreen.com/lawn-care-101/blog?type=Blog | https://www.trugreen.com/lawn-care-101/blog/tree-shrub-care/tree-disease-treatment | https://www.trugreen.com/lawn-care-101/learning-center | https://www.trugreen.com/my-account/account-settings | https://www.trugreen.com/my-account/account-summary | https://www.trugreen.com/my-account/my-documents | https://www.trugreen.com/my-account/my-services | https://www.trugreen.com/my-account/payments | https://www.trugreen.com/newsroom | https://www.trugreen.com/pay-your-bill | https://www.trugreen.com/pests-products-and-services | https://www.trugreen.com/pga-tour | https://www.trugreen.com/products-and-services | https://www.trugreen.com/why-choose-trugreen/testimonials-and-ratings","","missing-main|internal-links-missing-from-sitemap|duplicate-title",""
"chromium","2026-08-28T21:08:04.938Z","prod-release-2-7-2026-08-28","1-500","","https://www.trugreen.com/lawn-care-101/blog/tree-and-shrub-care/lawn-maintenance-and-you-tree-and-shrub-services","https://www.trugreen.com/lawn-care-101/blog/tree-and-shrub-care/what-to-expect-from-your-shrub-and-tree-service","200","301:https://www.trugreen.com/lawn-care-101/blog/tree-and-shrub-care/lawn-maintenance-and-you-tree-and-shrub-services -> 200:https://www.trugreen.com/lawn-care-101/blog/tree-and-shrub-care/what-to-expect-from-your-shrub-and-tree-service","What to Expect from Your Tree &amp; Shrub Service | TruGreen","What to Expect from Your Tree & Shrub Service | TruGreen","https://www.trugreen.com/lawn-care-101/blog/tree-and-shrub-care/what-to-expect-from-your-shrub-and-tree-service","1","https://www.trugreen.com/lawn-care-101/blog/tree-and-shrub-care/what-to-expect-from-your-shrub-and-tree-service","1","","200","https://www.trugreen.com/lawn-care-101/blog/tree-and-shrub-care/what-to-expect-from-your-shrub-and-tree-service","","","","0","1","What to Expect from Your Shrub and Tree Care Service","0","header|nav|footer","jsonld:1;types:Article;invalid:0;missing:jsonld_0_missing_@context","0","0","49","16","https://www.trugreen.com/lawn-care-101 | https://www.trugreen.com/lawn-care-101/blog?topic=Tree+%26+Shrub+Care | https://www.trugreen.com/lawn-care-101/blog?type=Blog | https://www.trugreen.com/lawn-care-101/blog/tree-shrub-care/tree-disease-treatment | https://www.trugreen.com/lawn-care-101/learning-center | https://www.trugreen.com/my-account/account-settings | https://www.trugreen.com/my-account/account-summary | https://www.trugreen.com/my-account/my-documents | https://www.trugreen.com/my-account/my-services | https://www.trugreen.com/my-account/payments | https://www.trugreen.com/newsroom | https://www.trugreen.com/pay-your-bill | https://www.trugreen.com/pests-products-and-services | https://www.trugreen.com/pga-tour | https://www.trugreen.com/products-and-services | https://www.trugreen.com/why-choose-trugreen/testimonials-and-ratings","","missing-main|internal-links-missing-from-sitemap|duplicate-title",""
"chromium","2026-08-28T21:08:04.938Z","prod-release-2-7-2026-08-28","1-500","","https://www.trugreen.com/lawn-care-101/blog/tree-and-shrub-care/protecting-your-investment","https://www.trugreen.com/lawn-care-101/blog/tree-and-shrub-care/tree-and-shrub-care-steps","200","301:https://www.trugreen.com/lawn-care-101/blog/tree-and-shrub-care/protecting-your-investment -> 200:https://www.trugreen.com/lawn-care-101/blog/tree-and-shrub-care/tree-and-shrub-care-steps","Tree and Shrub Care | TruGreen","Tree and Shrub Care | TruGreen","https://www.trugreen.com/lawn-care-101/blog/tree-and-shrub-care/tree-and-shrub-care-steps","1","https://www.trugreen.com/lawn-care-101/blog/tree-and-shrub-care/tree-and-shrub-care-steps","1","","200","https://www.trugreen.com/lawn-care-101/blog/tree-and-shrub-care/tree-and-shrub-care-steps","","","","0","1","Tree and Shrub Care: 5 Essential Steps for Healthy Trees and Shrubs","0","header|nav|footer","jsonld:1;types:Article;invalid:0;missing:jsonld_0_missing_@context","0","0","50","16","https://www.trugreen.com/lawn-care-101 | https://www.trugreen.com/lawn-care-101/blog?topic=Tree+%26+Shrub+Care | https://www.trugreen.com/lawn-care-101/blog?type=Blog | https://www.trugreen.com/lawn-care-101/blog/tree-shrub-care/tree-disease-treatment | https://www.trugreen.com/lawn-care-101/learning-center | https://www.trugreen.com/my-account/account-settings | https://www.trugreen.com/my-account/account-summary | https://www.trugreen.com/my-account/my-documents | https://www.trugreen.com/my-account/my-services | https://www.trugreen.com/my-account/payments | https://www.trugreen.com/newsroom | https://www.trugreen.com/pay-your-bill | https://www.trugreen.com/pests-products-and-services | https://www.trugreen.com/pga-tour | https://www.trugreen.com/products-and-services | https://www.trugreen.com/why-choose-trugreen/testimonials-and-ratings","","missing-main|internal-links-missing-from-sitemap|duplicate-title",""
"chromium","2026-08-28T21:08:04.938Z","prod-release-2-7-2026-08-28","1-500","","https://www.trugreen.com/lawn-care-101/blog/tree-and-shrub-care/the-emerald-ash-borer-tree-service-from-trugreen","https://www.trugreen.com/lawn-care-101/blog/tree-and-shrub-care/the-emerald-ash-borer-tree-service-from-trugreen","200","200:https://www.trugreen.com/lawn-care-101/blog/tree-and-shrub-care/the-emerald-ash-borer-tree-service-from-trugreen","Emerald Ash Borer Treatment | TruGreen","Emerald Ash Borer Treatment | TruGreen","https://www.trugreen.com/lawn-care-101/blog/tree-and-shrub-care/the-emerald-ash-borer-tree-service-from-trugreen","1","https://www.trugreen.com/lawn-care-101/blog/tree-and-shrub-care/the-emerald-ash-borer-tree-service-from-trugreen","1","","200","https://www.trugreen.com/lawn-care-101/blog/tree-and-shrub-care/the-emerald-ash-borer-tree-service-from-trugreen","","","","0","1","Emerald Ash Borer Treatment: How TruGreen Tree Care Helps Protect Your Ash Trees","0","header|nav|footer","jsonld:1;types:Article;invalid:0;missing:jsonld_0_missing_@context","0","0","49","16","https://www.trugreen.com/lawn-care-101 | https://www.trugreen.com/lawn-care-101/blog?topic=Tree+%26+Shrub+Care | https://www.trugreen.com/lawn-care-101/blog?type=Blog | https://www.trugreen.com/lawn-care-101/blog/tree-shrub-care/tree-disease-treatment | https://www.trugreen.com/lawn-care-101/learning-center | https://www.trugreen.com/my-account/account-settings | https://www.trugreen.com/my-account/account-summary | https://www.trugreen.com/my-account/my-documents | https://www.trugreen.com/my-account/my-services | https://www.trugreen.com/my-account/payments | https://www.trugreen.com/newsroom | https://www.trugreen.com/pay-your-bill | https://www.trugreen.com/pests-products-and-services | https://www.trugreen.com/pga-tour | https://www.trugreen.com/products-and-services | https://www.trugreen.com/why-choose-trugreen/testimonials-and-ratings","","missing-main|internal-links-missing-from-sitemap",""
"chromium","2026-08-28T21:08:04.938Z","prod-release-2-7-2026-08-28","1-500","","https://www.trugreen.com/lawn-care-101/blog/tree-and-shrub-care/tree-and-shrub-care-steps","https://www.trugreen.com/lawn-care-101/blog/tree-and-shrub-care/tree-and-shrub-care-steps","200","200:https://www.trugreen.com/lawn-care-101/blog/tree-and-shrub-care/tree-and-shrub-care-steps","Tree and Shrub Care | TruGreen","Tree and Shrub Care | TruGreen","https://www.trugreen.com/lawn-care-101/blog/tree-and-shrub-care/tree-and-shrub-care-steps","1","https://www.trugreen.com/lawn-care-101/blog/tree-and-shrub-care/tree-and-shrub-care-steps","1","","200","https://www.trugreen.com/lawn-care-101/blog/tree-and-shrub-care/tree-and-shrub-care-steps","","","","0","1","Tree and Shrub Care: 5 Essential Steps for Healthy Trees and Shrubs","0","header|nav|footer","jsonld:1;types:Article;invalid:0;missing:jsonld_0_missing_@context","0","0","50","16","https://www.trugreen.com/lawn-care-101 | https://www.trugreen.com/lawn-care-101/blog?topic=Tree+%26+Shrub+Care | https://www.trugreen.com/lawn-care-101/blog?type=Blog | https://www.trugreen.com/lawn-care-101/blog/tree-shrub-care/tree-disease-treatment | https://www.trugreen.com/lawn-care-101/learning-center | https://www.trugreen.com/my-account/account-settings | https://www.trugreen.com/my-account/account-summary | https://www.trugreen.com/my-account/my-documents | https://www.trugreen.com/my-account/my-services | https://www.trugreen.com/my-account/payments | https://www.trugreen.com/newsroom | https://www.trugreen.com/pay-your-bill | https://www.trugreen.com/pests-products-and-services | https://www.trugreen.com/pga-tour | https://www.trugreen.com/products-and-services | https://www.trugreen.com/why-choose-trugreen/testimonials-and-ratings","","missing-main|internal-links-missing-from-sitemap|duplicate-title",""
"chromium","2026-08-28T21:08:04.938Z","prod-release-2-7-2026-08-28","1-500","","https://www.trugreen.com/lawn-care-101/blog/tree-and-shrub-care/tree-service-overwintering-plants-and-shrubs-%281%29","https://www.trugreen.com/lawn-care-101/blog/lawn-care-tips/protect-your-trees-and-shrubs-from-frost","200","301:https://www.trugreen.com/lawn-care-101/blog/tree-and-shrub-care/tree-service-overwintering-plants-and-shrubs-%281%29 -> 200:https://www.trugreen.com/lawn-care-101/blog/lawn-care-tips/protect-your-trees-and-shrubs-from-frost","How to Protect Trees from Frost | TruGreen","How to Protect Trees from Frost | TruGreen","https://www.trugreen.com/lawn-care-101/blog/lawn-care-tips/protect-your-trees-and-shrubs-from-frost","1","https://www.trugreen.com/lawn-care-101/blog/lawn-care-tips/protect-your-trees-and-shrubs-from-frost","1","","200","https://www.trugreen.com/lawn-care-101/blog/lawn-care-tips/protect-your-trees-and-shrubs-from-frost","","","","0","1","How to Protect Trees from Frost Damage","0","header|nav|footer","jsonld:1;types:Article;invalid:0;missing:jsonld_0_missing_@context","0","0","51","16","https://www.trugreen.com/lawn-care-101 | https://www.trugreen.com/lawn-care-101/blog?topic=Tree+%26+Shrub+Care | https://www.trugreen.com/lawn-care-101/blog?type=Blog | https://www.trugreen.com/lawn-care-101/blog/tree-shrub-care/tree-disease-treatment | https://www.trugreen.com/lawn-care-101/learning-center | https://www.trugreen.com/my-account/account-settings | https://www.trugreen.com/my-account/account-summary | https://www.trugreen.com/my-account/my-documents | https://www.trugreen.com/my-account/my-services | https://www.trugreen.com/my-account/payments | https://www.trugreen.com/newsroom | https://www.trugreen.com/pay-your-bill | https://www.trugreen.com/pests-products-and-services | https://www.trugreen.com/pga-tour | https://www.trugreen.com/products-and-services | https://www.trugreen.com/why-choose-trugreen/testimonials-and-ratings","","missing-main|internal-links-missing-from-sitemap|duplicate-title",""
"chromium","2026-08-28T21:08:04.938Z","prod-release-2-7-2026-08-28","1-500","","https://www.trugreen.com/lawn-care-101/blog/tree-and-shrub-care/tree-service-why-do-i-need-it","https://www.trugreen.com/lawn-care-101/blog/tree-and-shrub-care/what-to-expect-from-your-shrub-and-tree-service","200","301:https://www.trugreen.com/lawn-care-101/blog/tree-and-shrub-care/tree-service-why-do-i-need-it -> 200:https://www.trugreen.com/lawn-care-101/blog/tree-and-shrub-care/what-to-expect-from-your-shrub-and-tree-service","What to Expect from Your Tree &amp; Shrub Service | TruGreen","What to Expect from Your Tree & Shrub Service | TruGreen","https://www.trugreen.com/lawn-care-101/blog/tree-and-shrub-care/what-to-expect-from-your-shrub-and-tree-service","1","https://www.trugreen.com/lawn-care-101/blog/tree-and-shrub-care/what-to-expect-from-your-shrub-and-tree-service","1","","200","https://www.trugreen.com/lawn-care-101/blog/tree-and-shrub-care/what-to-expect-from-your-shrub-and-tree-service","","","","0","1","What to Expect from Your Shrub and Tree Care Service","0","header|nav|footer","jsonld:1;types:Article;invalid:0;missing:jsonld_0_missing_@context","0","0","49","16","https://www.trugreen.com/lawn-care-101 | https://www.trugreen.com/lawn-care-101/blog?topic=Tree+%26+Shrub+Care | https://www.trugreen.com/lawn-care-101/blog?type=Blog | https://www.trugreen.com/lawn-care-101/blog/tree-shrub-care/tree-disease-treatment | https://www.trugreen.com/lawn-care-101/learning-center | https://www.trugreen.com/my-account/account-settings | https://www.trugreen.com/my-account/account-summary | https://www.trugreen.com/my-account/my-documents | https://www.trugreen.com/my-account/my-services | https://www.trugreen.com/my-account/payments | https://www.trugreen.com/newsroom | https://www.trugreen.com/pay-your-bill | https://www.trugreen.com/pests-products-and-services | https://www.trugreen.com/pga-tour | https://www.trugreen.com/products-and-services | https://www.trugreen.com/why-choose-trugreen/testimonials-and-ratings","","missing-main|internal-links-missing-from-sitemap|duplicate-title",""
"chromium","2026-08-28T21:08:04.938Z","prod-release-2-7-2026-08-28","1-500","","https://www.trugreen.com/lawn-care-101/blog/tree-and-shrub-care/what-to-expect-from-your-shrub-and-tree-service","https://www.trugreen.com/lawn-care-101/blog/tree-and-shrub-care/what-to-expect-from-your-shrub-and-tree-service","200","200:https://www.trugreen.com/lawn-care-101/blog/tree-and-shrub-care/what-to-expect-from-your-shrub-and-tree-service","What to Expect from Your Tree &amp; Shrub Service | TruGreen","What to Expect from Your Tree & Shrub Service | TruGreen","https://www.trugreen.com/lawn-care-101/blog/tree-and-shrub-care/what-to-expect-from-your-shrub-and-tree-service","1","https://www.trugreen.com/lawn-care-101/blog/tree-and-shrub-care/what-to-expect-from-your-shrub-and-tree-service","1","","200","https://www.trugreen.com/lawn-care-101/blog/tree-and-shrub-care/what-to-expect-from-your-shrub-and-tree-service","","","","0","1","What to Expect from Your Shrub and Tree Care Service","0","header|nav|footer","jsonld:1;types:Article;invalid:0;missing:jsonld_0_missing_@context","0","0","49","16","https://www.trugreen.com/lawn-care-101 | https://www.trugreen.com/lawn-care-101/blog?topic=Tree+%26+Shrub+Care | https://www.trugreen.com/lawn-care-101/blog?type=Blog | https://www.trugreen.com/lawn-care-101/blog/tree-shrub-care/tree-disease-treatment | https://www.trugreen.com/lawn-care-101/learning-center | https://www.trugreen.com/my-account/account-settings | https://www.trugreen.com/my-account/account-summary | https://www.trugreen.com/my-account/my-documents | https://www.trugreen.com/my-account/my-services | https://www.trugreen.com/my-account/payments | https://www.trugreen.com/newsroom | https://www.trugreen.com/pay-your-bill | https://www.trugreen.com/pests-products-and-services | https://www.trugreen.com/pga-tour | https://www.trugreen.com/products-and-services | https://www.trugreen.com/why-choose-trugreen/testimonials-and-ratings","","missing-main|internal-links-missing-from-sitemap|duplicate-title",""
"chromium","2026-08-28T21:08:04.938Z","prod-release-2-7-2026-08-28","1-500","","https://www.trugreen.com/lawn-care-101/blog/tree-and-shrub-care/which-tree-services-do-i-need","https://www.trugreen.com/lawn-care-101/blog/tree-and-shrub-care/tree-and-shrub-care-steps","200","301:https://www.trugreen.com/lawn-care-101/blog/tree-and-shrub-care/which-tree-services-do-i-need -> 200:https://www.trugreen.com/lawn-care-101/blog/tree-and-shrub-care/tree-and-shrub-care-steps","Tree and Shrub Care | TruGreen","Tree and Shrub Care | TruGreen","https://www.trugreen.com/lawn-care-101/blog/tree-and-shrub-care/tree-and-shrub-care-steps","1","https://www.trugreen.com/lawn-care-101/blog/tree-and-shrub-care/tree-and-shrub-care-steps","1","","200","https://www.trugreen.com/lawn-care-101/blog/tree-and-shrub-care/tree-and-shrub-care-steps","","","","0","1","Tree and Shrub Care: 5 Essential Steps for Healthy Trees and Shrubs","0","header|nav|footer","jsonld:1;types:Article;invalid:0;missing:jsonld_0_missing_@context","0","0","50","16","https://www.trugreen.com/lawn-care-101 | https://www.trugreen.com/lawn-care-101/blog?topic=Tree+%26+Shrub+Care | https://www.trugreen.com/lawn-care-101/blog?type=Blog | https://www.trugreen.com/lawn-care-101/blog/tree-shrub-care/tree-disease-treatment | https://www.trugreen.com/lawn-care-101/learning-center | https://www.trugreen.com/my-account/account-settings | https://www.trugreen.com/my-account/account-summary | https://www.trugreen.com/my-account/my-documents | https://www.trugreen.com/my-account/my-services | https://www.trugreen.com/my-account/payments | https://www.trugreen.com/newsroom | https://www.trugreen.com/pay-your-bill | https://www.trugreen.com/pests-products-and-services | https://www.trugreen.com/pga-tour | https://www.trugreen.com/products-and-services | https://www.trugreen.com/why-choose-trugreen/testimonials-and-ratings","","missing-main|internal-links-missing-from-sitemap|duplicate-title",""
"chromium","2026-08-28T21:08:04.938Z","prod-release-2-7-2026-08-28","1-500","","https://www.trugreen.com/lawn-care-101/blog/tree-and-shrub-care/which-tree-services-will-i-need-this-fall","https://www.trugreen.com/lawn-care-101/blog/tree-and-shrub-care/tree-and-shrub-care-steps","200","301:https://www.trugreen.com/lawn-care-101/blog/tree-and-shrub-care/which-tree-services-will-i-need-this-fall -> 200:https://www.trugreen.com/lawn-care-101/blog/tree-and-shrub-care/tree-and-shrub-care-steps","Tree and Shrub Care | TruGreen","Tree and Shrub Care | TruGreen","https://www.trugreen.com/lawn-care-101/blog/tree-and-shrub-care/tree-and-shrub-care-steps","1","https://www.trugreen.com/lawn-care-101/blog/tree-and-shrub-care/tree-and-shrub-care-steps","1","","200","https://www.trugreen.com/lawn-care-101/blog/tree-and-shrub-care/tree-and-shrub-care-steps","","","","0","1","Tree and Shrub Care: 5 Essential Steps for Healthy Trees and Shrubs","0","header|nav|footer","jsonld:1;types:Article;invalid:0;missing:jsonld_0_missing_@context","0","0","50","16","https://www.trugreen.com/lawn-care-101 | https://www.trugreen.com/lawn-care-101/blog?topic=Tree+%26+Shrub+Care | https://www.trugreen.com/lawn-care-101/blog?type=Blog | https://www.trugreen.com/lawn-care-101/blog/tree-shrub-care/tree-disease-treatment | https://www.trugreen.com/lawn-care-101/learning-center | https://www.trugreen.com/my-account/account-settings | https://www.trugreen.com/my-account/account-summary | https://www.trugreen.com/my-account/my-documents | https://www.trugreen.com/my-account/my-services | https://www.trugreen.com/my-account/payments | https://www.trugreen.com/newsroom | https://www.trugreen.com/pay-your-bill | https://www.trugreen.com/pests-products-and-services | https://www.trugreen.com/pga-tour | https://www.trugreen.com/products-and-services | https://www.trugreen.com/why-choose-trugreen/testimonials-and-ratings","","missing-main|internal-links-missing-from-sitemap|duplicate-title",""
"chromium","2026-08-28T21:08:04.938Z","prod-release-2-7-2026-08-28","1-500","","https://www.trugreen.com/lawn-care-101/blog/tree-and-shrub-care/winter-injury","https://www.trugreen.com/lawn-care-101/blog/lawn-care-tips/protect-your-trees-and-shrubs-from-frost","200","301:https://www.trugreen.com/lawn-care-101/blog/tree-and-shrub-care/winter-injury -> 200:https://www.trugreen.com/lawn-care-101/blog/lawn-care-tips/protect-your-trees-and-shrubs-from-frost","How to Protect Trees from Frost | TruGreen","How to Protect Trees from Frost | TruGreen","https://www.trugreen.com/lawn-care-101/blog/lawn-care-tips/protect-your-trees-and-shrubs-from-frost","1","https://www.trugreen.com/lawn-care-101/blog/lawn-care-tips/protect-your-trees-and-shrubs-from-frost","1","","200","https://www.trugreen.com/lawn-care-101/blog/lawn-care-tips/protect-your-trees-and-shrubs-from-frost","","","","0","1","How to Protect Trees from Frost Damage","0","header|nav|footer","jsonld:1;types:Article;invalid:0;missing:jsonld_0_missing_@context","0","0","51","16","https://www.trugreen.com/lawn-care-101 | https://www.trugreen.com/lawn-care-101/blog?topic=Tree+%26+Shrub+Care | https://www.trugreen.com/lawn-care-101/blog?type=Blog | https://www.trugreen.com/lawn-care-101/blog/tree-shrub-care/tree-disease-treatment | https://www.trugreen.com/lawn-care-101/learning-center | https://www.trugreen.com/my-account/account-settings | https://www.trugreen.com/my-account/account-summary | https://www.trugreen.com/my-account/my-documents | https://www.trugreen.com/my-account/my-services | https://www.trugreen.com/my-account/payments | https://www.trugreen.com/newsroom | https://www.trugreen.com/pay-your-bill | https://www.trugreen.com/pests-products-and-services | https://www.trugreen.com/pga-tour | https://www.trugreen.com/products-and-services | https://www.trugreen.com/why-choose-trugreen/testimonials-and-ratings","","missing-main|internal-links-missing-from-sitemap|duplicate-title",""
"chromium","2026-08-28T21:08:04.938Z","prod-release-2-7-2026-08-28","1-500","","https://www.trugreen.com/lawn-care-101/blog/trugreen-community-and-partnerships","https://www.trugreen.com/lawn-care-101/blog/trugreen-community-and-partnerships","404","404:https://www.trugreen.com/lawn-care-101/blog/trugreen-community-and-partnerships","","","","0","","0","","","","","","","0","0","","0","","jsonld:0;types:;invalid:0;missing:","0","0","0","0","","","missing-title|missing-canonical|raw-canonical-count-invalid|rendered-canonical-count-invalid|missing-h1|missing-main",""
"chromium","2026-08-28T21:08:04.938Z","prod-release-2-7-2026-08-28","1-500","","https://www.trugreen.com/lawn-care-101/blog/trugreen-community-and-partnerships/20-ways-to-unplug-and-unwind","https://www.trugreen.com/lawn-care-101/blog/lawn-care-tips/why-being-outside-good-your-mental-health","200","301:https://www.trugreen.com/lawn-care-101/blog/trugreen-community-and-partnerships/20-ways-to-unplug-and-unwind -> 200:https://www.trugreen.com/lawn-care-101/blog/lawn-care-tips/why-being-outside-good-your-mental-health","Why Is Being Outside Good for Your Mental Health? | TruGreen","Why Is Being Outside Good for Your Mental Health? | TruGreen","https://www.trugreen.com/lawn-care-101/blog/lawn-care-tips/why-being-outside-good-your-mental-health","1","https://www.trugreen.com/lawn-care-101/blog/lawn-care-tips/why-being-outside-good-your-mental-health","1","","200","https://www.trugreen.com/lawn-care-101/blog/lawn-care-tips/why-being-outside-good-your-mental-health","","","","0","1","Being Outside and Mental Health: How to Boost Your Well-Being","0","header|nav|footer","jsonld:1;types:Article;invalid:0;missing:jsonld_0_missing_@context","0","0","46","11","https://www.trugreen.com/lawn-care-101 | https://www.trugreen.com/lawn-care-101/blog?topic=Beyond+the+Lawn | https://www.trugreen.com/lawn-care-101/blog?type=Blog | https://www.trugreen.com/lawn-care-101/learning-center | https://www.trugreen.com/my-account/account-summary | https://www.trugreen.com/newsroom | https://www.trugreen.com/pay-your-bill | https://www.trugreen.com/pests-products-and-services | https://www.trugreen.com/pga-tour | https://www.trugreen.com/products-and-services | https://www.trugreen.com/why-choose-trugreen/testimonials-and-ratings","","missing-main|internal-links-missing-from-sitemap|duplicate-title",""
"chromium","2026-08-28T21:08:04.938Z","prod-release-2-7-2026-08-28","1-500","","https://www.trugreen.com/lawn-care-101/blog/trugreen-community-and-partnerships/arbor-day-foundation-partnership","https://www.trugreen.com/lawn-care-101/blog","200","301:https://www.trugreen.com/lawn-care-101/blog/trugreen-community-and-partnerships/arbor-day-foundation-partnership -> 200:https://www.trugreen.com/lawn-care-101/blog","TruGreen Blog | TruGreen","TruGreen Blog | TruGreen","https://www.trugreen.com/lawn-care-101/blog","1","https://www.trugreen.com/lawn-care-101/blog","1","","200","https://www.trugreen.com/lawn-care-101/blog","","","","0","1","Looking for advice?Turn to the experts.","0","main|header|footer","jsonld:1;types:Blog|BreadcrumbList|CollectionPage;invalid:0;missing:","0","0","86","22","https://www.trugreen.com/lawn-care-101 | https://www.trugreen.com/lawn-care-101/blog/beyond-lawn/hosting-backyard-party | https://www.trugreen.com/lawn-care-101/blog/consistent-lawn-care | https://www.trugreen.com/lawn-care-101/blog/lawn-care/lawn-care-myths | https://www.trugreen.com/lawn-care-101/blog/lawn-care/lawn-care-vs-landscaping | https://www.trugreen.com/lawn-care-101/blog/lawn-care/lawn-mowing-spread-weeds | https://www.trugreen.com/lawn-care-101/blog/lawn-care/what-lawn-need-thrive | https://www.trugreen.com/lawn-care-101/blog/lawn-care/what-my-lawn-need | https://www.trugreen.com/lawn-care-101/blog/lawn-care/when-aerate-and-overseed-northeast | https://www.trugreen.com/lawn-care-101/blog/lawn-damage/lawn-care-signs-stress | https://www.trugreen.com/lawn-care-101/blog/pest-control/how-control-fleas-yard | https://www.trugreen.com/lawn-care-101/blog/tree-shrub-care/tree-disease-treatment | https://www.trugreen.com/lawn-care-101/blog/weed-control/control-wild-violets | https://www.trugreen.com/lawn-care-101/blog/weed-control/how-control-clover-lawn | https://www.trugreen.com/lawn-care-101/blog/weed-control/weeds-from-coming-back | https://www.trugreen.com/lawn-care-101/learning-center | https://www.trugreen.com/newsroom | https://www.trugreen.com/pay-your-bill | https://www.trugreen.com/pests-products-and-services | https://www.trugreen.com/pga-tour | https://www.trugreen.com/products-and-services | https://www.trugreen.com/why-choose-trugreen/testimonials-and-ratings","","internal-links-missing-from-sitemap|duplicate-title",""
"chromium","2026-08-28T21:08:04.938Z","prod-release-2-7-2026-08-28","1-500","","https://www.trugreen.com/lawn-care-101/blog/trugreen-community-and-partnerships/benefits-from-online-reviews","https://www.trugreen.com/lawn-care-101/blog","200","301:https://www.trugreen.com/lawn-care-101/blog/trugreen-community-and-partnerships/benefits-from-online-reviews -> 200:https://www.trugreen.com/lawn-care-101/blog","TruGreen Blog | TruGreen","TruGreen Blog | TruGreen","https://www.trugreen.com/lawn-care-101/blog","1","https://www.trugreen.com/lawn-care-101/blog","1","","200","https://www.trugreen.com/lawn-care-101/blog","","","","0","1","Looking for advice?Turn to the experts.","0","main|header|footer","jsonld:1;types:Blog|BreadcrumbList|CollectionPage;invalid:0;missing:","0","0","86","22","https://www.trugreen.com/lawn-care-101 | https://www.trugreen.com/lawn-care-101/blog/beyond-lawn/hosting-backyard-party | https://www.trugreen.com/lawn-care-101/blog/consistent-lawn-care | https://www.trugreen.com/lawn-care-101/blog/lawn-care/lawn-care-myths | https://www.trugreen.com/lawn-care-101/blog/lawn-care/lawn-care-vs-landscaping | https://www.trugreen.com/lawn-care-101/blog/lawn-care/lawn-mowing-spread-weeds | https://www.trugreen.com/lawn-care-101/blog/lawn-care/what-lawn-need-thrive | https://www.trugreen.com/lawn-care-101/blog/lawn-care/what-my-lawn-need | https://www.trugreen.com/lawn-care-101/blog/lawn-care/when-aerate-and-overseed-northeast | https://www.trugreen.com/lawn-care-101/blog/lawn-damage/lawn-care-signs-stress | https://www.trugreen.com/lawn-care-101/blog/pest-control/how-control-fleas-yard | https://www.trugreen.com/lawn-care-101/blog/tree-shrub-care/tree-disease-treatment | https://www.trugreen.com/lawn-care-101/blog/weed-control/control-wild-violets | https://www.trugreen.com/lawn-care-101/blog/weed-control/how-control-clover-lawn | https://www.trugreen.com/lawn-care-101/blog/weed-control/weeds-from-coming-back | https://www.trugreen.com/lawn-care-101/learning-center | https://www.trugreen.com/newsroom | https://www.trugreen.com/pay-your-bill | https://www.trugreen.com/pests-products-and-services | https://www.trugreen.com/pga-tour | https://www.trugreen.com/products-and-services | https://www.trugreen.com/why-choose-trugreen/testimonials-and-ratings","","internal-links-missing-from-sitemap|duplicate-title",""
"chromium","2026-08-28T21:08:04.938Z","prod-release-2-7-2026-08-28","1-500","","https://www.trugreen.com/lawn-care-101/blog/trugreen-community-and-partnerships/blog-trugreen-community-partnerships-football","https://www.trugreen.com/lawn-care-101/blog","200","301:https://www.trugreen.com/lawn-care-101/blog/trugreen-community-and-partnerships/blog-trugreen-community-partnerships-football -> 200:https://www.trugreen.com/lawn-care-101/blog","TruGreen Blog | TruGreen","TruGreen Blog | TruGreen","https://www.trugreen.com/lawn-care-101/blog","1","https://www.trugreen.com/lawn-care-101/blog","1","","200","https://www.trugreen.com/lawn-care-101/blog","","","","0","1","Looking for advice?Turn to the experts.","0","main|header|footer","jsonld:1;types:Blog|BreadcrumbList|CollectionPage;invalid:0;missing:","0","0","86","22","https://www.trugreen.com/lawn-care-101 | https://www.trugreen.com/lawn-care-101/blog/beyond-lawn/hosting-backyard-party | https://www.trugreen.com/lawn-care-101/blog/consistent-lawn-care | https://www.trugreen.com/lawn-care-101/blog/lawn-care/lawn-care-myths | https://www.trugreen.com/lawn-care-101/blog/lawn-care/lawn-care-vs-landscaping | https://www.trugreen.com/lawn-care-101/blog/lawn-care/lawn-mowing-spread-weeds | https://www.trugreen.com/lawn-care-101/blog/lawn-care/what-lawn-need-thrive | https://www.trugreen.com/lawn-care-101/blog/lawn-care/what-my-lawn-need | https://www.trugreen.com/lawn-care-101/blog/lawn-care/when-aerate-and-overseed-northeast | https://www.trugreen.com/lawn-care-101/blog/lawn-damage/lawn-care-signs-stress | https://www.trugreen.com/lawn-care-101/blog/pest-control/how-control-fleas-yard | https://www.trugreen.com/lawn-care-101/blog/tree-shrub-care/tree-disease-treatment | https://www.trugreen.com/lawn-care-101/blog/weed-control/control-wild-violets | https://www.trugreen.com/lawn-care-101/blog/weed-control/how-control-clover-lawn | https://www.trugreen.com/lawn-care-101/blog/weed-control/weeds-from-coming-back | https://www.trugreen.com/lawn-care-101/learning-center | https://www.trugreen.com/newsroom | https://www.trugreen.com/pay-your-bill | https://www.trugreen.com/pests-products-and-services | https://www.trugreen.com/pga-tour | https://www.trugreen.com/products-and-services | https://www.trugreen.com/why-choose-trugreen/testimonials-and-ratings","","internal-links-missing-from-sitemap|duplicate-title",""
"chromium","2026-08-28T21:08:04.938Z","prod-release-2-7-2026-08-28","1-500","","https://www.trugreen.com/lawn-care-101/blog/trugreen-community-and-partnerships/chicagoland-speedway-partnership","https://www.trugreen.com/lawn-care-101/blog","200","301:https://www.trugreen.com/lawn-care-101/blog/trugreen-community-and-partnerships/chicagoland-speedway-partnership -> 200:https://www.trugreen.com/lawn-care-101/blog","TruGreen Blog | TruGreen","TruGreen Blog | TruGreen","https://www.trugreen.com/lawn-care-101/blog","1","https://www.trugreen.com/lawn-care-101/blog","1","","200","https://www.trugreen.com/lawn-care-101/blog","","","","0","1","Looking for advice?Turn to the experts.","0","main|header|footer","jsonld:1;types:Blog|BreadcrumbList|CollectionPage;invalid:0;missing:","0","0","86","22","https://www.trugreen.com/lawn-care-101 | https://www.trugreen.com/lawn-care-101/blog/beyond-lawn/hosting-backyard-party | https://www.trugreen.com/lawn-care-101/blog/consistent-lawn-care | https://www.trugreen.com/lawn-care-101/blog/lawn-care/lawn-care-myths | https://www.trugreen.com/lawn-care-101/blog/lawn-care/lawn-care-vs-landscaping | https://www.trugreen.com/lawn-care-101/blog/lawn-care/lawn-mowing-spread-weeds | https://www.trugreen.com/lawn-care-101/blog/lawn-care/what-lawn-need-thrive | https://www.trugreen.com/lawn-care-101/blog/lawn-care/what-my-lawn-need | https://www.trugreen.com/lawn-care-101/blog/lawn-care/when-aerate-and-overseed-northeast | https://www.trugreen.com/lawn-care-101/blog/lawn-damage/lawn-care-signs-stress | https://www.trugreen.com/lawn-care-101/blog/pest-control/how-control-fleas-yard | https://www.trugreen.com/lawn-care-101/blog/tree-shrub-care/tree-disease-treatment | https://www.trugreen.com/lawn-care-101/blog/weed-control/control-wild-violets | https://www.trugreen.com/lawn-care-101/blog/weed-control/how-control-clover-lawn | https://www.trugreen.com/lawn-care-101/blog/weed-control/weeds-from-coming-back | https://www.trugreen.com/lawn-care-101/learning-center | https://www.trugreen.com/newsroom | https://www.trugreen.com/pay-your-bill | https://www.trugreen.com/pests-products-and-services | https://www.trugreen.com/pga-tour | https://www.trugreen.com/products-and-services | https://www.trugreen.com/why-choose-trugreen/testimonials-and-ratings","","internal-links-missing-from-sitemap|duplicate-title",""
"chromium","2026-08-28T21:08:04.938Z","prod-release-2-7-2026-08-28","1-500","","https://www.trugreen.com/lawn-care-101/blog/trugreen-community-and-partnerships/churchill-downs-second-year-partnership","https://www.trugreen.com/lawn-care-101/blog","200","301:https://www.trugreen.com/lawn-care-101/blog/trugreen-community-and-partnerships/churchill-downs-second-year-partnership -> 200:https://www.trugreen.com/lawn-care-101/blog","TruGreen Blog | TruGreen","TruGreen Blog | TruGreen","https://www.trugreen.com/lawn-care-101/blog","1","https://www.trugreen.com/lawn-care-101/blog","1","","200","https://www.trugreen.com/lawn-care-101/blog","","","","0","1","Looking for advice?Turn to the experts.","0","main|header|footer","jsonld:1;types:Blog|BreadcrumbList|CollectionPage;invalid:0;missing:","0","0","86","22","https://www.trugreen.com/lawn-care-101 | https://www.trugreen.com/lawn-care-101/blog/beyond-lawn/hosting-backyard-party | https://www.trugreen.com/lawn-care-101/blog/consistent-lawn-care | https://www.trugreen.com/lawn-care-101/blog/lawn-care/lawn-care-myths | https://www.trugreen.com/lawn-care-101/blog/lawn-care/lawn-care-vs-landscaping | https://www.trugreen.com/lawn-care-101/blog/lawn-care/lawn-mowing-spread-weeds | https://www.trugreen.com/lawn-care-101/blog/lawn-care/what-lawn-need-thrive | https://www.trugreen.com/lawn-care-101/blog/lawn-care/what-my-lawn-need | https://www.trugreen.com/lawn-care-101/blog/lawn-care/when-aerate-and-overseed-northeast | https://www.trugreen.com/lawn-care-101/blog/lawn-damage/lawn-care-signs-stress | https://www.trugreen.com/lawn-care-101/blog/pest-control/how-control-fleas-yard | https://www.trugreen.com/lawn-care-101/blog/tree-shrub-care/tree-disease-treatment | https://www.trugreen.com/lawn-care-101/blog/weed-control/control-wild-violets | https://www.trugreen.com/lawn-care-101/blog/weed-control/how-control-clover-lawn | https://www.trugreen.com/lawn-care-101/blog/weed-control/weeds-from-coming-back | https://www.trugreen.com/lawn-care-101/learning-center | https://www.trugreen.com/newsroom | https://www.trugreen.com/pay-your-bill | https://www.trugreen.com/pests-products-and-services | https://www.trugreen.com/pga-tour | https://www.trugreen.com/products-and-services | https://www.trugreen.com/why-choose-trugreen/testimonials-and-ratings","","internal-links-missing-from-sitemap|duplicate-title",""
"chromium","2026-08-28T21:08:04.938Z","prod-release-2-7-2026-08-28","1-500","","https://www.trugreen.com/lawn-care-101/blog/trugreen-community-and-partnerships/grounds-at-paul-brown-stadium","https://www.trugreen.com/lawn-care-101/blog/trugreen-community-and-partnerships/grounds-at-paul-brown-stadium","200","200:https://www.trugreen.com/lawn-care-101/blog/trugreen-community-and-partnerships/grounds-at-paul-brown-stadium","NFL Stadium and TruGreen | TruGreen","NFL Stadium and TruGreen | TruGreen","https://www.trugreen.com/lawn-care-101/blog/trugreen-community-and-partnerships/grounds-at-paul-brown-stadium","1","https://www.trugreen.com/lawn-care-101/blog/trugreen-community-and-partnerships/grounds-at-paul-brown-stadium","1","","200","https://www.trugreen.com/lawn-care-101/blog/trugreen-community-and-partnerships/grounds-at-paul-brown-stadium","","","","0","1","How TruGreen Cares for the Grounds at an NFL Stadium","0","header|footer","jsonld:1;types:Article;invalid:0;missing:jsonld_0_missing_@context","0","0","45","10","https://www.trugreen.com/lawn-care-101 | https://www.trugreen.com/lawn-care-101/blog?topic=Beyond+the+Lawn | https://www.trugreen.com/lawn-care-101/blog?type=Blog | https://www.trugreen.com/lawn-care-101/learning-center | https://www.trugreen.com/newsroom | https://www.trugreen.com/pay-your-bill | https://www.trugreen.com/pests-products-and-services | https://www.trugreen.com/pga-tour | https://www.trugreen.com/products-and-services | https://www.trugreen.com/why-choose-trugreen/testimonials-and-ratings","","missing-main|internal-links-missing-from-sitemap",""
"chromium","2026-08-28T21:08:04.938Z","prod-release-2-7-2026-08-28","1-500","","https://www.trugreen.com/lawn-care-101/blog/trugreen-community-and-partnerships/keep-america-beautiful-cleanyourblock","https://www.trugreen.com/lawn-care-101/blog","200","301:https://www.trugreen.com/lawn-care-101/blog/trugreen-community-and-partnerships/keep-america-beautiful-cleanyourblock -> 200:https://www.trugreen.com/lawn-care-101/blog","TruGreen Blog | TruGreen","TruGreen Blog | TruGreen","https://www.trugreen.com/lawn-care-101/blog","1","https://www.trugreen.com/lawn-care-101/blog","1","","200","https://www.trugreen.com/lawn-care-101/blog","","","","0","1","Looking for advice?Turn to the experts.","0","main|header|footer","jsonld:1;types:Blog|BreadcrumbList|CollectionPage;invalid:0;missing:","0","0","86","22","https://www.trugreen.com/lawn-care-101 | https://www.trugreen.com/lawn-care-101/blog/beyond-lawn/hosting-backyard-party | https://www.trugreen.com/lawn-care-101/blog/consistent-lawn-care | https://www.trugreen.com/lawn-care-101/blog/lawn-care/lawn-care-myths | https://www.trugreen.com/lawn-care-101/blog/lawn-care/lawn-care-vs-landscaping | https://www.trugreen.com/lawn-care-101/blog/lawn-care/lawn-mowing-spread-weeds | https://www.trugreen.com/lawn-care-101/blog/lawn-care/what-lawn-need-thrive | https://www.trugreen.com/lawn-care-101/blog/lawn-care/what-my-lawn-need | https://www.trugreen.com/lawn-care-101/blog/lawn-care/when-aerate-and-overseed-northeast | https://www.trugreen.com/lawn-care-101/blog/lawn-damage/lawn-care-signs-stress | https://www.trugreen.com/lawn-care-101/blog/pest-control/how-control-fleas-yard | https://www.trugreen.com/lawn-care-101/blog/tree-shrub-care/tree-disease-treatment | https://www.trugreen.com/lawn-care-101/blog/weed-control/control-wild-violets | https://www.trugreen.com/lawn-care-101/blog/weed-control/how-control-clover-lawn | https://www.trugreen.com/lawn-care-101/blog/weed-control/weeds-from-coming-back | https://www.trugreen.com/lawn-care-101/learning-center | https://www.trugreen.com/newsroom | https://www.trugreen.com/pay-your-bill | https://www.trugreen.com/pests-products-and-services | https://www.trugreen.com/pga-tour | https://www.trugreen.com/products-and-services | https://www.trugreen.com/why-choose-trugreen/testimonials-and-ratings","","internal-links-missing-from-sitemap|duplicate-title",""
"chromium","2026-08-28T21:08:04.938Z","prod-release-2-7-2026-08-28","1-500","","https://www.trugreen.com/lawn-care-101/blog/trugreen-community-and-partnerships/lawn-stars-corporate-giving-program","https://www.trugreen.com/lawn-care-101/blog","200","301:https://www.trugreen.com/lawn-care-101/blog/trugreen-community-and-partnerships/lawn-stars-corporate-giving-program -> 200:https://www.trugreen.com/lawn-care-101/blog","TruGreen Blog | TruGreen","TruGreen Blog | TruGreen","https://www.trugreen.com/lawn-care-101/blog","1","https://www.trugreen.com/lawn-care-101/blog","1","","200","https://www.trugreen.com/lawn-care-101/blog","","","","0","1","Looking for advice?Turn to the experts.","0","main|header|footer","jsonld:1;types:Blog|BreadcrumbList|CollectionPage;invalid:0;missing:","0","0","86","22","https://www.trugreen.com/lawn-care-101 | https://www.trugreen.com/lawn-care-101/blog/beyond-lawn/hosting-backyard-party | https://www.trugreen.com/lawn-care-101/blog/consistent-lawn-care | https://www.trugreen.com/lawn-care-101/blog/lawn-care/lawn-care-myths | https://www.trugreen.com/lawn-care-101/blog/lawn-care/lawn-care-vs-landscaping | https://www.trugreen.com/lawn-care-101/blog/lawn-care/lawn-mowing-spread-weeds | https://www.trugreen.com/lawn-care-101/blog/lawn-care/what-lawn-need-thrive | https://www.trugreen.com/lawn-care-101/blog/lawn-care/what-my-lawn-need | https://www.trugreen.com/lawn-care-101/blog/lawn-care/when-aerate-and-overseed-northeast | https://www.trugreen.com/lawn-care-101/blog/lawn-damage/lawn-care-signs-stress | https://www.trugreen.com/lawn-care-101/blog/pest-control/how-control-fleas-yard | https://www.trugreen.com/lawn-care-101/blog/tree-shrub-care/tree-disease-treatment | https://www.trugreen.com/lawn-care-101/blog/weed-control/control-wild-violets | https://www.trugreen.com/lawn-care-101/blog/weed-control/how-control-clover-lawn | https://www.trugreen.com/lawn-care-101/blog/weed-control/weeds-from-coming-back | https://www.trugreen.com/lawn-care-101/learning-center | https://www.trugreen.com/newsroom | https://www.trugreen.com/pay-your-bill | https://www.trugreen.com/pests-products-and-services | https://www.trugreen.com/pga-tour | https://www.trugreen.com/products-and-services | https://www.trugreen.com/why-choose-trugreen/testimonials-and-ratings","","internal-links-missing-from-sitemap|duplicate-title",""
"chromium","2026-08-28T21:08:04.938Z","prod-release-2-7-2026-08-28","1-500","","https://www.trugreen.com/lawn-care-101/blog/trugreen-community-and-partnerships/livelifeoutside-do-more-of-what-you-love","https://www.trugreen.com/lawn-care-101/blog/lawn-care-tips/why-being-outside-good-your-mental-health","200","301:https://www.trugreen.com/lawn-care-101/blog/trugreen-community-and-partnerships/livelifeoutside-do-more-of-what-you-love -> 200:https://www.trugreen.com/lawn-care-101/blog/lawn-care-tips/why-being-outside-good-your-mental-health","Why Is Being Outside Good for Your Mental Health? | TruGreen","Why Is Being Outside Good for Your Mental Health? | TruGreen","https://www.trugreen.com/lawn-care-101/blog/lawn-care-tips/why-being-outside-good-your-mental-health","1","https://www.trugreen.com/lawn-care-101/blog/lawn-care-tips/why-being-outside-good-your-mental-health","1","","200","https://www.trugreen.com/lawn-care-101/blog/lawn-care-tips/why-being-outside-good-your-mental-health","","","","0","1","Being Outside and Mental Health: How to Boost Your Well-Being","0","header|nav|footer","jsonld:1;types:Article;invalid:0;missing:jsonld_0_missing_@context","0","0","46","11","https://www.trugreen.com/lawn-care-101 | https://www.trugreen.com/lawn-care-101/blog?topic=Beyond+the+Lawn | https://www.trugreen.com/lawn-care-101/blog?type=Blog | https://www.trugreen.com/lawn-care-101/learning-center | https://www.trugreen.com/my-account/account-summary | https://www.trugreen.com/newsroom | https://www.trugreen.com/pay-your-bill | https://www.trugreen.com/pests-products-and-services | https://www.trugreen.com/pga-tour | https://www.trugreen.com/products-and-services | https://www.trugreen.com/why-choose-trugreen/testimonials-and-ratings","","missing-main|internal-links-missing-from-sitemap|duplicate-title",""
"chromium","2026-08-28T21:08:04.938Z","prod-release-2-7-2026-08-28","1-500","","https://www.trugreen.com/lawn-care-101/blog/trugreen-community-and-partnerships/national-pollinator-week","https://www.trugreen.com/lawn-care-101/blog","200","301:https://www.trugreen.com/lawn-care-101/blog/trugreen-community-and-partnerships/national-pollinator-week -> 200:https://www.trugreen.com/lawn-care-101/blog","TruGreen Blog | TruGreen","TruGreen Blog | TruGreen","https://www.trugreen.com/lawn-care-101/blog","1","https://www.trugreen.com/lawn-care-101/blog","1","","200","https://www.trugreen.com/lawn-care-101/blog","","","","0","1","Looking for advice?Turn to the experts.","0","main|header|footer","jsonld:1;types:Blog|BreadcrumbList|CollectionPage;invalid:0;missing:","0","0","86","22","https://www.trugreen.com/lawn-care-101 | https://www.trugreen.com/lawn-care-101/blog/beyond-lawn/hosting-backyard-party | https://www.trugreen.com/lawn-care-101/blog/consistent-lawn-care | https://www.trugreen.com/lawn-care-101/blog/lawn-care/lawn-care-myths | https://www.trugreen.com/lawn-care-101/blog/lawn-care/lawn-care-vs-landscaping | https://www.trugreen.com/lawn-care-101/blog/lawn-care/lawn-mowing-spread-weeds | https://www.trugreen.com/lawn-care-101/blog/lawn-care/what-lawn-need-thrive | https://www.trugreen.com/lawn-care-101/blog/lawn-care/what-my-lawn-need | https://www.trugreen.com/lawn-care-101/blog/lawn-care/when-aerate-and-overseed-northeast | https://www.trugreen.com/lawn-care-101/blog/lawn-damage/lawn-care-signs-stress | https://www.trugreen.com/lawn-care-101/blog/pest-control/how-control-fleas-yard | https://www.trugreen.com/lawn-care-101/blog/tree-shrub-care/tree-disease-treatment | https://www.trugreen.com/lawn-care-101/blog/weed-control/control-wild-violets | https://www.trugreen.com/lawn-care-101/blog/weed-control/how-control-clover-lawn | https://www.trugreen.com/lawn-care-101/blog/weed-control/weeds-from-coming-back | https://www.trugreen.com/lawn-care-101/learning-center | https://www.trugreen.com/newsroom | https://www.trugreen.com/pay-your-bill | https://www.trugreen.com/pests-products-and-services | https://www.trugreen.com/pga-tour | https://www.trugreen.com/products-and-services | https://www.trugreen.com/why-choose-trugreen/testimonials-and-ratings","","internal-links-missing-from-sitemap|duplicate-title",""
"chromium","2026-08-28T21:08:04.938Z","prod-release-2-7-2026-08-28","1-500","","https://www.trugreen.com/lawn-care-101/blog/trugreen-community-and-partnerships/outdoor-fitness-in-the-winter","https://www.trugreen.com/lawn-care-101/blog","200","301:https://www.trugreen.com/lawn-care-101/blog/trugreen-community-and-partnerships/outdoor-fitness-in-the-winter -> 200:https://www.trugreen.com/lawn-care-101/blog","TruGreen Blog | TruGreen","TruGreen Blog | TruGreen","https://www.trugreen.com/lawn-care-101/blog","1","https://www.trugreen.com/lawn-care-101/blog","1","","200","https://www.trugreen.com/lawn-care-101/blog","","","","0","1","Looking for advice?Turn to the experts.","0","main|header|footer","jsonld:1;types:Blog|BreadcrumbList|CollectionPage;invalid:0;missing:","0","0","86","22","https://www.trugreen.com/lawn-care-101 | https://www.trugreen.com/lawn-care-101/blog/beyond-lawn/hosting-backyard-party | https://www.trugreen.com/lawn-care-101/blog/consistent-lawn-care | https://www.trugreen.com/lawn-care-101/blog/lawn-care/lawn-care-myths | https://www.trugreen.com/lawn-care-101/blog/lawn-care/lawn-care-vs-landscaping | https://www.trugreen.com/lawn-care-101/blog/lawn-care/lawn-mowing-spread-weeds | https://www.trugreen.com/lawn-care-101/blog/lawn-care/what-lawn-need-thrive | https://www.trugreen.com/lawn-care-101/blog/lawn-care/what-my-lawn-need | https://www.trugreen.com/lawn-care-101/blog/lawn-care/when-aerate-and-overseed-northeast | https://www.trugreen.com/lawn-care-101/blog/lawn-damage/lawn-care-signs-stress | https://www.trugreen.com/lawn-care-101/blog/pest-control/how-control-fleas-yard | https://www.trugreen.com/lawn-care-101/blog/tree-shrub-care/tree-disease-treatment | https://www.trugreen.com/lawn-care-101/blog/weed-control/control-wild-violets | https://www.trugreen.com/lawn-care-101/blog/weed-control/how-control-clover-lawn | https://www.trugreen.com/lawn-care-101/blog/weed-control/weeds-from-coming-back | https://www.trugreen.com/lawn-care-101/learning-center | https://www.trugreen.com/newsroom | https://www.trugreen.com/pay-your-bill | https://www.trugreen.com/pests-products-and-services | https://www.trugreen.com/pga-tour | https://www.trugreen.com/products-and-services | https://www.trugreen.com/why-choose-trugreen/testimonials-and-ratings","","internal-links-missing-from-sitemap|duplicate-title",""
"chromium","2026-08-28T21:08:04.938Z","prod-release-2-7-2026-08-28","1-500","","https://www.trugreen.com/lawn-care-101/blog/trugreen-community-and-partnerships/partnership-with-churchill-downs","https://www.trugreen.com/lawn-care-101/blog","200","301:https://www.trugreen.com/lawn-care-101/blog/trugreen-community-and-partnerships/partnership-with-churchill-downs -> 200:https://www.trugreen.com/lawn-care-101/blog","TruGreen Blog | TruGreen","TruGreen Blog | TruGreen","https://www.trugreen.com/lawn-care-101/blog","1","https://www.trugreen.com/lawn-care-101/blog","1","","200","https://www.trugreen.com/lawn-care-101/blog","","","","0","1","Looking for advice?Turn to the experts.","0","main|header|footer","jsonld:1;types:Blog|BreadcrumbList|CollectionPage;invalid:0;missing:","0","0","86","22","https://www.trugreen.com/lawn-care-101 | https://www.trugreen.com/lawn-care-101/blog/beyond-lawn/hosting-backyard-party | https://www.trugreen.com/lawn-care-101/blog/consistent-lawn-care | https://www.trugreen.com/lawn-care-101/blog/lawn-care/lawn-care-myths | https://www.trugreen.com/lawn-care-101/blog/lawn-care/lawn-care-vs-landscaping | https://www.trugreen.com/lawn-care-101/blog/lawn-care/lawn-mowing-spread-weeds | https://www.trugreen.com/lawn-care-101/blog/lawn-care/what-lawn-need-thrive | https://www.trugreen.com/lawn-care-101/blog/lawn-care/what-my-lawn-need | https://www.trugreen.com/lawn-care-101/blog/lawn-care/when-aerate-and-overseed-northeast | https://www.trugreen.com/lawn-care-101/blog/lawn-damage/lawn-care-signs-stress | https://www.trugreen.com/lawn-care-101/blog/pest-control/how-control-fleas-yard | https://www.trugreen.com/lawn-care-101/blog/tree-shrub-care/tree-disease-treatment | https://www.trugreen.com/lawn-care-101/blog/weed-control/control-wild-violets | https://www.trugreen.com/lawn-care-101/blog/weed-control/how-control-clover-lawn | https://www.trugreen.com/lawn-care-101/blog/weed-control/weeds-from-coming-back | https://www.trugreen.com/lawn-care-101/learning-center | https://www.trugreen.com/newsroom | https://www.trugreen.com/pay-your-bill | https://www.trugreen.com/pests-products-and-services | https://www.trugreen.com/pga-tour | https://www.trugreen.com/products-and-services | https://www.trugreen.com/why-choose-trugreen/testimonials-and-ratings","","internal-links-missing-from-sitemap|duplicate-title",""
"chromium","2026-08-28T21:08:04.938Z","prod-release-2-7-2026-08-28","1-500","","https://www.trugreen.com/lawn-care-101/blog/trugreen-community-and-partnerships/summer-sweepstakes","https://www.trugreen.com/lawn-care-101/blog","200","301:https://www.trugreen.com/lawn-care-101/blog/trugreen-community-and-partnerships/summer-sweepstakes -> 200:https://www.trugreen.com/lawn-care-101/blog","TruGreen Blog | TruGreen","TruGreen Blog | TruGreen","https://www.trugreen.com/lawn-care-101/blog","1","https://www.trugreen.com/lawn-care-101/blog","1","","200","https://www.trugreen.com/lawn-care-101/blog","","","","0","1","Looking for advice?Turn to the experts.","0","main|header|footer","jsonld:1;types:Blog|BreadcrumbList|CollectionPage;invalid:0;missing:","0","0","86","22","https://www.trugreen.com/lawn-care-101 | https://www.trugreen.com/lawn-care-101/blog/beyond-lawn/hosting-backyard-party | https://www.trugreen.com/lawn-care-101/blog/consistent-lawn-care | https://www.trugreen.com/lawn-care-101/blog/lawn-care/lawn-care-myths | https://www.trugreen.com/lawn-care-101/blog/lawn-care/lawn-care-vs-landscaping | https://www.trugreen.com/lawn-care-101/blog/lawn-care/lawn-mowing-spread-weeds | https://www.trugreen.com/lawn-care-101/blog/lawn-care/what-lawn-need-thrive | https://www.trugreen.com/lawn-care-101/blog/lawn-care/what-my-lawn-need | https://www.trugreen.com/lawn-care-101/blog/lawn-care/when-aerate-and-overseed-northeast | https://www.trugreen.com/lawn-care-101/blog/lawn-damage/lawn-care-signs-stress | https://www.trugreen.com/lawn-care-101/blog/pest-control/how-control-fleas-yard | https://www.trugreen.com/lawn-care-101/blog/tree-shrub-care/tree-disease-treatment | https://www.trugreen.com/lawn-care-101/blog/weed-control/control-wild-violets | https://www.trugreen.com/lawn-care-101/blog/weed-control/how-control-clover-lawn | https://www.trugreen.com/lawn-care-101/blog/weed-control/weeds-from-coming-back | https://www.trugreen.com/lawn-care-101/learning-center | https://www.trugreen.com/newsroom | https://www.trugreen.com/pay-your-bill | https://www.trugreen.com/pests-products-and-services | https://www.trugreen.com/pga-tour | https://www.trugreen.com/products-and-services | https://www.trugreen.com/why-choose-trugreen/testimonials-and-ratings","","internal-links-missing-from-sitemap|duplicate-title",""
"chromium","2026-08-28T21:08:04.938Z","prod-release-2-7-2026-08-28","1-500","","https://www.trugreen.com/lawn-care-101/blog/trugreen-community-and-partnerships/trugreen-and-daytona-international-speedway","https://www.trugreen.com/lawn-care-101/blog/trugreen-community-and-partnerships/trugreen-and-daytona-international-speedway","200","200:https://www.trugreen.com/lawn-care-101/blog/trugreen-community-and-partnerships/trugreen-and-daytona-international-speedway","Daytona International Speedway | TruGreen","Daytona International Speedway | TruGreen","https://www.trugreen.com/lawn-care-101/blog/trugreen-community-and-partnerships/trugreen-and-daytona-international-speedway","1","https://www.trugreen.com/lawn-care-101/blog/trugreen-community-and-partnerships/trugreen-and-daytona-international-speedway","1","","200","https://www.trugreen.com/lawn-care-101/blog/trugreen-community-and-partnerships/trugreen-and-daytona-international-speedway","","","","0","1","How TruGreen Helps Prepare a Winning Experience at Daytona International Speedway","0","header|footer","jsonld:1;types:Article;invalid:0;missing:jsonld_0_missing_@context","0","0","49","11","https://www.trugreen.com/lawn-care-101 | https://www.trugreen.com/lawn-care-101/blog?topic=Beyond+the+Lawn | https://www.trugreen.com/lawn-care-101/blog?type=Blog | https://www.trugreen.com/lawn-care-101/lawn-care-guides/complete-lawn-fungus-guide?_gl=1*1e0y386*_gcl_au*MTExMDUyOTY3MC4xNzQ5NzQ1Mjg2LjE4NjQzMTA3MjAuMTc1MTM4NDc0NC4xNzUxMzg0NzQz*_ga*MjY2ODk1MDgyLjE3NDk3NDUyODY.*_ga_V7W66KBH3J*czE3NTI2NzcyNzUkbzY1JGcxJHQxNzUyNjgzNjAxJGoxOSRsMCRoOTg0MzI0MTcy | https://www.trugreen.com/lawn-care-101/learning-center | https://www.trugreen.com/newsroom | https://www.trugreen.com/pay-your-bill | https://www.trugreen.com/pests-products-and-services | https://www.trugreen.com/pga-tour | https://www.trugreen.com/products-and-services | https://www.trugreen.com/why-choose-trugreen/testimonials-and-ratings","","missing-main|internal-links-missing-from-sitemap",""
"chromium","2026-08-28T21:08:04.938Z","prod-release-2-7-2026-08-28","1-500","","https://www.trugreen.com/lawn-care-101/blog/trugreen-community-and-partnerships/trugreen-builds-educational-garden-in-chicago-with","https://www.trugreen.com/lawn-care-101/blog","200","301:https://www.trugreen.com/lawn-care-101/blog/trugreen-community-and-partnerships/trugreen-builds-educational-garden-in-chicago-with -> 200:https://www.trugreen.com/lawn-care-101/blog","TruGreen Blog | TruGreen","TruGreen Blog | TruGreen","https://www.trugreen.com/lawn-care-101/blog","1","https://www.trugreen.com/lawn-care-101/blog","1","","200","https://www.trugreen.com/lawn-care-101/blog","","","","0","1","Looking for advice?Turn to the experts.","0","main|header|footer","jsonld:1;types:Blog|BreadcrumbList|CollectionPage;invalid:0;missing:","0","0","86","22","https://www.trugreen.com/lawn-care-101 | https://www.trugreen.com/lawn-care-101/blog/beyond-lawn/hosting-backyard-party | https://www.trugreen.com/lawn-care-101/blog/consistent-lawn-care | https://www.trugreen.com/lawn-care-101/blog/lawn-care/lawn-care-myths | https://www.trugreen.com/lawn-care-101/blog/lawn-care/lawn-care-vs-landscaping | https://www.trugreen.com/lawn-care-101/blog/lawn-care/lawn-mowing-spread-weeds | https://www.trugreen.com/lawn-care-101/blog/lawn-care/what-lawn-need-thrive | https://www.trugreen.com/lawn-care-101/blog/lawn-care/what-my-lawn-need | https://www.trugreen.com/lawn-care-101/blog/lawn-care/when-aerate-and-overseed-northeast | https://www.trugreen.com/lawn-care-101/blog/lawn-damage/lawn-care-signs-stress | https://www.trugreen.com/lawn-care-101/blog/pest-control/how-control-fleas-yard | https://www.trugreen.com/lawn-care-101/blog/tree-shrub-care/tree-disease-treatment | https://www.trugreen.com/lawn-care-101/blog/weed-control/control-wild-violets | https://www.trugreen.com/lawn-care-101/blog/weed-control/how-control-clover-lawn | https://www.trugreen.com/lawn-care-101/blog/weed-control/weeds-from-coming-back | https://www.trugreen.com/lawn-care-101/learning-center | https://www.trugreen.com/newsroom | https://www.trugreen.com/pay-your-bill | https://www.trugreen.com/pests-products-and-services | https://www.trugreen.com/pga-tour | https://www.trugreen.com/products-and-services | https://www.trugreen.com/why-choose-trugreen/testimonials-and-ratings","","internal-links-missing-from-sitemap|duplicate-title",""
"chromium","2026-08-28T21:08:04.938Z","prod-release-2-7-2026-08-28","1-500","","https://www.trugreen.com/lawn-care-101/blog/trugreen-community-and-partnerships/trugreen-churchill-downs","https://www.trugreen.com/lawn-care-101/blog","200","301:https://www.trugreen.com/lawn-care-101/blog/trugreen-community-and-partnerships/trugreen-churchill-downs -> 200:https://www.trugreen.com/lawn-care-101/blog","TruGreen Blog | TruGreen","TruGreen Blog | TruGreen","https://www.trugreen.com/lawn-care-101/blog","1","https://www.trugreen.com/lawn-care-101/blog","1","","200","https://www.trugreen.com/lawn-care-101/blog","","","","0","1","Looking for advice?Turn to the experts.","0","main|header|footer","jsonld:1;types:Blog|BreadcrumbList|CollectionPage;invalid:0;missing:","0","0","86","22","https://www.trugreen.com/lawn-care-101 | https://www.trugreen.com/lawn-care-101/blog/beyond-lawn/hosting-backyard-party | https://www.trugreen.com/lawn-care-101/blog/consistent-lawn-care | https://www.trugreen.com/lawn-care-101/blog/lawn-care/lawn-care-myths | https://www.trugreen.com/lawn-care-101/blog/lawn-care/lawn-care-vs-landscaping | https://www.trugreen.com/lawn-care-101/blog/lawn-care/lawn-mowing-spread-weeds | https://www.trugreen.com/lawn-care-101/blog/lawn-care/what-lawn-need-thrive | https://www.trugreen.com/lawn-care-101/blog/lawn-care/what-my-lawn-need | https://www.trugreen.com/lawn-care-101/blog/lawn-care/when-aerate-and-overseed-northeast | https://www.trugreen.com/lawn-care-101/blog/lawn-damage/lawn-care-signs-stress | https://www.trugreen.com/lawn-care-101/blog/pest-control/how-control-fleas-yard | https://www.trugreen.com/lawn-care-101/blog/tree-shrub-care/tree-disease-treatment | https://www.trugreen.com/lawn-care-101/blog/weed-control/control-wild-violets | https://www.trugreen.com/lawn-care-101/blog/weed-control/how-control-clover-lawn | https://www.trugreen.com/lawn-care-101/blog/weed-control/weeds-from-coming-back | https://www.trugreen.com/lawn-care-101/learning-center | https://www.trugreen.com/newsroom | https://www.trugreen.com/pay-your-bill | https://www.trugreen.com/pests-products-and-services | https://www.trugreen.com/pga-tour | https://www.trugreen.com/products-and-services | https://www.trugreen.com/why-choose-trugreen/testimonials-and-ratings","","internal-links-missing-from-sitemap|duplicate-title",""
"chromium","2026-08-28T21:08:04.938Z","prod-release-2-7-2026-08-28","1-500","","https://www.trugreen.com/lawn-care-101/blog/trugreen-community-and-partnerships/trugreen-gives-back-to-the-community","https://www.trugreen.com/lawn-care-101/blog","200","301:https://www.trugreen.com/lawn-care-101/blog/trugreen-community-and-partnerships/trugreen-gives-back-to-the-community -> 200:https://www.trugreen.com/lawn-care-101/blog","TruGreen Blog | TruGreen","TruGreen Blog | TruGreen","https://www.trugreen.com/lawn-care-101/blog","1","https://www.trugreen.com/lawn-care-101/blog","1","","200","https://www.trugreen.com/lawn-care-101/blog","","","","0","1","Looking for advice?Turn to the experts.","0","main|header|footer","jsonld:1;types:Blog|BreadcrumbList|CollectionPage;invalid:0;missing:","0","0","86","22","https://www.trugreen.com/lawn-care-101 | https://www.trugreen.com/lawn-care-101/blog/beyond-lawn/hosting-backyard-party | https://www.trugreen.com/lawn-care-101/blog/consistent-lawn-care | https://www.trugreen.com/lawn-care-101/blog/lawn-care/lawn-care-myths | https://www.trugreen.com/lawn-care-101/blog/lawn-care/lawn-care-vs-landscaping | https://www.trugreen.com/lawn-care-101/blog/lawn-care/lawn-mowing-spread-weeds | https://www.trugreen.com/lawn-care-101/blog/lawn-care/what-lawn-need-thrive | https://www.trugreen.com/lawn-care-101/blog/lawn-care/what-my-lawn-need | https://www.trugreen.com/lawn-care-101/blog/lawn-care/when-aerate-and-overseed-northeast | https://www.trugreen.com/lawn-care-101/blog/lawn-damage/lawn-care-signs-stress | https://www.trugreen.com/lawn-care-101/blog/pest-control/how-control-fleas-yard | https://www.trugreen.com/lawn-care-101/blog/tree-shrub-care/tree-disease-treatment | https://www.trugreen.com/lawn-care-101/blog/weed-control/control-wild-violets | https://www.trugreen.com/lawn-care-101/blog/weed-control/how-control-clover-lawn | https://www.trugreen.com/lawn-care-101/blog/weed-control/weeds-from-coming-back | https://www.trugreen.com/lawn-care-101/learning-center | https://www.trugreen.com/newsroom | https://www.trugreen.com/pay-your-bill | https://www.trugreen.com/pests-products-and-services | https://www.trugreen.com/pga-tour | https://www.trugreen.com/products-and-services | https://www.trugreen.com/why-choose-trugreen/testimonials-and-ratings","","internal-links-missing-from-sitemap|duplicate-title",""
"chromium","2026-08-28T21:08:04.938Z","prod-release-2-7-2026-08-28","1-500","","https://www.trugreen.com/lawn-care-101/blog/trugreen-community-and-partnerships/trugreen-gives-salvation-army","https://www.trugreen.com/lawn-care-101/blog","200","301:https://www.trugreen.com/lawn-care-101/blog/trugreen-community-and-partnerships/trugreen-gives-salvation-army -> 200:https://www.trugreen.com/lawn-care-101/blog","TruGreen Blog | TruGreen","TruGreen Blog | TruGreen","https://www.trugreen.com/lawn-care-101/blog","1","https://www.trugreen.com/lawn-care-101/blog","1","","200","https://www.trugreen.com/lawn-care-101/blog","","","","0","1","Looking for advice?Turn to the experts.","0","main|header|footer","jsonld:1;types:Blog|BreadcrumbList|CollectionPage;invalid:0;missing:","0","0","86","22","https://www.trugreen.com/lawn-care-101 | https://www.trugreen.com/lawn-care-101/blog/beyond-lawn/hosting-backyard-party | https://www.trugreen.com/lawn-care-101/blog/consistent-lawn-care | https://www.trugreen.com/lawn-care-101/blog/lawn-care/lawn-care-myths | https://www.trugreen.com/lawn-care-101/blog/lawn-care/lawn-care-vs-landscaping | https://www.trugreen.com/lawn-care-101/blog/lawn-care/lawn-mowing-spread-weeds | https://www.trugreen.com/lawn-care-101/blog/lawn-care/what-lawn-need-thrive | https://www.trugreen.com/lawn-care-101/blog/lawn-care/what-my-lawn-need | https://www.trugreen.com/lawn-care-101/blog/lawn-care/when-aerate-and-overseed-northeast | https://www.trugreen.com/lawn-care-101/blog/lawn-damage/lawn-care-signs-stress | https://www.trugreen.com/lawn-care-101/blog/pest-control/how-control-fleas-yard | https://www.trugreen.com/lawn-care-101/blog/tree-shrub-care/tree-disease-treatment | https://www.trugreen.com/lawn-care-101/blog/weed-control/control-wild-violets | https://www.trugreen.com/lawn-care-101/blog/weed-control/how-control-clover-lawn | https://www.trugreen.com/lawn-care-101/blog/weed-control/weeds-from-coming-back | https://www.trugreen.com/lawn-care-101/learning-center | https://www.trugreen.com/newsroom | https://www.trugreen.com/pay-your-bill | https://www.trugreen.com/pests-products-and-services | https://www.trugreen.com/pga-tour | https://www.trugreen.com/products-and-services | https://www.trugreen.com/why-choose-trugreen/testimonials-and-ratings","","internal-links-missing-from-sitemap|duplicate-title",""
"chromium","2026-08-28T21:08:04.938Z","prod-release-2-7-2026-08-28","1-500","","https://www.trugreen.com/lawn-care-101/blog/trugreen-community-and-partnerships/trugreen-hosts-third-annual-day-of-service","https://www.trugreen.com/lawn-care-101/blog/trugreen-community-and-partnerships/trugreen-hosts-third-annual-day-of-service","200","200:https://www.trugreen.com/lawn-care-101/blog/trugreen-community-and-partnerships/trugreen-hosts-third-annual-day-of-service","TruGreen Hosts Third Annual Day of Service | TruGreen","TruGreen Hosts Third Annual Day of Service | TruGreen","https://www.trugreen.com/lawn-care-101/blog/trugreen-community-and-partnerships/trugreen-hosts-third-annual-day-of-service","1","https://www.trugreen.com/lawn-care-101/blog/trugreen-community-and-partnerships/trugreen-hosts-third-annual-day-of-service","1","","200","https://www.trugreen.com/lawn-care-101/blog/trugreen-community-and-partnerships/trugreen-hosts-third-annual-day-of-service","","","","0","1","TruGreen Hosts Third Annual Day of Service","0","header|nav|footer","jsonld:1;types:Article;invalid:0;missing:jsonld_0_missing_@context","0","0","52","18","https://www.trugreen.com/chat/organic-promo | https://www.trugreen.com/lawn-care-101 | https://www.trugreen.com/lawn-care-101/blog?topic=TruGreen+Community+%26+Partnerships | https://www.trugreen.com/lawn-care-101/blog?type=Blog | https://www.trugreen.com/lawn-care-101/learning-center | https://www.trugreen.com/my-account/account-settings | https://www.trugreen.com/my-account/account-summary | https://www.trugreen.com/my-account/my-documents | https://www.trugreen.com/my-account/my-services | https://www.trugreen.com/my-account/payments | https://www.trugreen.com/newsroom | https://www.trugreen.com/pay-your-bill | https://www.trugreen.com/pests-products-and-services | https://www.trugreen.com/pga-tour | https://www.trugreen.com/products-and-services | https://www.trugreen.com/products-and-services/tree-and-shrub-service | https://www.trugreen.com/trupurpose | https://www.trugreen.com/why-choose-trugreen/testimonials-and-ratings","","missing-main|internal-links-missing-from-sitemap",""
"chromium","2026-08-28T21:08:04.938Z","prod-release-2-7-2026-08-28","1-500","","https://www.trugreen.com/lawn-care-101/blog/trugreen-community-and-partnerships/trugreen-make-a-wish-reveal-for-jordyn","https://www.trugreen.com/lawn-care-101/blog","200","301:https://www.trugreen.com/lawn-care-101/blog/trugreen-community-and-partnerships/trugreen-make-a-wish-reveal-for-jordyn -> 200:https://www.trugreen.com/lawn-care-101/blog","TruGreen Blog | TruGreen","TruGreen Blog | TruGreen","https://www.trugreen.com/lawn-care-101/blog","1","https://www.trugreen.com/lawn-care-101/blog","1","","200","https://www.trugreen.com/lawn-care-101/blog","","","","0","1","Looking for advice?Turn to the experts.","0","main|header|footer","jsonld:1;types:Blog|BreadcrumbList|CollectionPage;invalid:0;missing:","0","0","86","22","https://www.trugreen.com/lawn-care-101 | https://www.trugreen.com/lawn-care-101/blog/beyond-lawn/hosting-backyard-party | https://www.trugreen.com/lawn-care-101/blog/consistent-lawn-care | https://www.trugreen.com/lawn-care-101/blog/lawn-care/lawn-care-myths | https://www.trugreen.com/lawn-care-101/blog/lawn-care/lawn-care-vs-landscaping | https://www.trugreen.com/lawn-care-101/blog/lawn-care/lawn-mowing-spread-weeds | https://www.trugreen.com/lawn-care-101/blog/lawn-care/what-lawn-need-thrive | https://www.trugreen.com/lawn-care-101/blog/lawn-care/what-my-lawn-need | https://www.trugreen.com/lawn-care-101/blog/lawn-care/when-aerate-and-overseed-northeast | https://www.trugreen.com/lawn-care-101/blog/lawn-damage/lawn-care-signs-stress | https://www.trugreen.com/lawn-care-101/blog/pest-control/how-control-fleas-yard | https://www.trugreen.com/lawn-care-101/blog/tree-shrub-care/tree-disease-treatment | https://www.trugreen.com/lawn-care-101/blog/weed-control/control-wild-violets | https://www.trugreen.com/lawn-care-101/blog/weed-control/how-control-clover-lawn | https://www.trugreen.com/lawn-care-101/blog/weed-control/weeds-from-coming-back | https://www.trugreen.com/lawn-care-101/learning-center | https://www.trugreen.com/newsroom | https://www.trugreen.com/pay-your-bill | https://www.trugreen.com/pests-products-and-services | https://www.trugreen.com/pga-tour | https://www.trugreen.com/products-and-services | https://www.trugreen.com/why-choose-trugreen/testimonials-and-ratings","","internal-links-missing-from-sitemap|duplicate-title",""
"chromium","2026-08-28T21:08:04.938Z","prod-release-2-7-2026-08-28","1-500","","https://www.trugreen.com/lawn-care-101/blog/trugreen-community-and-partnerships/trugreen-partners-with-american-red-cross","https://www.trugreen.com/lawn-care-101/blog","200","301:https://www.trugreen.com/lawn-care-101/blog/trugreen-community-and-partnerships/trugreen-partners-with-american-red-cross -> 200:https://www.trugreen.com/lawn-care-101/blog","TruGreen Blog | TruGreen","TruGreen Blog | TruGreen","https://www.trugreen.com/lawn-care-101/blog","1","https://www.trugreen.com/lawn-care-101/blog","1","","200","https://www.trugreen.com/lawn-care-101/blog","","","","0","1","Looking for advice?Turn to the experts.","0","main|header|footer","jsonld:1;types:Blog|BreadcrumbList|CollectionPage;invalid:0;missing:","0","0","86","22","https://www.trugreen.com/lawn-care-101 | https://www.trugreen.com/lawn-care-101/blog/beyond-lawn/hosting-backyard-party | https://www.trugreen.com/lawn-care-101/blog/consistent-lawn-care | https://www.trugreen.com/lawn-care-101/blog/lawn-care/lawn-care-myths | https://www.trugreen.com/lawn-care-101/blog/lawn-care/lawn-care-vs-landscaping | https://www.trugreen.com/lawn-care-101/blog/lawn-care/lawn-mowing-spread-weeds | https://www.trugreen.com/lawn-care-101/blog/lawn-care/what-lawn-need-thrive | https://www.trugreen.com/lawn-care-101/blog/lawn-care/what-my-lawn-need | https://www.trugreen.com/lawn-care-101/blog/lawn-care/when-aerate-and-overseed-northeast | https://www.trugreen.com/lawn-care-101/blog/lawn-damage/lawn-care-signs-stress | https://www.trugreen.com/lawn-care-101/blog/pest-control/how-control-fleas-yard | https://www.trugreen.com/lawn-care-101/blog/tree-shrub-care/tree-disease-treatment | https://www.trugreen.com/lawn-care-101/blog/weed-control/control-wild-violets | https://www.trugreen.com/lawn-care-101/blog/weed-control/how-control-clover-lawn | https://www.trugreen.com/lawn-care-101/blog/weed-control/weeds-from-coming-back | https://www.trugreen.com/lawn-care-101/learning-center | https://www.trugreen.com/newsroom | https://www.trugreen.com/pay-your-bill | https://www.trugreen.com/pests-products-and-services | https://www.trugreen.com/pga-tour | https://www.trugreen.com/products-and-services | https://www.trugreen.com/why-choose-trugreen/testimonials-and-ratings","","internal-links-missing-from-sitemap|duplicate-title",""
"chromium","2026-08-28T21:08:04.938Z","prod-release-2-7-2026-08-28","1-500","","https://www.trugreen.com/lawn-care-101/blog/trugreen-community-and-partnerships/trugreen-partners-with-city-of-evansville-in","https://www.trugreen.com/lawn-care-101/blog","200","301:https://www.trugreen.com/lawn-care-101/blog/trugreen-community-and-partnerships/trugreen-partners-with-city-of-evansville-in -> 200:https://www.trugreen.com/lawn-care-101/blog","TruGreen Blog | TruGreen","TruGreen Blog | TruGreen","https://www.trugreen.com/lawn-care-101/blog","1","https://www.trugreen.com/lawn-care-101/blog","1","","200","https://www.trugreen.com/lawn-care-101/blog","","","","0","1","Looking for advice?Turn to the experts.","0","main|header|footer","jsonld:1;types:Blog|BreadcrumbList|CollectionPage;invalid:0;missing:","0","0","86","22","https://www.trugreen.com/lawn-care-101 | https://www.trugreen.com/lawn-care-101/blog/beyond-lawn/hosting-backyard-party | https://www.trugreen.com/lawn-care-101/blog/consistent-lawn-care | https://www.trugreen.com/lawn-care-101/blog/lawn-care/lawn-care-myths | https://www.trugreen.com/lawn-care-101/blog/lawn-care/lawn-care-vs-landscaping | https://www.trugreen.com/lawn-care-101/blog/lawn-care/lawn-mowing-spread-weeds | https://www.trugreen.com/lawn-care-101/blog/lawn-care/what-lawn-need-thrive | https://www.trugreen.com/lawn-care-101/blog/lawn-care/what-my-lawn-need | https://www.trugreen.com/lawn-care-101/blog/lawn-care/when-aerate-and-overseed-northeast | https://www.trugreen.com/lawn-care-101/blog/lawn-damage/lawn-care-signs-stress | https://www.trugreen.com/lawn-care-101/blog/pest-control/how-control-fleas-yard | https://www.trugreen.com/lawn-care-101/blog/tree-shrub-care/tree-disease-treatment | https://www.trugreen.com/lawn-care-101/blog/weed-control/control-wild-violets | https://www.trugreen.com/lawn-care-101/blog/weed-control/how-control-clover-lawn | https://www.trugreen.com/lawn-care-101/blog/weed-control/weeds-from-coming-back | https://www.trugreen.com/lawn-care-101/learning-center | https://www.trugreen.com/newsroom | https://www.trugreen.com/pay-your-bill | https://www.trugreen.com/pests-products-and-services | https://www.trugreen.com/pga-tour | https://www.trugreen.com/products-and-services | https://www.trugreen.com/why-choose-trugreen/testimonials-and-ratings","","internal-links-missing-from-sitemap|duplicate-title",""
"chromium","2026-08-28T21:08:04.938Z","prod-release-2-7-2026-08-28","1-500","","https://www.trugreen.com/lawn-care-101/blog/trugreen-community-and-partnerships/trugreen-partners-with-daytona-international-speed","https://www.trugreen.com/lawn-care-101/blog","200","301:https://www.trugreen.com/lawn-care-101/blog/trugreen-community-and-partnerships/trugreen-partners-with-daytona-international-speed -> 200:https://www.trugreen.com/lawn-care-101/blog","TruGreen Blog | TruGreen","TruGreen Blog | TruGreen","https://www.trugreen.com/lawn-care-101/blog","1","https://www.trugreen.com/lawn-care-101/blog","1","","200","https://www.trugreen.com/lawn-care-101/blog","","","","0","1","Looking for advice?Turn to the experts.","0","main|header|footer","jsonld:1;types:Blog|BreadcrumbList|CollectionPage;invalid:0;missing:","0","0","86","22","https://www.trugreen.com/lawn-care-101 | https://www.trugreen.com/lawn-care-101/blog/beyond-lawn/hosting-backyard-party | https://www.trugreen.com/lawn-care-101/blog/consistent-lawn-care | https://www.trugreen.com/lawn-care-101/blog/lawn-care/lawn-care-myths | https://www.trugreen.com/lawn-care-101/blog/lawn-care/lawn-care-vs-landscaping | https://www.trugreen.com/lawn-care-101/blog/lawn-care/lawn-mowing-spread-weeds | https://www.trugreen.com/lawn-care-101/blog/lawn-care/what-lawn-need-thrive | https://www.trugreen.com/lawn-care-101/blog/lawn-care/what-my-lawn-need | https://www.trugreen.com/lawn-care-101/blog/lawn-care/when-aerate-and-overseed-northeast | https://www.trugreen.com/lawn-care-101/blog/lawn-damage/lawn-care-signs-stress | https://www.trugreen.com/lawn-care-101/blog/pest-control/how-control-fleas-yard | https://www.trugreen.com/lawn-care-101/blog/tree-shrub-care/tree-disease-treatment | https://www.trugreen.com/lawn-care-101/blog/weed-control/control-wild-violets | https://www.trugreen.com/lawn-care-101/blog/weed-control/how-control-clover-lawn | https://www.trugreen.com/lawn-care-101/blog/weed-control/weeds-from-coming-back | https://www.trugreen.com/lawn-care-101/learning-center | https://www.trugreen.com/newsroom | https://www.trugreen.com/pay-your-bill | https://www.trugreen.com/pests-products-and-services | https://www.trugreen.com/pga-tour | https://www.trugreen.com/products-and-services | https://www.trugreen.com/why-choose-trugreen/testimonials-and-ratings","","internal-links-missing-from-sitemap|duplicate-title",""
"chromium","2026-08-28T21:08:04.938Z","prod-release-2-7-2026-08-28","1-500","","https://www.trugreen.com/lawn-care-101/blog/trugreen-community-and-partnerships/trugreen-recaps-a-successful-year-of-giving-in-201","https://www.trugreen.com/lawn-care-101/blog","200","301:https://www.trugreen.com/lawn-care-101/blog/trugreen-community-and-partnerships/trugreen-recaps-a-successful-year-of-giving-in-201 -> 200:https://www.trugreen.com/lawn-care-101/blog","TruGreen Blog | TruGreen","TruGreen Blog | TruGreen","https://www.trugreen.com/lawn-care-101/blog","1","https://www.trugreen.com/lawn-care-101/blog","1","","200","https://www.trugreen.com/lawn-care-101/blog","","","","0","1","Looking for advice?Turn to the experts.","0","main|header|footer","jsonld:1;types:Blog|BreadcrumbList|CollectionPage;invalid:0;missing:","0","0","86","22","https://www.trugreen.com/lawn-care-101 | https://www.trugreen.com/lawn-care-101/blog/beyond-lawn/hosting-backyard-party | https://www.trugreen.com/lawn-care-101/blog/consistent-lawn-care | https://www.trugreen.com/lawn-care-101/blog/lawn-care/lawn-care-myths | https://www.trugreen.com/lawn-care-101/blog/lawn-care/lawn-care-vs-landscaping | https://www.trugreen.com/lawn-care-101/blog/lawn-care/lawn-mowing-spread-weeds | https://www.trugreen.com/lawn-care-101/blog/lawn-care/what-lawn-need-thrive | https://www.trugreen.com/lawn-care-101/blog/lawn-care/what-my-lawn-need | https://www.trugreen.com/lawn-care-101/blog/lawn-care/when-aerate-and-overseed-northeast | https://www.trugreen.com/lawn-care-101/blog/lawn-damage/lawn-care-signs-stress | https://www.trugreen.com/lawn-care-101/blog/pest-control/how-control-fleas-yard | https://www.trugreen.com/lawn-care-101/blog/tree-shrub-care/tree-disease-treatment | https://www.trugreen.com/lawn-care-101/blog/weed-control/control-wild-violets | https://www.trugreen.com/lawn-care-101/blog/weed-control/how-control-clover-lawn | https://www.trugreen.com/lawn-care-101/blog/weed-control/weeds-from-coming-back | https://www.trugreen.com/lawn-care-101/learning-center | https://www.trugreen.com/newsroom | https://www.trugreen.com/pay-your-bill | https://www.trugreen.com/pests-products-and-services | https://www.trugreen.com/pga-tour | https://www.trugreen.com/products-and-services | https://www.trugreen.com/why-choose-trugreen/testimonials-and-ratings","","internal-links-missing-from-sitemap|duplicate-title",""
"chromium","2026-08-28T21:08:04.938Z","prod-release-2-7-2026-08-28","1-500","","https://www.trugreen.com/lawn-care-101/blog/trugreen-community-and-partnerships/trugreen-supports-fallen-patriots","https://www.trugreen.com/lawn-care-101/blog","200","301:https://www.trugreen.com/lawn-care-101/blog/trugreen-community-and-partnerships/trugreen-supports-fallen-patriots -> 200:https://www.trugreen.com/lawn-care-101/blog","TruGreen Blog | TruGreen","TruGreen Blog | TruGreen","https://www.trugreen.com/lawn-care-101/blog","1","https://www.trugreen.com/lawn-care-101/blog","1","","200","https://www.trugreen.com/lawn-care-101/blog","","","","0","1","Looking for advice?Turn to the experts.","0","main|header|footer","jsonld:1;types:Blog|BreadcrumbList|CollectionPage;invalid:0;missing:","0","0","86","22","https://www.trugreen.com/lawn-care-101 | https://www.trugreen.com/lawn-care-101/blog/beyond-lawn/hosting-backyard-party | https://www.trugreen.com/lawn-care-101/blog/consistent-lawn-care | https://www.trugreen.com/lawn-care-101/blog/lawn-care/lawn-care-myths | https://www.trugreen.com/lawn-care-101/blog/lawn-care/lawn-care-vs-landscaping | https://www.trugreen.com/lawn-care-101/blog/lawn-care/lawn-mowing-spread-weeds | https://www.trugreen.com/lawn-care-101/blog/lawn-care/what-lawn-need-thrive | https://www.trugreen.com/lawn-care-101/blog/lawn-care/what-my-lawn-need | https://www.trugreen.com/lawn-care-101/blog/lawn-care/when-aerate-and-overseed-northeast | https://www.trugreen.com/lawn-care-101/blog/lawn-damage/lawn-care-signs-stress | https://www.trugreen.com/lawn-care-101/blog/pest-control/how-control-fleas-yard | https://www.trugreen.com/lawn-care-101/blog/tree-shrub-care/tree-disease-treatment | https://www.trugreen.com/lawn-care-101/blog/weed-control/control-wild-violets | https://www.trugreen.com/lawn-care-101/blog/weed-control/how-control-clover-lawn | https://www.trugreen.com/lawn-care-101/blog/weed-control/weeds-from-coming-back | https://www.trugreen.com/lawn-care-101/learning-center | https://www.trugreen.com/newsroom | https://www.trugreen.com/pay-your-bill | https://www.trugreen.com/pests-products-and-services | https://www.trugreen.com/pga-tour | https://www.trugreen.com/products-and-services | https://www.trugreen.com/why-choose-trugreen/testimonials-and-ratings","","internal-links-missing-from-sitemap|duplicate-title",""
"chromium","2026-08-28T21:08:04.938Z","prod-release-2-7-2026-08-28","1-500","","https://www.trugreen.com/lawn-care-101/blog/trugreen-community-and-partnerships/trugreen-supports-pollinator-week","https://www.trugreen.com/lawn-care-101/blog","200","301:https://www.trugreen.com/lawn-care-101/blog/trugreen-community-and-partnerships/trugreen-supports-pollinator-week -> 200:https://www.trugreen.com/lawn-care-101/blog","TruGreen Blog | TruGreen","TruGreen Blog | TruGreen","https://www.trugreen.com/lawn-care-101/blog","1","https://www.trugreen.com/lawn-care-101/blog","1","","200","https://www.trugreen.com/lawn-care-101/blog","","","","0","1","Looking for advice?Turn to the experts.","0","main|header|footer","jsonld:1;types:Blog|BreadcrumbList|CollectionPage;invalid:0;missing:","0","0","86","22","https://www.trugreen.com/lawn-care-101 | https://www.trugreen.com/lawn-care-101/blog/beyond-lawn/hosting-backyard-party | https://www.trugreen.com/lawn-care-101/blog/consistent-lawn-care | https://www.trugreen.com/lawn-care-101/blog/lawn-care/lawn-care-myths | https://www.trugreen.com/lawn-care-101/blog/lawn-care/lawn-care-vs-landscaping | https://www.trugreen.com/lawn-care-101/blog/lawn-care/lawn-mowing-spread-weeds | https://www.trugreen.com/lawn-care-101/blog/lawn-care/what-lawn-need-thrive | https://www.trugreen.com/lawn-care-101/blog/lawn-care/what-my-lawn-need | https://www.trugreen.com/lawn-care-101/blog/lawn-care/when-aerate-and-overseed-northeast | https://www.trugreen.com/lawn-care-101/blog/lawn-damage/lawn-care-signs-stress | https://www.trugreen.com/lawn-care-101/blog/pest-control/how-control-fleas-yard | https://www.trugreen.com/lawn-care-101/blog/tree-shrub-care/tree-disease-treatment | https://www.trugreen.com/lawn-care-101/blog/weed-control/control-wild-violets | https://www.trugreen.com/lawn-care-101/blog/weed-control/how-control-clover-lawn | https://www.trugreen.com/lawn-care-101/blog/weed-control/weeds-from-coming-back | https://www.trugreen.com/lawn-care-101/learning-center | https://www.trugreen.com/newsroom | https://www.trugreen.com/pay-your-bill | https://www.trugreen.com/pests-products-and-services | https://www.trugreen.com/pga-tour | https://www.trugreen.com/products-and-services | https://www.trugreen.com/why-choose-trugreen/testimonials-and-ratings","","internal-links-missing-from-sitemap|duplicate-title",""
"chromium","2026-08-28T21:08:04.938Z","prod-release-2-7-2026-08-28","1-500","","https://www.trugreen.com/lawn-care-101/blog/trugreen-community-and-partnerships/trugreen-supports-st-jude-children%E2%80%99s-research-hosp","https://www.trugreen.com/lawn-care-101/blog/trugreen-community-and-partnerships/trugreengives-to-st-jude","200","301:https://www.trugreen.com/lawn-care-101/blog/trugreen-community-and-partnerships/trugreen-supports-st-jude-children%E2%80%99s-research-hosp -> 200:https://www.trugreen.com/lawn-care-101/blog/trugreen-community-and-partnerships/trugreengives-to-st-jude","TruGreen Gives to St. Jude Children&rsquo;s Research Hospital&reg; | TruGreen","TruGreen Gives to St. Jude Children’s Research Hospital® | TruGreen","https://www.trugreen.com/lawn-care-101/blog/trugreen-community-and-partnerships/trugreengives-to-st-jude","1","https://www.trugreen.com/lawn-care-101/blog/trugreen-community-and-partnerships/trugreengives-to-st-jude","1","","200","https://www.trugreen.com/lawn-care-101/blog/trugreen-community-and-partnerships/trugreengives-to-st-jude","","","","0","1","TruGreen Gives to St. Jude Children's Research Hospital®","0","header|footer","jsonld:1;types:Article;invalid:0;missing:jsonld_0_missing_@context","0","0","45","10","https://www.trugreen.com/lawn-care-101 | https://www.trugreen.com/lawn-care-101/blog?topic=Beyond+the+Lawn | https://www.trugreen.com/lawn-care-101/blog?type=Blog | https://www.trugreen.com/lawn-care-101/learning-center | https://www.trugreen.com/newsroom | https://www.trugreen.com/pay-your-bill | https://www.trugreen.com/pests-products-and-services | https://www.trugreen.com/pga-tour | https://www.trugreen.com/products-and-services | https://www.trugreen.com/why-choose-trugreen/testimonials-and-ratings","","missing-main|internal-links-missing-from-sitemap|duplicate-title",""
"chromium","2026-08-28T21:08:04.938Z","prod-release-2-7-2026-08-28","1-500","","https://www.trugreen.com/lawn-care-101/blog/trugreen-community-and-partnerships/trugreen-teams-up-with-seeds-for-change","https://www.trugreen.com/lawn-care-101/blog","200","301:https://www.trugreen.com/lawn-care-101/blog/trugreen-community-and-partnerships/trugreen-teams-up-with-seeds-for-change -> 200:https://www.trugreen.com/lawn-care-101/blog","TruGreen Blog | TruGreen","TruGreen Blog | TruGreen","https://www.trugreen.com/lawn-care-101/blog","1","https://www.trugreen.com/lawn-care-101/blog","1","","200","https://www.trugreen.com/lawn-care-101/blog","","","","0","1","Looking for advice?Turn to the experts.","0","main|header|footer","jsonld:1;types:Blog|BreadcrumbList|CollectionPage;invalid:0;missing:","0","0","86","22","https://www.trugreen.com/lawn-care-101 | https://www.trugreen.com/lawn-care-101/blog/beyond-lawn/hosting-backyard-party | https://www.trugreen.com/lawn-care-101/blog/consistent-lawn-care | https://www.trugreen.com/lawn-care-101/blog/lawn-care/lawn-care-myths | https://www.trugreen.com/lawn-care-101/blog/lawn-care/lawn-care-vs-landscaping | https://www.trugreen.com/lawn-care-101/blog/lawn-care/lawn-mowing-spread-weeds | https://www.trugreen.com/lawn-care-101/blog/lawn-care/what-lawn-need-thrive | https://www.trugreen.com/lawn-care-101/blog/lawn-care/what-my-lawn-need | https://www.trugreen.com/lawn-care-101/blog/lawn-care/when-aerate-and-overseed-northeast | https://www.trugreen.com/lawn-care-101/blog/lawn-damage/lawn-care-signs-stress | https://www.trugreen.com/lawn-care-101/blog/pest-control/how-control-fleas-yard | https://www.trugreen.com/lawn-care-101/blog/tree-shrub-care/tree-disease-treatment | https://www.trugreen.com/lawn-care-101/blog/weed-control/control-wild-violets | https://www.trugreen.com/lawn-care-101/blog/weed-control/how-control-clover-lawn | https://www.trugreen.com/lawn-care-101/blog/weed-control/weeds-from-coming-back | https://www.trugreen.com/lawn-care-101/learning-center | https://www.trugreen.com/newsroom | https://www.trugreen.com/pay-your-bill | https://www.trugreen.com/pests-products-and-services | https://www.trugreen.com/pga-tour | https://www.trugreen.com/products-and-services | https://www.trugreen.com/why-choose-trugreen/testimonials-and-ratings","","internal-links-missing-from-sitemap|duplicate-title",""
"chromium","2026-08-28T21:08:04.938Z","prod-release-2-7-2026-08-28","1-500","","https://www.trugreen.com/lawn-care-101/blog/trugreen-community-and-partnerships/trugreengives-to-st-jude","https://www.trugreen.com/lawn-care-101/blog/trugreen-community-and-partnerships/trugreengives-to-st-jude","200","200:https://www.trugreen.com/lawn-care-101/blog/trugreen-community-and-partnerships/trugreengives-to-st-jude","TruGreen Gives to St. Jude Children&rsquo;s Research Hospital&reg; | TruGreen","TruGreen Gives to St. Jude Children’s Research Hospital® | TruGreen","https://www.trugreen.com/lawn-care-101/blog/trugreen-community-and-partnerships/trugreengives-to-st-jude","1","https://www.trugreen.com/lawn-care-101/blog/trugreen-community-and-partnerships/trugreengives-to-st-jude","1","","200","https://www.trugreen.com/lawn-care-101/blog/trugreen-community-and-partnerships/trugreengives-to-st-jude","","","","0","1","TruGreen Gives to St. Jude Children's Research Hospital®","0","header|footer","jsonld:1;types:Article;invalid:0;missing:jsonld_0_missing_@context","0","0","45","10","https://www.trugreen.com/lawn-care-101 | https://www.trugreen.com/lawn-care-101/blog?topic=Beyond+the+Lawn | https://www.trugreen.com/lawn-care-101/blog?type=Blog | https://www.trugreen.com/lawn-care-101/learning-center | https://www.trugreen.com/newsroom | https://www.trugreen.com/pay-your-bill | https://www.trugreen.com/pests-products-and-services | https://www.trugreen.com/pga-tour | https://www.trugreen.com/products-and-services | https://www.trugreen.com/why-choose-trugreen/testimonials-and-ratings","","missing-main|internal-links-missing-from-sitemap|duplicate-title",""
"chromium","2026-08-28T21:08:04.938Z","prod-release-2-7-2026-08-28","1-500","","https://www.trugreen.com/lawn-care-101/blog/trugreen-community-and-partnerships/truneighbor_revitalization_jardin_de_unidad","https://www.trugreen.com/lawn-care-101/blog","200","301:https://www.trugreen.com/lawn-care-101/blog/trugreen-community-and-partnerships/truneighbor_revitalization_jardin_de_unidad -> 200:https://www.trugreen.com/lawn-care-101/blog","TruGreen Blog | TruGreen","TruGreen Blog | TruGreen","https://www.trugreen.com/lawn-care-101/blog","1","https://www.trugreen.com/lawn-care-101/blog","1","","200","https://www.trugreen.com/lawn-care-101/blog","","","","0","1","Looking for advice?Turn to the experts.","0","main|header|footer","jsonld:1;types:Blog|BreadcrumbList|CollectionPage;invalid:0;missing:","0","0","86","22","https://www.trugreen.com/lawn-care-101 | https://www.trugreen.com/lawn-care-101/blog/beyond-lawn/hosting-backyard-party | https://www.trugreen.com/lawn-care-101/blog/consistent-lawn-care | https://www.trugreen.com/lawn-care-101/blog/lawn-care/lawn-care-myths | https://www.trugreen.com/lawn-care-101/blog/lawn-care/lawn-care-vs-landscaping | https://www.trugreen.com/lawn-care-101/blog/lawn-care/lawn-mowing-spread-weeds | https://www.trugreen.com/lawn-care-101/blog/lawn-care/what-lawn-need-thrive | https://www.trugreen.com/lawn-care-101/blog/lawn-care/what-my-lawn-need | https://www.trugreen.com/lawn-care-101/blog/lawn-care/when-aerate-and-overseed-northeast | https://www.trugreen.com/lawn-care-101/blog/lawn-damage/lawn-care-signs-stress | https://www.trugreen.com/lawn-care-101/blog/pest-control/how-control-fleas-yard | https://www.trugreen.com/lawn-care-101/blog/tree-shrub-care/tree-disease-treatment | https://www.trugreen.com/lawn-care-101/blog/weed-control/control-wild-violets | https://www.trugreen.com/lawn-care-101/blog/weed-control/how-control-clover-lawn | https://www.trugreen.com/lawn-care-101/blog/weed-control/weeds-from-coming-back | https://www.trugreen.com/lawn-care-101/learning-center | https://www.trugreen.com/newsroom | https://www.trugreen.com/pay-your-bill | https://www.trugreen.com/pests-products-and-services | https://www.trugreen.com/pga-tour | https://www.trugreen.com/products-and-services | https://www.trugreen.com/why-choose-trugreen/testimonials-and-ratings","","internal-links-missing-from-sitemap|duplicate-title",""
"chromium","2026-08-28T21:08:04.938Z","prod-release-2-7-2026-08-28","1-500","","https://www.trugreen.com/lawn-care-101/blog/trugreen-company/2015-by-the-numbers","https://www.trugreen.com/lawn-care-101/blog","200","301:https://www.trugreen.com/lawn-care-101/blog/trugreen-company/2015-by-the-numbers -> 200:https://www.trugreen.com/lawn-care-101/blog","TruGreen Blog | TruGreen","TruGreen Blog | TruGreen","https://www.trugreen.com/lawn-care-101/blog","1","https://www.trugreen.com/lawn-care-101/blog","1","","200","https://www.trugreen.com/lawn-care-101/blog","","","","0","1","Looking for advice?Turn to the experts.","0","main|header|footer","jsonld:1;types:Blog|BreadcrumbList|CollectionPage;invalid:0;missing:","0","0","86","22","https://www.trugreen.com/lawn-care-101 | https://www.trugreen.com/lawn-care-101/blog/beyond-lawn/hosting-backyard-party | https://www.trugreen.com/lawn-care-101/blog/consistent-lawn-care | https://www.trugreen.com/lawn-care-101/blog/lawn-care/lawn-care-myths | https://www.trugreen.com/lawn-care-101/blog/lawn-care/lawn-care-vs-landscaping | https://www.trugreen.com/lawn-care-101/blog/lawn-care/lawn-mowing-spread-weeds | https://www.trugreen.com/lawn-care-101/blog/lawn-care/what-lawn-need-thrive | https://www.trugreen.com/lawn-care-101/blog/lawn-care/what-my-lawn-need | https://www.trugreen.com/lawn-care-101/blog/lawn-care/when-aerate-and-overseed-northeast | https://www.trugreen.com/lawn-care-101/blog/lawn-damage/lawn-care-signs-stress | https://www.trugreen.com/lawn-care-101/blog/pest-control/how-control-fleas-yard | https://www.trugreen.com/lawn-care-101/blog/tree-shrub-care/tree-disease-treatment | https://www.trugreen.com/lawn-care-101/blog/weed-control/control-wild-violets | https://www.trugreen.com/lawn-care-101/blog/weed-control/how-control-clover-lawn | https://www.trugreen.com/lawn-care-101/blog/weed-control/weeds-from-coming-back | https://www.trugreen.com/lawn-care-101/learning-center | https://www.trugreen.com/newsroom | https://www.trugreen.com/pay-your-bill | https://www.trugreen.com/pests-products-and-services | https://www.trugreen.com/pga-tour | https://www.trugreen.com/products-and-services | https://www.trugreen.com/why-choose-trugreen/testimonials-and-ratings","","internal-links-missing-from-sitemap|duplicate-title",""
"chromium","2026-08-28T21:08:04.938Z","prod-release-2-7-2026-08-28","1-500","","https://www.trugreen.com/lawn-care-101/blog/trugreen-company/a-winning-infield-turf-at-daytona","https://www.trugreen.com/lawn-care-101/blog","200","301:https://www.trugreen.com/lawn-care-101/blog/trugreen-company/a-winning-infield-turf-at-daytona -> 200:https://www.trugreen.com/lawn-care-101/blog","TruGreen Blog | TruGreen","TruGreen Blog | TruGreen","https://www.trugreen.com/lawn-care-101/blog","1","https://www.trugreen.com/lawn-care-101/blog","1","","200","https://www.trugreen.com/lawn-care-101/blog","","","","0","1","Looking for advice?Turn to the experts.","0","main|header|footer","jsonld:1;types:Blog|BreadcrumbList|CollectionPage;invalid:0;missing:","0","0","86","22","https://www.trugreen.com/lawn-care-101 | https://www.trugreen.com/lawn-care-101/blog/beyond-lawn/hosting-backyard-party | https://www.trugreen.com/lawn-care-101/blog/consistent-lawn-care | https://www.trugreen.com/lawn-care-101/blog/lawn-care/lawn-care-myths | https://www.trugreen.com/lawn-care-101/blog/lawn-care/lawn-care-vs-landscaping | https://www.trugreen.com/lawn-care-101/blog/lawn-care/lawn-mowing-spread-weeds | https://www.trugreen.com/lawn-care-101/blog/lawn-care/what-lawn-need-thrive | https://www.trugreen.com/lawn-care-101/blog/lawn-care/what-my-lawn-need | https://www.trugreen.com/lawn-care-101/blog/lawn-care/when-aerate-and-overseed-northeast | https://www.trugreen.com/lawn-care-101/blog/lawn-damage/lawn-care-signs-stress | https://www.trugreen.com/lawn-care-101/blog/pest-control/how-control-fleas-yard | https://www.trugreen.com/lawn-care-101/blog/tree-shrub-care/tree-disease-treatment | https://www.trugreen.com/lawn-care-101/blog/weed-control/control-wild-violets | https://www.trugreen.com/lawn-care-101/blog/weed-control/how-control-clover-lawn | https://www.trugreen.com/lawn-care-101/blog/weed-control/weeds-from-coming-back | https://www.trugreen.com/lawn-care-101/learning-center | https://www.trugreen.com/newsroom | https://www.trugreen.com/pay-your-bill | https://www.trugreen.com/pests-products-and-services | https://www.trugreen.com/pga-tour | https://www.trugreen.com/products-and-services | https://www.trugreen.com/why-choose-trugreen/testimonials-and-ratings","","internal-links-missing-from-sitemap|duplicate-title",""
"chromium","2026-08-28T21:08:04.938Z","prod-release-2-7-2026-08-28","1-500","","https://www.trugreen.com/lawn-care-101/blog/trugreen-company/lawn-aeration-fall-aeration","https://www.trugreen.com/lawn-care-101/blog/lawn-care-tips/fall-in-love-with-lawn-maintenance-tips-and-tricks","200","301:https://www.trugreen.com/lawn-care-101/blog/trugreen-company/lawn-aeration-fall-aeration -> 200:https://www.trugreen.com/lawn-care-101/blog/lawn-care-tips/fall-in-love-with-lawn-maintenance-tips-and-tricks","Fall in Love with Lawn Maintenance | TruGreen","Fall in Love with Lawn Maintenance | TruGreen","https://www.trugreen.com/lawn-care-101/blog/lawn-care-tips/fall-in-love-with-lawn-maintenance-tips-and-tricks","1","https://www.trugreen.com/lawn-care-101/blog/lawn-care-tips/fall-in-love-with-lawn-maintenance-tips-and-tricks","1","","200","https://www.trugreen.com/lawn-care-101/blog/lawn-care-tips/fall-in-love-with-lawn-maintenance-tips-and-tricks","","","","0","1","Essential Fall Lawn Tips for a Healthier Yard Next Spring","0","header|footer","jsonld:1;types:Article;invalid:0;missing:jsonld_0_missing_@context","0","0","47","10","https://www.trugreen.com/lawn-care-101 | https://www.trugreen.com/lawn-care-101/blog?topic=Lawn+Care | https://www.trugreen.com/lawn-care-101/blog?type=Blog | https://www.trugreen.com/lawn-care-101/learning-center | https://www.trugreen.com/newsroom | https://www.trugreen.com/pay-your-bill | https://www.trugreen.com/pests-products-and-services | https://www.trugreen.com/pga-tour | https://www.trugreen.com/products-and-services | https://www.trugreen.com/why-choose-trugreen/testimonials-and-ratings","","missing-main|internal-links-missing-from-sitemap|duplicate-title",""
"chromium","2026-08-28T21:08:04.938Z","prod-release-2-7-2026-08-28","1-500","","https://www.trugreen.com/lawn-care-101/blog/trugreen-company/lawn-maintenance-how-to-maintain-a-healthy-green","https://www.trugreen.com/lawn-care-101/blog/trugreen-lawn-care-services/lawn-maintenance-checklist","200","301:https://www.trugreen.com/lawn-care-101/blog/trugreen-company/lawn-maintenance-how-to-maintain-a-healthy-green -> 200:https://www.trugreen.com/lawn-care-101/blog/trugreen-lawn-care-services/lawn-maintenance-checklist","Seasonal Lawn Care Maintenance and Treatment Schedule | TruGreen","Seasonal Lawn Care Maintenance and Treatment Schedule | TruGreen","https://www.trugreen.com/lawn-care-101/blog/trugreen-lawn-care-services/lawn-maintenance-checklist","1","https://www.trugreen.com/lawn-care-101/blog/trugreen-lawn-care-services/lawn-maintenance-checklist","1","","200","https://www.trugreen.com/lawn-care-101/blog/trugreen-lawn-care-services/lawn-maintenance-checklist","","","","0","1","Seasonal Lawn Care Maintenance and Treatment Schedule","0","header|nav|footer","jsonld:1;types:Article;invalid:0;missing:jsonld_0_missing_@context","0","0","50","15","https://www.trugreen.com/lawn-care-101 | https://www.trugreen.com/lawn-care-101/blog?topic=Lawn+Care | https://www.trugreen.com/lawn-care-101/blog?type=Blog | https://www.trugreen.com/lawn-care-101/learning-center | https://www.trugreen.com/my-account/account-settings | https://www.trugreen.com/my-account/account-summary | https://www.trugreen.com/my-account/my-documents | https://www.trugreen.com/my-account/my-services | https://www.trugreen.com/my-account/payments | https://www.trugreen.com/newsroom | https://www.trugreen.com/pay-your-bill | https://www.trugreen.com/pests-products-and-services | https://www.trugreen.com/pga-tour | https://www.trugreen.com/products-and-services | https://www.trugreen.com/why-choose-trugreen/testimonials-and-ratings","","missing-main|internal-links-missing-from-sitemap|duplicate-title",""
"chromium","2026-08-28T21:08:04.938Z","prod-release-2-7-2026-08-28","1-500","","https://www.trugreen.com/lawn-care-101/blog/trugreen-company/lawn-treatment-what-lawn-treatment-best-suits-your","https://www.trugreen.com/lawn-care-101/blog/trugreen-lawn-care-services/trugreen-lawn-plans-tailored-for-you","200","301:https://www.trugreen.com/lawn-care-101/blog/trugreen-company/lawn-treatment-what-lawn-treatment-best-suits-your -> 200:https://www.trugreen.com/lawn-care-101/blog/trugreen-lawn-care-services/trugreen-lawn-plans-tailored-for-you","TruGreen Plans | TruGreen","TruGreen Plans | TruGreen","https://www.trugreen.com/lawn-care-101/blog/trugreen-lawn-care-services/trugreen-lawn-plans-tailored-for-you","1","https://www.trugreen.com/lawn-care-101/blog/trugreen-lawn-care-services/trugreen-lawn-plans-tailored-for-you","1","","","https://www.trugreen.com/lawn-care-101/blog/trugreen-lawn-care-services/trugreen-lawn-plans-tailored-for-you","","","","0","1","TruGreen Lawn Plans Tailored for You","0","header|nav|footer","jsonld:1;types:Article;invalid:0;missing:jsonld_0_missing_@context","0","0","50","15","https://www.trugreen.com/lawn-care-101 | https://www.trugreen.com/lawn-care-101/blog?topic=Lawn+Care | https://www.trugreen.com/lawn-care-101/blog?type=Blog | https://www.trugreen.com/lawn-care-101/learning-center | https://www.trugreen.com/my-account/account-settings | https://www.trugreen.com/my-account/account-summary | https://www.trugreen.com/my-account/my-documents | https://www.trugreen.com/my-account/my-services | https://www.trugreen.com/my-account/payments | https://www.trugreen.com/newsroom | https://www.trugreen.com/pay-your-bill | https://www.trugreen.com/pests-products-and-services | https://www.trugreen.com/pga-tour | https://www.trugreen.com/products-and-services | https://www.trugreen.com/why-choose-trugreen/testimonials-and-ratings","","missing-main|internal-links-missing-from-sitemap|duplicate-title|canonical-target-invalid",""
"chromium","2026-08-28T21:08:04.938Z","prod-release-2-7-2026-08-28","1-500","","https://www.trugreen.com/lawn-care-101/blog/trugreen-company/meet-anthony-conversa%2C-chief-growth-officer-at-tru","https://www.trugreen.com/lawn-care-101/blog","200","301:https://www.trugreen.com/lawn-care-101/blog/trugreen-company/meet-anthony-conversa%2C-chief-growth-officer-at-tru -> 200:https://www.trugreen.com/lawn-care-101/blog","TruGreen Blog | TruGreen","TruGreen Blog | TruGreen","https://www.trugreen.com/lawn-care-101/blog","1","https://www.trugreen.com/lawn-care-101/blog","1","","200","https://www.trugreen.com/lawn-care-101/blog","","","","0","1","Looking for advice?Turn to the experts.","0","main|header|footer","jsonld:1;types:Blog|BreadcrumbList|CollectionPage;invalid:0;missing:","0","0","86","22","https://www.trugreen.com/lawn-care-101 | https://www.trugreen.com/lawn-care-101/blog/beyond-lawn/hosting-backyard-party | https://www.trugreen.com/lawn-care-101/blog/consistent-lawn-care | https://www.trugreen.com/lawn-care-101/blog/lawn-care/lawn-care-myths | https://www.trugreen.com/lawn-care-101/blog/lawn-care/lawn-care-vs-landscaping | https://www.trugreen.com/lawn-care-101/blog/lawn-care/lawn-mowing-spread-weeds | https://www.trugreen.com/lawn-care-101/blog/lawn-care/what-lawn-need-thrive | https://www.trugreen.com/lawn-care-101/blog/lawn-care/what-my-lawn-need | https://www.trugreen.com/lawn-care-101/blog/lawn-care/when-aerate-and-overseed-northeast | https://www.trugreen.com/lawn-care-101/blog/lawn-damage/lawn-care-signs-stress | https://www.trugreen.com/lawn-care-101/blog/pest-control/how-control-fleas-yard | https://www.trugreen.com/lawn-care-101/blog/tree-shrub-care/tree-disease-treatment | https://www.trugreen.com/lawn-care-101/blog/weed-control/control-wild-violets | https://www.trugreen.com/lawn-care-101/blog/weed-control/how-control-clover-lawn | https://www.trugreen.com/lawn-care-101/blog/weed-control/weeds-from-coming-back | https://www.trugreen.com/lawn-care-101/learning-center | https://www.trugreen.com/newsroom | https://www.trugreen.com/pay-your-bill | https://www.trugreen.com/pests-products-and-services | https://www.trugreen.com/pga-tour | https://www.trugreen.com/products-and-services | https://www.trugreen.com/why-choose-trugreen/testimonials-and-ratings","","internal-links-missing-from-sitemap|duplicate-title",""
"chromium","2026-08-28T21:08:04.938Z","prod-release-2-7-2026-08-28","1-500","","https://www.trugreen.com/lawn-care-101/blog/trugreen-company/tree-service-tree-specialist-trugreen","https://www.trugreen.com/products-and-services/trushrub-tree-and-shrub-care","200","301:https://www.trugreen.com/lawn-care-101/blog/trugreen-company/tree-service-tree-specialist-trugreen -> 200:https://www.trugreen.com/products-and-services/trushrub-tree-and-shrub-care","TruShrub: Tree and Shrub service near you | TruGreen","TruShrub: Tree and Shrub service near you | TruGreen","https://www.trugreen.com/products-and-services/trushrub-tree-and-shrub-care","1","https://www.trugreen.com/products-and-services/trushrub-tree-and-shrub-care","1","","200","https://www.trugreen.com/products-and-services/trushrub-tree-and-shrub-care","","","","0","1","TruShrub Tree & Shrub Care","0","main|header|footer","jsonld:1;types:Service;invalid:0;missing:","0","0","44","8","https://www.trugreen.com/lawn-care-101 | https://www.trugreen.com/lawn-care-101/learning-center | https://www.trugreen.com/newsroom | https://www.trugreen.com/pay-your-bill | https://www.trugreen.com/pests-products-and-services | https://www.trugreen.com/pga-tour | https://www.trugreen.com/products-and-services | https://www.trugreen.com/why-choose-trugreen/testimonials-and-ratings","","internal-links-missing-from-sitemap",""
"chromium","2026-08-28T21:08:04.938Z","prod-release-2-7-2026-08-28","1-500","","https://www.trugreen.com/lawn-care-101/blog/trugreen-company/trugreen-receives-environmental-stewardship-award","https://www.trugreen.com/lawn-care-101/blog","200","301:https://www.trugreen.com/lawn-care-101/blog/trugreen-company/trugreen-receives-environmental-stewardship-award -> 200:https://www.trugreen.com/lawn-care-101/blog","TruGreen Blog | TruGreen","TruGreen Blog | TruGreen","https://www.trugreen.com/lawn-care-101/blog","1","https://www.trugreen.com/lawn-care-101/blog","1","","200","https://www.trugreen.com/lawn-care-101/blog","","","","0","1","Looking for advice?Turn to the experts.","0","main|header|footer","jsonld:1;types:Blog|BreadcrumbList|CollectionPage;invalid:0;missing:","0","0","86","22","https://www.trugreen.com/lawn-care-101 | https://www.trugreen.com/lawn-care-101/blog/beyond-lawn/hosting-backyard-party | https://www.trugreen.com/lawn-care-101/blog/consistent-lawn-care | https://www.trugreen.com/lawn-care-101/blog/lawn-care/lawn-care-myths | https://www.trugreen.com/lawn-care-101/blog/lawn-care/lawn-care-vs-landscaping | https://www.trugreen.com/lawn-care-101/blog/lawn-care/lawn-mowing-spread-weeds | https://www.trugreen.com/lawn-care-101/blog/lawn-care/what-lawn-need-thrive | https://www.trugreen.com/lawn-care-101/blog/lawn-care/what-my-lawn-need | https://www.trugreen.com/lawn-care-101/blog/lawn-care/when-aerate-and-overseed-northeast | https://www.trugreen.com/lawn-care-101/blog/lawn-damage/lawn-care-signs-stress | https://www.trugreen.com/lawn-care-101/blog/pest-control/how-control-fleas-yard | https://www.trugreen.com/lawn-care-101/blog/tree-shrub-care/tree-disease-treatment | https://www.trugreen.com/lawn-care-101/blog/weed-control/control-wild-violets | https://www.trugreen.com/lawn-care-101/blog/weed-control/how-control-clover-lawn | https://www.trugreen.com/lawn-care-101/blog/weed-control/weeds-from-coming-back | https://www.trugreen.com/lawn-care-101/learning-center | https://www.trugreen.com/newsroom | https://www.trugreen.com/pay-your-bill | https://www.trugreen.com/pests-products-and-services | https://www.trugreen.com/pga-tour | https://www.trugreen.com/products-and-services | https://www.trugreen.com/why-choose-trugreen/testimonials-and-ratings","","internal-links-missing-from-sitemap|duplicate-title",""
"chromium","2026-08-28T21:08:04.938Z","prod-release-2-7-2026-08-28","1-500","","https://www.trugreen.com/lawn-care-101/blog/trugreen-company/trugreen-s-truneighbor-program","https://www.trugreen.com/lawn-care-101/blog","200","301:https://www.trugreen.com/lawn-care-101/blog/trugreen-company/trugreen-s-truneighbor-program -> 200:https://www.trugreen.com/lawn-care-101/blog","TruGreen Blog | TruGreen","TruGreen Blog | TruGreen","https://www.trugreen.com/lawn-care-101/blog","1","https://www.trugreen.com/lawn-care-101/blog","1","","200","https://www.trugreen.com/lawn-care-101/blog","","","","0","1","Looking for advice?Turn to the experts.","0","main|header|footer","jsonld:1;types:Blog|BreadcrumbList|CollectionPage;invalid:0;missing:","0","0","86","22","https://www.trugreen.com/lawn-care-101 | https://www.trugreen.com/lawn-care-101/blog/beyond-lawn/hosting-backyard-party | https://www.trugreen.com/lawn-care-101/blog/consistent-lawn-care | https://www.trugreen.com/lawn-care-101/blog/lawn-care/lawn-care-myths | https://www.trugreen.com/lawn-care-101/blog/lawn-care/lawn-care-vs-landscaping | https://www.trugreen.com/lawn-care-101/blog/lawn-care/lawn-mowing-spread-weeds | https://www.trugreen.com/lawn-care-101/blog/lawn-care/what-lawn-need-thrive | https://www.trugreen.com/lawn-care-101/blog/lawn-care/what-my-lawn-need | https://www.trugreen.com/lawn-care-101/blog/lawn-care/when-aerate-and-overseed-northeast | https://www.trugreen.com/lawn-care-101/blog/lawn-damage/lawn-care-signs-stress | https://www.trugreen.com/lawn-care-101/blog/pest-control/how-control-fleas-yard | https://www.trugreen.com/lawn-care-101/blog/tree-shrub-care/tree-disease-treatment | https://www.trugreen.com/lawn-care-101/blog/weed-control/control-wild-violets | https://www.trugreen.com/lawn-care-101/blog/weed-control/how-control-clover-lawn | https://www.trugreen.com/lawn-care-101/blog/weed-control/weeds-from-coming-back | https://www.trugreen.com/lawn-care-101/learning-center | https://www.trugreen.com/newsroom | https://www.trugreen.com/pay-your-bill | https://www.trugreen.com/pests-products-and-services | https://www.trugreen.com/pga-tour | https://www.trugreen.com/products-and-services | https://www.trugreen.com/why-choose-trugreen/testimonials-and-ratings","","internal-links-missing-from-sitemap|duplicate-title",""
"chromium","2026-08-28T21:08:04.938Z","prod-release-2-7-2026-08-28","1-500","","https://www.trugreen.com/lawn-care-101/blog/trugreen-company/trugreen-testimonial-anthony","https://www.trugreen.com/lawn-care-101/blog","200","301:https://www.trugreen.com/lawn-care-101/blog/trugreen-company/trugreen-testimonial-anthony -> 200:https://www.trugreen.com/lawn-care-101/blog","TruGreen Blog | TruGreen","TruGreen Blog | TruGreen","https://www.trugreen.com/lawn-care-101/blog","1","https://www.trugreen.com/lawn-care-101/blog","1","","200","https://www.trugreen.com/lawn-care-101/blog","","","","0","1","Looking for advice?Turn to the experts.","0","main|header|footer","jsonld:1;types:Blog|BreadcrumbList|CollectionPage;invalid:0;missing:","0","0","86","22","https://www.trugreen.com/lawn-care-101 | https://www.trugreen.com/lawn-care-101/blog/beyond-lawn/hosting-backyard-party | https://www.trugreen.com/lawn-care-101/blog/consistent-lawn-care | https://www.trugreen.com/lawn-care-101/blog/lawn-care/lawn-care-myths | https://www.trugreen.com/lawn-care-101/blog/lawn-care/lawn-care-vs-landscaping | https://www.trugreen.com/lawn-care-101/blog/lawn-care/lawn-mowing-spread-weeds | https://www.trugreen.com/lawn-care-101/blog/lawn-care/what-lawn-need-thrive | https://www.trugreen.com/lawn-care-101/blog/lawn-care/what-my-lawn-need | https://www.trugreen.com/lawn-care-101/blog/lawn-care/when-aerate-and-overseed-northeast | https://www.trugreen.com/lawn-care-101/blog/lawn-damage/lawn-care-signs-stress | https://www.trugreen.com/lawn-care-101/blog/pest-control/how-control-fleas-yard | https://www.trugreen.com/lawn-care-101/blog/tree-shrub-care/tree-disease-treatment | https://www.trugreen.com/lawn-care-101/blog/weed-control/control-wild-violets | https://www.trugreen.com/lawn-care-101/blog/weed-control/how-control-clover-lawn | https://www.trugreen.com/lawn-care-101/blog/weed-control/weeds-from-coming-back | https://www.trugreen.com/lawn-care-101/learning-center | https://www.trugreen.com/newsroom | https://www.trugreen.com/pay-your-bill | https://www.trugreen.com/pests-products-and-services | https://www.trugreen.com/pga-tour | https://www.trugreen.com/products-and-services | https://www.trugreen.com/why-choose-trugreen/testimonials-and-ratings","","internal-links-missing-from-sitemap|duplicate-title",""
"chromium","2026-08-28T21:08:04.938Z","prod-release-2-7-2026-08-28","1-500","","https://www.trugreen.com/lawn-care-101/blog/trugreen-company/trugreen-testimonial-jolene","https://www.trugreen.com/lawn-care-101/blog","200","301:https://www.trugreen.com/lawn-care-101/blog/trugreen-company/trugreen-testimonial-jolene -> 200:https://www.trugreen.com/lawn-care-101/blog","TruGreen Blog | TruGreen","TruGreen Blog | TruGreen","https://www.trugreen.com/lawn-care-101/blog","1","https://www.trugreen.com/lawn-care-101/blog","1","","200","https://www.trugreen.com/lawn-care-101/blog","","","","0","1","Looking for advice?Turn to the experts.","0","main|header|footer","jsonld:1;types:Blog|BreadcrumbList|CollectionPage;invalid:0;missing:","0","0","86","22","https://www.trugreen.com/lawn-care-101 | https://www.trugreen.com/lawn-care-101/blog/beyond-lawn/hosting-backyard-party | https://www.trugreen.com/lawn-care-101/blog/consistent-lawn-care | https://www.trugreen.com/lawn-care-101/blog/lawn-care/lawn-care-myths | https://www.trugreen.com/lawn-care-101/blog/lawn-care/lawn-care-vs-landscaping | https://www.trugreen.com/lawn-care-101/blog/lawn-care/lawn-mowing-spread-weeds | https://www.trugreen.com/lawn-care-101/blog/lawn-care/what-lawn-need-thrive | https://www.trugreen.com/lawn-care-101/blog/lawn-care/what-my-lawn-need | https://www.trugreen.com/lawn-care-101/blog/lawn-care/when-aerate-and-overseed-northeast | https://www.trugreen.com/lawn-care-101/blog/lawn-damage/lawn-care-signs-stress | https://www.trugreen.com/lawn-care-101/blog/pest-control/how-control-fleas-yard | https://www.trugreen.com/lawn-care-101/blog/tree-shrub-care/tree-disease-treatment | https://www.trugreen.com/lawn-care-101/blog/weed-control/control-wild-violets | https://www.trugreen.com/lawn-care-101/blog/weed-control/how-control-clover-lawn | https://www.trugreen.com/lawn-care-101/blog/weed-control/weeds-from-coming-back | https://www.trugreen.com/lawn-care-101/learning-center | https://www.trugreen.com/newsroom | https://www.trugreen.com/pay-your-bill | https://www.trugreen.com/pests-products-and-services | https://www.trugreen.com/pga-tour | https://www.trugreen.com/products-and-services | https://www.trugreen.com/why-choose-trugreen/testimonials-and-ratings","","internal-links-missing-from-sitemap|duplicate-title",""
"chromium","2026-08-28T21:08:04.938Z","prod-release-2-7-2026-08-28","1-500","","https://www.trugreen.com/lawn-care-101/blog/trugreen-company/trugreen-testimonial-karen-wayne","https://www.trugreen.com/lawn-care-101/blog","200","301:https://www.trugreen.com/lawn-care-101/blog/trugreen-company/trugreen-testimonial-karen-wayne -> 200:https://www.trugreen.com/lawn-care-101/blog","TruGreen Blog | TruGreen","TruGreen Blog | TruGreen","https://www.trugreen.com/lawn-care-101/blog","1","https://www.trugreen.com/lawn-care-101/blog","1","","200","https://www.trugreen.com/lawn-care-101/blog","","","","0","1","Looking for advice?Turn to the experts.","0","main|header|footer","jsonld:1;types:Blog|BreadcrumbList|CollectionPage;invalid:0;missing:","0","0","86","22","https://www.trugreen.com/lawn-care-101 | https://www.trugreen.com/lawn-care-101/blog/beyond-lawn/hosting-backyard-party | https://www.trugreen.com/lawn-care-101/blog/consistent-lawn-care | https://www.trugreen.com/lawn-care-101/blog/lawn-care/lawn-care-myths | https://www.trugreen.com/lawn-care-101/blog/lawn-care/lawn-care-vs-landscaping | https://www.trugreen.com/lawn-care-101/blog/lawn-care/lawn-mowing-spread-weeds | https://www.trugreen.com/lawn-care-101/blog/lawn-care/what-lawn-need-thrive | https://www.trugreen.com/lawn-care-101/blog/lawn-care/what-my-lawn-need | https://www.trugreen.com/lawn-care-101/blog/lawn-care/when-aerate-and-overseed-northeast | https://www.trugreen.com/lawn-care-101/blog/lawn-damage/lawn-care-signs-stress | https://www.trugreen.com/lawn-care-101/blog/pest-control/how-control-fleas-yard | https://www.trugreen.com/lawn-care-101/blog/tree-shrub-care/tree-disease-treatment | https://www.trugreen.com/lawn-care-101/blog/weed-control/control-wild-violets | https://www.trugreen.com/lawn-care-101/blog/weed-control/how-control-clover-lawn | https://www.trugreen.com/lawn-care-101/blog/weed-control/weeds-from-coming-back | https://www.trugreen.com/lawn-care-101/learning-center | https://www.trugreen.com/newsroom | https://www.trugreen.com/pay-your-bill | https://www.trugreen.com/pests-products-and-services | https://www.trugreen.com/pga-tour | https://www.trugreen.com/products-and-services | https://www.trugreen.com/why-choose-trugreen/testimonials-and-ratings","","internal-links-missing-from-sitemap|duplicate-title",""
"chromium","2026-08-28T21:08:04.938Z","prod-release-2-7-2026-08-28","1-500","","https://www.trugreen.com/lawn-care-101/blog/trugreen-company/trugreen-testimonial-melvin","https://www.trugreen.com/lawn-care-101/blog","200","301:https://www.trugreen.com/lawn-care-101/blog/trugreen-company/trugreen-testimonial-melvin -> 200:https://www.trugreen.com/lawn-care-101/blog","TruGreen Blog | TruGreen","TruGreen Blog | TruGreen","https://www.trugreen.com/lawn-care-101/blog","1","https://www.trugreen.com/lawn-care-101/blog","1","","200","https://www.trugreen.com/lawn-care-101/blog","","","","0","1","Looking for advice?Turn to the experts.","0","main|header|footer","jsonld:1;types:Blog|BreadcrumbList|CollectionPage;invalid:0;missing:","0","0","86","22","https://www.trugreen.com/lawn-care-101 | https://www.trugreen.com/lawn-care-101/blog/beyond-lawn/hosting-backyard-party | https://www.trugreen.com/lawn-care-101/blog/consistent-lawn-care | https://www.trugreen.com/lawn-care-101/blog/lawn-care/lawn-care-myths | https://www.trugreen.com/lawn-care-101/blog/lawn-care/lawn-care-vs-landscaping | https://www.trugreen.com/lawn-care-101/blog/lawn-care/lawn-mowing-spread-weeds | https://www.trugreen.com/lawn-care-101/blog/lawn-care/what-lawn-need-thrive | https://www.trugreen.com/lawn-care-101/blog/lawn-care/what-my-lawn-need | https://www.trugreen.com/lawn-care-101/blog/lawn-care/when-aerate-and-overseed-northeast | https://www.trugreen.com/lawn-care-101/blog/lawn-damage/lawn-care-signs-stress | https://www.trugreen.com/lawn-care-101/blog/pest-control/how-control-fleas-yard | https://www.trugreen.com/lawn-care-101/blog/tree-shrub-care/tree-disease-treatment | https://www.trugreen.com/lawn-care-101/blog/weed-control/control-wild-violets | https://www.trugreen.com/lawn-care-101/blog/weed-control/how-control-clover-lawn | https://www.trugreen.com/lawn-care-101/blog/weed-control/weeds-from-coming-back | https://www.trugreen.com/lawn-care-101/learning-center | https://www.trugreen.com/newsroom | https://www.trugreen.com/pay-your-bill | https://www.trugreen.com/pests-products-and-services | https://www.trugreen.com/pga-tour | https://www.trugreen.com/products-and-services | https://www.trugreen.com/why-choose-trugreen/testimonials-and-ratings","","internal-links-missing-from-sitemap|duplicate-title",""
"chromium","2026-08-28T21:08:04.938Z","prod-release-2-7-2026-08-28","1-500","","https://www.trugreen.com/lawn-care-101/blog/trugreen-company/trugreen-testimonial-mike","https://www.trugreen.com/lawn-care-101/blog/trugreen-company/trugreen-testimonial-mike","200","200:https://www.trugreen.com/lawn-care-101/blog/trugreen-company/trugreen-testimonial-mike","TruGreen Customer Testimonial: Mike | TruGreen","TruGreen Customer Testimonial: Mike | TruGreen","https://www.trugreen.com/lawn-care-101/blog/trugreen-company/trugreen-testimonial-mike","1","https://www.trugreen.com/lawn-care-101/blog/trugreen-company/trugreen-testimonial-mike","1","","200","https://www.trugreen.com/lawn-care-101/blog/trugreen-company/trugreen-testimonial-mike","","","","0","1","TruGreen Customer Testimonial: Mike","0","header|nav|footer","jsonld:1;types:Article;invalid:0;missing:jsonld_0_missing_@context","0","0","51","17","https://www.trugreen.com/chat/organic-promo | https://www.trugreen.com/lawn-care-101 | https://www.trugreen.com/lawn-care-101/blog?topic=TruGreen+Company | https://www.trugreen.com/lawn-care-101/blog?type=Video | https://www.trugreen.com/lawn-care-101/learning-center | https://www.trugreen.com/my-account/account-settings | https://www.trugreen.com/my-account/account-summary | https://www.trugreen.com/my-account/my-documents | https://www.trugreen.com/my-account/my-services | https://www.trugreen.com/my-account/payments | https://www.trugreen.com/newsroom | https://www.trugreen.com/pay-your-bill | https://www.trugreen.com/pests-products-and-services | https://www.trugreen.com/pga-tour | https://www.trugreen.com/products-and-services | https://www.trugreen.com/products-and-services/tree-and-shrub-service | https://www.trugreen.com/why-choose-trugreen/testimonials-and-ratings","","missing-main|internal-links-missing-from-sitemap",""
"chromium","2026-08-28T21:08:04.938Z","prod-release-2-7-2026-08-28","1-500","","https://www.trugreen.com/lawn-care-101/blog/trugreen-company/trugreen-who-is-trugreen-lawn-care-services","https://www.trugreen.com/","200","301:https://www.trugreen.com/lawn-care-101/blog/trugreen-company/trugreen-who-is-trugreen-lawn-care-services -> 200:https://www.trugreen.com/","TruGreen | America’s #1 Name in Lawn Care","TruGreen | America’s #1 Name in Lawn Care","https://www.trugreen.com/","1","https://www.trugreen.com/","1","","200","https://www.trugreen.com/","","","","0","1","Nobody makes lawn care easier than TruGreen.","0","main|header|footer","jsonld:1;types:Organization|WebSite;invalid:0;missing:jsonld_0_missing_@context|jsonld_1_missing_@context","0","4","41","8","https://www.trugreen.com/lawn-care-101 | https://www.trugreen.com/lawn-care-101/learning-center | https://www.trugreen.com/newsroom | https://www.trugreen.com/pay-your-bill | https://www.trugreen.com/pests-products-and-services | https://www.trugreen.com/pga-tour | https://www.trugreen.com/products-and-services | https://www.trugreen.com/why-choose-trugreen/testimonials-and-ratings","","internal-links-missing-from-sitemap|duplicate-title",""
"chromium","2026-08-28T21:08:04.938Z","prod-release-2-7-2026-08-28","1-500","","https://www.trugreen.com/lawn-care-101/blog/trugreen-company/trustories-with-sean-jones","https://www.trugreen.com/lawn-care-101/blog/trugreen-company/trustories-with-sean-jones","200","200:https://www.trugreen.com/lawn-care-101/blog/trugreen-company/trustories-with-sean-jones","TruStories with Sean Jones | TruGreen","TruStories with Sean Jones | TruGreen","https://www.trugreen.com/lawn-care-101/blog/trugreen-company/trustories-with-sean-jones","1","https://www.trugreen.com/lawn-care-101/blog/trugreen-company/trustories-with-sean-jones","1","","200","https://www.trugreen.com/lawn-care-101/blog/trugreen-company/trustories-with-sean-jones","","","","0","1","TruStories with Sean Jones","0","header|nav|footer","jsonld:1;types:Article;invalid:0;missing:jsonld_0_missing_@context","0","0","51","17","https://www.trugreen.com/chat/organic-promo | https://www.trugreen.com/lawn-care-101 | https://www.trugreen.com/lawn-care-101/blog?topic=TruGreen+Company | https://www.trugreen.com/lawn-care-101/blog?type=Video | https://www.trugreen.com/lawn-care-101/learning-center | https://www.trugreen.com/my-account/account-settings | https://www.trugreen.com/my-account/account-summary | https://www.trugreen.com/my-account/my-documents | https://www.trugreen.com/my-account/my-services | https://www.trugreen.com/my-account/payments | https://www.trugreen.com/newsroom | https://www.trugreen.com/pay-your-bill | https://www.trugreen.com/pests-products-and-services | https://www.trugreen.com/pga-tour | https://www.trugreen.com/products-and-services | https://www.trugreen.com/products-and-services/tree-and-shrub-service | https://www.trugreen.com/why-choose-trugreen/testimonials-and-ratings","","missing-main|internal-links-missing-from-sitemap",""
"chromium","2026-08-28T21:08:04.938Z","prod-release-2-7-2026-08-28","1-500","","https://www.trugreen.com/lawn-care-101/blog/trugreen-company/weed-control-keeping-weeds-at-bay","https://www.trugreen.com/lawn-care-101/blog/lawn-care-tips/best-methods-broadleaf-weed-control","200","301:https://www.trugreen.com/lawn-care-101/blog/trugreen-company/weed-control-keeping-weeds-at-bay -> 200:https://www.trugreen.com/lawn-care-101/blog/lawn-care-tips/best-methods-broadleaf-weed-control","Broadleaf Weed Control | TruGreen","Broadleaf Weed Control | TruGreen","https://www.trugreen.com/lawn-care-101/blog/lawn-care-tips/best-methods-broadleaf-weed-control","1","https://www.trugreen.com/lawn-care-101/blog/lawn-care-tips/best-methods-broadleaf-weed-control","1","","200","https://www.trugreen.com/lawn-care-101/blog/lawn-care-tips/best-methods-broadleaf-weed-control","","","","0","1","Broadleaf Weed Control: How to Prevent and Eliminate Lawn Weeds","0","header|nav|footer","jsonld:1;types:Article;invalid:0;missing:jsonld_0_missing_@context","0","0","53","17","https://www.trugreen.com/lawn-care-101 | https://www.trugreen.com/lawn-care-101/blog?topic=Weed+Control | https://www.trugreen.com/lawn-care-101/blog?type=Blog | https://www.trugreen.com/lawn-care-101/blog/weed-control/control-wild-violets | https://www.trugreen.com/lawn-care-101/blog/weed-control/how-control-clover-lawn | https://www.trugreen.com/lawn-care-101/learning-center | https://www.trugreen.com/my-account/account-settings | https://www.trugreen.com/my-account/account-summary | https://www.trugreen.com/my-account/my-documents | https://www.trugreen.com/my-account/my-services | https://www.trugreen.com/my-account/payments | https://www.trugreen.com/newsroom | https://www.trugreen.com/pay-your-bill | https://www.trugreen.com/pests-products-and-services | https://www.trugreen.com/pga-tour | https://www.trugreen.com/products-and-services | https://www.trugreen.com/why-choose-trugreen/testimonials-and-ratings","","missing-main|internal-links-missing-from-sitemap|duplicate-title",""
"chromium","2026-08-28T21:08:04.938Z","prod-release-2-7-2026-08-28","1-500","","https://www.trugreen.com/lawn-care-101/blog/trugreen-lawn-care-services","https://www.trugreen.com/lawn-care-101/blog/trugreen-lawn-care-services","404","404:https://www.trugreen.com/lawn-care-101/blog/trugreen-lawn-care-services","","","","0","","0","","","","","","","0","0","","0","","jsonld:0;types:;invalid:0;missing:","0","0","0","0","","","missing-title|missing-canonical|raw-canonical-count-invalid|rendered-canonical-count-invalid|missing-h1|missing-main",""
"chromium","2026-08-28T21:08:04.938Z","prod-release-2-7-2026-08-28","1-500","","https://www.trugreen.com/lawn-care-101/blog/trugreen-lawn-care-services/benefits-of-a-lawn-fertilizer-service","https://www.trugreen.com/lawn-care-101/blog/trugreen-lawn-care-services/lawn-fertilizer-101","200","301:https://www.trugreen.com/lawn-care-101/blog/trugreen-lawn-care-services/benefits-of-a-lawn-fertilizer-service -> 200:https://www.trugreen.com/lawn-care-101/blog/trugreen-lawn-care-services/lawn-fertilizer-101","Lawn Fertilizer Care | TruGreen","Lawn Fertilizer Care | TruGreen","https://www.trugreen.com/lawn-care-101/blog/trugreen-lawn-care-services/lawn-fertilizer-101","1","https://www.trugreen.com/lawn-care-101/blog/trugreen-lawn-care-services/lawn-fertilizer-101","1","","200","https://www.trugreen.com/lawn-care-101/blog/trugreen-lawn-care-services/lawn-fertilizer-101","","","","0","1","Lawn Fertilizer Care: Expert Tips for a Greener Lawn","0","header|nav|footer","jsonld:1;types:Article;invalid:0;missing:jsonld_0_missing_@context","0","0","53","18","https://www.trugreen.com/lawn-care-101 | https://www.trugreen.com/lawn-care-101/blog?topic=Lawn+Care | https://www.trugreen.com/lawn-care-101/blog?type=Blog | https://www.trugreen.com/lawn-care-101/blog/lawn-care/lawn-care-myths | https://www.trugreen.com/lawn-care-101/blog/lawn-care/lawn-care-vs-landscaping | https://www.trugreen.com/lawn-care-101/blog/lawn-care/lawn-mowing-spread-weeds | https://www.trugreen.com/lawn-care-101/learning-center | https://www.trugreen.com/my-account/account-settings | https://www.trugreen.com/my-account/account-summary | https://www.trugreen.com/my-account/my-documents | https://www.trugreen.com/my-account/my-services | https://www.trugreen.com/my-account/payments | https://www.trugreen.com/newsroom | https://www.trugreen.com/pay-your-bill | https://www.trugreen.com/pests-products-and-services | https://www.trugreen.com/pga-tour | https://www.trugreen.com/products-and-services | https://www.trugreen.com/why-choose-trugreen/testimonials-and-ratings","","missing-main|internal-links-missing-from-sitemap|duplicate-title",""
"chromium","2026-08-28T21:08:04.938Z","prod-release-2-7-2026-08-28","1-500","","https://www.trugreen.com/lawn-care-101/blog/trugreen-lawn-care-services/blog-trugreen-lawn-care-services-treatyourlawn","https://www.trugreen.com/lawn-care-101/blog/trugreen-lawn-care-services/the-healthy-lawn-guarantee-from-trugreen","200","301:https://www.trugreen.com/lawn-care-101/blog/trugreen-lawn-care-services/blog-trugreen-lawn-care-services-treatyourlawn -> 200:https://www.trugreen.com/lawn-care-101/blog/trugreen-lawn-care-services/the-healthy-lawn-guarantee-from-trugreen","The TruGreen Guarantee | TruGreen","The TruGreen Guarantee | TruGreen","https://www.trugreen.com/lawn-care-101/blog/trugreen-lawn-care-services/the-healthy-lawn-guarantee-from-trugreen","1","https://www.trugreen.com/lawn-care-101/blog/trugreen-lawn-care-services/the-healthy-lawn-guarantee-from-trugreen","1","","","https://www.trugreen.com/lawn-care-101/blog/trugreen-lawn-care-services/the-healthy-lawn-guarantee-from-trugreen","","","","0","1","Why a TruGreen Lawn Specialist Is the Key to a Healthier Lawn","0","header|nav|footer","jsonld:1;types:Article;invalid:0;missing:jsonld_0_missing_@context","0","0","47","11","https://www.trugreen.com/lawn-care-101 | https://www.trugreen.com/lawn-care-101/blog?topic=Lawn+Care | https://www.trugreen.com/lawn-care-101/blog?type=Blog | https://www.trugreen.com/lawn-care-101/learning-center | https://www.trugreen.com/my-account/account-summary | https://www.trugreen.com/newsroom | https://www.trugreen.com/pay-your-bill | https://www.trugreen.com/pests-products-and-services | https://www.trugreen.com/pga-tour | https://www.trugreen.com/products-and-services | https://www.trugreen.com/why-choose-trugreen/testimonials-and-ratings","","missing-main|internal-links-missing-from-sitemap|duplicate-title|canonical-target-invalid",""
"chromium","2026-08-28T21:08:04.938Z","prod-release-2-7-2026-08-28","1-500","","https://www.trugreen.com/lawn-care-101/blog/trugreen-lawn-care-services/blog-trugreen-lawn-care-services-treatyourlawn/sadas.html11","https://www.trugreen.com/lawn-care-101/blog/trugreen-lawn-care-services/blog-trugreen-lawn-care-services-treatyourlawn/sadas.html11","404","404:https://www.trugreen.com/lawn-care-101/blog/trugreen-lawn-care-services/blog-trugreen-lawn-care-services-treatyourlawn/sadas.html11","Page Not Found","Page Not Found","https://www.trugreen.com/page-not-found","1","https://www.trugreen.com/page-not-found","1","","","https://www.trugreen.com/page-not-found","","","","0","1","404","0","main|header|nav|footer","jsonld:1;types:WebSite;invalid:0;missing:jsonld_0_missing_@context","0","0","46","15","https://www.trugreen.com/chat/organic-promo | https://www.trugreen.com/lawn-care-101 | https://www.trugreen.com/lawn-care-101/learning-center | https://www.trugreen.com/my-account/account-settings | https://www.trugreen.com/my-account/account-summary | https://www.trugreen.com/my-account/my-documents | https://www.trugreen.com/my-account/my-services | https://www.trugreen.com/my-account/payments | https://www.trugreen.com/newsroom | https://www.trugreen.com/pay-your-bill | https://www.trugreen.com/pests-products-and-services | https://www.trugreen.com/pga-tour | https://www.trugreen.com/products-and-services | https://www.trugreen.com/products-and-services/tree-and-shrub-service | https://www.trugreen.com/why-choose-trugreen/testimonials-and-ratings","","title-pattern-review|internal-links-missing-from-sitemap|duplicate-title|canonical-target-invalid",""
"chromium","2026-08-28T21:08:04.938Z","prod-release-2-7-2026-08-28","1-500","","https://www.trugreen.com/lawn-care-101/blog/trugreen-lawn-care-services/everything-you-need-to-know-about-lawn-fertilizati","https://www.trugreen.com/lawn-care-101/blog/trugreen-lawn-care-services/lawn-fertilizer-101","200","301:https://www.trugreen.com/lawn-care-101/blog/trugreen-lawn-care-services/everything-you-need-to-know-about-lawn-fertilizati -> 200:https://www.trugreen.com/lawn-care-101/blog/trugreen-lawn-care-services/lawn-fertilizer-101","Lawn Fertilizer Care | TruGreen","Lawn Fertilizer Care | TruGreen","https://www.trugreen.com/lawn-care-101/blog/trugreen-lawn-care-services/lawn-fertilizer-101","1","https://www.trugreen.com/lawn-care-101/blog/trugreen-lawn-care-services/lawn-fertilizer-101","1","","200","https://www.trugreen.com/lawn-care-101/blog/trugreen-lawn-care-services/lawn-fertilizer-101","","","","0","1","Lawn Fertilizer Care: Expert Tips for a Greener Lawn","0","header|nav|footer","jsonld:1;types:Article;invalid:0;missing:jsonld_0_missing_@context","0","0","53","18","https://www.trugreen.com/lawn-care-101 | https://www.trugreen.com/lawn-care-101/blog?topic=Lawn+Care | https://www.trugreen.com/lawn-care-101/blog?type=Blog | https://www.trugreen.com/lawn-care-101/blog/lawn-care/lawn-care-myths | https://www.trugreen.com/lawn-care-101/blog/lawn-care/lawn-care-vs-landscaping | https://www.trugreen.com/lawn-care-101/blog/lawn-care/lawn-mowing-spread-weeds | https://www.trugreen.com/lawn-care-101/learning-center | https://www.trugreen.com/my-account/account-settings | https://www.trugreen.com/my-account/account-summary | https://www.trugreen.com/my-account/my-documents | https://www.trugreen.com/my-account/my-services | https://www.trugreen.com/my-account/payments | https://www.trugreen.com/newsroom | https://www.trugreen.com/pay-your-bill | https://www.trugreen.com/pests-products-and-services | https://www.trugreen.com/pga-tour | https://www.trugreen.com/products-and-services | https://www.trugreen.com/why-choose-trugreen/testimonials-and-ratings","","missing-main|internal-links-missing-from-sitemap|duplicate-title",""
"chromium","2026-08-28T21:08:04.938Z","prod-release-2-7-2026-08-28","1-500","","https://www.trugreen.com/lawn-care-101/blog/trugreen-lawn-care-services/everything-you-need-to-know-about-the-trucomplete","https://www.trugreen.com/products-and-services/trupro","200","301:https://www.trugreen.com/lawn-care-101/blog/trugreen-lawn-care-services/everything-you-need-to-know-about-the-trucomplete -> 200:https://www.trugreen.com/products-and-services/trupro","TruPro: Full service lawn care and complete plan | TruGreen","TruPro: Full service lawn care and complete plan | TruGreen","https://www.trugreen.com/products-and-services/trupro","1","https://www.trugreen.com/products-and-services/trupro","1","","200","https://www.trugreen.com/products-and-services/trupro","","","","0","1","TruPro℠","0","main|header|footer","jsonld:1;types:Service;invalid:0;missing:","0","0","44","8","https://www.trugreen.com/lawn-care-101 | https://www.trugreen.com/lawn-care-101/learning-center | https://www.trugreen.com/newsroom | https://www.trugreen.com/pay-your-bill | https://www.trugreen.com/pests-products-and-services | https://www.trugreen.com/pga-tour | https://www.trugreen.com/products-and-services | https://www.trugreen.com/why-choose-trugreen/testimonials-and-ratings","","internal-links-missing-from-sitemap",""
"chromium","2026-08-28T21:08:04.938Z","prod-release-2-7-2026-08-28","1-500","","https://www.trugreen.com/lawn-care-101/blog/trugreen-lawn-care-services/how-to-choose-a-lawn-plan","https://www.trugreen.com/products-and-services","200","301:https://www.trugreen.com/lawn-care-101/blog/trugreen-lawn-care-services/how-to-choose-a-lawn-plan -> 200:https://www.trugreen.com/products-and-services","Affordable Lawn Care Plans &amp; Pricing Options | TruGreen","Affordable Lawn Care Plans & Pricing Options | TruGreen","https://www.trugreen.com/products-and-services","1","https://www.trugreen.com/products-and-services","1","","200","https://www.trugreen.com/products-and-services","","","","0","1","Lawn care is hard.We make it easy.","0","main|header|footer","jsonld:1;types:BreadcrumbList|ItemList;invalid:0;missing:jsonld_0_missing_@context|jsonld_1_missing_@context","0","0","44","8","https://www.trugreen.com/lawn-care-101 | https://www.trugreen.com/lawn-care-101/learning-center | https://www.trugreen.com/newsroom | https://www.trugreen.com/pay-your-bill | https://www.trugreen.com/pests-products-and-services | https://www.trugreen.com/pga-tour | https://www.trugreen.com/products-and-services | https://www.trugreen.com/why-choose-trugreen/testimonials-and-ratings","","internal-links-missing-from-sitemap",""
"chromium","2026-08-28T21:08:04.938Z","prod-release-2-7-2026-08-28","1-500","","https://www.trugreen.com/lawn-care-101/blog/trugreen-lawn-care-services/how-to-maintain-a-sprinkler-system","https://www.trugreen.com/lawn-care-101/blog","200","301:https://www.trugreen.com/lawn-care-101/blog/trugreen-lawn-care-services/how-to-maintain-a-sprinkler-system -> 301:https://www.trugreen.com/lawn-care-101/blog/trugreen-lawn-care-services/lawn-sprinkler-system-repair -> 200:https://www.trugreen.com/lawn-care-101/blog","TruGreen Blog | TruGreen","TruGreen Blog | TruGreen","https://www.trugreen.com/lawn-care-101/blog","1","https://www.trugreen.com/lawn-care-101/blog","1","","200","https://www.trugreen.com/lawn-care-101/blog","","","","0","1","Looking for advice?Turn to the experts.","0","main|header|footer","jsonld:1;types:Blog|BreadcrumbList|CollectionPage;invalid:0;missing:","0","0","86","22","https://www.trugreen.com/lawn-care-101 | https://www.trugreen.com/lawn-care-101/blog/beyond-lawn/hosting-backyard-party | https://www.trugreen.com/lawn-care-101/blog/consistent-lawn-care | https://www.trugreen.com/lawn-care-101/blog/lawn-care/lawn-care-myths | https://www.trugreen.com/lawn-care-101/blog/lawn-care/lawn-care-vs-landscaping | https://www.trugreen.com/lawn-care-101/blog/lawn-care/lawn-mowing-spread-weeds | https://www.trugreen.com/lawn-care-101/blog/lawn-care/what-lawn-need-thrive | https://www.trugreen.com/lawn-care-101/blog/lawn-care/what-my-lawn-need | https://www.trugreen.com/lawn-care-101/blog/lawn-care/when-aerate-and-overseed-northeast | https://www.trugreen.com/lawn-care-101/blog/lawn-damage/lawn-care-signs-stress | https://www.trugreen.com/lawn-care-101/blog/pest-control/how-control-fleas-yard | https://www.trugreen.com/lawn-care-101/blog/tree-shrub-care/tree-disease-treatment | https://www.trugreen.com/lawn-care-101/blog/weed-control/control-wild-violets | https://www.trugreen.com/lawn-care-101/blog/weed-control/how-control-clover-lawn | https://www.trugreen.com/lawn-care-101/blog/weed-control/weeds-from-coming-back | https://www.trugreen.com/lawn-care-101/learning-center | https://www.trugreen.com/newsroom | https://www.trugreen.com/pay-your-bill | https://www.trugreen.com/pests-products-and-services | https://www.trugreen.com/pga-tour | https://www.trugreen.com/products-and-services | https://www.trugreen.com/why-choose-trugreen/testimonials-and-ratings","","internal-links-missing-from-sitemap|duplicate-title",""
"chromium","2026-08-28T21:08:04.938Z","prod-release-2-7-2026-08-28","1-500","","https://www.trugreen.com/lawn-care-101/blog/trugreen-lawn-care-services/how-to-select-the-best-lawn-fertilizer-for-your","https://www.trugreen.com/lawn-care-101/blog/trugreen-lawn-care-services/how-to-select-the-best-lawn-fertilizer-for-your","200","200:https://www.trugreen.com/lawn-care-101/blog/trugreen-lawn-care-services/how-to-select-the-best-lawn-fertilizer-for-your","Best Lawn Fertilizer | How to Select the Best Fertilizer for Your Lawn | TruGreen","Best Lawn Fertilizer | How to Select the Best Fertilizer for Your Lawn | TruGreen","https://www.trugreen.com/lawn-care-101/blog/trugreen-lawn-care-services/how-to-select-the-best-lawn-fertilizer-for-your","1","https://www.trugreen.com/lawn-care-101/blog/trugreen-lawn-care-services/how-to-select-the-best-lawn-fertilizer-for-your","1","","200","https://www.trugreen.com/lawn-care-101/blog/trugreen-lawn-care-services/how-to-select-the-best-lawn-fertilizer-for-your","","","","0","1","How To Select The Best Type of Lawn Fertilizer For Your Yard","0","header|footer","jsonld:1;types:Article;invalid:0;missing:jsonld_0_missing_@context","0","0","47","12","https://www.trugreen.com/lawn-care-101 | https://www.trugreen.com/lawn-care-101/blog?topic=Lawn+Care | https://www.trugreen.com/lawn-care-101/blog?type=Blog | https://www.trugreen.com/lawn-care-101/learning-center | https://www.trugreen.com/newsroom | https://www.trugreen.com/node/38466 | https://www.trugreen.com/node/38468 | https://www.trugreen.com/pay-your-bill | https://www.trugreen.com/pests-products-and-services | https://www.trugreen.com/pga-tour | https://www.trugreen.com/products-and-services | https://www.trugreen.com/why-choose-trugreen/testimonials-and-ratings","","missing-main|internal-links-missing-from-sitemap",""
"chromium","2026-08-28T21:08:04.938Z","prod-release-2-7-2026-08-28","1-500","","https://www.trugreen.com/lawn-care-101/blog/trugreen-lawn-care-services/lawn-fertilization-faqs","https://www.trugreen.com/lawn-care-101/blog/trugreen-lawn-care-services/lawn-fertilizer-101","200","301:https://www.trugreen.com/lawn-care-101/blog/trugreen-lawn-care-services/lawn-fertilization-faqs -> 200:https://www.trugreen.com/lawn-care-101/blog/trugreen-lawn-care-services/lawn-fertilizer-101","Lawn Fertilizer Care | TruGreen","Lawn Fertilizer Care | TruGreen","https://www.trugreen.com/lawn-care-101/blog/trugreen-lawn-care-services/lawn-fertilizer-101","1","https://www.trugreen.com/lawn-care-101/blog/trugreen-lawn-care-services/lawn-fertilizer-101","1","","200","https://www.trugreen.com/lawn-care-101/blog/trugreen-lawn-care-services/lawn-fertilizer-101","","","","0","1","Lawn Fertilizer Care: Expert Tips for a Greener Lawn","0","header|nav|footer","jsonld:1;types:Article;invalid:0;missing:jsonld_0_missing_@context","0","0","53","18","https://www.trugreen.com/lawn-care-101 | https://www.trugreen.com/lawn-care-101/blog?topic=Lawn+Care | https://www.trugreen.com/lawn-care-101/blog?type=Blog | https://www.trugreen.com/lawn-care-101/blog/lawn-care/lawn-care-myths | https://www.trugreen.com/lawn-care-101/blog/lawn-care/lawn-care-vs-landscaping | https://www.trugreen.com/lawn-care-101/blog/lawn-care/lawn-mowing-spread-weeds | https://www.trugreen.com/lawn-care-101/learning-center | https://www.trugreen.com/my-account/account-settings | https://www.trugreen.com/my-account/account-summary | https://www.trugreen.com/my-account/my-documents | https://www.trugreen.com/my-account/my-services | https://www.trugreen.com/my-account/payments | https://www.trugreen.com/newsroom | https://www.trugreen.com/pay-your-bill | https://www.trugreen.com/pests-products-and-services | https://www.trugreen.com/pga-tour | https://www.trugreen.com/products-and-services | https://www.trugreen.com/why-choose-trugreen/testimonials-and-ratings","","missing-main|internal-links-missing-from-sitemap|duplicate-title",""
"chromium","2026-08-28T21:08:04.938Z","prod-release-2-7-2026-08-28","1-500","","https://www.trugreen.com/lawn-care-101/blog/trugreen-lawn-care-services/lawn-fertilizer-101","https://www.trugreen.com/lawn-care-101/blog/trugreen-lawn-care-services/lawn-fertilizer-101","200","200:https://www.trugreen.com/lawn-care-101/blog/trugreen-lawn-care-services/lawn-fertilizer-101","Lawn Fertilizer Care | TruGreen","Lawn Fertilizer Care | TruGreen","https://www.trugreen.com/lawn-care-101/blog/trugreen-lawn-care-services/lawn-fertilizer-101","1","https://www.trugreen.com/lawn-care-101/blog/trugreen-lawn-care-services/lawn-fertilizer-101","1","","200","https://www.trugreen.com/lawn-care-101/blog/trugreen-lawn-care-services/lawn-fertilizer-101","","","","0","1","Lawn Fertilizer Care: Expert Tips for a Greener Lawn","0","header|nav|footer","jsonld:1;types:Article;invalid:0;missing:jsonld_0_missing_@context","0","0","53","18","https://www.trugreen.com/lawn-care-101 | https://www.trugreen.com/lawn-care-101/blog?topic=Lawn+Care | https://www.trugreen.com/lawn-care-101/blog?type=Blog | https://www.trugreen.com/lawn-care-101/blog/lawn-care/lawn-care-myths | https://www.trugreen.com/lawn-care-101/blog/lawn-care/lawn-care-vs-landscaping | https://www.trugreen.com/lawn-care-101/blog/lawn-care/lawn-mowing-spread-weeds | https://www.trugreen.com/lawn-care-101/learning-center | https://www.trugreen.com/my-account/account-settings | https://www.trugreen.com/my-account/account-summary | https://www.trugreen.com/my-account/my-documents | https://www.trugreen.com/my-account/my-services | https://www.trugreen.com/my-account/payments | https://www.trugreen.com/newsroom | https://www.trugreen.com/pay-your-bill | https://www.trugreen.com/pests-products-and-services | https://www.trugreen.com/pga-tour | https://www.trugreen.com/products-and-services | https://www.trugreen.com/why-choose-trugreen/testimonials-and-ratings","","missing-main|internal-links-missing-from-sitemap|duplicate-title",""
"chromium","2026-08-28T21:08:04.938Z","prod-release-2-7-2026-08-28","1-500","","https://www.trugreen.com/lawn-care-101/blog/trugreen-lawn-care-services/lawn-fertilizer-service-for-a-healthy-lawn","https://www.trugreen.com/lawn-care-101/blog/trugreen-lawn-care-services/lawn-fertilizer-101","200","301:https://www.trugreen.com/lawn-care-101/blog/trugreen-lawn-care-services/lawn-fertilizer-service-for-a-healthy-lawn -> 200:https://www.trugreen.com/lawn-care-101/blog/trugreen-lawn-care-services/lawn-fertilizer-101","Lawn Fertilizer Care | TruGreen","Lawn Fertilizer Care | TruGreen","https://www.trugreen.com/lawn-care-101/blog/trugreen-lawn-care-services/lawn-fertilizer-101","1","https://www.trugreen.com/lawn-care-101/blog/trugreen-lawn-care-services/lawn-fertilizer-101","1","","200","https://www.trugreen.com/lawn-care-101/blog/trugreen-lawn-care-services/lawn-fertilizer-101","","","","0","1","Lawn Fertilizer Care: Expert Tips for a Greener Lawn","0","header|nav|footer","jsonld:1;types:Article;invalid:0;missing:jsonld_0_missing_@context","0","0","53","18","https://www.trugreen.com/lawn-care-101 | https://www.trugreen.com/lawn-care-101/blog?topic=Lawn+Care | https://www.trugreen.com/lawn-care-101/blog?type=Blog | https://www.trugreen.com/lawn-care-101/blog/lawn-care/lawn-care-myths | https://www.trugreen.com/lawn-care-101/blog/lawn-care/lawn-care-vs-landscaping | https://www.trugreen.com/lawn-care-101/blog/lawn-care/lawn-mowing-spread-weeds | https://www.trugreen.com/lawn-care-101/learning-center | https://www.trugreen.com/my-account/account-settings | https://www.trugreen.com/my-account/account-summary | https://www.trugreen.com/my-account/my-documents | https://www.trugreen.com/my-account/my-services | https://www.trugreen.com/my-account/payments | https://www.trugreen.com/newsroom | https://www.trugreen.com/pay-your-bill | https://www.trugreen.com/pests-products-and-services | https://www.trugreen.com/pga-tour | https://www.trugreen.com/products-and-services | https://www.trugreen.com/why-choose-trugreen/testimonials-and-ratings","","missing-main|internal-links-missing-from-sitemap|duplicate-title",""
"chromium","2026-08-28T21:08:04.938Z","prod-release-2-7-2026-08-28","1-500","","https://www.trugreen.com/lawn-care-101/blog/trugreen-lawn-care-services/lawn-maintenance-checklist","https://www.trugreen.com/lawn-care-101/blog/trugreen-lawn-care-services/lawn-maintenance-checklist","200","200:https://www.trugreen.com/lawn-care-101/blog/trugreen-lawn-care-services/lawn-maintenance-checklist","Seasonal Lawn Care Maintenance and Treatment Schedule | TruGreen","Seasonal Lawn Care Maintenance and Treatment Schedule | TruGreen","https://www.trugreen.com/lawn-care-101/blog/trugreen-lawn-care-services/lawn-maintenance-checklist","1","https://www.trugreen.com/lawn-care-101/blog/trugreen-lawn-care-services/lawn-maintenance-checklist","1","","200","https://www.trugreen.com/lawn-care-101/blog/trugreen-lawn-care-services/lawn-maintenance-checklist","","","","0","1","Seasonal Lawn Care Maintenance and Treatment Schedule","0","header|nav|footer","jsonld:1;types:Article;invalid:0;missing:jsonld_0_missing_@context","0","0","50","15","https://www.trugreen.com/lawn-care-101 | https://www.trugreen.com/lawn-care-101/blog?topic=Lawn+Care | https://www.trugreen.com/lawn-care-101/blog?type=Blog | https://www.trugreen.com/lawn-care-101/learning-center | https://www.trugreen.com/my-account/account-settings | https://www.trugreen.com/my-account/account-summary | https://www.trugreen.com/my-account/my-documents | https://www.trugreen.com/my-account/my-services | https://www.trugreen.com/my-account/payments | https://www.trugreen.com/newsroom | https://www.trugreen.com/pay-your-bill | https://www.trugreen.com/pests-products-and-services | https://www.trugreen.com/pga-tour | https://www.trugreen.com/products-and-services | https://www.trugreen.com/why-choose-trugreen/testimonials-and-ratings","","missing-main|internal-links-missing-from-sitemap|duplicate-title",""
"chromium","2026-08-28T21:08:04.938Z","prod-release-2-7-2026-08-28","1-500","","https://www.trugreen.com/lawn-care-101/blog/trugreen-lawn-care-services/lawn-maintenance-tips-for-fall","https://www.trugreen.com/lawn-care-101/blog/trugreen-lawn-care-services/lawn-maintenance-tips-for-fall","200","200:https://www.trugreen.com/lawn-care-101/blog/trugreen-lawn-care-services/lawn-maintenance-tips-for-fall","TruGreen Lawn Care Blog | TruGreen","TruGreen Lawn Care Blog | TruGreen","https://azapp-tgspa-dev-001.azurewebsites.net/lawn-care-101/blog","1","https://azapp-tgspa-dev-001.azurewebsites.net/lawn-care-101/blog","1","","","https://azapp-tgspa-dev-001.azurewebsites.net/lawn-care-101/blog","","","","0","1","Looking for advice? Turn to the experts.","0","main|header|footer","jsonld:1;types:WebSite;invalid:0;missing:jsonld_0_missing_@context","0","0","38","9","https://www.trugreen.com/chat/organic-promo | https://www.trugreen.com/lawn-care-101 | https://www.trugreen.com/lawn-care-101/learning-center | https://www.trugreen.com/newsroom | https://www.trugreen.com/pay-your-bill | https://www.trugreen.com/pests-products-and-services | https://www.trugreen.com/pga-tour | https://www.trugreen.com/products-and-services | https://www.trugreen.com/products-and-services/tree-and-shrub-service","","internal-links-missing-from-sitemap|duplicate-title|canonical-target-invalid",""
"chromium","2026-08-28T21:08:04.938Z","prod-release-2-7-2026-08-28","1-500","","https://www.trugreen.com/lawn-care-101/blog/trugreen-lawn-care-services/lawn-maintenance-tips-for-lawn-lovers","https://www.trugreen.com/lawn-care-101/blog","200","301:https://www.trugreen.com/lawn-care-101/blog/trugreen-lawn-care-services/lawn-maintenance-tips-for-lawn-lovers -> 200:https://www.trugreen.com/lawn-care-101/blog","TruGreen Blog | TruGreen","TruGreen Blog | TruGreen","https://www.trugreen.com/lawn-care-101/blog","1","https://www.trugreen.com/lawn-care-101/blog","1","","200","https://www.trugreen.com/lawn-care-101/blog","","","","0","1","Looking for advice?Turn to the experts.","0","main|header|footer","jsonld:1;types:Blog|BreadcrumbList|CollectionPage;invalid:0;missing:","0","0","86","22","https://www.trugreen.com/lawn-care-101 | https://www.trugreen.com/lawn-care-101/blog/beyond-lawn/hosting-backyard-party | https://www.trugreen.com/lawn-care-101/blog/consistent-lawn-care | https://www.trugreen.com/lawn-care-101/blog/lawn-care/lawn-care-myths | https://www.trugreen.com/lawn-care-101/blog/lawn-care/lawn-care-vs-landscaping | https://www.trugreen.com/lawn-care-101/blog/lawn-care/lawn-mowing-spread-weeds | https://www.trugreen.com/lawn-care-101/blog/lawn-care/what-lawn-need-thrive | https://www.trugreen.com/lawn-care-101/blog/lawn-care/what-my-lawn-need | https://www.trugreen.com/lawn-care-101/blog/lawn-care/when-aerate-and-overseed-northeast | https://www.trugreen.com/lawn-care-101/blog/lawn-damage/lawn-care-signs-stress | https://www.trugreen.com/lawn-care-101/blog/pest-control/how-control-fleas-yard | https://www.trugreen.com/lawn-care-101/blog/tree-shrub-care/tree-disease-treatment | https://www.trugreen.com/lawn-care-101/blog/weed-control/control-wild-violets | https://www.trugreen.com/lawn-care-101/blog/weed-control/how-control-clover-lawn | https://www.trugreen.com/lawn-care-101/blog/weed-control/weeds-from-coming-back | https://www.trugreen.com/lawn-care-101/learning-center | https://www.trugreen.com/newsroom | https://www.trugreen.com/pay-your-bill | https://www.trugreen.com/pests-products-and-services | https://www.trugreen.com/pga-tour | https://www.trugreen.com/products-and-services | https://www.trugreen.com/why-choose-trugreen/testimonials-and-ratings","","internal-links-missing-from-sitemap|duplicate-title",""
"chromium","2026-08-28T21:08:04.938Z","prod-release-2-7-2026-08-28","1-500","","https://www.trugreen.com/lawn-care-101/blog/trugreen-lawn-care-services/lawn-maintenance-tips-for-throwing-a-backyard-bbq","https://www.trugreen.com/lawn-care-101/blog/lawn-care-tips/greetings-your-backyard-summer-traditions-bring-home","200","301:https://www.trugreen.com/lawn-care-101/blog/trugreen-lawn-care-services/lawn-maintenance-tips-for-throwing-a-backyard-bbq -> 200:https://www.trugreen.com/lawn-care-101/blog/lawn-care-tips/greetings-your-backyard-summer-traditions-bring-home","Summer Traditions | TruGreen","Summer Traditions | TruGreen","https://www.trugreen.com/lawn-care-101/blog/lawn-care-tips/greetings-your-backyard-summer-traditions-bring-home","1","https://www.trugreen.com/lawn-care-101/blog/lawn-care-tips/greetings-your-backyard-summer-traditions-bring-home","1","","200","https://www.trugreen.com/lawn-care-101/blog/lawn-care-tips/greetings-your-backyard-summer-traditions-bring-home","","","","0","1","Greetings from Your Backyard: Summer Traditions to Bring Home","0","header|footer","jsonld:1;types:Article;invalid:0;missing:jsonld_0_missing_@context","0","0","45","10","https://www.trugreen.com/lawn-care-101 | https://www.trugreen.com/lawn-care-101/blog?topic=Beyond+the+Lawn | https://www.trugreen.com/lawn-care-101/blog?type=Blog | https://www.trugreen.com/lawn-care-101/learning-center | https://www.trugreen.com/newsroom | https://www.trugreen.com/pay-your-bill | https://www.trugreen.com/pests-products-and-services | https://www.trugreen.com/pga-tour | https://www.trugreen.com/products-and-services | https://www.trugreen.com/why-choose-trugreen/testimonials-and-ratings","","missing-main|internal-links-missing-from-sitemap|duplicate-title",""
"chromium","2026-08-28T21:08:04.938Z","prod-release-2-7-2026-08-28","1-500","","https://www.trugreen.com/lawn-care-101/blog/trugreen-lawn-care-services/lawn-service-pest-control-and-weed-control","https://www.trugreen.com/lawn-care-101/blog/lawn-care-tips/trugreen-mosquito-control-defense-treatment-plan-faq-lawn-care","200","301:https://www.trugreen.com/lawn-care-101/blog/trugreen-lawn-care-services/lawn-service-pest-control-and-weed-control -> 200:https://www.trugreen.com/lawn-care-101/blog/lawn-care-tips/trugreen-mosquito-control-defense-treatment-plan-faq-lawn-care","TruGreen TruDefense Mosquito Control | TruGreen","TruGreen TruDefense Mosquito Control | TruGreen","https://www.trugreen.com/lawn-care-101/blog/lawn-care-tips/trugreen-mosquito-control-defense-treatment-plan-faq-lawn-care","1","https://www.trugreen.com/lawn-care-101/blog/lawn-care-tips/trugreen-mosquito-control-defense-treatment-plan-faq-lawn-care","1","","200","https://www.trugreen.com/lawn-care-101/blog/lawn-care-tips/trugreen-mosquito-control-defense-treatment-plan-faq-lawn-care","","","","0","1","TruGreen Mosquito Defense Plan FAQs","0","header|footer","jsonld:1;types:Article;invalid:0;missing:jsonld_0_missing_@context","0","0","46","11","https://www.trugreen.com/lawn-care-101 | https://www.trugreen.com/lawn-care-101/blog?topic=Pest+Control | https://www.trugreen.com/lawn-care-101/blog?type=Blog | https://www.trugreen.com/lawn-care-101/learning-center | https://www.trugreen.com/newsroom | https://www.trugreen.com/pay-your-bill | https://www.trugreen.com/pest-control/blog/how-get-rid-mosquitoes-your-yard | https://www.trugreen.com/pests-products-and-services | https://www.trugreen.com/pga-tour | https://www.trugreen.com/products-and-services | https://www.trugreen.com/why-choose-trugreen/testimonials-and-ratings","","missing-main|internal-links-missing-from-sitemap|duplicate-title",""
"chromium","2026-08-28T21:08:04.938Z","prod-release-2-7-2026-08-28","1-500","","https://www.trugreen.com/lawn-care-101/blog/trugreen-lawn-care-services/lawn-sprinkler-system-repair","https://www.trugreen.com/lawn-care-101/blog","200","301:https://www.trugreen.com/lawn-care-101/blog/trugreen-lawn-care-services/lawn-sprinkler-system-repair -> 200:https://www.trugreen.com/lawn-care-101/blog","TruGreen Blog | TruGreen","TruGreen Blog | TruGreen","https://www.trugreen.com/lawn-care-101/blog","1","https://www.trugreen.com/lawn-care-101/blog","1","","200","https://www.trugreen.com/lawn-care-101/blog","","","","0","1","Looking for advice?Turn to the experts.","0","main|header|footer","jsonld:1;types:Blog|BreadcrumbList|CollectionPage;invalid:0;missing:","0","0","86","22","https://www.trugreen.com/lawn-care-101 | https://www.trugreen.com/lawn-care-101/blog/beyond-lawn/hosting-backyard-party | https://www.trugreen.com/lawn-care-101/blog/consistent-lawn-care | https://www.trugreen.com/lawn-care-101/blog/lawn-care/lawn-care-myths | https://www.trugreen.com/lawn-care-101/blog/lawn-care/lawn-care-vs-landscaping | https://www.trugreen.com/lawn-care-101/blog/lawn-care/lawn-mowing-spread-weeds | https://www.trugreen.com/lawn-care-101/blog/lawn-care/what-lawn-need-thrive | https://www.trugreen.com/lawn-care-101/blog/lawn-care/what-my-lawn-need | https://www.trugreen.com/lawn-care-101/blog/lawn-care/when-aerate-and-overseed-northeast | https://www.trugreen.com/lawn-care-101/blog/lawn-damage/lawn-care-signs-stress | https://www.trugreen.com/lawn-care-101/blog/pest-control/how-control-fleas-yard | https://www.trugreen.com/lawn-care-101/blog/tree-shrub-care/tree-disease-treatment | https://www.trugreen.com/lawn-care-101/blog/weed-control/control-wild-violets | https://www.trugreen.com/lawn-care-101/blog/weed-control/how-control-clover-lawn | https://www.trugreen.com/lawn-care-101/blog/weed-control/weeds-from-coming-back | https://www.trugreen.com/lawn-care-101/learning-center | https://www.trugreen.com/newsroom | https://www.trugreen.com/pay-your-bill | https://www.trugreen.com/pests-products-and-services | https://www.trugreen.com/pga-tour | https://www.trugreen.com/products-and-services | https://www.trugreen.com/why-choose-trugreen/testimonials-and-ratings","","internal-links-missing-from-sitemap|duplicate-title",""
"chromium","2026-08-28T21:08:04.938Z","prod-release-2-7-2026-08-28","1-500","","https://www.trugreen.com/lawn-care-101/blog/trugreen-lawn-care-services/lush-lawn-a-click-away","https://www.trugreen.com/lawn-care-101/blog/trugreen-lawn-care-services/the-healthy-lawn-guarantee-from-trugreen","200","301:https://www.trugreen.com/lawn-care-101/blog/trugreen-lawn-care-services/lush-lawn-a-click-away -> 200:https://www.trugreen.com/lawn-care-101/blog/trugreen-lawn-care-services/the-healthy-lawn-guarantee-from-trugreen","The TruGreen Guarantee | TruGreen","The TruGreen Guarantee | TruGreen","https://www.trugreen.com/lawn-care-101/blog/trugreen-lawn-care-services/the-healthy-lawn-guarantee-from-trugreen","1","https://www.trugreen.com/lawn-care-101/blog/trugreen-lawn-care-services/the-healthy-lawn-guarantee-from-trugreen","1","","","https://www.trugreen.com/lawn-care-101/blog/trugreen-lawn-care-services/the-healthy-lawn-guarantee-from-trugreen","","","","0","1","Why a TruGreen Lawn Specialist Is the Key to a Healthier Lawn","0","header|nav|footer","jsonld:1;types:Article;invalid:0;missing:jsonld_0_missing_@context","0","0","47","11","https://www.trugreen.com/lawn-care-101 | https://www.trugreen.com/lawn-care-101/blog?topic=Lawn+Care | https://www.trugreen.com/lawn-care-101/blog?type=Blog | https://www.trugreen.com/lawn-care-101/learning-center | https://www.trugreen.com/my-account/account-summary | https://www.trugreen.com/newsroom | https://www.trugreen.com/pay-your-bill | https://www.trugreen.com/pests-products-and-services | https://www.trugreen.com/pga-tour | https://www.trugreen.com/products-and-services | https://www.trugreen.com/why-choose-trugreen/testimonials-and-ratings","","missing-main|internal-links-missing-from-sitemap|duplicate-title|canonical-target-invalid",""
"chromium","2026-08-28T21:08:04.938Z","prod-release-2-7-2026-08-28","1-500","","https://www.trugreen.com/lawn-care-101/blog/trugreen-lawn-care-services/managing-your-account-with-trugreen","https://www.trugreen.com/customer-support","200","301:https://www.trugreen.com/lawn-care-101/blog/trugreen-lawn-care-services/managing-your-account-with-trugreen -> 200:https://www.trugreen.com/customer-support","Customer support | TruGreen","Customer support | TruGreen","https://www.trugreen.com/customer-support","1","https://www.trugreen.com/customer-support","1","","200","https://www.trugreen.com/customer-support","","","","0","1","Need some help? You’re in the right place.","0","header|footer","jsonld:0;types:;invalid:0;missing:","0","0","51","17","https://www.trugreen.com/chat | https://www.trugreen.com/lawn-care-101 | https://www.trugreen.com/lawn-care-101/learning-center | https://www.trugreen.com/my-account/account-settings | https://www.trugreen.com/my-account/account-settings/communications | https://www.trugreen.com/my-account/account-summary | https://www.trugreen.com/my-account/help | https://www.trugreen.com/my-account/my-services | https://www.trugreen.com/my-account/payments | https://www.trugreen.com/my-account/payments/easypay-payment | https://www.trugreen.com/my-account/payments/prepay-payment | https://www.trugreen.com/newsroom | https://www.trugreen.com/pay-your-bill | https://www.trugreen.com/pests-products-and-services | https://www.trugreen.com/pga-tour | https://www.trugreen.com/products-and-services | https://www.trugreen.com/why-choose-trugreen/testimonials-and-ratings","","missing-main|internal-links-missing-from-sitemap|duplicate-title",""
"chromium","2026-08-28T21:08:04.938Z","prod-release-2-7-2026-08-28","1-500","","https://www.trugreen.com/lawn-care-101/blog/trugreen-lawn-care-services/mow-like-a-pro","https://www.trugreen.com/lawn-care-101/learning-center/grass-basics/dig-deeper/lawn-mowing-tips","200","301:https://www.trugreen.com/lawn-care-101/blog/trugreen-lawn-care-services/mow-like-a-pro -> 200:https://www.trugreen.com/lawn-care-101/learning-center/grass-basics/dig-deeper/lawn-mowing-tips","Professional Lawn Mowing Tips For Home Lawns | TruGreen","Professional Lawn Mowing Tips For Home Lawns | TruGreen","https://www.trugreen.com/lawn-care-101/learning-center/grass-basics/dig-deeper/lawn-mowing-tips","1","https://www.trugreen.com/lawn-care-101/learning-center/grass-basics/dig-deeper/lawn-mowing-tips","1","","200","https://www.trugreen.com/lawn-care-101/learning-center/grass-basics/dig-deeper/lawn-mowing-tips","","","","0","1","Lawn Mowing Tips From the Pros","0","main|header|nav|footer","jsonld:1;types:;invalid:0;missing:jsonld_0_missing_@context|jsonld_0_missing_@type","0","0","47","15","https://www.trugreen.com/chat/organic-promo | https://www.trugreen.com/lawn-care-101 | https://www.trugreen.com/lawn-care-101/learning-center | https://www.trugreen.com/my-account/account-settings | https://www.trugreen.com/my-account/account-summary | https://www.trugreen.com/my-account/my-documents | https://www.trugreen.com/my-account/my-services | https://www.trugreen.com/my-account/payments | https://www.trugreen.com/newsroom | https://www.trugreen.com/pay-your-bill | https://www.trugreen.com/pests-products-and-services | https://www.trugreen.com/pga-tour | https://www.trugreen.com/products-and-services | https://www.trugreen.com/products-and-services/tree-and-shrub-service | https://www.trugreen.com/why-choose-trugreen/testimonials-and-ratings","","internal-links-missing-from-sitemap",""
"chromium","2026-08-28T21:08:04.938Z","prod-release-2-7-2026-08-28","1-500","","https://www.trugreen.com/lawn-care-101/blog/trugreen-lawn-care-services/new-home-new-yard-new-problems","https://www.trugreen.com/lawn-care-101/lawn-care-guides/grass-saving-guide-for-new-homeowners","200","301:https://www.trugreen.com/lawn-care-101/blog/trugreen-lawn-care-services/new-home-new-yard-new-problems -> 200:https://www.trugreen.com/lawn-care-101/lawn-care-guides/grass-saving-guide-for-new-homeowners","New Homeowner Grass Saving Guide | TruGreen","New Homeowner Grass Saving Guide | TruGreen","https://www.trugreen.com/lawn-care-101/lawn-care-guides/grass-saving-guide-for-new-homeowners","1","https://www.trugreen.com/lawn-care-101/lawn-care-guides/grass-saving-guide-for-new-homeowners","1","","","https://www.trugreen.com/lawn-care-101/lawn-care-guides/grass-saving-guide-for-new-homeowners","","","","0","1","Grass Saving Guide for New Homeowners","0","header|nav|footer","jsonld:1;types:LawnCareGuide;invalid:0;missing:jsonld_0_missing_@context","0","0","46","15","https://www.trugreen.com/chat/organic-promo | https://www.trugreen.com/lawn-care-101 | https://www.trugreen.com/lawn-care-101/learning-center | https://www.trugreen.com/my-account/account-settings | https://www.trugreen.com/my-account/account-summary | https://www.trugreen.com/my-account/my-documents | https://www.trugreen.com/my-account/my-services | https://www.trugreen.com/my-account/payments | https://www.trugreen.com/newsroom | https://www.trugreen.com/pay-your-bill | https://www.trugreen.com/pests-products-and-services | https://www.trugreen.com/pga-tour | https://www.trugreen.com/products-and-services | https://www.trugreen.com/products-and-services/tree-and-shrub-service | https://www.trugreen.com/why-choose-trugreen/testimonials-and-ratings","","missing-main|internal-links-missing-from-sitemap|canonical-target-invalid",""
"chromium","2026-08-28T21:08:04.938Z","prod-release-2-7-2026-08-28","1-500","","https://www.trugreen.com/lawn-care-101/blog/trugreen-lawn-care-services/new-year%2C-new-lawn-lawn-care-resolutions","https://www.trugreen.com/lawn-care-101/blog","200","301:https://www.trugreen.com/lawn-care-101/blog/trugreen-lawn-care-services/new-year%2C-new-lawn-lawn-care-resolutions -> 200:https://www.trugreen.com/lawn-care-101/blog","TruGreen Blog | TruGreen","TruGreen Blog | TruGreen","https://www.trugreen.com/lawn-care-101/blog","1","https://www.trugreen.com/lawn-care-101/blog","1","","200","https://www.trugreen.com/lawn-care-101/blog","","","","0","1","Looking for advice?Turn to the experts.","0","main|header|footer","jsonld:1;types:Blog|BreadcrumbList|CollectionPage;invalid:0;missing:","0","0","86","22","https://www.trugreen.com/lawn-care-101 | https://www.trugreen.com/lawn-care-101/blog/beyond-lawn/hosting-backyard-party | https://www.trugreen.com/lawn-care-101/blog/consistent-lawn-care | https://www.trugreen.com/lawn-care-101/blog/lawn-care/lawn-care-myths | https://www.trugreen.com/lawn-care-101/blog/lawn-care/lawn-care-vs-landscaping | https://www.trugreen.com/lawn-care-101/blog/lawn-care/lawn-mowing-spread-weeds | https://www.trugreen.com/lawn-care-101/blog/lawn-care/what-lawn-need-thrive | https://www.trugreen.com/lawn-care-101/blog/lawn-care/what-my-lawn-need | https://www.trugreen.com/lawn-care-101/blog/lawn-care/when-aerate-and-overseed-northeast | https://www.trugreen.com/lawn-care-101/blog/lawn-damage/lawn-care-signs-stress | https://www.trugreen.com/lawn-care-101/blog/pest-control/how-control-fleas-yard | https://www.trugreen.com/lawn-care-101/blog/tree-shrub-care/tree-disease-treatment | https://www.trugreen.com/lawn-care-101/blog/weed-control/control-wild-violets | https://www.trugreen.com/lawn-care-101/blog/weed-control/how-control-clover-lawn | https://www.trugreen.com/lawn-care-101/blog/weed-control/weeds-from-coming-back | https://www.trugreen.com/lawn-care-101/learning-center | https://www.trugreen.com/newsroom | https://www.trugreen.com/pay-your-bill | https://www.trugreen.com/pests-products-and-services | https://www.trugreen.com/pga-tour | https://www.trugreen.com/products-and-services | https://www.trugreen.com/why-choose-trugreen/testimonials-and-ratings","","internal-links-missing-from-sitemap|duplicate-title",""
"chromium","2026-08-28T21:08:04.938Z","prod-release-2-7-2026-08-28","1-500","","https://www.trugreen.com/lawn-care-101/blog/trugreen-lawn-care-services/reliable-lawn-service-for-lawn-lovers","https://www.trugreen.com/lawn-care-101/blog/trugreen-lawn-care-services/reliable-lawn-service-for-lawn-lovers","","","","","","0","","0","","","","","","","0","0","","0","","jsonld:0;types:;invalid:0;missing:","0","0","0","0","","","crawl-error","page.evaluate: Target page, context or browser has been closed"
"chromium","2026-08-28T21:08:04.938Z","prod-release-2-7-2026-08-28","1-500","","https://www.trugreen.com/lawn-care-101/blog/trugreen-lawn-care-services/should-i-use-seed-or-sod-for-fall-grass","https://www.trugreen.com/lawn-care-101/blog/trugreen-lawn-care-services/should-i-use-seed-or-sod-for-fall-grass","","","","","","0","","0","","","","","","","0","0","","0","","jsonld:0;types:;invalid:0;missing:","0","0","0","0","","","crawl-error","page.evaluate: Target page, context or browser has been closed"
"chromium","2026-08-28T21:08:04.938Z","prod-release-2-7-2026-08-28","1-500","","https://www.trugreen.com/lawn-care-101/blog/trugreen-lawn-care-services/the-healthy-lawn-guarantee-from-trugreen","https://www.trugreen.com/lawn-care-101/blog/trugreen-lawn-care-services/the-healthy-lawn-guarantee-from-trugreen","","","","","","0","","0","","","","","","","0","0","","0","","jsonld:0;types:;invalid:0;missing:","0","0","0","0","","","crawl-error","page.evaluate: Target page, context or browser has been closed"
"chromium","2026-08-28T21:08:04.938Z","prod-release-2-7-2026-08-28","1-500","","https://www.trugreen.com/lawn-care-101/blog/trugreen-lawn-care-services/tips-for-a-healthy-green","https://www.trugreen.com/lawn-care-101/blog/trugreen-lawn-care-services/tips-for-a-healthy-green","","","","","","0","","0","","","","","","","0","0","","0","","jsonld:0;types:;invalid:0;missing:","0","0","0","0","","","crawl-error","page.evaluate: Target page, context or browser has been closed"
"chromium","2026-08-28T21:08:04.938Z","prod-release-2-7-2026-08-28","1-500","","https://www.trugreen.com/lawn-care-101/blog/trugreen-lawn-care-services/top-5-reasons-you-need-lawn-maintenance-services","https://www.trugreen.com/lawn-care-101/blog/trugreen-lawn-care-services/top-5-reasons-you-need-lawn-maintenance-services","","","","","","0","","0","","","","","","","0","0","","0","","jsonld:0;types:;invalid:0;missing:","0","0","0","0","","","crawl-error","apiRequestContext.fetch: Target page, context or browser has been closed"
"chromium","2026-08-28T21:08:04.938Z","prod-release-2-7-2026-08-28","1-500","","https://www.trugreen.com/lawn-care-101/blog/trugreen-lawn-care-services/trugreen-advantedge-training-academy","https://www.trugreen.com/lawn-care-101/blog/trugreen-lawn-care-services/trugreen-advantedge-training-academy","","","","","","0","","0","","","","","","","0","0","","0","","jsonld:0;types:;invalid:0;missing:","0","0","0","0","","","crawl-error","apiRequestContext.fetch: Target page, context or browser has been closed"
"chromium","2026-08-28T21:08:04.938Z","prod-release-2-7-2026-08-28","1-500","","https://www.trugreen.com/lawn-care-101/blog/trugreen-lawn-care-services/trugreen-answers-frequently-asked-questions","https://www.trugreen.com/lawn-care-101/blog/trugreen-lawn-care-services/trugreen-answers-frequently-asked-questions","","","","","","0","","0","","","","","","","0","0","","0","","jsonld:0;types:;invalid:0;missing:","0","0","0","0","","","crawl-error","apiRequestContext.fetch: Target page, context or browser has been closed"
"chromium","2026-08-28T21:08:04.938Z","prod-release-2-7-2026-08-28","1-500","","https://www.trugreen.com/lawn-care-101/blog/trugreen-lawn-care-services/trugreen-champions-as-leading-lawn-care-provider","https://www.trugreen.com/lawn-care-101/blog/trugreen-lawn-care-services/trugreen-champions-as-leading-lawn-care-provider","","","","","","0","","0","","","","","","","0","0","","0","","jsonld:0;types:;invalid:0;missing:","0","0","0","0","","","crawl-error","apiRequestContext.fetch: Target page, context or browser has been closed"
"chromium","2026-08-28T21:08:04.938Z","prod-release-2-7-2026-08-28","1-500","","https://www.trugreen.com/lawn-care-101/blog/trugreen-lawn-care-services/trugreen-lawn-care-app","https://www.trugreen.com/lawn-care-101/blog/trugreen-lawn-care-services/trugreen-lawn-care-app","","","","","","0","","0","","","","","","","0","0","","0","","jsonld:0;types:;invalid:0;missing:","0","0","0","0","","","crawl-error","apiRequestContext.fetch: Target page, context or browser has been closed"
"chromium","2026-08-28T21:08:04.938Z","prod-release-2-7-2026-08-28","1-500","","https://www.trugreen.com/lawn-care-101/blog/trugreen-lawn-care-services/trugreen-lawn-care-preparing-for-your-first-visit","https://www.trugreen.com/lawn-care-101/blog/trugreen-lawn-care-services/trugreen-lawn-care-preparing-for-your-first-visit","","","","","","0","","0","","","","","","","0","0","","0","","jsonld:0;types:;invalid:0;missing:","0","0","0","0","","","crawl-error","apiRequestContext.fetch: Target page, context or browser has been closed"
"chromium","2026-08-28T21:08:04.938Z","prod-release-2-7-2026-08-28","1-500","","https://www.trugreen.com/lawn-care-101/blog/trugreen-lawn-care-services/trugreen-lawn-plans-tailored-for-you","https://www.trugreen.com/lawn-care-101/blog/trugreen-lawn-care-services/trugreen-lawn-plans-tailored-for-you","","","","","","0","","0","","","","","","","0","0","","0","","jsonld:0;types:;invalid:0;missing:","0","0","0","0","","","crawl-error","apiRequestContext.fetch: Target page, context or browser has been closed"
"chromium","2026-08-28T21:08:04.938Z","prod-release-2-7-2026-08-28","1-500","","https://www.trugreen.com/lawn-care-101/blog/trugreen-lawn-care-services/trugreen-mosquito-defense","https://www.trugreen.com/lawn-care-101/blog/trugreen-lawn-care-services/trugreen-mosquito-defense","","","","","","0","","0","","","","","","","0","0","","0","","jsonld:0;types:;invalid:0;missing:","0","0","0","0","","","crawl-error","apiRequestContext.fetch: Target page, context or browser has been closed"
"chromium","2026-08-28T21:08:04.938Z","prod-release-2-7-2026-08-28","1-500","","https://www.trugreen.com/lawn-care-101/blog/trugreen-lawn-care-services/trugreen-survey","https://www.trugreen.com/lawn-care-101/blog/trugreen-lawn-care-services/trugreen-survey","","","","","","0","","0","","","","","","","0","0","","0","","jsonld:0;types:;invalid:0;missing:","0","0","0","0","","","crawl-error","apiRequestContext.fetch: Target page, context or browser has been closed"
"chromium","2026-08-28T21:08:04.938Z","prod-release-2-7-2026-08-28","1-500","","https://www.trugreen.com/lawn-care-101/blog/trugreen-lawn-care-services/trugreen%C2%AE-history-back-to-the-roots","https://www.trugreen.com/lawn-care-101/blog/trugreen-lawn-care-services/trugreen%C2%AE-history-back-to-the-roots","","","","","","0","","0","","","","","","","0","0","","0","","jsonld:0;types:;invalid:0;missing:","0","0","0","0","","","crawl-error","apiRequestContext.fetch: Target page, context or browser has been closed"
"chromium","2026-08-28T21:08:04.938Z","prod-release-2-7-2026-08-28","1-500","","https://www.trugreen.com/lawn-care-101/blog/trugreen-lawn-care-services/truhealth-lawn-plan-your-guide-to-lawn-treatment","https://www.trugreen.com/lawn-care-101/blog/trugreen-lawn-care-services/truhealth-lawn-plan-your-guide-to-lawn-treatment","","","","","","0","","0","","","","","","","0","0","","0","","jsonld:0;types:;invalid:0;missing:","0","0","0","0","","","crawl-error","apiRequestContext.fetch: Target page, context or browser has been closed"
"chromium","2026-08-28T21:08:04.938Z","prod-release-2-7-2026-08-28","1-500","","https://www.trugreen.com/lawn-care-101/blog/trugreen-lawn-care-services/trust-the-experts-to-help-you-achieve-the-lawn-you","https://www.trugreen.com/lawn-care-101/blog/trugreen-lawn-care-services/trust-the-experts-to-help-you-achieve-the-lawn-you","","","","","","0","","0","","","","","","","0","0","","0","","jsonld:0;types:;invalid:0;missing:","0","0","0","0","","","crawl-error","apiRequestContext.fetch: Target page, context or browser has been closed"
"chromium","2026-08-28T21:08:04.938Z","prod-release-2-7-2026-08-28","1-500","","https://www.trugreen.com/lawn-care-101/blog/trugreen-lawn-care-services/what-are-reasonable-lawn-care-service-prices","https://www.trugreen.com/lawn-care-101/blog/trugreen-lawn-care-services/what-are-reasonable-lawn-care-service-prices","","","","","","0","","0","","","","","","","0","0","","0","","jsonld:0;types:;invalid:0;missing:","0","0","0","0","","","crawl-error","apiRequestContext.fetch: Target page, context or browser has been closed"
"chromium","2026-08-28T21:08:04.938Z","prod-release-2-7-2026-08-28","1-500","","https://www.trugreen.com/lawn-care-101/blog/trugreen-lawn-care-services/what-is-the-best-lawn-care-services-plan","https://www.trugreen.com/lawn-care-101/blog/trugreen-lawn-care-services/what-is-the-best-lawn-care-services-plan","","","","","","0","","0","","","","","","","0","0","","0","","jsonld:0;types:;invalid:0;missing:","0","0","0","0","","","crawl-error","apiRequestContext.fetch: Target page, context or browser has been closed"
"chromium","2026-08-28T21:08:04.938Z","prod-release-2-7-2026-08-28","1-500","","https://www.trugreen.com/lawn-care-101/blog/trugreen-lawn-care-services/what-is-the-best-lawn-treatment-service","https://www.trugreen.com/lawn-care-101/blog/trugreen-lawn-care-services/what-is-the-best-lawn-treatment-service","","","","","","0","","0","","","","","","","0","0","","0","","jsonld:0;types:;invalid:0;missing:","0","0","0","0","","","crawl-error","apiRequestContext.fetch: Target page, context or browser has been closed"
"chromium","2026-08-28T21:08:04.938Z","prod-release-2-7-2026-08-28","1-500","","https://www.trugreen.com/lawn-care-101/blog/trugreen-lawn-care-services/what-to-expect-from-your-everyday-relationship-wit","https://www.trugreen.com/lawn-care-101/blog/trugreen-lawn-care-services/what-to-expect-from-your-everyday-relationship-wit","","","","","","0","","0","","","","","","","0","0","","0","","jsonld:0;types:;invalid:0;missing:","0","0","0","0","","","crawl-error","apiRequestContext.fetch: Target page, context or browser has been closed"
"chromium","2026-08-28T21:08:04.938Z","prod-release-2-7-2026-08-28","1-500","","https://www.trugreen.com/lawn-care-101/blog/trugreen-lawn-care-services/what-to-expect-from-your-trugreen%C2%AE-lawn-care-plan","https://www.trugreen.com/lawn-care-101/blog/trugreen-lawn-care-services/what-to-expect-from-your-trugreen%C2%AE-lawn-care-plan","","","","","","0","","0","","","","","","","0","0","","0","","jsonld:0;types:;invalid:0;missing:","0","0","0","0","","","crawl-error","apiRequestContext.fetch: Target page, context or browser has been closed"
"chromium","2026-08-28T21:08:04.938Z","prod-release-2-7-2026-08-28","1-500","","https://www.trugreen.com/lawn-care-101/blog/trugreen-lawn-care-services/what-to-expect-out-of-a-healthy-lawn-analysis%C2%AE-wit","https://www.trugreen.com/lawn-care-101/blog/trugreen-lawn-care-services/what-to-expect-out-of-a-healthy-lawn-analysis%C2%AE-wit","","","","","","0","","0","","","","","","","0","0","","0","","jsonld:0;types:;invalid:0;missing:","0","0","0","0","","","crawl-error","apiRequestContext.fetch: Target page, context or browser has been closed"
"chromium","2026-08-28T21:08:04.938Z","prod-release-2-7-2026-08-28","1-500","","https://www.trugreen.com/lawn-care-101/blog/trugreen-lawn-care-services/winterize-your-sprinkler-system-this-fall","https://www.trugreen.com/lawn-care-101/blog/trugreen-lawn-care-services/winterize-your-sprinkler-system-this-fall","","","","","","0","","0","","","","","","","0","0","","0","","jsonld:0;types:;invalid:0;missing:","0","0","0","0","","","crawl-error","apiRequestContext.fetch: Target page, context or browser has been closed"
"chromium","2026-08-28T21:08:04.938Z","prod-release-2-7-2026-08-28","1-500","","https://www.trugreen.com/lawn-care-101/blog/trugreen-lawn-care-services/your-trugreen-lawn-plan-what-to-expect","https://www.trugreen.com/lawn-care-101/blog/trugreen-lawn-care-services/your-trugreen-lawn-plan-what-to-expect","","","","","","0","","0","","","","","","","0","0","","0","","jsonld:0;types:;invalid:0;missing:","0","0","0","0","","","crawl-error","apiRequestContext.fetch: Target page, context or browser has been closed"
"chromium","2026-08-28T21:08:04.938Z","prod-release-2-7-2026-08-28","1-500","","https://www.trugreen.com/lawn-care-101/blog/trugreen-lawn-care-services/your-trugreen-tree-shrub-plan-what-to-expect","https://www.trugreen.com/lawn-care-101/blog/trugreen-lawn-care-services/your-trugreen-tree-shrub-plan-what-to-expect","","","","","","0","","0","","","","","","","0","0","","0","","jsonld:0;types:;invalid:0;missing:","0","0","0","0","","","crawl-error","apiRequestContext.fetch: Target page, context or browser has been closed"
"chromium","2026-08-28T21:08:04.938Z","prod-release-2-7-2026-08-28","1-500","","https://www.trugreen.com/lawn-care-101/blog/turf-cape-cod-trugreen","https://www.trugreen.com/lawn-care-101/blog/turf-cape-cod-trugreen","","","","","","0","","0","","","","","","","0","0","","0","","jsonld:0;types:;invalid:0;missing:","0","0","0","0","","","crawl-error","apiRequestContext.fetch: Target page, context or browser has been closed"
"chromium","2026-08-28T21:08:04.938Z","prod-release-2-7-2026-08-28","1-500","","https://www.trugreen.com/lawn-care-101/faqs","https://www.trugreen.com/lawn-care-101/faqs","","","","","","0","","0","","","","","","","0","0","","0","","jsonld:0;types:;invalid:0;missing:","0","0","0","0","","","crawl-error","apiRequestContext.fetch: Target page, context or browser has been closed"
"chromium","2026-08-28T21:08:04.938Z","prod-release-2-7-2026-08-28","1-500","","https://www.trugreen.com/lawn-care-101/lawn-care-guides/complete-guide-to-summer-lawn-care","https://www.trugreen.com/lawn-care-101/lawn-care-guides/complete-guide-to-summer-lawn-care","","","","","","0","","0","","","","","","","0","0","","0","","jsonld:0;types:;invalid:0;missing:","0","0","0","0","","","crawl-error","apiRequestContext.fetch: Target page, context or browser has been closed"
"chromium","2026-08-28T21:08:04.938Z","prod-release-2-7-2026-08-28","1-500","","https://www.trugreen.com/lawn-care-101/lawn-care-guides/complete-lawn-aeration-guide-when%2C-how%2C-best-time","https://www.trugreen.com/lawn-care-101/lawn-care-guides/complete-lawn-aeration-guide-when%2C-how%2C-best-time","","","","","","0","","0","","","","","","","0","0","","0","","jsonld:0;types:;invalid:0;missing:","0","0","0","0","","","crawl-error","apiRequestContext.fetch: Target page, context or browser has been closed"
"chromium","2026-08-28T21:08:04.938Z","prod-release-2-7-2026-08-28","1-500","","https://www.trugreen.com/lawn-care-101/lawn-care-guides/complete-lawn-fungus-guide","https://www.trugreen.com/lawn-care-101/lawn-care-guides/complete-lawn-fungus-guide","","","","","","0","","0","","","","","","","0","0","","0","","jsonld:0;types:;invalid:0;missing:","0","0","0","0","","","crawl-error","apiRequestContext.fetch: Target page, context or browser has been closed"
"chromium","2026-08-28T21:08:04.938Z","prod-release-2-7-2026-08-28","1-500","","https://www.trugreen.com/lawn-care-101/lawn-care-guides/creating-a-mosquito-free-backyard","https://www.trugreen.com/lawn-care-101/lawn-care-guides/creating-a-mosquito-free-backyard","","","","","","0","","0","","","","","","","0","0","","0","","jsonld:0;types:;invalid:0;missing:","0","0","0","0","","","crawl-error","apiRequestContext.fetch: Target page, context or browser has been closed"
"chromium","2026-08-28T21:08:04.938Z","prod-release-2-7-2026-08-28","1-500","","https://www.trugreen.com/lawn-care-101/lawn-care-guides/grass-saving-guide-for-new-homeowners","https://www.trugreen.com/lawn-care-101/lawn-care-guides/grass-saving-guide-for-new-homeowners","","","","","","0","","0","","","","","","","0","0","","0","","jsonld:0;types:;invalid:0;missing:","0","0","0","0","","","crawl-error","apiRequestContext.fetch: Target page, context or browser has been closed"
"chromium","2026-08-28T21:08:04.938Z","prod-release-2-7-2026-08-28","1-500","","https://www.trugreen.com/lawn-care-101/lawn-care-guides/overseeding-lawn-care-guide","https://www.trugreen.com/lawn-care-101/lawn-care-guides/overseeding-lawn-care-guide","","","","","","0","","0","","","","","","","0","0","","0","","jsonld:0;types:;invalid:0;missing:","0","0","0","0","","","crawl-error","apiRequestContext.fetch: Target page, context or browser has been closed"
"chromium","2026-08-28T21:08:04.938Z","prod-release-2-7-2026-08-28","1-500","","https://www.trugreen.com/lawn-care-101/lawn-care-guides/proper-tree-and-shrub-care","https://www.trugreen.com/lawn-care-101/lawn-care-guides/proper-tree-and-shrub-care","","","","","","0","","0","","","","","","","0","0","","0","","jsonld:0;types:;invalid:0;missing:","0","0","0","0","","","crawl-error","apiRequestContext.fetch: Target page, context or browser has been closed"
"chromium","2026-08-28T21:08:04.938Z","prod-release-2-7-2026-08-28","1-500","","https://www.trugreen.com/lawn-care-101/lawn-care-guides/the-easy-guide-to-growing-healthy%2C-green-grass","https://www.trugreen.com/lawn-care-101/lawn-care-guides/the-easy-guide-to-growing-healthy%2C-green-grass","","","","","","0","","0","","","","","","","0","0","","0","","jsonld:0;types:;invalid:0;missing:","0","0","0","0","","","crawl-error","apiRequestContext.fetch: Target page, context or browser has been closed"
"chromium","2026-08-28T21:08:04.938Z","prod-release-2-7-2026-08-28","1-500","","https://www.trugreen.com/lawn-care-101/lawn-care-guides/tips-for-taming-stubborn-weeds","https://www.trugreen.com/lawn-care-101/lawn-care-guides/tips-for-taming-stubborn-weeds","","","","","","0","","0","","","","","","","0","0","","0","","jsonld:0;types:;invalid:0;missing:","0","0","0","0","","","crawl-error","apiRequestContext.fetch: Target page, context or browser has been closed"
"chromium","2026-08-28T21:08:04.938Z","prod-release-2-7-2026-08-28","1-500","","https://www.trugreen.com/lawn-care-101/learning-center/broadleaf-weeds","https://www.trugreen.com/lawn-care-101/learning-center/broadleaf-weeds","","","","","","0","","0","","","","","","","0","0","","0","","jsonld:0;types:;invalid:0;missing:","0","0","0","0","","","crawl-error","apiRequestContext.fetch: Target page, context or browser has been closed"
"chromium","2026-08-28T21:08:04.938Z","prod-release-2-7-2026-08-28","1-500","","https://www.trugreen.com/lawn-care-101/learning-center/broadleaf-weeds/alligatorweed","https://www.trugreen.com/lawn-care-101/learning-center/broadleaf-weeds/alligatorweed","","","","","","0","","0","","","","","","","0","0","","0","","jsonld:0;types:;invalid:0;missing:","0","0","0","0","","","crawl-error","apiRequestContext.fetch: Target page, context or browser has been closed"
"chromium","2026-08-28T21:08:04.938Z","prod-release-2-7-2026-08-28","1-500","","https://www.trugreen.com/lawn-care-101/learning-center/broadleaf-weeds/alsike-clover","https://www.trugreen.com/lawn-care-101/learning-center/broadleaf-weeds/alsike-clover","","","","","","0","","0","","","","","","","0","0","","0","","jsonld:0;types:;invalid:0;missing:","0","0","0","0","","","crawl-error","apiRequestContext.fetch: Target page, context or browser has been closed"
"chromium","2026-08-28T21:08:04.938Z","prod-release-2-7-2026-08-28","1-500","","https://www.trugreen.com/lawn-care-101/learning-center/broadleaf-weeds/annual-sowthistle","https://www.trugreen.com/lawn-care-101/learning-center/broadleaf-weeds/annual-sowthistle","","","","","","0","","0","","","","","","","0","0","","0","","jsonld:0;types:;invalid:0;missing:","0","0","0","0","","","crawl-error","apiRequestContext.fetch: Target page, context or browser has been closed"
"chromium","2026-08-28T21:08:04.938Z","prod-release-2-7-2026-08-28","1-500","","https://www.trugreen.com/lawn-care-101/learning-center/broadleaf-weeds/asiatic-hawksbeard","https://www.trugreen.com/lawn-care-101/learning-center/broadleaf-weeds/asiatic-hawksbeard","","","","","","0","","0","","","","","","","0","0","","0","","jsonld:0;types:;invalid:0;missing:","0","0","0","0","","","crawl-error","apiRequestContext.fetch: Target page, context or browser has been closed"
"chromium","2026-08-28T21:08:04.938Z","prod-release-2-7-2026-08-28","1-500","","https://www.trugreen.com/lawn-care-101/learning-center/broadleaf-weeds/birdsfoot-trefoil","https://www.trugreen.com/lawn-care-101/learning-center/broadleaf-weeds/birdsfoot-trefoil","","","","","","0","","0","","","","","","","0","0","","0","","jsonld:0;types:;invalid:0;missing:","0","0","0","0","","","crawl-error","apiRequestContext.fetch: Target page, context or browser has been closed"
"chromium","2026-08-28T21:08:04.938Z","prod-release-2-7-2026-08-28","1-500","","https://www.trugreen.com/lawn-care-101/learning-center/broadleaf-weeds/black-medic","https://www.trugreen.com/lawn-care-101/learning-center/broadleaf-weeds/black-medic","","","","","","0","","0","","","","","","","0","0","","0","","jsonld:0;types:;invalid:0;missing:","0","0","0","0","","","crawl-error","apiRequestContext.fetch: Target page, context or browser has been closed"
"chromium","2026-08-28T21:08:04.938Z","prod-release-2-7-2026-08-28","1-500","","https://www.trugreen.com/lawn-care-101/learning-center/broadleaf-weeds/bracted-plantain","https://www.trugreen.com/lawn-care-101/learning-center/broadleaf-weeds/bracted-plantain","","","","","","0","","0","","","","","","","0","0","","0","","jsonld:0;types:;invalid:0;missing:","0","0","0","0","","","crawl-error","apiRequestContext.fetch: Target page, context or browser has been closed"
