"project","generated_at","baseline_label","page_range","max_pages","requested_url","final_url","http_status","redirect_chain","raw_title","rendered_title","raw_canonical","raw_canonical_count","rendered_canonical","rendered_canonical_count","canonical_header","canonical_target_status","canonical_target_final_url","meta_robots_raw","meta_robots_rendered","x_robots_tag","hreflang_count","h1_count","h1_text","hidden_h1_count","landmarks","structured_data","address_count","time_datetime_count","internal_link_count","linked_internal_urls_missing_from_sitemap_count","linked_internal_urls_missing_from_sitemap","js_only_metadata","issue_summary","crawl_error"
"chromium","2026-08-31T16:07:10.145Z","prod-release-2-7-2026-08-28","1100-1408","","https://www.trugreen.com/local-lawn-care/new-york/yaphank/lawn-care","https://www.trugreen.com/local-lawn-care/new-york/yaphank/lawn-care","200","200:https://www.trugreen.com/local-lawn-care/new-york/yaphank/lawn-care","TruGreen Long Island East: Lawn Care Maintenance Services in Long Island East, NY | TruGreen","TruGreen Long Island East: Lawn Care Maintenance Services in Long Island East, NY | TruGreen","https://www.trugreen.com/local-lawn-care/new-york/yaphank","1","https://www.trugreen.com/local-lawn-care/new-york/yaphank","1","","200","https://www.trugreen.com/local-lawn-care/new-york/yaphank","","","","0","2","We put the ""care"" in ""lawn care."" | Explore our plans.","0","header|footer","jsonld:1;types:BreadcrumbList|WebPage;invalid:0;missing:jsonld_0_missing_@context|jsonld_1_missing_@context","0","0","44","8","https://www.trugreen.com/lawn-care-101 | https://www.trugreen.com/lawn-care-101/learning-center | https://www.trugreen.com/newsroom | https://www.trugreen.com/pay-your-bill | https://www.trugreen.com/pests-products-and-services | https://www.trugreen.com/pga-tour | https://www.trugreen.com/products-and-services | https://www.trugreen.com/why-choose-trugreen/testimonials-and-ratings","","multiple-h1|missing-main|internal-links-missing-from-sitemap|duplicate-title",""
"chromium","2026-08-31T16:07:10.145Z","prod-release-2-7-2026-08-28","1100-1408","","https://www.trugreen.com/local-lawn-care/north-carolina","https://www.trugreen.com/local-lawn-care/north-carolina","200","200:https://www.trugreen.com/local-lawn-care/north-carolina","TruGreen North Carolina: Local Lawn Care Service Near Me | TruGreen","TruGreen North Carolina: Local Lawn Care Service Near Me | TruGreen","https://www.trugreen.com/local-lawn-care/north-carolina","1","https://www.trugreen.com/local-lawn-care/north-carolina","1","","200","https://www.trugreen.com/local-lawn-care/north-carolina","","","","0","1","Find your local branch in North Carolina.","0","header|footer","jsonld:1;types:BreadcrumbList|CollectionPage|ItemList;invalid:0;missing:jsonld_0_missing_@context|jsonld_1_missing_@context|jsonld_2_missing_@context","0","0","46","8","https://www.trugreen.com/lawn-care-101 | https://www.trugreen.com/lawn-care-101/learning-center | https://www.trugreen.com/newsroom | https://www.trugreen.com/pay-your-bill | https://www.trugreen.com/pests-products-and-services | https://www.trugreen.com/pga-tour | https://www.trugreen.com/products-and-services | https://www.trugreen.com/why-choose-trugreen/testimonials-and-ratings","","missing-main|internal-links-missing-from-sitemap",""
"chromium","2026-08-31T16:07:10.145Z","prod-release-2-7-2026-08-28","1100-1408","","https://www.trugreen.com/local-lawn-care/north-carolina/cary","https://www.trugreen.com/local-lawn-care/north-carolina/cary","200","200:https://www.trugreen.com/local-lawn-care/north-carolina/cary","TruGreen Raleigh South: Lawn Care Maintenance Services in Raleigh South, NC | TruGreen","TruGreen Raleigh South: Lawn Care Maintenance Services in Raleigh South, NC | TruGreen","https://www.trugreen.com/local-lawn-care/north-carolina/cary","1","https://www.trugreen.com/local-lawn-care/north-carolina/cary","1","","200","https://www.trugreen.com/local-lawn-care/north-carolina/cary","","","","0","1","Meet your local experts.","0","header|footer","jsonld:1;types:WebPage;invalid:0;missing:","0","0","45","8","https://www.trugreen.com/lawn-care-101 | https://www.trugreen.com/lawn-care-101/learning-center | https://www.trugreen.com/newsroom | https://www.trugreen.com/pay-your-bill | https://www.trugreen.com/pests-products-and-services | https://www.trugreen.com/pga-tour | https://www.trugreen.com/products-and-services | https://www.trugreen.com/why-choose-trugreen/testimonials-and-ratings","","missing-main|internal-links-missing-from-sitemap|duplicate-title",""
"chromium","2026-08-31T16:07:10.145Z","prod-release-2-7-2026-08-28","1100-1408","","https://www.trugreen.com/local-lawn-care/north-carolina/cary/lawn-care","https://www.trugreen.com/local-lawn-care/north-carolina/cary/lawn-care","200","200:https://www.trugreen.com/local-lawn-care/north-carolina/cary/lawn-care","TruGreen Raleigh South: Lawn Care Maintenance Services in Raleigh South, NC | TruGreen","TruGreen Raleigh South: Lawn Care Maintenance Services in Raleigh South, NC | TruGreen","https://www.trugreen.com/local-lawn-care/north-carolina/cary","1","https://www.trugreen.com/local-lawn-care/north-carolina/cary","1","","200","https://www.trugreen.com/local-lawn-care/north-carolina/cary","","","","0","2","We put the ""care"" in ""lawn care."" | Explore our plans.","0","header|footer","jsonld:1;types:BreadcrumbList|WebPage;invalid:0;missing:jsonld_0_missing_@context|jsonld_1_missing_@context","0","0","44","8","https://www.trugreen.com/lawn-care-101 | https://www.trugreen.com/lawn-care-101/learning-center | https://www.trugreen.com/newsroom | https://www.trugreen.com/pay-your-bill | https://www.trugreen.com/pests-products-and-services | https://www.trugreen.com/pga-tour | https://www.trugreen.com/products-and-services | https://www.trugreen.com/why-choose-trugreen/testimonials-and-ratings","","multiple-h1|missing-main|internal-links-missing-from-sitemap|duplicate-title",""
"chromium","2026-08-31T16:07:10.145Z","prod-release-2-7-2026-08-28","1100-1408","","https://www.trugreen.com/local-lawn-care/north-carolina/castle-hayne","https://www.trugreen.com/local-lawn-care/north-carolina/cary","200","308:https://www.trugreen.com/local-lawn-care/north-carolina/castle-hayne -> 301:http://trugreen.com/local-lawn-care/north-carolina/cary -> 301:https://trugreen.com/local-lawn-care/north-carolina/cary -> 200:https://www.trugreen.com/local-lawn-care/north-carolina/cary","TruGreen Raleigh South: Lawn Care Maintenance Services in Raleigh South, NC | TruGreen","TruGreen Raleigh South: Lawn Care Maintenance Services in Raleigh South, NC | TruGreen","https://www.trugreen.com/local-lawn-care/north-carolina/cary","1","https://www.trugreen.com/local-lawn-care/north-carolina/cary","1","","200","https://www.trugreen.com/local-lawn-care/north-carolina/cary","","","","0","1","Meet your local experts.","0","header|footer","jsonld:1;types:WebPage;invalid:0;missing:","0","0","45","8","https://www.trugreen.com/lawn-care-101 | https://www.trugreen.com/lawn-care-101/learning-center | https://www.trugreen.com/newsroom | https://www.trugreen.com/pay-your-bill | https://www.trugreen.com/pests-products-and-services | https://www.trugreen.com/pga-tour | https://www.trugreen.com/products-and-services | https://www.trugreen.com/why-choose-trugreen/testimonials-and-ratings","","missing-main|internal-links-missing-from-sitemap|duplicate-title",""
"chromium","2026-08-31T16:07:10.145Z","prod-release-2-7-2026-08-28","1100-1408","","https://www.trugreen.com/local-lawn-care/north-carolina/castle-hayne/lawn-care","https://www.trugreen.com/local-lawn-care/north-carolina/castle-hayne/lawn-care","200","200:https://www.trugreen.com/local-lawn-care/north-carolina/castle-hayne/lawn-care","Lawn Care and Outdoor Services in Wilmington | TruGreen","Lawn Care and Outdoor Services in Wilmington | TruGreen","https://www.trugreen.com/local-lawn-care/north-carolina/castle-hayne","1","https://www.trugreen.com/local-lawn-care/north-carolina/castle-hayne","1","","200","https://www.trugreen.com/local-lawn-care/north-carolina/cary","","","","0","2","We put the ""care"" in ""lawn care."" | Explore our plans.","0","header|footer","jsonld:1;types:BreadcrumbList|WebPage;invalid:0;missing:jsonld_0_missing_@context|jsonld_1_missing_@context","0","0","44","8","https://www.trugreen.com/lawn-care-101 | https://www.trugreen.com/lawn-care-101/learning-center | https://www.trugreen.com/newsroom | https://www.trugreen.com/pay-your-bill | https://www.trugreen.com/pests-products-and-services | https://www.trugreen.com/pga-tour | https://www.trugreen.com/products-and-services | https://www.trugreen.com/why-choose-trugreen/testimonials-and-ratings","","multiple-h1|missing-main|internal-links-missing-from-sitemap|canonical-target-redirects",""
"chromium","2026-08-31T16:07:10.145Z","prod-release-2-7-2026-08-28","1100-1408","","https://www.trugreen.com/local-lawn-care/north-carolina/charlotte","https://www.trugreen.com/local-lawn-care/north-carolina/charlotte","200","200:https://www.trugreen.com/local-lawn-care/north-carolina/charlotte","TruGreen Charlotte: Lawn Care Maintenance Services in Charlotte, NC | TruGreen","TruGreen Charlotte: Lawn Care Maintenance Services in Charlotte, NC | TruGreen","https://www.trugreen.com/local-lawn-care/north-carolina/charlotte","1","https://www.trugreen.com/local-lawn-care/north-carolina/charlotte","1","","200","https://www.trugreen.com/local-lawn-care/north-carolina/charlotte","","","","0","1","Meet your local experts.","0","header|footer","jsonld:1;types:WebPage;invalid:0;missing:","0","0","45","8","https://www.trugreen.com/lawn-care-101 | https://www.trugreen.com/lawn-care-101/learning-center | https://www.trugreen.com/newsroom | https://www.trugreen.com/pay-your-bill | https://www.trugreen.com/pests-products-and-services | https://www.trugreen.com/pga-tour | https://www.trugreen.com/products-and-services | https://www.trugreen.com/why-choose-trugreen/testimonials-and-ratings","","missing-main|internal-links-missing-from-sitemap|duplicate-title",""
"chromium","2026-08-31T16:07:10.145Z","prod-release-2-7-2026-08-28","1100-1408","","https://www.trugreen.com/local-lawn-care/north-carolina/charlotte/lawn-care","https://www.trugreen.com/local-lawn-care/north-carolina/charlotte/lawn-care","200","200:https://www.trugreen.com/local-lawn-care/north-carolina/charlotte/lawn-care","TruGreen Charlotte: Lawn Care Maintenance Services in Charlotte, NC | TruGreen","TruGreen Charlotte: Lawn Care Maintenance Services in Charlotte, NC | TruGreen","https://www.trugreen.com/local-lawn-care/north-carolina/charlotte","1","https://www.trugreen.com/local-lawn-care/north-carolina/charlotte","1","","200","https://www.trugreen.com/local-lawn-care/north-carolina/charlotte","","","","0","2","We put the ""care"" in ""lawn care."" | Explore our plans.","0","header|footer","jsonld:1;types:BreadcrumbList|WebPage;invalid:0;missing:jsonld_0_missing_@context|jsonld_1_missing_@context","0","0","44","8","https://www.trugreen.com/lawn-care-101 | https://www.trugreen.com/lawn-care-101/learning-center | https://www.trugreen.com/newsroom | https://www.trugreen.com/pay-your-bill | https://www.trugreen.com/pests-products-and-services | https://www.trugreen.com/pga-tour | https://www.trugreen.com/products-and-services | https://www.trugreen.com/why-choose-trugreen/testimonials-and-ratings","","multiple-h1|missing-main|internal-links-missing-from-sitemap|duplicate-title",""
"chromium","2026-08-31T16:07:10.145Z","prod-release-2-7-2026-08-28","1100-1408","","https://www.trugreen.com/local-lawn-care/north-carolina/fayetteville","https://www.trugreen.com/local-lawn-care/north-carolina/fayetteville","200","200:https://www.trugreen.com/local-lawn-care/north-carolina/fayetteville","Lawn Care and Outdoor Services in Fayetteville | TruGreen","Lawn Care and Outdoor Services in Fayetteville | TruGreen","https://www.trugreen.com/local-lawn-care/north-carolina/fayetteville","1","https://www.trugreen.com/local-lawn-care/north-carolina/fayetteville","1","","200","https://www.trugreen.com/local-lawn-care/north-carolina/fayetteville","","","","0","1","Meet your local experts.","0","header|footer","jsonld:1;types:WebPage;invalid:0;missing:","0","0","45","8","https://www.trugreen.com/lawn-care-101 | https://www.trugreen.com/lawn-care-101/learning-center | https://www.trugreen.com/newsroom | https://www.trugreen.com/pay-your-bill | https://www.trugreen.com/pests-products-and-services | https://www.trugreen.com/pga-tour | https://www.trugreen.com/products-and-services | https://www.trugreen.com/why-choose-trugreen/testimonials-and-ratings","","missing-main|internal-links-missing-from-sitemap|duplicate-title",""
"chromium","2026-08-31T16:07:10.145Z","prod-release-2-7-2026-08-28","1100-1408","","https://www.trugreen.com/local-lawn-care/north-carolina/fayetteville/lawn-care","https://www.trugreen.com/local-lawn-care/north-carolina/fayetteville/lawn-care","200","200:https://www.trugreen.com/local-lawn-care/north-carolina/fayetteville/lawn-care","Lawn Care and Outdoor Services in Fayetteville | TruGreen","Lawn Care and Outdoor Services in Fayetteville | TruGreen","https://www.trugreen.com/local-lawn-care/north-carolina/fayetteville","1","https://www.trugreen.com/local-lawn-care/north-carolina/fayetteville","1","","200","https://www.trugreen.com/local-lawn-care/north-carolina/fayetteville","","","","0","2","We put the ""care"" in ""lawn care."" | Explore our plans.","0","header|footer","jsonld:1;types:BreadcrumbList|WebPage;invalid:0;missing:jsonld_0_missing_@context|jsonld_1_missing_@context","0","0","44","8","https://www.trugreen.com/lawn-care-101 | https://www.trugreen.com/lawn-care-101/learning-center | https://www.trugreen.com/newsroom | https://www.trugreen.com/pay-your-bill | https://www.trugreen.com/pests-products-and-services | https://www.trugreen.com/pga-tour | https://www.trugreen.com/products-and-services | https://www.trugreen.com/why-choose-trugreen/testimonials-and-ratings","","multiple-h1|missing-main|internal-links-missing-from-sitemap|duplicate-title",""
"chromium","2026-08-31T16:07:10.145Z","prod-release-2-7-2026-08-28","1100-1408","","https://www.trugreen.com/local-lawn-care/north-carolina/greensboro","https://www.trugreen.com/local-lawn-care/north-carolina/greensboro","200","200:https://www.trugreen.com/local-lawn-care/north-carolina/greensboro","Lawn Care and Outdoor Services in Greensboro | TruGreen","Lawn Care and Outdoor Services in Greensboro | TruGreen","https://www.trugreen.com/local-lawn-care/north-carolina/greensboro","1","https://www.trugreen.com/local-lawn-care/north-carolina/greensboro","1","","200","https://www.trugreen.com/local-lawn-care/north-carolina/greensboro","","","","0","1","Meet your local experts.","0","header|footer","jsonld:1;types:WebPage;invalid:0;missing:","0","0","45","8","https://www.trugreen.com/lawn-care-101 | https://www.trugreen.com/lawn-care-101/learning-center | https://www.trugreen.com/newsroom | https://www.trugreen.com/pay-your-bill | https://www.trugreen.com/pests-products-and-services | https://www.trugreen.com/pga-tour | https://www.trugreen.com/products-and-services | https://www.trugreen.com/why-choose-trugreen/testimonials-and-ratings","","missing-main|internal-links-missing-from-sitemap|duplicate-title",""
"chromium","2026-08-31T16:07:10.145Z","prod-release-2-7-2026-08-28","1100-1408","","https://www.trugreen.com/local-lawn-care/north-carolina/greensboro/lawn-care","https://www.trugreen.com/local-lawn-care/north-carolina/greensboro/lawn-care","200","200:https://www.trugreen.com/local-lawn-care/north-carolina/greensboro/lawn-care","Lawn Care and Outdoor Services in Greensboro | TruGreen","Lawn Care and Outdoor Services in Greensboro | TruGreen","https://www.trugreen.com/local-lawn-care/north-carolina/greensboro","1","https://www.trugreen.com/local-lawn-care/north-carolina/greensboro","1","","200","https://www.trugreen.com/local-lawn-care/north-carolina/greensboro","","","","0","2","We put the ""care"" in ""lawn care."" | Explore our plans.","0","header|footer","jsonld:1;types:BreadcrumbList|WebPage;invalid:0;missing:jsonld_0_missing_@context|jsonld_1_missing_@context","0","0","44","8","https://www.trugreen.com/lawn-care-101 | https://www.trugreen.com/lawn-care-101/learning-center | https://www.trugreen.com/newsroom | https://www.trugreen.com/pay-your-bill | https://www.trugreen.com/pests-products-and-services | https://www.trugreen.com/pga-tour | https://www.trugreen.com/products-and-services | https://www.trugreen.com/why-choose-trugreen/testimonials-and-ratings","","multiple-h1|missing-main|internal-links-missing-from-sitemap|duplicate-title",""
"chromium","2026-08-31T16:07:10.145Z","prod-release-2-7-2026-08-28","1100-1408","","https://www.trugreen.com/local-lawn-care/north-carolina/indian-trail","https://www.trugreen.com/local-lawn-care/north-carolina/indian-trail","200","200:https://www.trugreen.com/local-lawn-care/north-carolina/indian-trail","Lawn Care and Outdoor Services in Indian Trail, N.C. | TruGreen","Lawn Care and Outdoor Services in Indian Trail, N.C. | TruGreen","https://www.trugreen.com/local-lawn-care/north-carolina/indian-trail","1","https://www.trugreen.com/local-lawn-care/north-carolina/indian-trail","1","","200","https://www.trugreen.com/local-lawn-care/north-carolina/indian-trail","","","","0","1","Meet your local experts.","0","header|footer","jsonld:1;types:WebPage;invalid:0;missing:","0","0","45","8","https://www.trugreen.com/lawn-care-101 | https://www.trugreen.com/lawn-care-101/learning-center | https://www.trugreen.com/newsroom | https://www.trugreen.com/pay-your-bill | https://www.trugreen.com/pests-products-and-services | https://www.trugreen.com/pga-tour | https://www.trugreen.com/products-and-services | https://www.trugreen.com/why-choose-trugreen/testimonials-and-ratings","","missing-main|internal-links-missing-from-sitemap|duplicate-title",""
"chromium","2026-08-31T16:07:10.145Z","prod-release-2-7-2026-08-28","1100-1408","","https://www.trugreen.com/local-lawn-care/north-carolina/indian-trail/lawn-care","https://www.trugreen.com/local-lawn-care/north-carolina/indian-trail/lawn-care","200","200:https://www.trugreen.com/local-lawn-care/north-carolina/indian-trail/lawn-care","Lawn Care and Outdoor Services in Indian Trail, N.C. | TruGreen","Lawn Care and Outdoor Services in Indian Trail, N.C. | TruGreen","https://www.trugreen.com/local-lawn-care/north-carolina/indian-trail","1","https://www.trugreen.com/local-lawn-care/north-carolina/indian-trail","1","","200","https://www.trugreen.com/local-lawn-care/north-carolina/indian-trail","","","","0","2","We put the ""care"" in ""lawn care."" | Explore our plans.","0","header|footer","jsonld:1;types:BreadcrumbList|WebPage;invalid:0;missing:jsonld_0_missing_@context|jsonld_1_missing_@context","0","0","44","8","https://www.trugreen.com/lawn-care-101 | https://www.trugreen.com/lawn-care-101/learning-center | https://www.trugreen.com/newsroom | https://www.trugreen.com/pay-your-bill | https://www.trugreen.com/pests-products-and-services | https://www.trugreen.com/pga-tour | https://www.trugreen.com/products-and-services | https://www.trugreen.com/why-choose-trugreen/testimonials-and-ratings","","multiple-h1|missing-main|internal-links-missing-from-sitemap|duplicate-title",""
"chromium","2026-08-31T16:07:10.145Z","prod-release-2-7-2026-08-28","1100-1408","","https://www.trugreen.com/local-lawn-care/north-carolina/mooresville","https://www.trugreen.com/local-lawn-care/north-carolina/mooresville","200","200:https://www.trugreen.com/local-lawn-care/north-carolina/mooresville","Lawn Care and Outdoor Services in Mooresville | TruGreen","Lawn Care and Outdoor Services in Mooresville | TruGreen","https://www.trugreen.com/local-lawn-care/north-carolina/mooresville","1","https://www.trugreen.com/local-lawn-care/north-carolina/mooresville","1","","200","https://www.trugreen.com/local-lawn-care/north-carolina/mooresville","","","","0","1","Meet your local experts.","0","header|footer","jsonld:1;types:WebPage;invalid:0;missing:","0","0","45","8","https://www.trugreen.com/lawn-care-101 | https://www.trugreen.com/lawn-care-101/learning-center | https://www.trugreen.com/newsroom | https://www.trugreen.com/pay-your-bill | https://www.trugreen.com/pests-products-and-services | https://www.trugreen.com/pga-tour | https://www.trugreen.com/products-and-services | https://www.trugreen.com/why-choose-trugreen/testimonials-and-ratings","","missing-main|internal-links-missing-from-sitemap|duplicate-title",""
"chromium","2026-08-31T16:07:10.145Z","prod-release-2-7-2026-08-28","1100-1408","","https://www.trugreen.com/local-lawn-care/north-carolina/mooresville/lawn-care","https://www.trugreen.com/local-lawn-care/north-carolina/mooresville/lawn-care","200","200:https://www.trugreen.com/local-lawn-care/north-carolina/mooresville/lawn-care","Lawn Care and Outdoor Services in Mooresville | TruGreen","Lawn Care and Outdoor Services in Mooresville | TruGreen","https://www.trugreen.com/local-lawn-care/north-carolina/mooresville","1","https://www.trugreen.com/local-lawn-care/north-carolina/mooresville","1","","200","https://www.trugreen.com/local-lawn-care/north-carolina/mooresville","","","","0","2","We put the ""care"" in ""lawn care."" | Explore our plans.","0","header|footer","jsonld:1;types:BreadcrumbList|WebPage;invalid:0;missing:jsonld_0_missing_@context|jsonld_1_missing_@context","0","0","44","8","https://www.trugreen.com/lawn-care-101 | https://www.trugreen.com/lawn-care-101/learning-center | https://www.trugreen.com/newsroom | https://www.trugreen.com/pay-your-bill | https://www.trugreen.com/pests-products-and-services | https://www.trugreen.com/pga-tour | https://www.trugreen.com/products-and-services | https://www.trugreen.com/why-choose-trugreen/testimonials-and-ratings","","multiple-h1|missing-main|internal-links-missing-from-sitemap|duplicate-title",""
"chromium","2026-08-31T16:07:10.145Z","prod-release-2-7-2026-08-28","1100-1408","","https://www.trugreen.com/local-lawn-care/north-carolina/morrisville","https://www.trugreen.com/local-lawn-care/north-carolina/morrisville","200","200:https://www.trugreen.com/local-lawn-care/north-carolina/morrisville","TruGreen Raleigh North: Lawn Care Maintenance Services in Raleigh North, NC | TruGreen","TruGreen Raleigh North: Lawn Care Maintenance Services in Raleigh North, NC | TruGreen","https://www.trugreen.com/local-lawn-care/north-carolina/morrisville","1","https://www.trugreen.com/local-lawn-care/north-carolina/morrisville","1","","200","https://www.trugreen.com/local-lawn-care/north-carolina/morrisville","","","","0","1","Meet your local experts.","0","header|footer","jsonld:1;types:WebPage;invalid:0;missing:","0","0","45","8","https://www.trugreen.com/lawn-care-101 | https://www.trugreen.com/lawn-care-101/learning-center | https://www.trugreen.com/newsroom | https://www.trugreen.com/pay-your-bill | https://www.trugreen.com/pests-products-and-services | https://www.trugreen.com/pga-tour | https://www.trugreen.com/products-and-services | https://www.trugreen.com/why-choose-trugreen/testimonials-and-ratings","","missing-main|internal-links-missing-from-sitemap|duplicate-title",""
"chromium","2026-08-31T16:07:10.145Z","prod-release-2-7-2026-08-28","1100-1408","","https://www.trugreen.com/local-lawn-care/north-carolina/morrisville/lawn-care","https://www.trugreen.com/local-lawn-care/north-carolina/morrisville/lawn-care","200","200:https://www.trugreen.com/local-lawn-care/north-carolina/morrisville/lawn-care","TruGreen Raleigh North: Lawn Care Maintenance Services in Raleigh North, NC | TruGreen","TruGreen Raleigh North: Lawn Care Maintenance Services in Raleigh North, NC | TruGreen","https://www.trugreen.com/local-lawn-care/north-carolina/morrisville","1","https://www.trugreen.com/local-lawn-care/north-carolina/morrisville","1","","200","https://www.trugreen.com/local-lawn-care/north-carolina/morrisville","","","","0","2","We put the ""care"" in ""lawn care."" | Explore our plans.","0","header|footer","jsonld:1;types:BreadcrumbList|WebPage;invalid:0;missing:jsonld_0_missing_@context|jsonld_1_missing_@context","0","0","44","8","https://www.trugreen.com/lawn-care-101 | https://www.trugreen.com/lawn-care-101/learning-center | https://www.trugreen.com/newsroom | https://www.trugreen.com/pay-your-bill | https://www.trugreen.com/pests-products-and-services | https://www.trugreen.com/pga-tour | https://www.trugreen.com/products-and-services | https://www.trugreen.com/why-choose-trugreen/testimonials-and-ratings","","multiple-h1|missing-main|internal-links-missing-from-sitemap|duplicate-title",""
"chromium","2026-08-31T16:07:10.145Z","prod-release-2-7-2026-08-28","1100-1408","","https://www.trugreen.com/local-lawn-care/north-dakota","https://www.trugreen.com/local-lawn-care/north-dakota","200","200:https://www.trugreen.com/local-lawn-care/north-dakota","TruGreen North Dakota: Local Lawn Care Service Near Me | TruGreen","TruGreen North Dakota: Local Lawn Care Service Near Me | TruGreen","https://www.trugreen.com/local-lawn-care/north-dakota","1","https://www.trugreen.com/local-lawn-care/north-dakota","1","","200","https://www.trugreen.com/local-lawn-care/north-dakota","","","","0","1","Find your local branch in North Dakota.","0","header|footer","jsonld:1;types:BreadcrumbList|CollectionPage|ItemList;invalid:0;missing:jsonld_0_missing_@context|jsonld_1_missing_@context|jsonld_2_missing_@context","0","0","43","8","https://www.trugreen.com/lawn-care-101 | https://www.trugreen.com/lawn-care-101/learning-center | https://www.trugreen.com/newsroom | https://www.trugreen.com/pay-your-bill | https://www.trugreen.com/pests-products-and-services | https://www.trugreen.com/pga-tour | https://www.trugreen.com/products-and-services | https://www.trugreen.com/why-choose-trugreen/testimonials-and-ratings","","missing-main|internal-links-missing-from-sitemap",""
"chromium","2026-08-31T16:07:10.145Z","prod-release-2-7-2026-08-28","1100-1408","","https://www.trugreen.com/local-lawn-care/north-dakota/bismarck","https://www.trugreen.com/local-lawn-care/north-dakota/bismarck","200","200:https://www.trugreen.com/local-lawn-care/north-dakota/bismarck","TruGreen Bismarck: Lawn Care Maintenance Services in Bismarck, ND | TruGreen","TruGreen Bismarck: Lawn Care Maintenance Services in Bismarck, ND | TruGreen","https://www.trugreen.com/local-lawn-care/north-dakota/bismarck","1","https://www.trugreen.com/local-lawn-care/north-dakota/bismarck","1","","200","https://www.trugreen.com/local-lawn-care/north-dakota/bismarck","","","","0","1","Meet your local experts.","0","header|footer","jsonld:1;types:WebPage;invalid:0;missing:","0","0","45","8","https://www.trugreen.com/lawn-care-101 | https://www.trugreen.com/lawn-care-101/learning-center | https://www.trugreen.com/newsroom | https://www.trugreen.com/pay-your-bill | https://www.trugreen.com/pests-products-and-services | https://www.trugreen.com/pga-tour | https://www.trugreen.com/products-and-services | https://www.trugreen.com/why-choose-trugreen/testimonials-and-ratings","","missing-main|internal-links-missing-from-sitemap|duplicate-title",""
"chromium","2026-08-31T16:07:10.145Z","prod-release-2-7-2026-08-28","1100-1408","","https://www.trugreen.com/local-lawn-care/north-dakota/bismarck/lawn-care","https://www.trugreen.com/local-lawn-care/north-dakota/bismarck/lawn-care","200","200:https://www.trugreen.com/local-lawn-care/north-dakota/bismarck/lawn-care","TruGreen Bismarck: Lawn Care Maintenance Services in Bismarck, ND | TruGreen","TruGreen Bismarck: Lawn Care Maintenance Services in Bismarck, ND | TruGreen","https://www.trugreen.com/local-lawn-care/north-dakota/bismarck","1","https://www.trugreen.com/local-lawn-care/north-dakota/bismarck","1","","200","https://www.trugreen.com/local-lawn-care/north-dakota/bismarck","","","","0","2","We put the ""care"" in ""lawn care."" | Explore our plans.","0","header|footer","jsonld:1;types:BreadcrumbList|WebPage;invalid:0;missing:jsonld_0_missing_@context|jsonld_1_missing_@context","0","0","44","8","https://www.trugreen.com/lawn-care-101 | https://www.trugreen.com/lawn-care-101/learning-center | https://www.trugreen.com/newsroom | https://www.trugreen.com/pay-your-bill | https://www.trugreen.com/pests-products-and-services | https://www.trugreen.com/pga-tour | https://www.trugreen.com/products-and-services | https://www.trugreen.com/why-choose-trugreen/testimonials-and-ratings","","multiple-h1|missing-main|internal-links-missing-from-sitemap|duplicate-title",""
"chromium","2026-08-31T16:07:10.145Z","prod-release-2-7-2026-08-28","1100-1408","","https://www.trugreen.com/local-lawn-care/north-dakota/fargo","https://www.trugreen.com/local-lawn-care/north-dakota/fargo","200","200:https://www.trugreen.com/local-lawn-care/north-dakota/fargo","TruGreen Fargo: Lawn Care Maintenance Services in Fargo, ND | TruGreen","TruGreen Fargo: Lawn Care Maintenance Services in Fargo, ND | TruGreen","https://www.trugreen.com/local-lawn-care/north-dakota/fargo","1","https://www.trugreen.com/local-lawn-care/north-dakota/fargo","1","","200","https://www.trugreen.com/local-lawn-care/north-dakota/fargo","","","","0","1","Meet your local experts.","0","header|footer","jsonld:1;types:WebPage;invalid:0;missing:","0","0","45","8","https://www.trugreen.com/lawn-care-101 | https://www.trugreen.com/lawn-care-101/learning-center | https://www.trugreen.com/newsroom | https://www.trugreen.com/pay-your-bill | https://www.trugreen.com/pests-products-and-services | https://www.trugreen.com/pga-tour | https://www.trugreen.com/products-and-services | https://www.trugreen.com/why-choose-trugreen/testimonials-and-ratings","","missing-main|internal-links-missing-from-sitemap|duplicate-title",""
"chromium","2026-08-31T16:07:10.145Z","prod-release-2-7-2026-08-28","1100-1408","","https://www.trugreen.com/local-lawn-care/north-dakota/fargo/lawn-care","https://www.trugreen.com/local-lawn-care/north-dakota/fargo/lawn-care","200","200:https://www.trugreen.com/local-lawn-care/north-dakota/fargo/lawn-care","TruGreen Fargo: Lawn Care Maintenance Services in Fargo, ND | TruGreen","TruGreen Fargo: Lawn Care Maintenance Services in Fargo, ND | TruGreen","https://www.trugreen.com/local-lawn-care/north-dakota/fargo","1","https://www.trugreen.com/local-lawn-care/north-dakota/fargo","1","","200","https://www.trugreen.com/local-lawn-care/north-dakota/fargo","","","","0","2","We put the ""care"" in ""lawn care."" | Explore our plans.","0","header|footer","jsonld:1;types:BreadcrumbList|WebPage;invalid:0;missing:jsonld_0_missing_@context|jsonld_1_missing_@context","0","0","44","8","https://www.trugreen.com/lawn-care-101 | https://www.trugreen.com/lawn-care-101/learning-center | https://www.trugreen.com/newsroom | https://www.trugreen.com/pay-your-bill | https://www.trugreen.com/pests-products-and-services | https://www.trugreen.com/pga-tour | https://www.trugreen.com/products-and-services | https://www.trugreen.com/why-choose-trugreen/testimonials-and-ratings","","multiple-h1|missing-main|internal-links-missing-from-sitemap|duplicate-title",""
"chromium","2026-08-31T16:07:10.145Z","prod-release-2-7-2026-08-28","1100-1408","","https://www.trugreen.com/local-lawn-care/ohio","https://www.trugreen.com/local-lawn-care/ohio","200","200:https://www.trugreen.com/local-lawn-care/ohio","TruGreen Ohio: Local Lawn Care Service Near Me | TruGreen","TruGreen Ohio: Local Lawn Care Service Near Me | TruGreen","https://www.trugreen.com/local-lawn-care/ohio","1","https://www.trugreen.com/local-lawn-care/ohio","1","","200","https://www.trugreen.com/local-lawn-care/ohio","","","","0","1","Find your local branch in Ohio.","0","header|footer","jsonld:1;types:BreadcrumbList|CollectionPage|ItemList;invalid:0;missing:jsonld_0_missing_@context|jsonld_1_missing_@context|jsonld_2_missing_@context","0","0","46","8","https://www.trugreen.com/lawn-care-101 | https://www.trugreen.com/lawn-care-101/learning-center | https://www.trugreen.com/newsroom | https://www.trugreen.com/pay-your-bill | https://www.trugreen.com/pests-products-and-services | https://www.trugreen.com/pga-tour | https://www.trugreen.com/products-and-services | https://www.trugreen.com/why-choose-trugreen/testimonials-and-ratings","","missing-main|internal-links-missing-from-sitemap",""
"chromium","2026-08-31T16:07:10.145Z","prod-release-2-7-2026-08-28","1100-1408","","https://www.trugreen.com/local-lawn-care/ohio/brunswick","https://www.trugreen.com/local-lawn-care/ohio/brunswick","200","200:https://www.trugreen.com/local-lawn-care/ohio/brunswick","TruGreen Brunswick: Lawn Care Maintenance Services in Brunswick, OH | TruGreen","TruGreen Brunswick: Lawn Care Maintenance Services in Brunswick, OH | TruGreen","https://www.trugreen.com/local-lawn-care/ohio/brunswick","1","https://www.trugreen.com/local-lawn-care/ohio/brunswick","1","","200","https://www.trugreen.com/local-lawn-care/ohio/brunswick","","","","0","1","Meet your local experts.","0","header|footer","jsonld:1;types:WebPage;invalid:0;missing:","0","0","45","8","https://www.trugreen.com/lawn-care-101 | https://www.trugreen.com/lawn-care-101/learning-center | https://www.trugreen.com/newsroom | https://www.trugreen.com/pay-your-bill | https://www.trugreen.com/pests-products-and-services | https://www.trugreen.com/pga-tour | https://www.trugreen.com/products-and-services | https://www.trugreen.com/why-choose-trugreen/testimonials-and-ratings","","missing-main|internal-links-missing-from-sitemap|duplicate-title",""
"chromium","2026-08-31T16:07:10.145Z","prod-release-2-7-2026-08-28","1100-1408","","https://www.trugreen.com/local-lawn-care/ohio/brunswick/lawn-care","https://www.trugreen.com/local-lawn-care/ohio/brunswick/lawn-care","200","200:https://www.trugreen.com/local-lawn-care/ohio/brunswick/lawn-care","TruGreen Brunswick: Lawn Care Maintenance Services in Brunswick, OH | TruGreen","TruGreen Brunswick: Lawn Care Maintenance Services in Brunswick, OH | TruGreen","https://www.trugreen.com/local-lawn-care/ohio/brunswick","1","https://www.trugreen.com/local-lawn-care/ohio/brunswick","1","","200","https://www.trugreen.com/local-lawn-care/ohio/brunswick","","","","0","2","We put the ""care"" in ""lawn care."" | Explore our plans.","0","header|footer","jsonld:1;types:BreadcrumbList|WebPage;invalid:0;missing:jsonld_0_missing_@context|jsonld_1_missing_@context","0","0","44","8","https://www.trugreen.com/lawn-care-101 | https://www.trugreen.com/lawn-care-101/learning-center | https://www.trugreen.com/newsroom | https://www.trugreen.com/pay-your-bill | https://www.trugreen.com/pests-products-and-services | https://www.trugreen.com/pga-tour | https://www.trugreen.com/products-and-services | https://www.trugreen.com/why-choose-trugreen/testimonials-and-ratings","","multiple-h1|missing-main|internal-links-missing-from-sitemap|duplicate-title",""
"chromium","2026-08-31T16:07:10.145Z","prod-release-2-7-2026-08-28","1100-1408","","https://www.trugreen.com/local-lawn-care/ohio/canton","https://www.trugreen.com/local-lawn-care/ohio/canton","200","200:https://www.trugreen.com/local-lawn-care/ohio/canton","TruGreen Akron/Canton: Lawn Care Maintenance Services in Akron/Canton, OH | TruGreen","TruGreen Akron/Canton: Lawn Care Maintenance Services in Akron/Canton, OH | TruGreen","https://www.trugreen.com/local-lawn-care/ohio/canton","1","https://www.trugreen.com/local-lawn-care/ohio/canton","1","","200","https://www.trugreen.com/local-lawn-care/ohio/canton","","","","0","1","Meet your local experts.","0","header|footer","jsonld:1;types:WebPage;invalid:0;missing:","0","0","45","8","https://www.trugreen.com/lawn-care-101 | https://www.trugreen.com/lawn-care-101/learning-center | https://www.trugreen.com/newsroom | https://www.trugreen.com/pay-your-bill | https://www.trugreen.com/pests-products-and-services | https://www.trugreen.com/pga-tour | https://www.trugreen.com/products-and-services | https://www.trugreen.com/why-choose-trugreen/testimonials-and-ratings","","missing-main|internal-links-missing-from-sitemap|duplicate-title",""
"chromium","2026-08-31T16:07:10.145Z","prod-release-2-7-2026-08-28","1100-1408","","https://www.trugreen.com/local-lawn-care/ohio/canton/lawn-care","https://www.trugreen.com/local-lawn-care/ohio/canton/lawn-care","200","200:https://www.trugreen.com/local-lawn-care/ohio/canton/lawn-care","TruGreen Akron/Canton: Lawn Care Maintenance Services in Akron/Canton, OH | TruGreen","TruGreen Akron/Canton: Lawn Care Maintenance Services in Akron/Canton, OH | TruGreen","https://www.trugreen.com/local-lawn-care/ohio/canton","1","https://www.trugreen.com/local-lawn-care/ohio/canton","1","","200","https://www.trugreen.com/local-lawn-care/ohio/canton","","","","0","2","We put the ""care"" in ""lawn care."" | Explore our plans.","0","header|footer","jsonld:1;types:BreadcrumbList|WebPage;invalid:0;missing:jsonld_0_missing_@context|jsonld_1_missing_@context","0","0","44","8","https://www.trugreen.com/lawn-care-101 | https://www.trugreen.com/lawn-care-101/learning-center | https://www.trugreen.com/newsroom | https://www.trugreen.com/pay-your-bill | https://www.trugreen.com/pests-products-and-services | https://www.trugreen.com/pga-tour | https://www.trugreen.com/products-and-services | https://www.trugreen.com/why-choose-trugreen/testimonials-and-ratings","","multiple-h1|missing-main|internal-links-missing-from-sitemap|duplicate-title",""
"chromium","2026-08-31T16:07:10.145Z","prod-release-2-7-2026-08-28","1100-1408","","https://www.trugreen.com/local-lawn-care/ohio/elyria","https://www.trugreen.com/local-lawn-care/ohio/elyria","200","200:https://www.trugreen.com/local-lawn-care/ohio/elyria","TruGreen Elyria: Lawn Care Maintenance Services in Elyria, OH | TruGreen","TruGreen Elyria: Lawn Care Maintenance Services in Elyria, OH | TruGreen","https://www.trugreen.com/local-lawn-care/ohio/elyria","1","https://www.trugreen.com/local-lawn-care/ohio/elyria","1","","200","https://www.trugreen.com/local-lawn-care/ohio/elyria","","","","0","1","Meet your local experts.","0","header|footer","jsonld:1;types:WebPage;invalid:0;missing:","0","0","45","8","https://www.trugreen.com/lawn-care-101 | https://www.trugreen.com/lawn-care-101/learning-center | https://www.trugreen.com/newsroom | https://www.trugreen.com/pay-your-bill | https://www.trugreen.com/pests-products-and-services | https://www.trugreen.com/pga-tour | https://www.trugreen.com/products-and-services | https://www.trugreen.com/why-choose-trugreen/testimonials-and-ratings","","missing-main|internal-links-missing-from-sitemap|duplicate-title",""
"chromium","2026-08-31T16:07:10.145Z","prod-release-2-7-2026-08-28","1100-1408","","https://www.trugreen.com/local-lawn-care/ohio/elyria/lawn-care","https://www.trugreen.com/local-lawn-care/ohio/elyria/lawn-care","200","200:https://www.trugreen.com/local-lawn-care/ohio/elyria/lawn-care","TruGreen Elyria: Lawn Care Maintenance Services in Elyria, OH | TruGreen","TruGreen Elyria: Lawn Care Maintenance Services in Elyria, OH | TruGreen","https://www.trugreen.com/local-lawn-care/ohio/elyria","1","https://www.trugreen.com/local-lawn-care/ohio/elyria","1","","200","https://www.trugreen.com/local-lawn-care/ohio/elyria","","","","0","2","We put the ""care"" in ""lawn care."" | Explore our plans.","0","header|footer","jsonld:1;types:BreadcrumbList|WebPage;invalid:0;missing:jsonld_0_missing_@context|jsonld_1_missing_@context","0","0","44","8","https://www.trugreen.com/lawn-care-101 | https://www.trugreen.com/lawn-care-101/learning-center | https://www.trugreen.com/newsroom | https://www.trugreen.com/pay-your-bill | https://www.trugreen.com/pests-products-and-services | https://www.trugreen.com/pga-tour | https://www.trugreen.com/products-and-services | https://www.trugreen.com/why-choose-trugreen/testimonials-and-ratings","","multiple-h1|missing-main|internal-links-missing-from-sitemap|duplicate-title",""
"chromium","2026-08-31T16:07:10.145Z","prod-release-2-7-2026-08-28","1100-1408","","https://www.trugreen.com/local-lawn-care/ohio/fairfield","https://www.trugreen.com/local-lawn-care/ohio/fairfield","200","200:https://www.trugreen.com/local-lawn-care/ohio/fairfield","TruGreen Cincinnati North: Lawn Care Maintenance Services in Cincinnati North, OH | TruGreen","TruGreen Cincinnati North: Lawn Care Maintenance Services in Cincinnati North, OH | TruGreen","https://www.trugreen.com/local-lawn-care/ohio/fairfield","1","https://www.trugreen.com/local-lawn-care/ohio/fairfield","1","","200","https://www.trugreen.com/local-lawn-care/ohio/fairfield","","","","0","1","Meet your local experts.","0","header|footer","jsonld:1;types:WebPage;invalid:0;missing:","0","0","45","8","https://www.trugreen.com/lawn-care-101 | https://www.trugreen.com/lawn-care-101/learning-center | https://www.trugreen.com/newsroom | https://www.trugreen.com/pay-your-bill | https://www.trugreen.com/pests-products-and-services | https://www.trugreen.com/pga-tour | https://www.trugreen.com/products-and-services | https://www.trugreen.com/why-choose-trugreen/testimonials-and-ratings","","missing-main|internal-links-missing-from-sitemap|duplicate-title",""
"chromium","2026-08-31T16:07:10.145Z","prod-release-2-7-2026-08-28","1100-1408","","https://www.trugreen.com/local-lawn-care/ohio/fairfield/lawn-care","https://www.trugreen.com/local-lawn-care/ohio/fairfield/lawn-care","200","200:https://www.trugreen.com/local-lawn-care/ohio/fairfield/lawn-care","TruGreen Cincinnati North: Lawn Care Maintenance Services in Cincinnati North, OH | TruGreen","TruGreen Cincinnati North: Lawn Care Maintenance Services in Cincinnati North, OH | TruGreen","https://www.trugreen.com/local-lawn-care/ohio/fairfield","1","https://www.trugreen.com/local-lawn-care/ohio/fairfield","1","","200","https://www.trugreen.com/local-lawn-care/ohio/fairfield","","","","0","2","We put the ""care"" in ""lawn care."" | Explore our plans.","0","header|footer","jsonld:1;types:BreadcrumbList|WebPage;invalid:0;missing:jsonld_0_missing_@context|jsonld_1_missing_@context","0","0","45","9","https://www.trugreen.com/lawn-care-101 | https://www.trugreen.com/lawn-care-101/learning-center | https://www.trugreen.com/newsroom | https://www.trugreen.com/pay-your-bill | https://www.trugreen.com/pests-products-and-services | https://www.trugreen.com/pga-tour | https://www.trugreen.com/products-and-services | https://www.trugreen.com/products-and-services/6606-trucomplete-8-svcs-aer-incl-grub | https://www.trugreen.com/why-choose-trugreen/testimonials-and-ratings","","multiple-h1|missing-main|internal-links-missing-from-sitemap|duplicate-title",""
"chromium","2026-08-31T16:07:10.145Z","prod-release-2-7-2026-08-28","1100-1408","","https://www.trugreen.com/local-lawn-care/ohio/groveport","https://www.trugreen.com/local-lawn-care/ohio/groveport","200","200:https://www.trugreen.com/local-lawn-care/ohio/groveport","TruGreen Columbus South: Lawn Care Maintenance Services in Columbus South, OH | TruGreen","TruGreen Columbus South: Lawn Care Maintenance Services in Columbus South, OH | TruGreen","https://www.trugreen.com/local-lawn-care/ohio/groveport","1","https://www.trugreen.com/local-lawn-care/ohio/groveport","1","","200","https://www.trugreen.com/local-lawn-care/ohio/groveport","","","","0","1","Meet your local experts.","0","header|footer","jsonld:1;types:WebPage;invalid:0;missing:","0","0","45","8","https://www.trugreen.com/lawn-care-101 | https://www.trugreen.com/lawn-care-101/learning-center | https://www.trugreen.com/newsroom | https://www.trugreen.com/pay-your-bill | https://www.trugreen.com/pests-products-and-services | https://www.trugreen.com/pga-tour | https://www.trugreen.com/products-and-services | https://www.trugreen.com/why-choose-trugreen/testimonials-and-ratings","","missing-main|internal-links-missing-from-sitemap|duplicate-title",""
"chromium","2026-08-31T16:07:10.145Z","prod-release-2-7-2026-08-28","1100-1408","","https://www.trugreen.com/local-lawn-care/ohio/groveport/lawn-care","https://www.trugreen.com/local-lawn-care/ohio/groveport/lawn-care","200","200:https://www.trugreen.com/local-lawn-care/ohio/groveport/lawn-care","TruGreen Columbus South: Lawn Care Maintenance Services in Columbus South, OH | TruGreen","TruGreen Columbus South: Lawn Care Maintenance Services in Columbus South, OH | TruGreen","https://www.trugreen.com/local-lawn-care/ohio/groveport","1","https://www.trugreen.com/local-lawn-care/ohio/groveport","1","","200","https://www.trugreen.com/local-lawn-care/ohio/groveport","","","","0","2","We put the ""care"" in ""lawn care."" | Explore our plans.","0","header|footer","jsonld:1;types:BreadcrumbList|WebPage;invalid:0;missing:jsonld_0_missing_@context|jsonld_1_missing_@context","0","0","44","8","https://www.trugreen.com/lawn-care-101 | https://www.trugreen.com/lawn-care-101/learning-center | https://www.trugreen.com/newsroom | https://www.trugreen.com/pay-your-bill | https://www.trugreen.com/pests-products-and-services | https://www.trugreen.com/pga-tour | https://www.trugreen.com/products-and-services | https://www.trugreen.com/why-choose-trugreen/testimonials-and-ratings","","multiple-h1|missing-main|internal-links-missing-from-sitemap|duplicate-title",""
"chromium","2026-08-31T16:07:10.145Z","prod-release-2-7-2026-08-28","1100-1408","","https://www.trugreen.com/local-lawn-care/ohio/hilliard","https://www.trugreen.com/local-lawn-care/ohio/hilliard","200","200:https://www.trugreen.com/local-lawn-care/ohio/hilliard","TruGreen Columbus West: Lawn Care Maintenance Services in Columbus West, OH | TruGreen","TruGreen Columbus West: Lawn Care Maintenance Services in Columbus West, OH | TruGreen","https://www.trugreen.com/local-lawn-care/ohio/hilliard","1","https://www.trugreen.com/local-lawn-care/ohio/hilliard","1","","200","https://www.trugreen.com/local-lawn-care/ohio/hilliard","","","","0","1","Meet your local experts.","0","header|footer","jsonld:1;types:WebPage;invalid:0;missing:","0","0","45","8","https://www.trugreen.com/lawn-care-101 | https://www.trugreen.com/lawn-care-101/learning-center | https://www.trugreen.com/newsroom | https://www.trugreen.com/pay-your-bill | https://www.trugreen.com/pests-products-and-services | https://www.trugreen.com/pga-tour | https://www.trugreen.com/products-and-services | https://www.trugreen.com/why-choose-trugreen/testimonials-and-ratings","","missing-main|internal-links-missing-from-sitemap|duplicate-title",""
"chromium","2026-08-31T16:07:10.145Z","prod-release-2-7-2026-08-28","1100-1408","","https://www.trugreen.com/local-lawn-care/ohio/hilliard/lawn-care","https://www.trugreen.com/local-lawn-care/ohio/hilliard/lawn-care","200","200:https://www.trugreen.com/local-lawn-care/ohio/hilliard/lawn-care","TruGreen Columbus West: Lawn Care Maintenance Services in Columbus West, OH | TruGreen","TruGreen Columbus West: Lawn Care Maintenance Services in Columbus West, OH | TruGreen","https://www.trugreen.com/local-lawn-care/ohio/hilliard","1","https://www.trugreen.com/local-lawn-care/ohio/hilliard","1","","200","https://www.trugreen.com/local-lawn-care/ohio/hilliard","","","","0","2","We put the ""care"" in ""lawn care."" | Explore our plans.","0","header|footer","jsonld:1;types:BreadcrumbList|WebPage;invalid:0;missing:jsonld_0_missing_@context|jsonld_1_missing_@context","0","0","44","8","https://www.trugreen.com/lawn-care-101 | https://www.trugreen.com/lawn-care-101/learning-center | https://www.trugreen.com/newsroom | https://www.trugreen.com/pay-your-bill | https://www.trugreen.com/pests-products-and-services | https://www.trugreen.com/pga-tour | https://www.trugreen.com/products-and-services | https://www.trugreen.com/why-choose-trugreen/testimonials-and-ratings","","multiple-h1|missing-main|internal-links-missing-from-sitemap|duplicate-title",""
"chromium","2026-08-31T16:07:10.145Z","prod-release-2-7-2026-08-28","1100-1408","","https://www.trugreen.com/local-lawn-care/ohio/lewis-center","https://www.trugreen.com/local-lawn-care/ohio/lewis-center","200","200:https://www.trugreen.com/local-lawn-care/ohio/lewis-center","TruGreen Columbus North: Lawn Care Maintenance Services in Columbus North, OH | TruGreen","TruGreen Columbus North: Lawn Care Maintenance Services in Columbus North, OH | TruGreen","https://www.trugreen.com/local-lawn-care/ohio/lewis-center","1","https://www.trugreen.com/local-lawn-care/ohio/lewis-center","1","","200","https://www.trugreen.com/local-lawn-care/ohio/lewis-center","","","","0","1","Meet your local experts.","0","header|footer","jsonld:1;types:WebPage;invalid:0;missing:","0","0","45","8","https://www.trugreen.com/lawn-care-101 | https://www.trugreen.com/lawn-care-101/learning-center | https://www.trugreen.com/newsroom | https://www.trugreen.com/pay-your-bill | https://www.trugreen.com/pests-products-and-services | https://www.trugreen.com/pga-tour | https://www.trugreen.com/products-and-services | https://www.trugreen.com/why-choose-trugreen/testimonials-and-ratings","","missing-main|internal-links-missing-from-sitemap|duplicate-title",""
"chromium","2026-08-31T16:07:10.145Z","prod-release-2-7-2026-08-28","1100-1408","","https://www.trugreen.com/local-lawn-care/ohio/lewis-center/lawn-care","https://www.trugreen.com/local-lawn-care/ohio/lewis-center/lawn-care","200","200:https://www.trugreen.com/local-lawn-care/ohio/lewis-center/lawn-care","TruGreen Columbus North: Lawn Care Maintenance Services in Columbus North, OH | TruGreen","TruGreen Columbus North: Lawn Care Maintenance Services in Columbus North, OH | TruGreen","https://www.trugreen.com/local-lawn-care/ohio/lewis-center","1","https://www.trugreen.com/local-lawn-care/ohio/lewis-center","1","","200","https://www.trugreen.com/local-lawn-care/ohio/lewis-center","","","","0","2","We put the ""care"" in ""lawn care."" | Explore our plans.","0","header|footer","jsonld:1;types:BreadcrumbList|WebPage;invalid:0;missing:jsonld_0_missing_@context|jsonld_1_missing_@context","0","0","44","8","https://www.trugreen.com/lawn-care-101 | https://www.trugreen.com/lawn-care-101/learning-center | https://www.trugreen.com/newsroom | https://www.trugreen.com/pay-your-bill | https://www.trugreen.com/pests-products-and-services | https://www.trugreen.com/pga-tour | https://www.trugreen.com/products-and-services | https://www.trugreen.com/why-choose-trugreen/testimonials-and-ratings","","multiple-h1|missing-main|internal-links-missing-from-sitemap|duplicate-title",""
"chromium","2026-08-31T16:07:10.145Z","prod-release-2-7-2026-08-28","1100-1408","","https://www.trugreen.com/local-lawn-care/ohio/lexington","https://www.trugreen.com/local-lawn-care/ohio/lexington","200","200:https://www.trugreen.com/local-lawn-care/ohio/lexington","TruGreen Mansfield: Lawn Care Maintenance Services in Mansfield, OH | TruGreen","TruGreen Mansfield: Lawn Care Maintenance Services in Mansfield, OH | TruGreen","https://www.trugreen.com/local-lawn-care/ohio/lexington","1","https://www.trugreen.com/local-lawn-care/ohio/lexington","1","","200","https://www.trugreen.com/local-lawn-care/ohio/lexington","","","","0","1","Meet your local experts.","0","header|footer","jsonld:1;types:WebPage;invalid:0;missing:","0","0","45","8","https://www.trugreen.com/lawn-care-101 | https://www.trugreen.com/lawn-care-101/learning-center | https://www.trugreen.com/newsroom | https://www.trugreen.com/pay-your-bill | https://www.trugreen.com/pests-products-and-services | https://www.trugreen.com/pga-tour | https://www.trugreen.com/products-and-services | https://www.trugreen.com/why-choose-trugreen/testimonials-and-ratings","","missing-main|internal-links-missing-from-sitemap|duplicate-title",""
"chromium","2026-08-31T16:07:10.145Z","prod-release-2-7-2026-08-28","1100-1408","","https://www.trugreen.com/local-lawn-care/ohio/lexington/lawn-care","https://www.trugreen.com/local-lawn-care/ohio/lexington/lawn-care","200","200:https://www.trugreen.com/local-lawn-care/ohio/lexington/lawn-care","TruGreen Mansfield: Lawn Care Maintenance Services in Mansfield, OH | TruGreen","TruGreen Mansfield: Lawn Care Maintenance Services in Mansfield, OH | TruGreen","https://www.trugreen.com/local-lawn-care/ohio/lexington","1","https://www.trugreen.com/local-lawn-care/ohio/lexington","1","","200","https://www.trugreen.com/local-lawn-care/ohio/lexington","","","","0","2","We put the ""care"" in ""lawn care."" | Explore our plans.","0","header|footer","jsonld:1;types:BreadcrumbList|WebPage;invalid:0;missing:jsonld_0_missing_@context|jsonld_1_missing_@context","0","0","44","8","https://www.trugreen.com/lawn-care-101 | https://www.trugreen.com/lawn-care-101/learning-center | https://www.trugreen.com/newsroom | https://www.trugreen.com/pay-your-bill | https://www.trugreen.com/pests-products-and-services | https://www.trugreen.com/pga-tour | https://www.trugreen.com/products-and-services | https://www.trugreen.com/why-choose-trugreen/testimonials-and-ratings","","multiple-h1|missing-main|internal-links-missing-from-sitemap|duplicate-title",""
"chromium","2026-08-31T16:07:10.145Z","prod-release-2-7-2026-08-28","1100-1408","","https://www.trugreen.com/local-lawn-care/ohio/lima","https://www.trugreen.com/local-lawn-care/ohio/lima","200","200:https://www.trugreen.com/local-lawn-care/ohio/lima","TruGreen Lima/Findlay: Lawn Care Maintenance Services in Lima/Findlay, OH | TruGreen","TruGreen Lima/Findlay: Lawn Care Maintenance Services in Lima/Findlay, OH | TruGreen","https://www.trugreen.com/local-lawn-care/ohio/lima","1","https://www.trugreen.com/local-lawn-care/ohio/lima","1","","200","https://www.trugreen.com/local-lawn-care/ohio/lima","","","","0","1","Meet your local experts.","0","header|footer","jsonld:1;types:WebPage;invalid:0;missing:","0","0","45","8","https://www.trugreen.com/lawn-care-101 | https://www.trugreen.com/lawn-care-101/learning-center | https://www.trugreen.com/newsroom | https://www.trugreen.com/pay-your-bill | https://www.trugreen.com/pests-products-and-services | https://www.trugreen.com/pga-tour | https://www.trugreen.com/products-and-services | https://www.trugreen.com/why-choose-trugreen/testimonials-and-ratings","","missing-main|internal-links-missing-from-sitemap|duplicate-title",""
"chromium","2026-08-31T16:07:10.145Z","prod-release-2-7-2026-08-28","1100-1408","","https://www.trugreen.com/local-lawn-care/ohio/lima/lawn-care","https://www.trugreen.com/local-lawn-care/ohio/lima/lawn-care","200","200:https://www.trugreen.com/local-lawn-care/ohio/lima/lawn-care","TruGreen Lima/Findlay: Lawn Care Maintenance Services in Lima/Findlay, OH | TruGreen","TruGreen Lima/Findlay: Lawn Care Maintenance Services in Lima/Findlay, OH | TruGreen","https://www.trugreen.com/local-lawn-care/ohio/lima","1","https://www.trugreen.com/local-lawn-care/ohio/lima","1","","200","https://www.trugreen.com/local-lawn-care/ohio/lima","","","","0","2","We put the ""care"" in ""lawn care."" | Explore our plans.","0","header|footer","jsonld:1;types:BreadcrumbList|WebPage;invalid:0;missing:jsonld_0_missing_@context|jsonld_1_missing_@context","0","0","44","8","https://www.trugreen.com/lawn-care-101 | https://www.trugreen.com/lawn-care-101/learning-center | https://www.trugreen.com/newsroom | https://www.trugreen.com/pay-your-bill | https://www.trugreen.com/pests-products-and-services | https://www.trugreen.com/pga-tour | https://www.trugreen.com/products-and-services | https://www.trugreen.com/why-choose-trugreen/testimonials-and-ratings","","multiple-h1|missing-main|internal-links-missing-from-sitemap|duplicate-title",""
"chromium","2026-08-31T16:07:10.145Z","prod-release-2-7-2026-08-28","1100-1408","","https://www.trugreen.com/local-lawn-care/ohio/mentor","https://www.trugreen.com/local-lawn-care/ohio/mentor","200","200:https://www.trugreen.com/local-lawn-care/ohio/mentor","TruGreen Willoughby: Lawn Care Maintenance Services in Willoughby, OH | TruGreen","TruGreen Willoughby: Lawn Care Maintenance Services in Willoughby, OH | TruGreen","https://www.trugreen.com/local-lawn-care/ohio/mentor","1","https://www.trugreen.com/local-lawn-care/ohio/mentor","1","","200","https://www.trugreen.com/local-lawn-care/ohio/mentor","","","","0","1","Meet your local experts.","0","header|footer","jsonld:1;types:WebPage;invalid:0;missing:","0","0","45","8","https://www.trugreen.com/lawn-care-101 | https://www.trugreen.com/lawn-care-101/learning-center | https://www.trugreen.com/newsroom | https://www.trugreen.com/pay-your-bill | https://www.trugreen.com/pests-products-and-services | https://www.trugreen.com/pga-tour | https://www.trugreen.com/products-and-services | https://www.trugreen.com/why-choose-trugreen/testimonials-and-ratings","","missing-main|internal-links-missing-from-sitemap|duplicate-title",""
"chromium","2026-08-31T16:07:10.145Z","prod-release-2-7-2026-08-28","1100-1408","","https://www.trugreen.com/local-lawn-care/ohio/mentor/lawn-care","https://www.trugreen.com/local-lawn-care/ohio/mentor/lawn-care","200","200:https://www.trugreen.com/local-lawn-care/ohio/mentor/lawn-care","TruGreen Willoughby: Lawn Care Maintenance Services in Willoughby, OH | TruGreen","TruGreen Willoughby: Lawn Care Maintenance Services in Willoughby, OH | TruGreen","https://www.trugreen.com/local-lawn-care/ohio/mentor","1","https://www.trugreen.com/local-lawn-care/ohio/mentor","1","","200","https://www.trugreen.com/local-lawn-care/ohio/mentor","","","","0","2","We put the ""care"" in ""lawn care."" | Explore our plans.","0","header|footer","jsonld:1;types:BreadcrumbList|WebPage;invalid:0;missing:jsonld_0_missing_@context|jsonld_1_missing_@context","0","0","44","8","https://www.trugreen.com/lawn-care-101 | https://www.trugreen.com/lawn-care-101/learning-center | https://www.trugreen.com/newsroom | https://www.trugreen.com/pay-your-bill | https://www.trugreen.com/pests-products-and-services | https://www.trugreen.com/pga-tour | https://www.trugreen.com/products-and-services | https://www.trugreen.com/why-choose-trugreen/testimonials-and-ratings","","multiple-h1|missing-main|internal-links-missing-from-sitemap|duplicate-title",""
"chromium","2026-08-31T16:07:10.145Z","prod-release-2-7-2026-08-28","1100-1408","","https://www.trugreen.com/local-lawn-care/ohio/perrysburg","https://www.trugreen.com/local-lawn-care/ohio/perrysburg","200","200:https://www.trugreen.com/local-lawn-care/ohio/perrysburg","TruGreen Toledo: Lawn Care Maintenance Services in Toledo, OH | TruGreen","TruGreen Toledo: Lawn Care Maintenance Services in Toledo, OH | TruGreen","https://www.trugreen.com/local-lawn-care/ohio/perrysburg","1","https://www.trugreen.com/local-lawn-care/ohio/perrysburg","1","","200","https://www.trugreen.com/local-lawn-care/ohio/perrysburg","","","","0","1","Meet your local experts.","0","header|footer","jsonld:1;types:WebPage;invalid:0;missing:","0","0","45","8","https://www.trugreen.com/lawn-care-101 | https://www.trugreen.com/lawn-care-101/learning-center | https://www.trugreen.com/newsroom | https://www.trugreen.com/pay-your-bill | https://www.trugreen.com/pests-products-and-services | https://www.trugreen.com/pga-tour | https://www.trugreen.com/products-and-services | https://www.trugreen.com/why-choose-trugreen/testimonials-and-ratings","","missing-main|internal-links-missing-from-sitemap|duplicate-title",""
"chromium","2026-08-31T16:07:10.145Z","prod-release-2-7-2026-08-28","1100-1408","","https://www.trugreen.com/local-lawn-care/ohio/perrysburg/lawn-care","https://www.trugreen.com/local-lawn-care/ohio/perrysburg/lawn-care","200","200:https://www.trugreen.com/local-lawn-care/ohio/perrysburg/lawn-care","TruGreen Toledo: Lawn Care Maintenance Services in Toledo, OH | TruGreen","TruGreen Toledo: Lawn Care Maintenance Services in Toledo, OH | TruGreen","https://www.trugreen.com/local-lawn-care/ohio/perrysburg","1","https://www.trugreen.com/local-lawn-care/ohio/perrysburg","1","","200","https://www.trugreen.com/local-lawn-care/ohio/perrysburg","","","","0","2","We put the ""care"" in ""lawn care."" | Explore our plans.","0","header|footer","jsonld:1;types:BreadcrumbList|WebPage;invalid:0;missing:jsonld_0_missing_@context|jsonld_1_missing_@context","0","0","44","8","https://www.trugreen.com/lawn-care-101 | https://www.trugreen.com/lawn-care-101/learning-center | https://www.trugreen.com/newsroom | https://www.trugreen.com/pay-your-bill | https://www.trugreen.com/pests-products-and-services | https://www.trugreen.com/pga-tour | https://www.trugreen.com/products-and-services | https://www.trugreen.com/why-choose-trugreen/testimonials-and-ratings","","multiple-h1|missing-main|internal-links-missing-from-sitemap|duplicate-title",""
"chromium","2026-08-31T16:07:10.145Z","prod-release-2-7-2026-08-28","1100-1408","","https://www.trugreen.com/local-lawn-care/ohio/springboro","https://www.trugreen.com/local-lawn-care/ohio/springboro","200","200:https://www.trugreen.com/local-lawn-care/ohio/springboro","TruGreen Dayton South: Lawn Care Maintenance Services in Dayton South, OH | TruGreen","TruGreen Dayton South: Lawn Care Maintenance Services in Dayton South, OH | TruGreen","https://www.trugreen.com/local-lawn-care/ohio/springboro","1","https://www.trugreen.com/local-lawn-care/ohio/springboro","1","","200","https://www.trugreen.com/local-lawn-care/ohio/springboro","","","","0","1","Meet your local experts.","0","header|footer","jsonld:1;types:WebPage;invalid:0;missing:","0","0","45","8","https://www.trugreen.com/lawn-care-101 | https://www.trugreen.com/lawn-care-101/learning-center | https://www.trugreen.com/newsroom | https://www.trugreen.com/pay-your-bill | https://www.trugreen.com/pests-products-and-services | https://www.trugreen.com/pga-tour | https://www.trugreen.com/products-and-services | https://www.trugreen.com/why-choose-trugreen/testimonials-and-ratings","","missing-main|internal-links-missing-from-sitemap|duplicate-title",""
"chromium","2026-08-31T16:07:10.145Z","prod-release-2-7-2026-08-28","1100-1408","","https://www.trugreen.com/local-lawn-care/ohio/springboro/lawn-care","https://www.trugreen.com/local-lawn-care/ohio/springboro/lawn-care","200","200:https://www.trugreen.com/local-lawn-care/ohio/springboro/lawn-care","TruGreen Dayton South: Lawn Care Maintenance Services in Dayton South, OH | TruGreen","TruGreen Dayton South: Lawn Care Maintenance Services in Dayton South, OH | TruGreen","https://www.trugreen.com/local-lawn-care/ohio/springboro","1","https://www.trugreen.com/local-lawn-care/ohio/springboro","1","","200","https://www.trugreen.com/local-lawn-care/ohio/springboro","","","","0","2","We put the ""care"" in ""lawn care."" | Explore our plans.","0","header|footer","jsonld:1;types:BreadcrumbList|WebPage;invalid:0;missing:jsonld_0_missing_@context|jsonld_1_missing_@context","0","0","44","8","https://www.trugreen.com/lawn-care-101 | https://www.trugreen.com/lawn-care-101/learning-center | https://www.trugreen.com/newsroom | https://www.trugreen.com/pay-your-bill | https://www.trugreen.com/pests-products-and-services | https://www.trugreen.com/pga-tour | https://www.trugreen.com/products-and-services | https://www.trugreen.com/why-choose-trugreen/testimonials-and-ratings","","multiple-h1|missing-main|internal-links-missing-from-sitemap|duplicate-title",""
"chromium","2026-08-31T16:07:10.145Z","prod-release-2-7-2026-08-28","1100-1408","","https://www.trugreen.com/local-lawn-care/ohio/vandalia","https://www.trugreen.com/local-lawn-care/ohio/vandalia","200","200:https://www.trugreen.com/local-lawn-care/ohio/vandalia","TruGreen Dayton North: Lawn Care Maintenance Services in Dayton North, OH | TruGreen","TruGreen Dayton North: Lawn Care Maintenance Services in Dayton North, OH | TruGreen","https://www.trugreen.com/local-lawn-care/ohio/vandalia","1","https://www.trugreen.com/local-lawn-care/ohio/vandalia","1","","200","https://www.trugreen.com/local-lawn-care/ohio/vandalia","","","","0","1","Meet your local experts.","0","header|footer","jsonld:1;types:WebPage;invalid:0;missing:","0","0","45","8","https://www.trugreen.com/lawn-care-101 | https://www.trugreen.com/lawn-care-101/learning-center | https://www.trugreen.com/newsroom | https://www.trugreen.com/pay-your-bill | https://www.trugreen.com/pests-products-and-services | https://www.trugreen.com/pga-tour | https://www.trugreen.com/products-and-services | https://www.trugreen.com/why-choose-trugreen/testimonials-and-ratings","","missing-main|internal-links-missing-from-sitemap|duplicate-title",""
"chromium","2026-08-31T16:07:10.145Z","prod-release-2-7-2026-08-28","1100-1408","","https://www.trugreen.com/local-lawn-care/ohio/vandalia/lawn-care","https://www.trugreen.com/local-lawn-care/ohio/vandalia/lawn-care","200","200:https://www.trugreen.com/local-lawn-care/ohio/vandalia/lawn-care","TruGreen Dayton North: Lawn Care Maintenance Services in Dayton North, OH | TruGreen","TruGreen Dayton North: Lawn Care Maintenance Services in Dayton North, OH | TruGreen","https://www.trugreen.com/local-lawn-care/ohio/vandalia","1","https://www.trugreen.com/local-lawn-care/ohio/vandalia","1","","200","https://www.trugreen.com/local-lawn-care/ohio/vandalia","","","","0","2","We put the ""care"" in ""lawn care."" | Explore our plans.","0","header|footer","jsonld:1;types:BreadcrumbList|WebPage;invalid:0;missing:jsonld_0_missing_@context|jsonld_1_missing_@context","0","0","44","8","https://www.trugreen.com/lawn-care-101 | https://www.trugreen.com/lawn-care-101/learning-center | https://www.trugreen.com/newsroom | https://www.trugreen.com/pay-your-bill | https://www.trugreen.com/pests-products-and-services | https://www.trugreen.com/pga-tour | https://www.trugreen.com/products-and-services | https://www.trugreen.com/why-choose-trugreen/testimonials-and-ratings","","multiple-h1|missing-main|internal-links-missing-from-sitemap|duplicate-title",""
"chromium","2026-08-31T16:07:10.145Z","prod-release-2-7-2026-08-28","1100-1408","","https://www.trugreen.com/local-lawn-care/ohio/walton-hills","https://www.trugreen.com/local-lawn-care/ohio/walton-hills","200","200:https://www.trugreen.com/local-lawn-care/ohio/walton-hills","TruGreen Walton Hills: Lawn Care Maintenance Services in Walton Hills, OH | TruGreen","TruGreen Walton Hills: Lawn Care Maintenance Services in Walton Hills, OH | TruGreen","https://www.trugreen.com/local-lawn-care/ohio/walton-hills","1","https://www.trugreen.com/local-lawn-care/ohio/walton-hills","1","","200","https://www.trugreen.com/local-lawn-care/ohio/walton-hills","","","","0","1","Meet your local experts.","0","header|footer","jsonld:1;types:WebPage;invalid:0;missing:","0","0","45","8","https://www.trugreen.com/lawn-care-101 | https://www.trugreen.com/lawn-care-101/learning-center | https://www.trugreen.com/newsroom | https://www.trugreen.com/pay-your-bill | https://www.trugreen.com/pests-products-and-services | https://www.trugreen.com/pga-tour | https://www.trugreen.com/products-and-services | https://www.trugreen.com/why-choose-trugreen/testimonials-and-ratings","","missing-main|internal-links-missing-from-sitemap|duplicate-title",""
"chromium","2026-08-31T16:07:10.145Z","prod-release-2-7-2026-08-28","1100-1408","","https://www.trugreen.com/local-lawn-care/ohio/walton-hills/lawn-care","https://www.trugreen.com/local-lawn-care/ohio/walton-hills/lawn-care","200","200:https://www.trugreen.com/local-lawn-care/ohio/walton-hills/lawn-care","TruGreen Walton Hills: Lawn Care Maintenance Services in Walton Hills, OH | TruGreen","TruGreen Walton Hills: Lawn Care Maintenance Services in Walton Hills, OH | TruGreen","https://www.trugreen.com/local-lawn-care/ohio/walton-hills","1","https://www.trugreen.com/local-lawn-care/ohio/walton-hills","1","","200","https://www.trugreen.com/local-lawn-care/ohio/walton-hills","","","","0","2","We put the ""care"" in ""lawn care."" | Explore our plans.","0","header|footer","jsonld:1;types:BreadcrumbList|WebPage;invalid:0;missing:jsonld_0_missing_@context|jsonld_1_missing_@context","0","0","44","8","https://www.trugreen.com/lawn-care-101 | https://www.trugreen.com/lawn-care-101/learning-center | https://www.trugreen.com/newsroom | https://www.trugreen.com/pay-your-bill | https://www.trugreen.com/pests-products-and-services | https://www.trugreen.com/pga-tour | https://www.trugreen.com/products-and-services | https://www.trugreen.com/why-choose-trugreen/testimonials-and-ratings","","multiple-h1|missing-main|internal-links-missing-from-sitemap|duplicate-title",""
"chromium","2026-08-31T16:07:10.145Z","prod-release-2-7-2026-08-28","1100-1408","","https://www.trugreen.com/local-lawn-care/ohio/youngstown","https://www.trugreen.com/local-lawn-care/ohio/youngstown","200","200:https://www.trugreen.com/local-lawn-care/ohio/youngstown","TruGreen Youngstown: Lawn Care Maintenance Services in Youngstown, OH | TruGreen","TruGreen Youngstown: Lawn Care Maintenance Services in Youngstown, OH | TruGreen","https://www.trugreen.com/local-lawn-care/ohio/youngstown","1","https://www.trugreen.com/local-lawn-care/ohio/youngstown","1","","200","https://www.trugreen.com/local-lawn-care/ohio/youngstown","","","","0","1","Meet your local experts.","0","header|footer","jsonld:1;types:WebPage;invalid:0;missing:","0","0","45","8","https://www.trugreen.com/lawn-care-101 | https://www.trugreen.com/lawn-care-101/learning-center | https://www.trugreen.com/newsroom | https://www.trugreen.com/pay-your-bill | https://www.trugreen.com/pests-products-and-services | https://www.trugreen.com/pga-tour | https://www.trugreen.com/products-and-services | https://www.trugreen.com/why-choose-trugreen/testimonials-and-ratings","","missing-main|internal-links-missing-from-sitemap|duplicate-title",""
"chromium","2026-08-31T16:07:10.145Z","prod-release-2-7-2026-08-28","1100-1408","","https://www.trugreen.com/local-lawn-care/ohio/youngstown/lawn-care","https://www.trugreen.com/local-lawn-care/ohio/youngstown/lawn-care","200","200:https://www.trugreen.com/local-lawn-care/ohio/youngstown/lawn-care","TruGreen Youngstown: Lawn Care Maintenance Services in Youngstown, OH | TruGreen","TruGreen Youngstown: Lawn Care Maintenance Services in Youngstown, OH | TruGreen","https://www.trugreen.com/local-lawn-care/ohio/youngstown","1","https://www.trugreen.com/local-lawn-care/ohio/youngstown","1","","200","https://www.trugreen.com/local-lawn-care/ohio/youngstown","","","","0","2","We put the ""care"" in ""lawn care."" | Explore our plans.","0","header|footer","jsonld:1;types:BreadcrumbList|WebPage;invalid:0;missing:jsonld_0_missing_@context|jsonld_1_missing_@context","0","0","44","8","https://www.trugreen.com/lawn-care-101 | https://www.trugreen.com/lawn-care-101/learning-center | https://www.trugreen.com/newsroom | https://www.trugreen.com/pay-your-bill | https://www.trugreen.com/pests-products-and-services | https://www.trugreen.com/pga-tour | https://www.trugreen.com/products-and-services | https://www.trugreen.com/why-choose-trugreen/testimonials-and-ratings","","multiple-h1|missing-main|internal-links-missing-from-sitemap|duplicate-title",""
"chromium","2026-08-31T16:07:10.145Z","prod-release-2-7-2026-08-28","1100-1408","","https://www.trugreen.com/local-lawn-care/oklahoma","https://www.trugreen.com/local-lawn-care/oklahoma","200","200:https://www.trugreen.com/local-lawn-care/oklahoma","TruGreen Oklahoma: Local Lawn Care Service Near Me | TruGreen","TruGreen Oklahoma: Local Lawn Care Service Near Me | TruGreen","https://www.trugreen.com/local-lawn-care/oklahoma","1","https://www.trugreen.com/local-lawn-care/oklahoma","1","","200","https://www.trugreen.com/local-lawn-care/oklahoma","","","","0","1","Find your local branch in Oklahoma.","0","header|footer","jsonld:1;types:BreadcrumbList|CollectionPage|ItemList;invalid:0;missing:jsonld_0_missing_@context|jsonld_1_missing_@context|jsonld_2_missing_@context","0","0","44","8","https://www.trugreen.com/lawn-care-101 | https://www.trugreen.com/lawn-care-101/learning-center | https://www.trugreen.com/newsroom | https://www.trugreen.com/pay-your-bill | https://www.trugreen.com/pests-products-and-services | https://www.trugreen.com/pga-tour | https://www.trugreen.com/products-and-services | https://www.trugreen.com/why-choose-trugreen/testimonials-and-ratings","","missing-main|internal-links-missing-from-sitemap",""
"chromium","2026-08-31T16:07:10.145Z","prod-release-2-7-2026-08-28","1100-1408","","https://www.trugreen.com/local-lawn-care/oklahoma/broken-arrow","https://www.trugreen.com/local-lawn-care/oklahoma/broken-arrow","200","200:https://www.trugreen.com/local-lawn-care/oklahoma/broken-arrow","TruGreen Tulsa: Lawn Care Maintenance Services in Tulsa, OK | TruGreen","TruGreen Tulsa: Lawn Care Maintenance Services in Tulsa, OK | TruGreen","https://www.trugreen.com/local-lawn-care/oklahoma/broken-arrow","1","https://www.trugreen.com/local-lawn-care/oklahoma/broken-arrow","1","","200","https://www.trugreen.com/local-lawn-care/oklahoma/broken-arrow","","","","0","1","Meet your local experts.","0","header|footer","jsonld:1;types:WebPage;invalid:0;missing:","0","0","45","8","https://www.trugreen.com/lawn-care-101 | https://www.trugreen.com/lawn-care-101/learning-center | https://www.trugreen.com/newsroom | https://www.trugreen.com/pay-your-bill | https://www.trugreen.com/pests-products-and-services | https://www.trugreen.com/pga-tour | https://www.trugreen.com/products-and-services | https://www.trugreen.com/why-choose-trugreen/testimonials-and-ratings","","missing-main|internal-links-missing-from-sitemap|duplicate-title",""
"chromium","2026-08-31T16:07:10.145Z","prod-release-2-7-2026-08-28","1100-1408","","https://www.trugreen.com/local-lawn-care/oklahoma/broken-arrow/lawn-care","https://www.trugreen.com/local-lawn-care/oklahoma/broken-arrow/lawn-care","200","200:https://www.trugreen.com/local-lawn-care/oklahoma/broken-arrow/lawn-care","TruGreen Tulsa: Lawn Care Maintenance Services in Tulsa, OK | TruGreen","TruGreen Tulsa: Lawn Care Maintenance Services in Tulsa, OK | TruGreen","https://www.trugreen.com/local-lawn-care/oklahoma/broken-arrow","1","https://www.trugreen.com/local-lawn-care/oklahoma/broken-arrow","1","","200","https://www.trugreen.com/local-lawn-care/oklahoma/broken-arrow","","","","0","2","We put the ""care"" in ""lawn care."" | Explore our plans.","0","header|footer","jsonld:1;types:BreadcrumbList|WebPage;invalid:0;missing:jsonld_0_missing_@context|jsonld_1_missing_@context","0","0","44","8","https://www.trugreen.com/lawn-care-101 | https://www.trugreen.com/lawn-care-101/learning-center | https://www.trugreen.com/newsroom | https://www.trugreen.com/pay-your-bill | https://www.trugreen.com/pests-products-and-services | https://www.trugreen.com/pga-tour | https://www.trugreen.com/products-and-services | https://www.trugreen.com/why-choose-trugreen/testimonials-and-ratings","","multiple-h1|missing-main|internal-links-missing-from-sitemap|duplicate-title",""
"chromium","2026-08-31T16:07:10.145Z","prod-release-2-7-2026-08-28","1100-1408","","https://www.trugreen.com/local-lawn-care/oklahoma/lawton","https://www.trugreen.com/local-lawn-care/oklahoma/lawton","200","200:https://www.trugreen.com/local-lawn-care/oklahoma/lawton","TruGreen Lawton: Lawn Care Maintenance Services in Lawton, OK | TruGreen","TruGreen Lawton: Lawn Care Maintenance Services in Lawton, OK | TruGreen","https://www.trugreen.com/local-lawn-care/oklahoma/lawton","1","https://www.trugreen.com/local-lawn-care/oklahoma/lawton","1","","200","https://www.trugreen.com/local-lawn-care/oklahoma/lawton","","","","0","1","Meet your local experts.","0","header|footer","jsonld:1;types:WebPage;invalid:0;missing:","0","0","45","8","https://www.trugreen.com/lawn-care-101 | https://www.trugreen.com/lawn-care-101/learning-center | https://www.trugreen.com/newsroom | https://www.trugreen.com/pay-your-bill | https://www.trugreen.com/pests-products-and-services | https://www.trugreen.com/pga-tour | https://www.trugreen.com/products-and-services | https://www.trugreen.com/why-choose-trugreen/testimonials-and-ratings","","missing-main|internal-links-missing-from-sitemap|duplicate-title",""
"chromium","2026-08-31T16:07:10.145Z","prod-release-2-7-2026-08-28","1100-1408","","https://www.trugreen.com/local-lawn-care/oklahoma/lawton/lawn-care","https://www.trugreen.com/local-lawn-care/oklahoma/lawton/lawn-care","200","200:https://www.trugreen.com/local-lawn-care/oklahoma/lawton/lawn-care","TruGreen Lawton: Lawn Care Maintenance Services in Lawton, OK | TruGreen","TruGreen Lawton: Lawn Care Maintenance Services in Lawton, OK | TruGreen","https://www.trugreen.com/local-lawn-care/oklahoma/lawton","1","https://www.trugreen.com/local-lawn-care/oklahoma/lawton","1","","200","https://www.trugreen.com/local-lawn-care/oklahoma/lawton","","","","0","2","We put the ""care"" in ""lawn care."" | Explore our plans.","0","header|footer","jsonld:1;types:BreadcrumbList|WebPage;invalid:0;missing:jsonld_0_missing_@context|jsonld_1_missing_@context","0","0","44","8","https://www.trugreen.com/lawn-care-101 | https://www.trugreen.com/lawn-care-101/learning-center | https://www.trugreen.com/newsroom | https://www.trugreen.com/pay-your-bill | https://www.trugreen.com/pests-products-and-services | https://www.trugreen.com/pga-tour | https://www.trugreen.com/products-and-services | https://www.trugreen.com/why-choose-trugreen/testimonials-and-ratings","","multiple-h1|missing-main|internal-links-missing-from-sitemap|duplicate-title",""
"chromium","2026-08-31T16:07:10.145Z","prod-release-2-7-2026-08-28","1100-1408","","https://www.trugreen.com/local-lawn-care/oklahoma/oklahoma-city","https://www.trugreen.com/local-lawn-care/oklahoma/oklahoma-city","200","200:https://www.trugreen.com/local-lawn-care/oklahoma/oklahoma-city","TruGreen Oklahoma: Lawn Care Maintenance Services in Oklahoma, OK | TruGreen","TruGreen Oklahoma: Lawn Care Maintenance Services in Oklahoma, OK | TruGreen","https://www.trugreen.com/local-lawn-care/oklahoma/oklahoma-city","1","https://www.trugreen.com/local-lawn-care/oklahoma/oklahoma-city","1","","200","https://www.trugreen.com/local-lawn-care/oklahoma/oklahoma-city","","","","0","1","Meet your local experts.","0","header|footer","jsonld:1;types:WebPage;invalid:0;missing:","0","0","45","8","https://www.trugreen.com/lawn-care-101 | https://www.trugreen.com/lawn-care-101/learning-center | https://www.trugreen.com/newsroom | https://www.trugreen.com/pay-your-bill | https://www.trugreen.com/pests-products-and-services | https://www.trugreen.com/pga-tour | https://www.trugreen.com/products-and-services | https://www.trugreen.com/why-choose-trugreen/testimonials-and-ratings","","missing-main|internal-links-missing-from-sitemap|duplicate-title",""
"chromium","2026-08-31T16:07:10.145Z","prod-release-2-7-2026-08-28","1100-1408","","https://www.trugreen.com/local-lawn-care/oklahoma/oklahoma-city/lawn-care","https://www.trugreen.com/local-lawn-care/oklahoma/oklahoma-city/lawn-care","200","200:https://www.trugreen.com/local-lawn-care/oklahoma/oklahoma-city/lawn-care","TruGreen Oklahoma: Lawn Care Maintenance Services in Oklahoma, OK | TruGreen","TruGreen Oklahoma: Lawn Care Maintenance Services in Oklahoma, OK | TruGreen","https://www.trugreen.com/local-lawn-care/oklahoma/oklahoma-city","1","https://www.trugreen.com/local-lawn-care/oklahoma/oklahoma-city","1","","200","https://www.trugreen.com/local-lawn-care/oklahoma/oklahoma-city","","","","0","2","We put the ""care"" in ""lawn care."" | Explore our plans.","0","header|footer","jsonld:1;types:BreadcrumbList|WebPage;invalid:0;missing:jsonld_0_missing_@context|jsonld_1_missing_@context","0","0","44","8","https://www.trugreen.com/lawn-care-101 | https://www.trugreen.com/lawn-care-101/learning-center | https://www.trugreen.com/newsroom | https://www.trugreen.com/pay-your-bill | https://www.trugreen.com/pests-products-and-services | https://www.trugreen.com/pga-tour | https://www.trugreen.com/products-and-services | https://www.trugreen.com/why-choose-trugreen/testimonials-and-ratings","","multiple-h1|missing-main|internal-links-missing-from-sitemap|duplicate-title",""
"chromium","2026-08-31T16:07:10.145Z","prod-release-2-7-2026-08-28","1100-1408","","https://www.trugreen.com/local-lawn-care/oregon","https://www.trugreen.com/local-lawn-care/oregon","200","200:https://www.trugreen.com/local-lawn-care/oregon","TruGreen Oregon: Local Lawn Care Service Near Me | TruGreen","TruGreen Oregon: Local Lawn Care Service Near Me | TruGreen","https://www.trugreen.com/local-lawn-care/oregon","1","https://www.trugreen.com/local-lawn-care/oregon","1","","200","https://www.trugreen.com/local-lawn-care/oregon","","","","0","1","Find your local branch in Oregon.","0","header|footer","jsonld:1;types:BreadcrumbList|CollectionPage|ItemList;invalid:0;missing:jsonld_0_missing_@context|jsonld_1_missing_@context|jsonld_2_missing_@context","0","0","43","8","https://www.trugreen.com/lawn-care-101 | https://www.trugreen.com/lawn-care-101/learning-center | https://www.trugreen.com/newsroom | https://www.trugreen.com/pay-your-bill | https://www.trugreen.com/pests-products-and-services | https://www.trugreen.com/pga-tour | https://www.trugreen.com/products-and-services | https://www.trugreen.com/why-choose-trugreen/testimonials-and-ratings","","missing-main|internal-links-missing-from-sitemap",""
"chromium","2026-08-31T16:07:10.145Z","prod-release-2-7-2026-08-28","1100-1408","","https://www.trugreen.com/local-lawn-care/oregon/lake-oswego","https://www.trugreen.com/local-lawn-care/oregon/lake-oswego","200","200:https://www.trugreen.com/local-lawn-care/oregon/lake-oswego","TruGreen Portland OR: Lawn Care Maintenance Services in Portland OR, OR | TruGreen","TruGreen Portland OR: Lawn Care Maintenance Services in Portland OR, OR | TruGreen","https://www.trugreen.com/local-lawn-care/oregon/lake-oswego","1","https://www.trugreen.com/local-lawn-care/oregon/lake-oswego","1","","200","https://www.trugreen.com/local-lawn-care/oregon/lake-oswego","","","","0","1","Meet your local experts.","0","header|footer","jsonld:1;types:WebPage;invalid:0;missing:","0","0","45","8","https://www.trugreen.com/lawn-care-101 | https://www.trugreen.com/lawn-care-101/learning-center | https://www.trugreen.com/newsroom | https://www.trugreen.com/pay-your-bill | https://www.trugreen.com/pests-products-and-services | https://www.trugreen.com/pga-tour | https://www.trugreen.com/products-and-services | https://www.trugreen.com/why-choose-trugreen/testimonials-and-ratings","","missing-main|internal-links-missing-from-sitemap|duplicate-title",""
"chromium","2026-08-31T16:07:10.145Z","prod-release-2-7-2026-08-28","1100-1408","","https://www.trugreen.com/local-lawn-care/oregon/lake-oswego/lawn-care","https://www.trugreen.com/local-lawn-care/oregon/lake-oswego/lawn-care","200","200:https://www.trugreen.com/local-lawn-care/oregon/lake-oswego/lawn-care","TruGreen Portland OR: Lawn Care Maintenance Services in Portland OR, OR | TruGreen","TruGreen Portland OR: Lawn Care Maintenance Services in Portland OR, OR | TruGreen","https://www.trugreen.com/local-lawn-care/oregon/lake-oswego","1","https://www.trugreen.com/local-lawn-care/oregon/lake-oswego","1","","200","https://www.trugreen.com/local-lawn-care/oregon/lake-oswego","","","","0","2","We put the ""care"" in ""lawn care."" | Explore our plans.","0","header|footer","jsonld:1;types:BreadcrumbList|WebPage;invalid:0;missing:jsonld_0_missing_@context|jsonld_1_missing_@context","0","0","44","8","https://www.trugreen.com/lawn-care-101 | https://www.trugreen.com/lawn-care-101/learning-center | https://www.trugreen.com/newsroom | https://www.trugreen.com/pay-your-bill | https://www.trugreen.com/pests-products-and-services | https://www.trugreen.com/pga-tour | https://www.trugreen.com/products-and-services | https://www.trugreen.com/why-choose-trugreen/testimonials-and-ratings","","multiple-h1|missing-main|internal-links-missing-from-sitemap|duplicate-title",""
"chromium","2026-08-31T16:07:10.145Z","prod-release-2-7-2026-08-28","1100-1408","","https://www.trugreen.com/local-lawn-care/oregon/redmond","https://www.trugreen.com/local-lawn-care/oregon/redmond","200","200:https://www.trugreen.com/local-lawn-care/oregon/redmond","TruGreen Bend: Lawn Care Maintenance Services in Bend, OR | TruGreen","TruGreen Bend: Lawn Care Maintenance Services in Bend, OR | TruGreen","https://www.trugreen.com/local-lawn-care/oregon/redmond","1","https://www.trugreen.com/local-lawn-care/oregon/redmond","1","","200","https://www.trugreen.com/local-lawn-care/oregon/redmond","","","","0","1","Meet your local experts.","0","header|footer","jsonld:1;types:WebPage;invalid:0;missing:","0","0","45","8","https://www.trugreen.com/lawn-care-101 | https://www.trugreen.com/lawn-care-101/learning-center | https://www.trugreen.com/newsroom | https://www.trugreen.com/pay-your-bill | https://www.trugreen.com/pests-products-and-services | https://www.trugreen.com/pga-tour | https://www.trugreen.com/products-and-services | https://www.trugreen.com/why-choose-trugreen/testimonials-and-ratings","","missing-main|internal-links-missing-from-sitemap|duplicate-title",""
"chromium","2026-08-31T16:07:10.145Z","prod-release-2-7-2026-08-28","1100-1408","","https://www.trugreen.com/local-lawn-care/oregon/redmond/lawn-care","https://www.trugreen.com/local-lawn-care/oregon/redmond/lawn-care","200","200:https://www.trugreen.com/local-lawn-care/oregon/redmond/lawn-care","TruGreen Bend: Lawn Care Maintenance Services in Bend, OR | TruGreen","TruGreen Bend: Lawn Care Maintenance Services in Bend, OR | TruGreen","https://www.trugreen.com/local-lawn-care/oregon/redmond","1","https://www.trugreen.com/local-lawn-care/oregon/redmond","1","","200","https://www.trugreen.com/local-lawn-care/oregon/redmond","","","","0","2","We put the ""care"" in ""lawn care."" | Explore our plans.","0","header|footer","jsonld:1;types:BreadcrumbList|WebPage;invalid:0;missing:jsonld_0_missing_@context|jsonld_1_missing_@context","0","0","44","8","https://www.trugreen.com/lawn-care-101 | https://www.trugreen.com/lawn-care-101/learning-center | https://www.trugreen.com/newsroom | https://www.trugreen.com/pay-your-bill | https://www.trugreen.com/pests-products-and-services | https://www.trugreen.com/pga-tour | https://www.trugreen.com/products-and-services | https://www.trugreen.com/why-choose-trugreen/testimonials-and-ratings","","multiple-h1|missing-main|internal-links-missing-from-sitemap|duplicate-title",""
"chromium","2026-08-31T16:07:10.145Z","prod-release-2-7-2026-08-28","1100-1408","","https://www.trugreen.com/local-lawn-care/pennsylvania","https://www.trugreen.com/local-lawn-care/pennsylvania","200","200:https://www.trugreen.com/local-lawn-care/pennsylvania","TruGreen Pennsylvania: Local Lawn Care Service Near Me | TruGreen","TruGreen Pennsylvania: Local Lawn Care Service Near Me | TruGreen","https://www.trugreen.com/local-lawn-care/pennsylvania","1","https://www.trugreen.com/local-lawn-care/pennsylvania","1","","200","https://www.trugreen.com/local-lawn-care/pennsylvania","","","","0","1","Find your local branch in Pennsylvania.","0","header|footer","jsonld:1;types:BreadcrumbList|CollectionPage|ItemList;invalid:0;missing:jsonld_0_missing_@context|jsonld_1_missing_@context|jsonld_2_missing_@context","0","0","46","8","https://www.trugreen.com/lawn-care-101 | https://www.trugreen.com/lawn-care-101/learning-center | https://www.trugreen.com/newsroom | https://www.trugreen.com/pay-your-bill | https://www.trugreen.com/pests-products-and-services | https://www.trugreen.com/pga-tour | https://www.trugreen.com/products-and-services | https://www.trugreen.com/why-choose-trugreen/testimonials-and-ratings","","missing-main|internal-links-missing-from-sitemap",""
"chromium","2026-08-31T16:07:10.145Z","prod-release-2-7-2026-08-28","1100-1408","","https://www.trugreen.com/local-lawn-care/pennsylvania/allentown","https://www.trugreen.com/local-lawn-care/pennsylvania/allentown","200","200:https://www.trugreen.com/local-lawn-care/pennsylvania/allentown","TruGreen Allentown: Lawn Care Maintenance Services in Allentown, PA | TruGreen","TruGreen Allentown: Lawn Care Maintenance Services in Allentown, PA | TruGreen","https://www.trugreen.com/local-lawn-care/pennsylvania/allentown","1","https://www.trugreen.com/local-lawn-care/pennsylvania/allentown","1","","200","https://www.trugreen.com/local-lawn-care/pennsylvania/allentown","","","","0","1","Meet your local experts.","0","header|footer","jsonld:1;types:WebPage;invalid:0;missing:","0","0","45","8","https://www.trugreen.com/lawn-care-101 | https://www.trugreen.com/lawn-care-101/learning-center | https://www.trugreen.com/newsroom | https://www.trugreen.com/pay-your-bill | https://www.trugreen.com/pests-products-and-services | https://www.trugreen.com/pga-tour | https://www.trugreen.com/products-and-services | https://www.trugreen.com/why-choose-trugreen/testimonials-and-ratings","","missing-main|internal-links-missing-from-sitemap|duplicate-title",""
"chromium","2026-08-31T16:07:10.145Z","prod-release-2-7-2026-08-28","1100-1408","","https://www.trugreen.com/local-lawn-care/pennsylvania/allentown/lawn-care","https://www.trugreen.com/local-lawn-care/pennsylvania/allentown/lawn-care","200","200:https://www.trugreen.com/local-lawn-care/pennsylvania/allentown/lawn-care","TruGreen Allentown: Lawn Care Maintenance Services in Allentown, PA | TruGreen","TruGreen Allentown: Lawn Care Maintenance Services in Allentown, PA | TruGreen","https://www.trugreen.com/local-lawn-care/pennsylvania/allentown","1","https://www.trugreen.com/local-lawn-care/pennsylvania/allentown","1","","200","https://www.trugreen.com/local-lawn-care/pennsylvania/allentown","","","","0","2","We put the ""care"" in ""lawn care."" | Explore our plans.","0","header|footer","jsonld:1;types:BreadcrumbList|WebPage;invalid:0;missing:jsonld_0_missing_@context|jsonld_1_missing_@context","0","0","44","8","https://www.trugreen.com/lawn-care-101 | https://www.trugreen.com/lawn-care-101/learning-center | https://www.trugreen.com/newsroom | https://www.trugreen.com/pay-your-bill | https://www.trugreen.com/pests-products-and-services | https://www.trugreen.com/pga-tour | https://www.trugreen.com/products-and-services | https://www.trugreen.com/why-choose-trugreen/testimonials-and-ratings","","multiple-h1|missing-main|internal-links-missing-from-sitemap|duplicate-title",""
"chromium","2026-08-31T16:07:10.145Z","prod-release-2-7-2026-08-28","1100-1408","","https://www.trugreen.com/local-lawn-care/pennsylvania/allison-park","https://www.trugreen.com/local-lawn-care/pennsylvania/allison-park","200","200:https://www.trugreen.com/local-lawn-care/pennsylvania/allison-park","TruGreen Pittsburgh North: Lawn Care Maintenance Services in Pittsburgh North, PA | TruGreen","TruGreen Pittsburgh North: Lawn Care Maintenance Services in Pittsburgh North, PA | TruGreen","https://www.trugreen.com/local-lawn-care/pennsylvania/allison-park","1","https://www.trugreen.com/local-lawn-care/pennsylvania/allison-park","1","","200","https://www.trugreen.com/local-lawn-care/pennsylvania/allison-park","","","","0","1","Meet your local experts.","0","header|footer","jsonld:1;types:WebPage;invalid:0;missing:","0","0","45","8","https://www.trugreen.com/lawn-care-101 | https://www.trugreen.com/lawn-care-101/learning-center | https://www.trugreen.com/newsroom | https://www.trugreen.com/pay-your-bill | https://www.trugreen.com/pests-products-and-services | https://www.trugreen.com/pga-tour | https://www.trugreen.com/products-and-services | https://www.trugreen.com/why-choose-trugreen/testimonials-and-ratings","","missing-main|internal-links-missing-from-sitemap|duplicate-title",""
"chromium","2026-08-31T16:07:10.145Z","prod-release-2-7-2026-08-28","1100-1408","","https://www.trugreen.com/local-lawn-care/pennsylvania/allison-park/lawn-care","https://www.trugreen.com/local-lawn-care/pennsylvania/allison-park/lawn-care","200","200:https://www.trugreen.com/local-lawn-care/pennsylvania/allison-park/lawn-care","TruGreen Pittsburgh North: Lawn Care Maintenance Services in Pittsburgh North, PA | TruGreen","TruGreen Pittsburgh North: Lawn Care Maintenance Services in Pittsburgh North, PA | TruGreen","https://www.trugreen.com/local-lawn-care/pennsylvania/allison-park","1","https://www.trugreen.com/local-lawn-care/pennsylvania/allison-park","1","","200","https://www.trugreen.com/local-lawn-care/pennsylvania/allison-park","","","","0","2","We put the ""care"" in ""lawn care."" | Explore our plans.","0","header|footer","jsonld:1;types:BreadcrumbList|WebPage;invalid:0;missing:jsonld_0_missing_@context|jsonld_1_missing_@context","0","0","44","8","https://www.trugreen.com/lawn-care-101 | https://www.trugreen.com/lawn-care-101/learning-center | https://www.trugreen.com/newsroom | https://www.trugreen.com/pay-your-bill | https://www.trugreen.com/pests-products-and-services | https://www.trugreen.com/pga-tour | https://www.trugreen.com/products-and-services | https://www.trugreen.com/why-choose-trugreen/testimonials-and-ratings","","multiple-h1|missing-main|internal-links-missing-from-sitemap|duplicate-title",""
"chromium","2026-08-31T16:07:10.145Z","prod-release-2-7-2026-08-28","1100-1408","","https://www.trugreen.com/local-lawn-care/pennsylvania/johnstown","https://www.trugreen.com/local-lawn-care/pennsylvania/johnstown","200","200:https://www.trugreen.com/local-lawn-care/pennsylvania/johnstown","TruGreen Somerset: Lawn Care Maintenance Services in Somerset, PA | TruGreen","TruGreen Somerset: Lawn Care Maintenance Services in Somerset, PA | TruGreen","https://www.trugreen.com/local-lawn-care/pennsylvania/johnstown","1","https://www.trugreen.com/local-lawn-care/pennsylvania/johnstown","1","","200","https://www.trugreen.com/local-lawn-care/pennsylvania/johnstown","","","","0","1","Meet your local experts.","0","header|footer","jsonld:1;types:WebPage;invalid:0;missing:","0","0","45","8","https://www.trugreen.com/lawn-care-101 | https://www.trugreen.com/lawn-care-101/learning-center | https://www.trugreen.com/newsroom | https://www.trugreen.com/pay-your-bill | https://www.trugreen.com/pests-products-and-services | https://www.trugreen.com/pga-tour | https://www.trugreen.com/products-and-services | https://www.trugreen.com/why-choose-trugreen/testimonials-and-ratings","","missing-main|internal-links-missing-from-sitemap|duplicate-title",""
"chromium","2026-08-31T16:07:10.145Z","prod-release-2-7-2026-08-28","1100-1408","","https://www.trugreen.com/local-lawn-care/pennsylvania/johnstown/lawn-care","https://www.trugreen.com/local-lawn-care/pennsylvania/johnstown/lawn-care","200","200:https://www.trugreen.com/local-lawn-care/pennsylvania/johnstown/lawn-care","TruGreen Somerset: Lawn Care Maintenance Services in Somerset, PA | TruGreen","TruGreen Somerset: Lawn Care Maintenance Services in Somerset, PA | TruGreen","https://www.trugreen.com/local-lawn-care/pennsylvania/johnstown","1","https://www.trugreen.com/local-lawn-care/pennsylvania/johnstown","1","","200","https://www.trugreen.com/local-lawn-care/pennsylvania/johnstown","","","","0","2","We put the ""care"" in ""lawn care."" | Explore our plans.","0","header|footer","jsonld:1;types:BreadcrumbList|WebPage;invalid:0;missing:jsonld_0_missing_@context|jsonld_1_missing_@context","0","0","44","8","https://www.trugreen.com/lawn-care-101 | https://www.trugreen.com/lawn-care-101/learning-center | https://www.trugreen.com/newsroom | https://www.trugreen.com/pay-your-bill | https://www.trugreen.com/pests-products-and-services | https://www.trugreen.com/pga-tour | https://www.trugreen.com/products-and-services | https://www.trugreen.com/why-choose-trugreen/testimonials-and-ratings","","multiple-h1|missing-main|internal-links-missing-from-sitemap|duplicate-title",""
"chromium","2026-08-31T16:07:10.145Z","prod-release-2-7-2026-08-28","1100-1408","","https://www.trugreen.com/local-lawn-care/pennsylvania/lititz","https://www.trugreen.com/local-lawn-care/pennsylvania/lititz","200","200:https://www.trugreen.com/local-lawn-care/pennsylvania/lititz","TruGreen Lancaster: Lawn Care Maintenance Services in Lancaster, PA | TruGreen","TruGreen Lancaster: Lawn Care Maintenance Services in Lancaster, PA | TruGreen","https://www.trugreen.com/local-lawn-care/pennsylvania/lititz","1","https://www.trugreen.com/local-lawn-care/pennsylvania/lititz","1","","200","https://www.trugreen.com/local-lawn-care/pennsylvania/lititz","","","","0","1","Meet your local experts.","0","header|footer","jsonld:1;types:WebPage;invalid:0;missing:","0","0","45","8","https://www.trugreen.com/lawn-care-101 | https://www.trugreen.com/lawn-care-101/learning-center | https://www.trugreen.com/newsroom | https://www.trugreen.com/pay-your-bill | https://www.trugreen.com/pests-products-and-services | https://www.trugreen.com/pga-tour | https://www.trugreen.com/products-and-services | https://www.trugreen.com/why-choose-trugreen/testimonials-and-ratings","","missing-main|internal-links-missing-from-sitemap|duplicate-title",""
"chromium","2026-08-31T16:07:10.145Z","prod-release-2-7-2026-08-28","1100-1408","","https://www.trugreen.com/local-lawn-care/pennsylvania/lititz/lawn-care","https://www.trugreen.com/local-lawn-care/pennsylvania/lititz/lawn-care","200","200:https://www.trugreen.com/local-lawn-care/pennsylvania/lititz/lawn-care","TruGreen Lancaster: Lawn Care Maintenance Services in Lancaster, PA | TruGreen","TruGreen Lancaster: Lawn Care Maintenance Services in Lancaster, PA | TruGreen","https://www.trugreen.com/local-lawn-care/pennsylvania/lititz","1","https://www.trugreen.com/local-lawn-care/pennsylvania/lititz","1","","200","https://www.trugreen.com/local-lawn-care/pennsylvania/lititz","","","","0","2","We put the ""care"" in ""lawn care."" | Explore our plans.","0","header|footer","jsonld:1;types:BreadcrumbList|WebPage;invalid:0;missing:jsonld_0_missing_@context|jsonld_1_missing_@context","0","0","44","8","https://www.trugreen.com/lawn-care-101 | https://www.trugreen.com/lawn-care-101/learning-center | https://www.trugreen.com/newsroom | https://www.trugreen.com/pay-your-bill | https://www.trugreen.com/pests-products-and-services | https://www.trugreen.com/pga-tour | https://www.trugreen.com/products-and-services | https://www.trugreen.com/why-choose-trugreen/testimonials-and-ratings","","multiple-h1|missing-main|internal-links-missing-from-sitemap|duplicate-title",""
"chromium","2026-08-31T16:07:10.145Z","prod-release-2-7-2026-08-28","1100-1408","","https://www.trugreen.com/local-lawn-care/pennsylvania/malvern","https://www.trugreen.com/local-lawn-care/pennsylvania/malvern","200","200:https://www.trugreen.com/local-lawn-care/pennsylvania/malvern","TruGreen Malvern: Lawn Care Maintenance Services in Malvern, PA | TruGreen","TruGreen Malvern: Lawn Care Maintenance Services in Malvern, PA | TruGreen","https://www.trugreen.com/local-lawn-care/pennsylvania/malvern","1","https://www.trugreen.com/local-lawn-care/pennsylvania/malvern","1","","200","https://www.trugreen.com/local-lawn-care/pennsylvania/malvern","","","","0","1","Meet your local experts.","0","header|footer","jsonld:1;types:WebPage;invalid:0;missing:","0","0","45","8","https://www.trugreen.com/lawn-care-101 | https://www.trugreen.com/lawn-care-101/learning-center | https://www.trugreen.com/newsroom | https://www.trugreen.com/pay-your-bill | https://www.trugreen.com/pests-products-and-services | https://www.trugreen.com/pga-tour | https://www.trugreen.com/products-and-services | https://www.trugreen.com/why-choose-trugreen/testimonials-and-ratings","","missing-main|internal-links-missing-from-sitemap|duplicate-title",""
"chromium","2026-08-31T16:07:10.145Z","prod-release-2-7-2026-08-28","1100-1408","","https://www.trugreen.com/local-lawn-care/pennsylvania/malvern/lawn-care","https://www.trugreen.com/local-lawn-care/pennsylvania/malvern/lawn-care","200","200:https://www.trugreen.com/local-lawn-care/pennsylvania/malvern/lawn-care","TruGreen Malvern: Lawn Care Maintenance Services in Malvern, PA | TruGreen","TruGreen Malvern: Lawn Care Maintenance Services in Malvern, PA | TruGreen","https://www.trugreen.com/local-lawn-care/pennsylvania/malvern","1","https://www.trugreen.com/local-lawn-care/pennsylvania/malvern","1","","200","https://www.trugreen.com/local-lawn-care/pennsylvania/malvern","","","","0","2","We put the ""care"" in ""lawn care."" | Explore our plans.","0","header|footer","jsonld:1;types:BreadcrumbList|WebPage;invalid:0;missing:jsonld_0_missing_@context|jsonld_1_missing_@context","0","0","44","8","https://www.trugreen.com/lawn-care-101 | https://www.trugreen.com/lawn-care-101/learning-center | https://www.trugreen.com/newsroom | https://www.trugreen.com/pay-your-bill | https://www.trugreen.com/pests-products-and-services | https://www.trugreen.com/pga-tour | https://www.trugreen.com/products-and-services | https://www.trugreen.com/why-choose-trugreen/testimonials-and-ratings","","multiple-h1|missing-main|internal-links-missing-from-sitemap|duplicate-title",""
"chromium","2026-08-31T16:07:10.145Z","prod-release-2-7-2026-08-28","1100-1408","","https://www.trugreen.com/local-lawn-care/pennsylvania/middletown","https://www.trugreen.com/local-lawn-care/pennsylvania/middletown","200","200:https://www.trugreen.com/local-lawn-care/pennsylvania/middletown","TruGreen Harrisburg: Lawn Care Maintenance Services in Harrisburg, PA | TruGreen","TruGreen Harrisburg: Lawn Care Maintenance Services in Harrisburg, PA | TruGreen","https://www.trugreen.com/local-lawn-care/pennsylvania/middletown","1","https://www.trugreen.com/local-lawn-care/pennsylvania/middletown","1","","200","https://www.trugreen.com/local-lawn-care/pennsylvania/middletown","","","","0","1","Meet your local experts.","0","header|footer","jsonld:1;types:WebPage;invalid:0;missing:","0","0","45","8","https://www.trugreen.com/lawn-care-101 | https://www.trugreen.com/lawn-care-101/learning-center | https://www.trugreen.com/newsroom | https://www.trugreen.com/pay-your-bill | https://www.trugreen.com/pests-products-and-services | https://www.trugreen.com/pga-tour | https://www.trugreen.com/products-and-services | https://www.trugreen.com/why-choose-trugreen/testimonials-and-ratings","","missing-main|internal-links-missing-from-sitemap|duplicate-title",""
"chromium","2026-08-31T16:07:10.145Z","prod-release-2-7-2026-08-28","1100-1408","","https://www.trugreen.com/local-lawn-care/pennsylvania/middletown/lawn-care","https://www.trugreen.com/local-lawn-care/pennsylvania/middletown/lawn-care","200","200:https://www.trugreen.com/local-lawn-care/pennsylvania/middletown/lawn-care","TruGreen Harrisburg: Lawn Care Maintenance Services in Harrisburg, PA | TruGreen","TruGreen Harrisburg: Lawn Care Maintenance Services in Harrisburg, PA | TruGreen","https://www.trugreen.com/local-lawn-care/pennsylvania/middletown","1","https://www.trugreen.com/local-lawn-care/pennsylvania/middletown","1","","200","https://www.trugreen.com/local-lawn-care/pennsylvania/middletown","","","","0","2","We put the ""care"" in ""lawn care."" | Explore our plans.","0","header|footer","jsonld:1;types:BreadcrumbList|WebPage;invalid:0;missing:jsonld_0_missing_@context|jsonld_1_missing_@context","0","0","44","8","https://www.trugreen.com/lawn-care-101 | https://www.trugreen.com/lawn-care-101/learning-center | https://www.trugreen.com/newsroom | https://www.trugreen.com/pay-your-bill | https://www.trugreen.com/pests-products-and-services | https://www.trugreen.com/pga-tour | https://www.trugreen.com/products-and-services | https://www.trugreen.com/why-choose-trugreen/testimonials-and-ratings","","multiple-h1|missing-main|internal-links-missing-from-sitemap|duplicate-title",""
"chromium","2026-08-31T16:07:10.145Z","prod-release-2-7-2026-08-28","1100-1408","","https://www.trugreen.com/local-lawn-care/pennsylvania/mill-hall","https://www.trugreen.com/local-lawn-care/pennsylvania/mill-hall","200","200:https://www.trugreen.com/local-lawn-care/pennsylvania/mill-hall","TruGreen Lamar: Lawn Care Maintenance Services in Lamar, PA | TruGreen","TruGreen Lamar: Lawn Care Maintenance Services in Lamar, PA | TruGreen","https://www.trugreen.com/local-lawn-care/pennsylvania/mill-hall","1","https://www.trugreen.com/local-lawn-care/pennsylvania/mill-hall","1","","200","https://www.trugreen.com/local-lawn-care/pennsylvania/mill-hall","","","","0","1","Meet your local experts.","0","header|footer","jsonld:1;types:WebPage;invalid:0;missing:","0","0","45","8","https://www.trugreen.com/lawn-care-101 | https://www.trugreen.com/lawn-care-101/learning-center | https://www.trugreen.com/newsroom | https://www.trugreen.com/pay-your-bill | https://www.trugreen.com/pests-products-and-services | https://www.trugreen.com/pga-tour | https://www.trugreen.com/products-and-services | https://www.trugreen.com/why-choose-trugreen/testimonials-and-ratings","","missing-main|internal-links-missing-from-sitemap|duplicate-title",""
"chromium","2026-08-31T16:07:10.145Z","prod-release-2-7-2026-08-28","1100-1408","","https://www.trugreen.com/local-lawn-care/pennsylvania/mill-hall/lawn-care","https://www.trugreen.com/local-lawn-care/pennsylvania/mill-hall/lawn-care","200","200:https://www.trugreen.com/local-lawn-care/pennsylvania/mill-hall/lawn-care","TruGreen Lamar: Lawn Care Maintenance Services in Lamar, PA | TruGreen","TruGreen Lamar: Lawn Care Maintenance Services in Lamar, PA | TruGreen","https://www.trugreen.com/local-lawn-care/pennsylvania/mill-hall","1","https://www.trugreen.com/local-lawn-care/pennsylvania/mill-hall","1","","200","https://www.trugreen.com/local-lawn-care/pennsylvania/mill-hall","","","","0","2","We put the ""care"" in ""lawn care."" | Explore our plans.","0","header|footer","jsonld:1;types:BreadcrumbList|WebPage;invalid:0;missing:jsonld_0_missing_@context|jsonld_1_missing_@context","0","0","44","8","https://www.trugreen.com/lawn-care-101 | https://www.trugreen.com/lawn-care-101/learning-center | https://www.trugreen.com/newsroom | https://www.trugreen.com/pay-your-bill | https://www.trugreen.com/pests-products-and-services | https://www.trugreen.com/pga-tour | https://www.trugreen.com/products-and-services | https://www.trugreen.com/why-choose-trugreen/testimonials-and-ratings","","multiple-h1|missing-main|internal-links-missing-from-sitemap|duplicate-title",""
"chromium","2026-08-31T16:07:10.145Z","prod-release-2-7-2026-08-28","1100-1408","","https://www.trugreen.com/local-lawn-care/pennsylvania/monroeville","https://www.trugreen.com/local-lawn-care/pennsylvania/monroeville","200","200:https://www.trugreen.com/local-lawn-care/pennsylvania/monroeville","TruGreen Pittsburgh East: Lawn Care Maintenance Services in Pittsburgh East, PA | TruGreen","TruGreen Pittsburgh East: Lawn Care Maintenance Services in Pittsburgh East, PA | TruGreen","https://www.trugreen.com/local-lawn-care/pennsylvania/monroeville","1","https://www.trugreen.com/local-lawn-care/pennsylvania/monroeville","1","","200","https://www.trugreen.com/local-lawn-care/pennsylvania/monroeville","","","","0","1","Meet your local experts.","0","header|footer","jsonld:1;types:WebPage;invalid:0;missing:","0","0","45","8","https://www.trugreen.com/lawn-care-101 | https://www.trugreen.com/lawn-care-101/learning-center | https://www.trugreen.com/newsroom | https://www.trugreen.com/pay-your-bill | https://www.trugreen.com/pests-products-and-services | https://www.trugreen.com/pga-tour | https://www.trugreen.com/products-and-services | https://www.trugreen.com/why-choose-trugreen/testimonials-and-ratings","","missing-main|internal-links-missing-from-sitemap|duplicate-title",""
"chromium","2026-08-31T16:07:10.145Z","prod-release-2-7-2026-08-28","1100-1408","","https://www.trugreen.com/local-lawn-care/pennsylvania/monroeville/lawn-care","https://www.trugreen.com/local-lawn-care/pennsylvania/monroeville/lawn-care","200","200:https://www.trugreen.com/local-lawn-care/pennsylvania/monroeville/lawn-care","TruGreen Pittsburgh East: Lawn Care Maintenance Services in Pittsburgh East, PA | TruGreen","TruGreen Pittsburgh East: Lawn Care Maintenance Services in Pittsburgh East, PA | TruGreen","https://www.trugreen.com/local-lawn-care/pennsylvania/monroeville","1","https://www.trugreen.com/local-lawn-care/pennsylvania/monroeville","1","","200","https://www.trugreen.com/local-lawn-care/pennsylvania/monroeville","","","","0","2","We put the ""care"" in ""lawn care."" | Explore our plans.","0","header|footer","jsonld:1;types:BreadcrumbList|WebPage;invalid:0;missing:jsonld_0_missing_@context|jsonld_1_missing_@context","0","0","44","8","https://www.trugreen.com/lawn-care-101 | https://www.trugreen.com/lawn-care-101/learning-center | https://www.trugreen.com/newsroom | https://www.trugreen.com/pay-your-bill | https://www.trugreen.com/pests-products-and-services | https://www.trugreen.com/pga-tour | https://www.trugreen.com/products-and-services | https://www.trugreen.com/why-choose-trugreen/testimonials-and-ratings","","multiple-h1|missing-main|internal-links-missing-from-sitemap|duplicate-title",""
"chromium","2026-08-31T16:07:10.145Z","prod-release-2-7-2026-08-28","1100-1408","","https://www.trugreen.com/local-lawn-care/pennsylvania/pittsburgh","https://www.trugreen.com/local-lawn-care/pennsylvania/pittsburgh","200","200:https://www.trugreen.com/local-lawn-care/pennsylvania/pittsburgh","TruGreen Pittsburgh South: Lawn Care Maintenance Services in Pittsburgh South, PA | TruGreen","TruGreen Pittsburgh South: Lawn Care Maintenance Services in Pittsburgh South, PA | TruGreen","https://www.trugreen.com/local-lawn-care/pennsylvania/pittsburgh","1","https://www.trugreen.com/local-lawn-care/pennsylvania/pittsburgh","1","","200","https://www.trugreen.com/local-lawn-care/pennsylvania/pittsburgh","","","","0","1","Meet your local experts.","0","header|footer","jsonld:1;types:WebPage;invalid:0;missing:","0","0","45","8","https://www.trugreen.com/lawn-care-101 | https://www.trugreen.com/lawn-care-101/learning-center | https://www.trugreen.com/newsroom | https://www.trugreen.com/pay-your-bill | https://www.trugreen.com/pests-products-and-services | https://www.trugreen.com/pga-tour | https://www.trugreen.com/products-and-services | https://www.trugreen.com/why-choose-trugreen/testimonials-and-ratings","","missing-main|internal-links-missing-from-sitemap|duplicate-title",""
"chromium","2026-08-31T16:07:10.145Z","prod-release-2-7-2026-08-28","1100-1408","","https://www.trugreen.com/local-lawn-care/pennsylvania/pittsburgh/lawn-care","https://www.trugreen.com/local-lawn-care/pennsylvania/pittsburgh/lawn-care","200","200:https://www.trugreen.com/local-lawn-care/pennsylvania/pittsburgh/lawn-care","TruGreen Pittsburgh South: Lawn Care Maintenance Services in Pittsburgh South, PA | TruGreen","TruGreen Pittsburgh South: Lawn Care Maintenance Services in Pittsburgh South, PA | TruGreen","https://www.trugreen.com/local-lawn-care/pennsylvania/pittsburgh","1","https://www.trugreen.com/local-lawn-care/pennsylvania/pittsburgh","1","","200","https://www.trugreen.com/local-lawn-care/pennsylvania/pittsburgh","","","","0","2","We put the ""care"" in ""lawn care."" | Explore our plans.","0","header|footer","jsonld:1;types:BreadcrumbList|WebPage;invalid:0;missing:jsonld_0_missing_@context|jsonld_1_missing_@context","0","0","44","8","https://www.trugreen.com/lawn-care-101 | https://www.trugreen.com/lawn-care-101/learning-center | https://www.trugreen.com/newsroom | https://www.trugreen.com/pay-your-bill | https://www.trugreen.com/pests-products-and-services | https://www.trugreen.com/pga-tour | https://www.trugreen.com/products-and-services | https://www.trugreen.com/why-choose-trugreen/testimonials-and-ratings","","multiple-h1|missing-main|internal-links-missing-from-sitemap|duplicate-title",""
"chromium","2026-08-31T16:07:10.145Z","prod-release-2-7-2026-08-28","1100-1408","","https://www.trugreen.com/local-lawn-care/pennsylvania/thomasville","https://www.trugreen.com/local-lawn-care/pennsylvania/thomasville","200","200:https://www.trugreen.com/local-lawn-care/pennsylvania/thomasville","TruGreen York: Lawn Care Maintenance Services in York, PA | TruGreen","TruGreen York: Lawn Care Maintenance Services in York, PA | TruGreen","https://www.trugreen.com/local-lawn-care/pennsylvania/thomasville","1","https://www.trugreen.com/local-lawn-care/pennsylvania/thomasville","1","","200","https://www.trugreen.com/local-lawn-care/pennsylvania/thomasville","","","","0","1","Meet your local experts.","0","header|footer","jsonld:1;types:WebPage;invalid:0;missing:","0","0","45","8","https://www.trugreen.com/lawn-care-101 | https://www.trugreen.com/lawn-care-101/learning-center | https://www.trugreen.com/newsroom | https://www.trugreen.com/pay-your-bill | https://www.trugreen.com/pests-products-and-services | https://www.trugreen.com/pga-tour | https://www.trugreen.com/products-and-services | https://www.trugreen.com/why-choose-trugreen/testimonials-and-ratings","","missing-main|internal-links-missing-from-sitemap|duplicate-title",""
"chromium","2026-08-31T16:07:10.145Z","prod-release-2-7-2026-08-28","1100-1408","","https://www.trugreen.com/local-lawn-care/pennsylvania/thomasville/lawn-care","https://www.trugreen.com/local-lawn-care/pennsylvania/thomasville/lawn-care","200","200:https://www.trugreen.com/local-lawn-care/pennsylvania/thomasville/lawn-care","TruGreen York: Lawn Care Maintenance Services in York, PA | TruGreen","TruGreen York: Lawn Care Maintenance Services in York, PA | TruGreen","https://www.trugreen.com/local-lawn-care/pennsylvania/thomasville","1","https://www.trugreen.com/local-lawn-care/pennsylvania/thomasville","1","","200","https://www.trugreen.com/local-lawn-care/pennsylvania/thomasville","","","","0","2","We put the ""care"" in ""lawn care."" | Explore our plans.","0","header|footer","jsonld:1;types:BreadcrumbList|WebPage;invalid:0;missing:jsonld_0_missing_@context|jsonld_1_missing_@context","0","0","44","8","https://www.trugreen.com/lawn-care-101 | https://www.trugreen.com/lawn-care-101/learning-center | https://www.trugreen.com/newsroom | https://www.trugreen.com/pay-your-bill | https://www.trugreen.com/pests-products-and-services | https://www.trugreen.com/pga-tour | https://www.trugreen.com/products-and-services | https://www.trugreen.com/why-choose-trugreen/testimonials-and-ratings","","multiple-h1|missing-main|internal-links-missing-from-sitemap|duplicate-title",""
"chromium","2026-08-31T16:07:10.145Z","prod-release-2-7-2026-08-28","1100-1408","","https://www.trugreen.com/local-lawn-care/pennsylvania/warminster","https://www.trugreen.com/local-lawn-care/pennsylvania/warminster","200","200:https://www.trugreen.com/local-lawn-care/pennsylvania/warminster","TruGreen Warminster: Lawn Care Maintenance Services in Warminster, PA | TruGreen","TruGreen Warminster: Lawn Care Maintenance Services in Warminster, PA | TruGreen","https://www.trugreen.com/local-lawn-care/pennsylvania/warminster","1","https://www.trugreen.com/local-lawn-care/pennsylvania/warminster","1","","200","https://www.trugreen.com/local-lawn-care/pennsylvania/warminster","","","","0","1","Meet your local experts.","0","header|footer","jsonld:1;types:WebPage;invalid:0;missing:","0","0","45","8","https://www.trugreen.com/lawn-care-101 | https://www.trugreen.com/lawn-care-101/learning-center | https://www.trugreen.com/newsroom | https://www.trugreen.com/pay-your-bill | https://www.trugreen.com/pests-products-and-services | https://www.trugreen.com/pga-tour | https://www.trugreen.com/products-and-services | https://www.trugreen.com/why-choose-trugreen/testimonials-and-ratings","","missing-main|internal-links-missing-from-sitemap|duplicate-title",""
"chromium","2026-08-31T16:07:10.145Z","prod-release-2-7-2026-08-28","1100-1408","","https://www.trugreen.com/local-lawn-care/pennsylvania/warminster/lawn-care","https://www.trugreen.com/local-lawn-care/pennsylvania/warminster/lawn-care","200","200:https://www.trugreen.com/local-lawn-care/pennsylvania/warminster/lawn-care","TruGreen Warminster: Lawn Care Maintenance Services in Warminster, PA | TruGreen","TruGreen Warminster: Lawn Care Maintenance Services in Warminster, PA | TruGreen","https://www.trugreen.com/local-lawn-care/pennsylvania/warminster","1","https://www.trugreen.com/local-lawn-care/pennsylvania/warminster","1","","200","https://www.trugreen.com/local-lawn-care/pennsylvania/warminster","","","","0","2","We put the ""care"" in ""lawn care."" | Explore our plans.","0","header|footer","jsonld:1;types:BreadcrumbList|WebPage;invalid:0;missing:jsonld_0_missing_@context|jsonld_1_missing_@context","0","0","44","8","https://www.trugreen.com/lawn-care-101 | https://www.trugreen.com/lawn-care-101/learning-center | https://www.trugreen.com/newsroom | https://www.trugreen.com/pay-your-bill | https://www.trugreen.com/pests-products-and-services | https://www.trugreen.com/pga-tour | https://www.trugreen.com/products-and-services | https://www.trugreen.com/why-choose-trugreen/testimonials-and-ratings","","multiple-h1|missing-main|internal-links-missing-from-sitemap|duplicate-title",""
"chromium","2026-08-31T16:07:10.145Z","prod-release-2-7-2026-08-28","1100-1408","","https://www.trugreen.com/local-lawn-care/pennsylvania/wilkes-barre","https://www.trugreen.com/local-lawn-care/pennsylvania/wilkes-barre","200","200:https://www.trugreen.com/local-lawn-care/pennsylvania/wilkes-barre","TruGreen Scranton: Lawn Care Maintenance Services in Scranton, PA | TruGreen","TruGreen Scranton: Lawn Care Maintenance Services in Scranton, PA | TruGreen","https://www.trugreen.com/local-lawn-care/pennsylvania/wilkes-barre","1","https://www.trugreen.com/local-lawn-care/pennsylvania/wilkes-barre","1","","200","https://www.trugreen.com/local-lawn-care/pennsylvania/wilkes-barre","","","","0","1","Meet your local experts.","0","header|footer","jsonld:1;types:WebPage;invalid:0;missing:","0","0","45","8","https://www.trugreen.com/lawn-care-101 | https://www.trugreen.com/lawn-care-101/learning-center | https://www.trugreen.com/newsroom | https://www.trugreen.com/pay-your-bill | https://www.trugreen.com/pests-products-and-services | https://www.trugreen.com/pga-tour | https://www.trugreen.com/products-and-services | https://www.trugreen.com/why-choose-trugreen/testimonials-and-ratings","","missing-main|internal-links-missing-from-sitemap|duplicate-title",""
"chromium","2026-08-31T16:07:10.145Z","prod-release-2-7-2026-08-28","1100-1408","","https://www.trugreen.com/local-lawn-care/pennsylvania/wilkes-barre/lawn-care","https://www.trugreen.com/local-lawn-care/pennsylvania/wilkes-barre/lawn-care","200","200:https://www.trugreen.com/local-lawn-care/pennsylvania/wilkes-barre/lawn-care","TruGreen Scranton: Lawn Care Maintenance Services in Scranton, PA | TruGreen","TruGreen Scranton: Lawn Care Maintenance Services in Scranton, PA | TruGreen","https://www.trugreen.com/local-lawn-care/pennsylvania/wilkes-barre","1","https://www.trugreen.com/local-lawn-care/pennsylvania/wilkes-barre","1","","200","https://www.trugreen.com/local-lawn-care/pennsylvania/wilkes-barre","","","","0","2","We put the ""care"" in ""lawn care."" | Explore our plans.","0","header|footer","jsonld:1;types:BreadcrumbList|WebPage;invalid:0;missing:jsonld_0_missing_@context|jsonld_1_missing_@context","0","0","44","8","https://www.trugreen.com/lawn-care-101 | https://www.trugreen.com/lawn-care-101/learning-center | https://www.trugreen.com/newsroom | https://www.trugreen.com/pay-your-bill | https://www.trugreen.com/pests-products-and-services | https://www.trugreen.com/pga-tour | https://www.trugreen.com/products-and-services | https://www.trugreen.com/why-choose-trugreen/testimonials-and-ratings","","multiple-h1|missing-main|internal-links-missing-from-sitemap|duplicate-title",""
"chromium","2026-08-31T16:07:10.145Z","prod-release-2-7-2026-08-28","1100-1408","","https://www.trugreen.com/local-lawn-care/rhode-island","https://www.trugreen.com/local-lawn-care/rhode-island","200","200:https://www.trugreen.com/local-lawn-care/rhode-island","TruGreen Rhode Island: Local Lawn Care Service Near Me | TruGreen","TruGreen Rhode Island: Local Lawn Care Service Near Me | TruGreen","https://www.trugreen.com/local-lawn-care/rhode-island","1","https://www.trugreen.com/local-lawn-care/rhode-island","1","","200","https://www.trugreen.com/local-lawn-care/rhode-island","","","","0","1","Find your local branch in Rhode Island.","0","header|footer","jsonld:1;types:BreadcrumbList|CollectionPage|ItemList;invalid:0;missing:jsonld_0_missing_@context|jsonld_1_missing_@context|jsonld_2_missing_@context","0","0","42","8","https://www.trugreen.com/lawn-care-101 | https://www.trugreen.com/lawn-care-101/learning-center | https://www.trugreen.com/newsroom | https://www.trugreen.com/pay-your-bill | https://www.trugreen.com/pests-products-and-services | https://www.trugreen.com/pga-tour | https://www.trugreen.com/products-and-services | https://www.trugreen.com/why-choose-trugreen/testimonials-and-ratings","","missing-main|internal-links-missing-from-sitemap",""
"chromium","2026-08-31T16:07:10.145Z","prod-release-2-7-2026-08-28","1100-1408","","https://www.trugreen.com/local-lawn-care/rhode-island/warwick","https://www.trugreen.com/local-lawn-care/rhode-island/warwick","200","200:https://www.trugreen.com/local-lawn-care/rhode-island/warwick","TruGreen Providence: Lawn Care Maintenance Services in Providence, RI | TruGreen","TruGreen Providence: Lawn Care Maintenance Services in Providence, RI | TruGreen","https://www.trugreen.com/local-lawn-care/rhode-island/warwick","1","https://www.trugreen.com/local-lawn-care/rhode-island/warwick","1","","200","https://www.trugreen.com/local-lawn-care/rhode-island/warwick","","","","0","1","Meet your local experts.","0","header|footer","jsonld:1;types:WebPage;invalid:0;missing:","0","0","45","8","https://www.trugreen.com/lawn-care-101 | https://www.trugreen.com/lawn-care-101/learning-center | https://www.trugreen.com/newsroom | https://www.trugreen.com/pay-your-bill | https://www.trugreen.com/pests-products-and-services | https://www.trugreen.com/pga-tour | https://www.trugreen.com/products-and-services | https://www.trugreen.com/why-choose-trugreen/testimonials-and-ratings","","missing-main|internal-links-missing-from-sitemap|duplicate-title",""
"chromium","2026-08-31T16:07:10.145Z","prod-release-2-7-2026-08-28","1100-1408","","https://www.trugreen.com/local-lawn-care/rhode-island/warwick/lawn-care","https://www.trugreen.com/local-lawn-care/rhode-island/warwick/lawn-care","200","200:https://www.trugreen.com/local-lawn-care/rhode-island/warwick/lawn-care","TruGreen Providence: Lawn Care Maintenance Services in Providence, RI | TruGreen","TruGreen Providence: Lawn Care Maintenance Services in Providence, RI | TruGreen","https://www.trugreen.com/local-lawn-care/rhode-island/warwick","1","https://www.trugreen.com/local-lawn-care/rhode-island/warwick","1","","200","https://www.trugreen.com/local-lawn-care/rhode-island/warwick","","","","0","2","We put the ""care"" in ""lawn care."" | Explore our plans.","0","header|footer","jsonld:1;types:BreadcrumbList|WebPage;invalid:0;missing:jsonld_0_missing_@context|jsonld_1_missing_@context","0","0","44","8","https://www.trugreen.com/lawn-care-101 | https://www.trugreen.com/lawn-care-101/learning-center | https://www.trugreen.com/newsroom | https://www.trugreen.com/pay-your-bill | https://www.trugreen.com/pests-products-and-services | https://www.trugreen.com/pga-tour | https://www.trugreen.com/products-and-services | https://www.trugreen.com/why-choose-trugreen/testimonials-and-ratings","","multiple-h1|missing-main|internal-links-missing-from-sitemap|duplicate-title",""
"chromium","2026-08-31T16:07:10.145Z","prod-release-2-7-2026-08-28","1100-1408","","https://www.trugreen.com/local-lawn-care/south-carolina","https://www.trugreen.com/local-lawn-care/south-carolina","200","200:https://www.trugreen.com/local-lawn-care/south-carolina","TruGreen South Carolina: Local Lawn Care Service Near Me | TruGreen","TruGreen South Carolina: Local Lawn Care Service Near Me | TruGreen","https://www.trugreen.com/local-lawn-care/south-carolina","1","https://www.trugreen.com/local-lawn-care/south-carolina","1","","200","https://www.trugreen.com/local-lawn-care/south-carolina","","","","0","1","Find your local branch in South Carolina.","0","header|footer","jsonld:1;types:BreadcrumbList|CollectionPage|ItemList;invalid:0;missing:jsonld_0_missing_@context|jsonld_1_missing_@context|jsonld_2_missing_@context","0","0","46","8","https://www.trugreen.com/lawn-care-101 | https://www.trugreen.com/lawn-care-101/learning-center | https://www.trugreen.com/newsroom | https://www.trugreen.com/pay-your-bill | https://www.trugreen.com/pests-products-and-services | https://www.trugreen.com/pga-tour | https://www.trugreen.com/products-and-services | https://www.trugreen.com/why-choose-trugreen/testimonials-and-ratings","","missing-main|internal-links-missing-from-sitemap",""
"chromium","2026-08-31T16:07:10.145Z","prod-release-2-7-2026-08-28","1100-1408","","https://www.trugreen.com/local-lawn-care/south-carolina/greenville","https://www.trugreen.com/local-lawn-care/south-carolina/greenville","200","200:https://www.trugreen.com/local-lawn-care/south-carolina/greenville","Lawn Care and Outdoor Services in Greenville | TruGreen","Lawn Care and Outdoor Services in Greenville | TruGreen","https://www.trugreen.com/local-lawn-care/south-carolina/greenville","1","https://www.trugreen.com/local-lawn-care/south-carolina/greenville","1","","200","https://www.trugreen.com/local-lawn-care/south-carolina/greenville","","","","0","1","Meet your local experts.","0","header|footer","jsonld:1;types:WebPage;invalid:0;missing:","0","0","45","8","https://www.trugreen.com/lawn-care-101 | https://www.trugreen.com/lawn-care-101/learning-center | https://www.trugreen.com/newsroom | https://www.trugreen.com/pay-your-bill | https://www.trugreen.com/pests-products-and-services | https://www.trugreen.com/pga-tour | https://www.trugreen.com/products-and-services | https://www.trugreen.com/why-choose-trugreen/testimonials-and-ratings","","missing-main|internal-links-missing-from-sitemap|duplicate-title",""
"chromium","2026-08-31T16:07:10.145Z","prod-release-2-7-2026-08-28","1100-1408","","https://www.trugreen.com/local-lawn-care/south-carolina/greenville/lawn-care","https://www.trugreen.com/local-lawn-care/south-carolina/greenville/lawn-care","200","200:https://www.trugreen.com/local-lawn-care/south-carolina/greenville/lawn-care","Lawn Care and Outdoor Services in Greenville | TruGreen","Lawn Care and Outdoor Services in Greenville | TruGreen","https://www.trugreen.com/local-lawn-care/south-carolina/greenville","1","https://www.trugreen.com/local-lawn-care/south-carolina/greenville","1","","200","https://www.trugreen.com/local-lawn-care/south-carolina/greenville","","","","0","2","We put the ""care"" in ""lawn care."" | Explore our plans.","0","header|footer","jsonld:1;types:BreadcrumbList|WebPage;invalid:0;missing:jsonld_0_missing_@context|jsonld_1_missing_@context","0","0","44","8","https://www.trugreen.com/lawn-care-101 | https://www.trugreen.com/lawn-care-101/learning-center | https://www.trugreen.com/newsroom | https://www.trugreen.com/pay-your-bill | https://www.trugreen.com/pests-products-and-services | https://www.trugreen.com/pga-tour | https://www.trugreen.com/products-and-services | https://www.trugreen.com/why-choose-trugreen/testimonials-and-ratings","","multiple-h1|missing-main|internal-links-missing-from-sitemap|duplicate-title",""
"chromium","2026-08-31T16:07:10.145Z","prod-release-2-7-2026-08-28","1100-1408","","https://www.trugreen.com/local-lawn-care/south-carolina/irmo","https://www.trugreen.com/local-lawn-care/south-carolina/irmo","200","200:https://www.trugreen.com/local-lawn-care/south-carolina/irmo","Lawn Care and Outdoor Services in Columbia, S.C. | TruGreen","Lawn Care and Outdoor Services in Columbia, S.C. | TruGreen","https://www.trugreen.com/local-lawn-care/south-carolina/irmo","1","https://www.trugreen.com/local-lawn-care/south-carolina/irmo","1","","200","https://www.trugreen.com/local-lawn-care/south-carolina/irmo","","","","0","1","Meet your local experts.","0","header|footer","jsonld:1;types:WebPage;invalid:0;missing:","0","0","45","8","https://www.trugreen.com/lawn-care-101 | https://www.trugreen.com/lawn-care-101/learning-center | https://www.trugreen.com/newsroom | https://www.trugreen.com/pay-your-bill | https://www.trugreen.com/pests-products-and-services | https://www.trugreen.com/pga-tour | https://www.trugreen.com/products-and-services | https://www.trugreen.com/why-choose-trugreen/testimonials-and-ratings","","missing-main|internal-links-missing-from-sitemap|duplicate-title",""
"chromium","2026-08-31T16:07:10.145Z","prod-release-2-7-2026-08-28","1100-1408","","https://www.trugreen.com/local-lawn-care/south-carolina/irmo/lawn-care","https://www.trugreen.com/local-lawn-care/south-carolina/irmo/lawn-care","200","200:https://www.trugreen.com/local-lawn-care/south-carolina/irmo/lawn-care","Lawn Care and Outdoor Services in Columbia, S.C. | TruGreen","Lawn Care and Outdoor Services in Columbia, S.C. | TruGreen","https://www.trugreen.com/local-lawn-care/south-carolina/irmo","1","https://www.trugreen.com/local-lawn-care/south-carolina/irmo","1","","200","https://www.trugreen.com/local-lawn-care/south-carolina/irmo","","","","0","2","We put the ""care"" in ""lawn care."" | Explore our plans.","0","header|footer","jsonld:1;types:BreadcrumbList|WebPage;invalid:0;missing:jsonld_0_missing_@context|jsonld_1_missing_@context","0","0","44","8","https://www.trugreen.com/lawn-care-101 | https://www.trugreen.com/lawn-care-101/learning-center | https://www.trugreen.com/newsroom | https://www.trugreen.com/pay-your-bill | https://www.trugreen.com/pests-products-and-services | https://www.trugreen.com/pga-tour | https://www.trugreen.com/products-and-services | https://www.trugreen.com/why-choose-trugreen/testimonials-and-ratings","","multiple-h1|missing-main|internal-links-missing-from-sitemap|duplicate-title",""
"chromium","2026-08-31T16:07:10.145Z","prod-release-2-7-2026-08-28","1100-1408","","https://www.trugreen.com/local-lawn-care/south-carolina/myrtle-beach","https://www.trugreen.com/local-lawn-care/south-carolina/myrtle-beach","200","200:https://www.trugreen.com/local-lawn-care/south-carolina/myrtle-beach","Lawn Care and Outdoor Services in Myrtle Beach, SC | TruGreen","Lawn Care and Outdoor Services in Myrtle Beach, SC | TruGreen","https://www.trugreen.com/local-lawn-care/south-carolina/myrtle-beach","1","https://www.trugreen.com/local-lawn-care/south-carolina/myrtle-beach","1","","200","https://www.trugreen.com/local-lawn-care/south-carolina/myrtle-beach","","","","0","1","Meet your local experts.","0","header|footer","jsonld:1;types:WebPage;invalid:0;missing:","0","0","45","8","https://www.trugreen.com/lawn-care-101 | https://www.trugreen.com/lawn-care-101/learning-center | https://www.trugreen.com/newsroom | https://www.trugreen.com/pay-your-bill | https://www.trugreen.com/pests-products-and-services | https://www.trugreen.com/pga-tour | https://www.trugreen.com/products-and-services | https://www.trugreen.com/why-choose-trugreen/testimonials-and-ratings","","missing-main|internal-links-missing-from-sitemap|duplicate-title",""
"chromium","2026-08-31T16:07:10.145Z","prod-release-2-7-2026-08-28","1100-1408","","https://www.trugreen.com/local-lawn-care/south-carolina/myrtle-beach/lawn-care","https://www.trugreen.com/local-lawn-care/south-carolina/myrtle-beach/lawn-care","200","200:https://www.trugreen.com/local-lawn-care/south-carolina/myrtle-beach/lawn-care","Lawn Care and Outdoor Services in Myrtle Beach, SC | TruGreen","Lawn Care and Outdoor Services in Myrtle Beach, SC | TruGreen","https://www.trugreen.com/local-lawn-care/south-carolina/myrtle-beach","1","https://www.trugreen.com/local-lawn-care/south-carolina/myrtle-beach","1","","200","https://www.trugreen.com/local-lawn-care/south-carolina/myrtle-beach","","","","0","2","We put the ""care"" in ""lawn care."" | Explore our plans.","0","header|footer","jsonld:1;types:BreadcrumbList|WebPage;invalid:0;missing:jsonld_0_missing_@context|jsonld_1_missing_@context","0","0","44","8","https://www.trugreen.com/lawn-care-101 | https://www.trugreen.com/lawn-care-101/learning-center | https://www.trugreen.com/newsroom | https://www.trugreen.com/pay-your-bill | https://www.trugreen.com/pests-products-and-services | https://www.trugreen.com/pga-tour | https://www.trugreen.com/products-and-services | https://www.trugreen.com/why-choose-trugreen/testimonials-and-ratings","","multiple-h1|missing-main|internal-links-missing-from-sitemap|duplicate-title",""
"chromium","2026-08-31T16:07:10.145Z","prod-release-2-7-2026-08-28","1100-1408","","https://www.trugreen.com/local-lawn-care/south-carolina/north-augusta","https://www.trugreen.com/local-lawn-care/south-carolina/north-augusta","200","200:https://www.trugreen.com/local-lawn-care/south-carolina/north-augusta","Lawn Care and Outdoor Services in Augusta, SC | TruGreen","Lawn Care and Outdoor Services in Augusta, SC | TruGreen","https://www.trugreen.com/local-lawn-care/south-carolina/north-augusta","1","https://www.trugreen.com/local-lawn-care/south-carolina/north-augusta","1","","200","https://www.trugreen.com/local-lawn-care/south-carolina/north-augusta","","","","0","1","Meet your local experts.","0","header|footer","jsonld:1;types:WebPage;invalid:0;missing:","0","0","45","8","https://www.trugreen.com/lawn-care-101 | https://www.trugreen.com/lawn-care-101/learning-center | https://www.trugreen.com/newsroom | https://www.trugreen.com/pay-your-bill | https://www.trugreen.com/pests-products-and-services | https://www.trugreen.com/pga-tour | https://www.trugreen.com/products-and-services | https://www.trugreen.com/why-choose-trugreen/testimonials-and-ratings","","missing-main|internal-links-missing-from-sitemap|duplicate-title",""
"chromium","2026-08-31T16:07:10.145Z","prod-release-2-7-2026-08-28","1100-1408","","https://www.trugreen.com/local-lawn-care/south-carolina/north-augusta/lawn-care","https://www.trugreen.com/local-lawn-care/south-carolina/north-augusta/lawn-care","200","200:https://www.trugreen.com/local-lawn-care/south-carolina/north-augusta/lawn-care","Lawn Care and Outdoor Services in Augusta, SC | TruGreen","Lawn Care and Outdoor Services in Augusta, SC | TruGreen","https://www.trugreen.com/local-lawn-care/south-carolina/north-augusta","1","https://www.trugreen.com/local-lawn-care/south-carolina/north-augusta","1","","200","https://www.trugreen.com/local-lawn-care/south-carolina/north-augusta","","","","0","2","We put the ""care"" in ""lawn care."" | Explore our plans.","0","header|footer","jsonld:1;types:BreadcrumbList|WebPage;invalid:0;missing:jsonld_0_missing_@context|jsonld_1_missing_@context","0","0","44","8","https://www.trugreen.com/lawn-care-101 | https://www.trugreen.com/lawn-care-101/learning-center | https://www.trugreen.com/newsroom | https://www.trugreen.com/pay-your-bill | https://www.trugreen.com/pests-products-and-services | https://www.trugreen.com/pga-tour | https://www.trugreen.com/products-and-services | https://www.trugreen.com/why-choose-trugreen/testimonials-and-ratings","","multiple-h1|missing-main|internal-links-missing-from-sitemap|duplicate-title",""
"chromium","2026-08-31T16:07:10.145Z","prod-release-2-7-2026-08-28","1100-1408","","https://www.trugreen.com/local-lawn-care/south-carolina/north-charleston","https://www.trugreen.com/local-lawn-care/south-carolina/north-charleston","200","200:https://www.trugreen.com/local-lawn-care/south-carolina/north-charleston","Lawn Care and Outdoors Services in Charleston | TruGreen","Lawn Care and Outdoors Services in Charleston | TruGreen","https://www.trugreen.com/local-lawn-care/south-carolina/north-charleston","1","https://www.trugreen.com/local-lawn-care/south-carolina/north-charleston","1","","200","https://www.trugreen.com/local-lawn-care/south-carolina/north-charleston","","","","0","1","Meet your local experts.","0","header|footer","jsonld:1;types:WebPage;invalid:0;missing:","0","0","45","8","https://www.trugreen.com/lawn-care-101 | https://www.trugreen.com/lawn-care-101/learning-center | https://www.trugreen.com/newsroom | https://www.trugreen.com/pay-your-bill | https://www.trugreen.com/pests-products-and-services | https://www.trugreen.com/pga-tour | https://www.trugreen.com/products-and-services | https://www.trugreen.com/why-choose-trugreen/testimonials-and-ratings","","missing-main|internal-links-missing-from-sitemap|duplicate-title",""
"chromium","2026-08-31T16:07:10.145Z","prod-release-2-7-2026-08-28","1100-1408","","https://www.trugreen.com/local-lawn-care/south-carolina/north-charleston/lawn-care","https://www.trugreen.com/local-lawn-care/south-carolina/north-charleston/lawn-care","200","200:https://www.trugreen.com/local-lawn-care/south-carolina/north-charleston/lawn-care","Lawn Care and Outdoors Services in Charleston | TruGreen","Lawn Care and Outdoors Services in Charleston | TruGreen","https://www.trugreen.com/local-lawn-care/south-carolina/north-charleston","1","https://www.trugreen.com/local-lawn-care/south-carolina/north-charleston","1","","200","https://www.trugreen.com/local-lawn-care/south-carolina/north-charleston","","","","0","2","We put the ""care"" in ""lawn care."" | Explore our plans.","0","header|footer","jsonld:1;types:BreadcrumbList|WebPage;invalid:0;missing:jsonld_0_missing_@context|jsonld_1_missing_@context","0","0","44","8","https://www.trugreen.com/lawn-care-101 | https://www.trugreen.com/lawn-care-101/learning-center | https://www.trugreen.com/newsroom | https://www.trugreen.com/pay-your-bill | https://www.trugreen.com/pests-products-and-services | https://www.trugreen.com/pga-tour | https://www.trugreen.com/products-and-services | https://www.trugreen.com/why-choose-trugreen/testimonials-and-ratings","","multiple-h1|missing-main|internal-links-missing-from-sitemap|duplicate-title",""
"chromium","2026-08-31T16:07:10.145Z","prod-release-2-7-2026-08-28","1100-1408","","https://www.trugreen.com/local-lawn-care/south-dakota","https://www.trugreen.com/local-lawn-care/south-dakota","200","200:https://www.trugreen.com/local-lawn-care/south-dakota","TruGreen South Dakota: Local Lawn Care Service Near Me | TruGreen","TruGreen South Dakota: Local Lawn Care Service Near Me | TruGreen","https://www.trugreen.com/local-lawn-care/south-dakota","1","https://www.trugreen.com/local-lawn-care/south-dakota","1","","200","https://www.trugreen.com/local-lawn-care/south-dakota","","","","0","1","Find your local branch in South Dakota.","0","header|footer","jsonld:1;types:BreadcrumbList|CollectionPage|ItemList;invalid:0;missing:jsonld_0_missing_@context|jsonld_1_missing_@context|jsonld_2_missing_@context","0","0","45","8","https://www.trugreen.com/lawn-care-101 | https://www.trugreen.com/lawn-care-101/learning-center | https://www.trugreen.com/newsroom | https://www.trugreen.com/pay-your-bill | https://www.trugreen.com/pests-products-and-services | https://www.trugreen.com/pga-tour | https://www.trugreen.com/products-and-services | https://www.trugreen.com/why-choose-trugreen/testimonials-and-ratings","","missing-main|internal-links-missing-from-sitemap",""
"chromium","2026-08-31T16:07:10.145Z","prod-release-2-7-2026-08-28","1100-1408","","https://www.trugreen.com/local-lawn-care/south-dakota/rapid-city","https://www.trugreen.com/local-lawn-care/south-dakota/rapid-city","200","200:https://www.trugreen.com/local-lawn-care/south-dakota/rapid-city","TruGreen Rapid City: Lawn Care Maintenance Services in Rapid City, SD | TruGreen","TruGreen Rapid City: Lawn Care Maintenance Services in Rapid City, SD | TruGreen","https://www.trugreen.com/local-lawn-care/south-dakota/rapid-city","1","https://www.trugreen.com/local-lawn-care/south-dakota/rapid-city","1","","200","https://www.trugreen.com/local-lawn-care/south-dakota/rapid-city","","","","0","1","Meet your local experts.","0","header|footer","jsonld:1;types:WebPage;invalid:0;missing:","0","0","45","8","https://www.trugreen.com/lawn-care-101 | https://www.trugreen.com/lawn-care-101/learning-center | https://www.trugreen.com/newsroom | https://www.trugreen.com/pay-your-bill | https://www.trugreen.com/pests-products-and-services | https://www.trugreen.com/pga-tour | https://www.trugreen.com/products-and-services | https://www.trugreen.com/why-choose-trugreen/testimonials-and-ratings","","missing-main|internal-links-missing-from-sitemap|duplicate-title",""
"chromium","2026-08-31T16:07:10.145Z","prod-release-2-7-2026-08-28","1100-1408","","https://www.trugreen.com/local-lawn-care/south-dakota/rapid-city/lawn-care","https://www.trugreen.com/local-lawn-care/south-dakota/rapid-city/lawn-care","200","200:https://www.trugreen.com/local-lawn-care/south-dakota/rapid-city/lawn-care","TruGreen Rapid City: Lawn Care Maintenance Services in Rapid City, SD | TruGreen","TruGreen Rapid City: Lawn Care Maintenance Services in Rapid City, SD | TruGreen","https://www.trugreen.com/local-lawn-care/south-dakota/rapid-city","1","https://www.trugreen.com/local-lawn-care/south-dakota/rapid-city","1","","200","https://www.trugreen.com/local-lawn-care/south-dakota/rapid-city","","","","0","2","We put the ""care"" in ""lawn care."" | Explore our plans.","0","header|footer","jsonld:1;types:BreadcrumbList|WebPage;invalid:0;missing:jsonld_0_missing_@context|jsonld_1_missing_@context","0","0","44","8","https://www.trugreen.com/lawn-care-101 | https://www.trugreen.com/lawn-care-101/learning-center | https://www.trugreen.com/newsroom | https://www.trugreen.com/pay-your-bill | https://www.trugreen.com/pests-products-and-services | https://www.trugreen.com/pga-tour | https://www.trugreen.com/products-and-services | https://www.trugreen.com/why-choose-trugreen/testimonials-and-ratings","","multiple-h1|missing-main|internal-links-missing-from-sitemap|duplicate-title",""
"chromium","2026-08-31T16:07:10.145Z","prod-release-2-7-2026-08-28","1100-1408","","https://www.trugreen.com/local-lawn-care/south-dakota/sioux-falls","https://www.trugreen.com/local-lawn-care/south-dakota/sioux-falls","200","200:https://www.trugreen.com/local-lawn-care/south-dakota/sioux-falls","TruGreen Sioux Falls: Lawn Care Maintenance Services in Sioux Falls, SD | TruGreen","TruGreen Sioux Falls: Lawn Care Maintenance Services in Sioux Falls, SD | TruGreen","https://www.trugreen.com/local-lawn-care/south-dakota/sioux-falls","1","https://www.trugreen.com/local-lawn-care/south-dakota/sioux-falls","1","","200","https://www.trugreen.com/local-lawn-care/south-dakota/sioux-falls","","","","0","1","Meet your local experts.","0","header|footer","jsonld:1;types:WebPage;invalid:0;missing:","0","0","45","8","https://www.trugreen.com/lawn-care-101 | https://www.trugreen.com/lawn-care-101/learning-center | https://www.trugreen.com/newsroom | https://www.trugreen.com/pay-your-bill | https://www.trugreen.com/pests-products-and-services | https://www.trugreen.com/pga-tour | https://www.trugreen.com/products-and-services | https://www.trugreen.com/why-choose-trugreen/testimonials-and-ratings","","missing-main|internal-links-missing-from-sitemap|duplicate-title",""
"chromium","2026-08-31T16:07:10.145Z","prod-release-2-7-2026-08-28","1100-1408","","https://www.trugreen.com/local-lawn-care/south-dakota/sioux-falls/lawn-care","https://www.trugreen.com/local-lawn-care/south-dakota/sioux-falls/lawn-care","200","200:https://www.trugreen.com/local-lawn-care/south-dakota/sioux-falls/lawn-care","TruGreen Sioux Falls: Lawn Care Maintenance Services in Sioux Falls, SD | TruGreen","TruGreen Sioux Falls: Lawn Care Maintenance Services in Sioux Falls, SD | TruGreen","https://www.trugreen.com/local-lawn-care/south-dakota/sioux-falls","1","https://www.trugreen.com/local-lawn-care/south-dakota/sioux-falls","1","","200","https://www.trugreen.com/local-lawn-care/south-dakota/sioux-falls","","","","0","2","We put the ""care"" in ""lawn care."" | Explore our plans.","0","header|footer","jsonld:1;types:BreadcrumbList|WebPage;invalid:0;missing:jsonld_0_missing_@context|jsonld_1_missing_@context","0","0","44","8","https://www.trugreen.com/lawn-care-101 | https://www.trugreen.com/lawn-care-101/learning-center | https://www.trugreen.com/newsroom | https://www.trugreen.com/pay-your-bill | https://www.trugreen.com/pests-products-and-services | https://www.trugreen.com/pga-tour | https://www.trugreen.com/products-and-services | https://www.trugreen.com/why-choose-trugreen/testimonials-and-ratings","","multiple-h1|missing-main|internal-links-missing-from-sitemap|duplicate-title",""
"chromium","2026-08-31T16:07:10.145Z","prod-release-2-7-2026-08-28","1100-1408","","https://www.trugreen.com/local-lawn-care/south-dakota/watertown","https://www.trugreen.com/local-lawn-care/south-dakota/watertown","200","200:https://www.trugreen.com/local-lawn-care/south-dakota/watertown","TruGreen Pierre: Lawn Care Maintenance Services in Pierre, SD | TruGreen","TruGreen Pierre: Lawn Care Maintenance Services in Pierre, SD | TruGreen","https://www.trugreen.com/local-lawn-care/south-dakota/watertown","1","https://www.trugreen.com/local-lawn-care/south-dakota/watertown","1","","200","https://www.trugreen.com/local-lawn-care/south-dakota/watertown","","","","0","1","Meet your local experts.","0","header|footer","jsonld:1;types:WebPage;invalid:0;missing:","0","0","45","8","https://www.trugreen.com/lawn-care-101 | https://www.trugreen.com/lawn-care-101/learning-center | https://www.trugreen.com/newsroom | https://www.trugreen.com/pay-your-bill | https://www.trugreen.com/pests-products-and-services | https://www.trugreen.com/pga-tour | https://www.trugreen.com/products-and-services | https://www.trugreen.com/why-choose-trugreen/testimonials-and-ratings","","missing-main|internal-links-missing-from-sitemap|duplicate-title",""
"chromium","2026-08-31T16:07:10.145Z","prod-release-2-7-2026-08-28","1100-1408","","https://www.trugreen.com/local-lawn-care/south-dakota/watertown-1","https://www.trugreen.com/local-lawn-care/south-dakota/watertown-1","200","200:https://www.trugreen.com/local-lawn-care/south-dakota/watertown-1","TruGreen Watertown: Lawn Care Maintenance Services in Watertown, SD | TruGreen","TruGreen Watertown: Lawn Care Maintenance Services in Watertown, SD | TruGreen","https://www.trugreen.com/local-lawn-care/south-dakota/watertown-1","1","https://www.trugreen.com/local-lawn-care/south-dakota/watertown-1","1","","200","https://www.trugreen.com/local-lawn-care/south-dakota/watertown-1","","","","0","1","Meet your local experts.","0","header|footer","jsonld:1;types:WebPage;invalid:0;missing:","0","0","48","11","https://www.trugreen.com/lawn-care-101 | https://www.trugreen.com/lawn-care-101/learning-center | https://www.trugreen.com/newsroom | https://www.trugreen.com/pay-your-bill | https://www.trugreen.com/pests-products-and-services | https://www.trugreen.com/pga-tour | https://www.trugreen.com/products-and-services | https://www.trugreen.com/trubarrier | https://www.trugreen.com/trudefense | https://www.trugreen.com/trushrub | https://www.trugreen.com/why-choose-trugreen/testimonials-and-ratings","","missing-main|internal-links-missing-from-sitemap|duplicate-title",""
"chromium","2026-08-31T16:07:10.145Z","prod-release-2-7-2026-08-28","1100-1408","","https://www.trugreen.com/local-lawn-care/south-dakota/watertown-1/lawn-care","https://www.trugreen.com/local-lawn-care/south-dakota/watertown-1/lawn-care","200","200:https://www.trugreen.com/local-lawn-care/south-dakota/watertown-1/lawn-care","TruGreen Watertown: Lawn Care Maintenance Services in Watertown, SD | TruGreen","TruGreen Watertown: Lawn Care Maintenance Services in Watertown, SD | TruGreen","https://www.trugreen.com/local-lawn-care/south-dakota/watertown-1","1","https://www.trugreen.com/local-lawn-care/south-dakota/watertown-1","1","","200","https://www.trugreen.com/local-lawn-care/south-dakota/watertown-1","","","","0","2","We put the ""care"" in ""lawn care."" | Explore our plans.","0","header|footer","jsonld:1;types:BreadcrumbList|WebPage;invalid:0;missing:jsonld_0_missing_@context|jsonld_1_missing_@context","0","0","41","8","https://www.trugreen.com/lawn-care-101 | https://www.trugreen.com/lawn-care-101/learning-center | https://www.trugreen.com/newsroom | https://www.trugreen.com/pay-your-bill | https://www.trugreen.com/pests-products-and-services | https://www.trugreen.com/pga-tour | https://www.trugreen.com/products-and-services | https://www.trugreen.com/why-choose-trugreen/testimonials-and-ratings","","multiple-h1|missing-main|internal-links-missing-from-sitemap|duplicate-title",""
"chromium","2026-08-31T16:07:10.145Z","prod-release-2-7-2026-08-28","1100-1408","","https://www.trugreen.com/local-lawn-care/south-dakota/watertown/lawn-care","https://www.trugreen.com/local-lawn-care/south-dakota/watertown/lawn-care","200","200:https://www.trugreen.com/local-lawn-care/south-dakota/watertown/lawn-care","TruGreen Pierre: Lawn Care Maintenance Services in Pierre, SD | TruGreen","TruGreen Pierre: Lawn Care Maintenance Services in Pierre, SD | TruGreen","https://www.trugreen.com/local-lawn-care/south-dakota/watertown","1","https://www.trugreen.com/local-lawn-care/south-dakota/watertown","1","","200","https://www.trugreen.com/local-lawn-care/south-dakota/watertown","","","","0","2","We put the ""care"" in ""lawn care."" | Explore our plans.","0","header|footer","jsonld:1;types:BreadcrumbList|WebPage;invalid:0;missing:jsonld_0_missing_@context|jsonld_1_missing_@context","0","0","44","8","https://www.trugreen.com/lawn-care-101 | https://www.trugreen.com/lawn-care-101/learning-center | https://www.trugreen.com/newsroom | https://www.trugreen.com/pay-your-bill | https://www.trugreen.com/pests-products-and-services | https://www.trugreen.com/pga-tour | https://www.trugreen.com/products-and-services | https://www.trugreen.com/why-choose-trugreen/testimonials-and-ratings","","multiple-h1|missing-main|internal-links-missing-from-sitemap|duplicate-title",""
"chromium","2026-08-31T16:07:10.145Z","prod-release-2-7-2026-08-28","1100-1408","","https://www.trugreen.com/local-lawn-care/tennessee","https://www.trugreen.com/local-lawn-care/tennessee","200","200:https://www.trugreen.com/local-lawn-care/tennessee","TruGreen Tennessee: Local Lawn Care Service Near Me | TruGreen","TruGreen Tennessee: Local Lawn Care Service Near Me | TruGreen","https://www.trugreen.com/local-lawn-care/tennessee","1","https://www.trugreen.com/local-lawn-care/tennessee","1","","200","https://www.trugreen.com/local-lawn-care/tennessee","","","","0","1","Find your local branch in Tennessee.","0","header|footer","jsonld:1;types:BreadcrumbList|CollectionPage|ItemList;invalid:0;missing:jsonld_0_missing_@context|jsonld_1_missing_@context|jsonld_2_missing_@context","0","0","46","8","https://www.trugreen.com/lawn-care-101 | https://www.trugreen.com/lawn-care-101/learning-center | https://www.trugreen.com/newsroom | https://www.trugreen.com/pay-your-bill | https://www.trugreen.com/pests-products-and-services | https://www.trugreen.com/pga-tour | https://www.trugreen.com/products-and-services | https://www.trugreen.com/why-choose-trugreen/testimonials-and-ratings","","missing-main|internal-links-missing-from-sitemap",""
"chromium","2026-08-31T16:07:10.145Z","prod-release-2-7-2026-08-28","1100-1408","","https://www.trugreen.com/local-lawn-care/tennessee/alcoa","https://www.trugreen.com/local-lawn-care/tennessee/alcoa","200","200:https://www.trugreen.com/local-lawn-care/tennessee/alcoa","TruGreen Knoxville: Lawn Care Maintenance Services in Knoxville, TN | TruGreen","TruGreen Knoxville: Lawn Care Maintenance Services in Knoxville, TN | TruGreen","https://www.trugreen.com/local-lawn-care/tennessee/alcoa","1","https://www.trugreen.com/local-lawn-care/tennessee/alcoa","1","","200","https://www.trugreen.com/local-lawn-care/tennessee/alcoa","","","","0","1","Meet your local experts.","0","header|footer","jsonld:1;types:WebPage;invalid:0;missing:","0","0","45","8","https://www.trugreen.com/lawn-care-101 | https://www.trugreen.com/lawn-care-101/learning-center | https://www.trugreen.com/newsroom | https://www.trugreen.com/pay-your-bill | https://www.trugreen.com/pests-products-and-services | https://www.trugreen.com/pga-tour | https://www.trugreen.com/products-and-services | https://www.trugreen.com/why-choose-trugreen/testimonials-and-ratings","","missing-main|internal-links-missing-from-sitemap|duplicate-title",""
"chromium","2026-08-31T16:07:10.145Z","prod-release-2-7-2026-08-28","1100-1408","","https://www.trugreen.com/local-lawn-care/tennessee/alcoa/lawn-care","https://www.trugreen.com/local-lawn-care/tennessee/alcoa/lawn-care","200","200:https://www.trugreen.com/local-lawn-care/tennessee/alcoa/lawn-care","TruGreen Knoxville: Lawn Care Maintenance Services in Knoxville, TN | TruGreen","TruGreen Knoxville: Lawn Care Maintenance Services in Knoxville, TN | TruGreen","https://www.trugreen.com/local-lawn-care/tennessee/alcoa","1","https://www.trugreen.com/local-lawn-care/tennessee/alcoa","1","","200","https://www.trugreen.com/local-lawn-care/tennessee/alcoa","","","","0","2","We put the ""care"" in ""lawn care."" | Explore our plans.","0","header|footer","jsonld:1;types:BreadcrumbList|WebPage;invalid:0;missing:jsonld_0_missing_@context|jsonld_1_missing_@context","0","0","44","8","https://www.trugreen.com/lawn-care-101 | https://www.trugreen.com/lawn-care-101/learning-center | https://www.trugreen.com/newsroom | https://www.trugreen.com/pay-your-bill | https://www.trugreen.com/pests-products-and-services | https://www.trugreen.com/pga-tour | https://www.trugreen.com/products-and-services | https://www.trugreen.com/why-choose-trugreen/testimonials-and-ratings","","multiple-h1|missing-main|internal-links-missing-from-sitemap|duplicate-title",""
"chromium","2026-08-31T16:07:10.145Z","prod-release-2-7-2026-08-28","1100-1408","","https://www.trugreen.com/local-lawn-care/tennessee/chattanooga","https://www.trugreen.com/local-lawn-care/tennessee/chattanooga","200","200:https://www.trugreen.com/local-lawn-care/tennessee/chattanooga","TruGreen Chattanooga: Lawn Care Maintenance Services in Chattanooga, TN | TruGreen","TruGreen Chattanooga: Lawn Care Maintenance Services in Chattanooga, TN | TruGreen","https://www.trugreen.com/local-lawn-care/tennessee/chattanooga","1","https://www.trugreen.com/local-lawn-care/tennessee/chattanooga","1","","200","https://www.trugreen.com/local-lawn-care/tennessee/chattanooga","","","","0","1","Meet your local experts.","0","header|footer","jsonld:1;types:WebPage;invalid:0;missing:","0","0","45","8","https://www.trugreen.com/lawn-care-101 | https://www.trugreen.com/lawn-care-101/learning-center | https://www.trugreen.com/newsroom | https://www.trugreen.com/pay-your-bill | https://www.trugreen.com/pests-products-and-services | https://www.trugreen.com/pga-tour | https://www.trugreen.com/products-and-services | https://www.trugreen.com/why-choose-trugreen/testimonials-and-ratings","","missing-main|internal-links-missing-from-sitemap|duplicate-title",""
"chromium","2026-08-31T16:07:10.145Z","prod-release-2-7-2026-08-28","1100-1408","","https://www.trugreen.com/local-lawn-care/tennessee/chattanooga/lawn-care","https://www.trugreen.com/local-lawn-care/tennessee/chattanooga/lawn-care","200","200:https://www.trugreen.com/local-lawn-care/tennessee/chattanooga/lawn-care","TruGreen Chattanooga: Lawn Care Maintenance Services in Chattanooga, TN | TruGreen","TruGreen Chattanooga: Lawn Care Maintenance Services in Chattanooga, TN | TruGreen","https://www.trugreen.com/local-lawn-care/tennessee/chattanooga","1","https://www.trugreen.com/local-lawn-care/tennessee/chattanooga","1","","200","https://www.trugreen.com/local-lawn-care/tennessee/chattanooga","","","","0","2","We put the ""care"" in ""lawn care."" | Explore our plans.","0","header|footer","jsonld:1;types:BreadcrumbList|WebPage;invalid:0;missing:jsonld_0_missing_@context|jsonld_1_missing_@context","0","0","44","8","https://www.trugreen.com/lawn-care-101 | https://www.trugreen.com/lawn-care-101/learning-center | https://www.trugreen.com/newsroom | https://www.trugreen.com/pay-your-bill | https://www.trugreen.com/pests-products-and-services | https://www.trugreen.com/pga-tour | https://www.trugreen.com/products-and-services | https://www.trugreen.com/why-choose-trugreen/testimonials-and-ratings","","multiple-h1|missing-main|internal-links-missing-from-sitemap|duplicate-title",""
"chromium","2026-08-31T16:07:10.145Z","prod-release-2-7-2026-08-28","1100-1408","","https://www.trugreen.com/local-lawn-care/tennessee/kingsport","https://www.trugreen.com/local-lawn-care/tennessee/kingsport","200","200:https://www.trugreen.com/local-lawn-care/tennessee/kingsport","TruGreen Kingsport: Lawn Care Maintenance Services in Kingsport, TN | TruGreen","TruGreen Kingsport: Lawn Care Maintenance Services in Kingsport, TN | TruGreen","https://www.trugreen.com/local-lawn-care/tennessee/kingsport","1","https://www.trugreen.com/local-lawn-care/tennessee/kingsport","1","","200","https://www.trugreen.com/local-lawn-care/tennessee/kingsport","","","","0","1","Meet your local experts.","0","header|footer","jsonld:1;types:WebPage;invalid:0;missing:","0","0","45","8","https://www.trugreen.com/lawn-care-101 | https://www.trugreen.com/lawn-care-101/learning-center | https://www.trugreen.com/newsroom | https://www.trugreen.com/pay-your-bill | https://www.trugreen.com/pests-products-and-services | https://www.trugreen.com/pga-tour | https://www.trugreen.com/products-and-services | https://www.trugreen.com/why-choose-trugreen/testimonials-and-ratings","","missing-main|internal-links-missing-from-sitemap|duplicate-title",""
"chromium","2026-08-31T16:07:10.145Z","prod-release-2-7-2026-08-28","1100-1408","","https://www.trugreen.com/local-lawn-care/tennessee/kingsport/lawn-care","https://www.trugreen.com/local-lawn-care/tennessee/kingsport/lawn-care","200","200:https://www.trugreen.com/local-lawn-care/tennessee/kingsport/lawn-care","TruGreen Kingsport: Lawn Care Maintenance Services in Kingsport, TN | TruGreen","TruGreen Kingsport: Lawn Care Maintenance Services in Kingsport, TN | TruGreen","https://www.trugreen.com/local-lawn-care/tennessee/kingsport","1","https://www.trugreen.com/local-lawn-care/tennessee/kingsport","1","","200","https://www.trugreen.com/local-lawn-care/tennessee/kingsport","","","","0","2","We put the ""care"" in ""lawn care."" | Explore our plans.","0","header|footer","jsonld:1;types:BreadcrumbList|WebPage;invalid:0;missing:jsonld_0_missing_@context|jsonld_1_missing_@context","0","0","44","8","https://www.trugreen.com/lawn-care-101 | https://www.trugreen.com/lawn-care-101/learning-center | https://www.trugreen.com/newsroom | https://www.trugreen.com/pay-your-bill | https://www.trugreen.com/pests-products-and-services | https://www.trugreen.com/pga-tour | https://www.trugreen.com/products-and-services | https://www.trugreen.com/why-choose-trugreen/testimonials-and-ratings","","multiple-h1|missing-main|internal-links-missing-from-sitemap|duplicate-title",""
"chromium","2026-08-31T16:07:10.145Z","prod-release-2-7-2026-08-28","1100-1408","","https://www.trugreen.com/local-lawn-care/tennessee/memphis","https://www.trugreen.com/local-lawn-care/tennessee/memphis","200","200:https://www.trugreen.com/local-lawn-care/tennessee/memphis","TruGreen Memphis: Lawn Care Maintenance Services in Memphis, TN | TruGreen","TruGreen Memphis: Lawn Care Maintenance Services in Memphis, TN | TruGreen","https://www.trugreen.com/local-lawn-care/tennessee/memphis","1","https://www.trugreen.com/local-lawn-care/tennessee/memphis","1","","200","https://www.trugreen.com/local-lawn-care/tennessee/memphis","","","","0","1","Meet your local experts.","0","header|footer","jsonld:1;types:WebPage;invalid:0;missing:","0","0","45","8","https://www.trugreen.com/lawn-care-101 | https://www.trugreen.com/lawn-care-101/learning-center | https://www.trugreen.com/newsroom | https://www.trugreen.com/pay-your-bill | https://www.trugreen.com/pests-products-and-services | https://www.trugreen.com/pga-tour | https://www.trugreen.com/products-and-services | https://www.trugreen.com/why-choose-trugreen/testimonials-and-ratings","","missing-main|internal-links-missing-from-sitemap|duplicate-title",""
"chromium","2026-08-31T16:07:10.145Z","prod-release-2-7-2026-08-28","1100-1408","","https://www.trugreen.com/local-lawn-care/tennessee/memphis/lawn-care","https://www.trugreen.com/local-lawn-care/tennessee/memphis/lawn-care","200","200:https://www.trugreen.com/local-lawn-care/tennessee/memphis/lawn-care","TruGreen Memphis: Lawn Care Maintenance Services in Memphis, TN | TruGreen","TruGreen Memphis: Lawn Care Maintenance Services in Memphis, TN | TruGreen","https://www.trugreen.com/local-lawn-care/tennessee/memphis","1","https://www.trugreen.com/local-lawn-care/tennessee/memphis","1","","200","https://www.trugreen.com/local-lawn-care/tennessee/memphis","","","","0","2","We put the ""care"" in ""lawn care."" | Explore our plans.","0","header|footer","jsonld:1;types:BreadcrumbList|WebPage;invalid:0;missing:jsonld_0_missing_@context|jsonld_1_missing_@context","0","0","44","8","https://www.trugreen.com/lawn-care-101 | https://www.trugreen.com/lawn-care-101/learning-center | https://www.trugreen.com/newsroom | https://www.trugreen.com/pay-your-bill | https://www.trugreen.com/pests-products-and-services | https://www.trugreen.com/pga-tour | https://www.trugreen.com/products-and-services | https://www.trugreen.com/why-choose-trugreen/testimonials-and-ratings","","multiple-h1|missing-main|internal-links-missing-from-sitemap|duplicate-title",""
"chromium","2026-08-31T16:07:10.145Z","prod-release-2-7-2026-08-28","1100-1408","","https://www.trugreen.com/local-lawn-care/tennessee/nashville","https://www.trugreen.com/local-lawn-care/tennessee/nashville","200","200:https://www.trugreen.com/local-lawn-care/tennessee/nashville","Local Lawn Care Services in Nashville, TN | TruGreen","Local Lawn Care Services in Nashville, TN | TruGreen","https://www.trugreen.com/local-lawn-care/tennessee/nashville","1","https://www.trugreen.com/local-lawn-care/tennessee/nashville","1","","200","https://www.trugreen.com/local-lawn-care/tennessee/nashville","","","","0","1","Meet your local experts.","0","header|footer","jsonld:1;types:WebPage;invalid:0;missing:","0","0","45","8","https://www.trugreen.com/lawn-care-101 | https://www.trugreen.com/lawn-care-101/learning-center | https://www.trugreen.com/newsroom | https://www.trugreen.com/pay-your-bill | https://www.trugreen.com/pests-products-and-services | https://www.trugreen.com/pga-tour | https://www.trugreen.com/products-and-services | https://www.trugreen.com/why-choose-trugreen/testimonials-and-ratings","","missing-main|internal-links-missing-from-sitemap|duplicate-title",""
"chromium","2026-08-31T16:07:10.145Z","prod-release-2-7-2026-08-28","1100-1408","","https://www.trugreen.com/local-lawn-care/tennessee/nashville/lawn-care","https://www.trugreen.com/local-lawn-care/tennessee/nashville/lawn-care","200","200:https://www.trugreen.com/local-lawn-care/tennessee/nashville/lawn-care","Local Lawn Care Services in Nashville, TN | TruGreen","Local Lawn Care Services in Nashville, TN | TruGreen","https://www.trugreen.com/local-lawn-care/tennessee/nashville","1","https://www.trugreen.com/local-lawn-care/tennessee/nashville","1","","200","https://www.trugreen.com/local-lawn-care/tennessee/nashville","","","","0","2","We put the ""care"" in ""lawn care."" | Explore our plans.","0","header|footer","jsonld:1;types:BreadcrumbList|WebPage;invalid:0;missing:jsonld_0_missing_@context|jsonld_1_missing_@context","0","0","44","8","https://www.trugreen.com/lawn-care-101 | https://www.trugreen.com/lawn-care-101/learning-center | https://www.trugreen.com/newsroom | https://www.trugreen.com/pay-your-bill | https://www.trugreen.com/pests-products-and-services | https://www.trugreen.com/pga-tour | https://www.trugreen.com/products-and-services | https://www.trugreen.com/why-choose-trugreen/testimonials-and-ratings","","multiple-h1|missing-main|internal-links-missing-from-sitemap|duplicate-title",""
"chromium","2026-08-31T16:07:10.145Z","prod-release-2-7-2026-08-28","1100-1408","","https://www.trugreen.com/local-lawn-care/tennessee/paris","https://www.trugreen.com/local-lawn-care/tennessee/paris","200","200:https://www.trugreen.com/local-lawn-care/tennessee/paris","TruGreen NW Tennessee: Lawn Care Maintenance Services in NW Tennessee, TN | TruGreen","TruGreen NW Tennessee: Lawn Care Maintenance Services in NW Tennessee, TN | TruGreen","https://www.trugreen.com/local-lawn-care/tennessee/paris","1","https://www.trugreen.com/local-lawn-care/tennessee/paris","1","","200","https://www.trugreen.com/local-lawn-care/tennessee/paris","","","","0","1","Meet your local experts.","0","header|footer","jsonld:1;types:WebPage;invalid:0;missing:","0","0","45","8","https://www.trugreen.com/lawn-care-101 | https://www.trugreen.com/lawn-care-101/learning-center | https://www.trugreen.com/newsroom | https://www.trugreen.com/pay-your-bill | https://www.trugreen.com/pests-products-and-services | https://www.trugreen.com/pga-tour | https://www.trugreen.com/products-and-services | https://www.trugreen.com/why-choose-trugreen/testimonials-and-ratings","","missing-main|internal-links-missing-from-sitemap|duplicate-title",""
"chromium","2026-08-31T16:07:10.145Z","prod-release-2-7-2026-08-28","1100-1408","","https://www.trugreen.com/local-lawn-care/tennessee/paris/lawn-care","https://www.trugreen.com/local-lawn-care/tennessee/paris/lawn-care","200","200:https://www.trugreen.com/local-lawn-care/tennessee/paris/lawn-care","TruGreen NW Tennessee: Lawn Care Maintenance Services in NW Tennessee, TN | TruGreen","TruGreen NW Tennessee: Lawn Care Maintenance Services in NW Tennessee, TN | TruGreen","https://www.trugreen.com/local-lawn-care/tennessee/paris","1","https://www.trugreen.com/local-lawn-care/tennessee/paris","1","","200","https://www.trugreen.com/local-lawn-care/tennessee/paris","","","","0","2","We put the ""care"" in ""lawn care."" | Explore our plans.","0","header|footer","jsonld:1;types:BreadcrumbList|WebPage;invalid:0;missing:jsonld_0_missing_@context|jsonld_1_missing_@context","0","0","44","8","https://www.trugreen.com/lawn-care-101 | https://www.trugreen.com/lawn-care-101/learning-center | https://www.trugreen.com/newsroom | https://www.trugreen.com/pay-your-bill | https://www.trugreen.com/pests-products-and-services | https://www.trugreen.com/pga-tour | https://www.trugreen.com/products-and-services | https://www.trugreen.com/why-choose-trugreen/testimonials-and-ratings","","multiple-h1|missing-main|internal-links-missing-from-sitemap|duplicate-title",""
"chromium","2026-08-31T16:07:10.145Z","prod-release-2-7-2026-08-28","1100-1408","","https://www.trugreen.com/local-lawn-care/texas","https://www.trugreen.com/local-lawn-care/texas","200","200:https://www.trugreen.com/local-lawn-care/texas","TruGreen Texas: Local Lawn Care Service Near Me | TruGreen","TruGreen Texas: Local Lawn Care Service Near Me | TruGreen","https://www.trugreen.com/local-lawn-care/texas","1","https://www.trugreen.com/local-lawn-care/texas","1","","200","https://www.trugreen.com/local-lawn-care/texas","","","","0","1","Find your local branch in Texas.","0","header|footer","jsonld:1;types:BreadcrumbList|CollectionPage|ItemList;invalid:0;missing:jsonld_0_missing_@context|jsonld_1_missing_@context|jsonld_2_missing_@context","0","0","46","8","https://www.trugreen.com/lawn-care-101 | https://www.trugreen.com/lawn-care-101/learning-center | https://www.trugreen.com/newsroom | https://www.trugreen.com/pay-your-bill | https://www.trugreen.com/pests-products-and-services | https://www.trugreen.com/pga-tour | https://www.trugreen.com/products-and-services | https://www.trugreen.com/why-choose-trugreen/testimonials-and-ratings","","missing-main|internal-links-missing-from-sitemap",""
"chromium","2026-08-31T16:07:10.145Z","prod-release-2-7-2026-08-28","1100-1408","","https://www.trugreen.com/local-lawn-care/texas/amarillo","https://www.trugreen.com/local-lawn-care/texas/amarillo","200","200:https://www.trugreen.com/local-lawn-care/texas/amarillo","TruGreen Amarillo: Lawn Care Maintenance Services in Amarillo, TX | TruGreen","TruGreen Amarillo: Lawn Care Maintenance Services in Amarillo, TX | TruGreen","https://www.trugreen.com/local-lawn-care/texas/amarillo","1","https://www.trugreen.com/local-lawn-care/texas/amarillo","1","","200","https://www.trugreen.com/local-lawn-care/texas/amarillo","","","","0","1","Meet your local experts.","0","header|footer","jsonld:1;types:WebPage;invalid:0;missing:","0","0","45","8","https://www.trugreen.com/lawn-care-101 | https://www.trugreen.com/lawn-care-101/learning-center | https://www.trugreen.com/newsroom | https://www.trugreen.com/pay-your-bill | https://www.trugreen.com/pests-products-and-services | https://www.trugreen.com/pga-tour | https://www.trugreen.com/products-and-services | https://www.trugreen.com/why-choose-trugreen/testimonials-and-ratings","","missing-main|internal-links-missing-from-sitemap|duplicate-title",""
"chromium","2026-08-31T16:07:10.145Z","prod-release-2-7-2026-08-28","1100-1408","","https://www.trugreen.com/local-lawn-care/texas/amarillo/lawn-care","https://www.trugreen.com/local-lawn-care/texas/amarillo/lawn-care","200","200:https://www.trugreen.com/local-lawn-care/texas/amarillo/lawn-care","TruGreen Amarillo: Lawn Care Maintenance Services in Amarillo, TX | TruGreen","TruGreen Amarillo: Lawn Care Maintenance Services in Amarillo, TX | TruGreen","https://www.trugreen.com/local-lawn-care/texas/amarillo","1","https://www.trugreen.com/local-lawn-care/texas/amarillo","1","","200","https://www.trugreen.com/local-lawn-care/texas/amarillo","","","","0","2","We put the ""care"" in ""lawn care."" | Explore our plans.","0","header|footer","jsonld:1;types:BreadcrumbList|WebPage;invalid:0;missing:jsonld_0_missing_@context|jsonld_1_missing_@context","0","0","44","8","https://www.trugreen.com/lawn-care-101 | https://www.trugreen.com/lawn-care-101/learning-center | https://www.trugreen.com/newsroom | https://www.trugreen.com/pay-your-bill | https://www.trugreen.com/pests-products-and-services | https://www.trugreen.com/pga-tour | https://www.trugreen.com/products-and-services | https://www.trugreen.com/why-choose-trugreen/testimonials-and-ratings","","multiple-h1|missing-main|internal-links-missing-from-sitemap|duplicate-title",""
"chromium","2026-08-31T16:07:10.145Z","prod-release-2-7-2026-08-28","1100-1408","","https://www.trugreen.com/local-lawn-care/texas/carrollton","https://www.trugreen.com/local-lawn-care/texas/carrollton","200","200:https://www.trugreen.com/local-lawn-care/texas/carrollton","TruGreen Carrollton: Lawn Care Maintenance Services in Carrollton, TX | TruGreen","TruGreen Carrollton: Lawn Care Maintenance Services in Carrollton, TX | TruGreen","https://www.trugreen.com/local-lawn-care/texas/carrollton","1","https://www.trugreen.com/local-lawn-care/texas/carrollton","1","","200","https://www.trugreen.com/local-lawn-care/texas/carrollton","","","","0","1","Meet your local experts.","0","header|footer","jsonld:1;types:WebPage;invalid:0;missing:","0","0","45","8","https://www.trugreen.com/lawn-care-101 | https://www.trugreen.com/lawn-care-101/learning-center | https://www.trugreen.com/newsroom | https://www.trugreen.com/pay-your-bill | https://www.trugreen.com/pests-products-and-services | https://www.trugreen.com/pga-tour | https://www.trugreen.com/products-and-services | https://www.trugreen.com/why-choose-trugreen/testimonials-and-ratings","","missing-main|internal-links-missing-from-sitemap|duplicate-title",""
"chromium","2026-08-31T16:07:10.145Z","prod-release-2-7-2026-08-28","1100-1408","","https://www.trugreen.com/local-lawn-care/texas/carrollton/lawn-care","https://www.trugreen.com/local-lawn-care/texas/carrollton/lawn-care","200","200:https://www.trugreen.com/local-lawn-care/texas/carrollton/lawn-care","TruGreen Carrollton: Lawn Care Maintenance Services in Carrollton, TX | TruGreen","TruGreen Carrollton: Lawn Care Maintenance Services in Carrollton, TX | TruGreen","https://www.trugreen.com/local-lawn-care/texas/carrollton","1","https://www.trugreen.com/local-lawn-care/texas/carrollton","1","","200","https://www.trugreen.com/local-lawn-care/texas/carrollton","","","","0","2","We put the ""care"" in ""lawn care."" | Explore our plans.","0","header|footer","jsonld:1;types:BreadcrumbList|WebPage;invalid:0;missing:jsonld_0_missing_@context|jsonld_1_missing_@context","0","0","44","8","https://www.trugreen.com/lawn-care-101 | https://www.trugreen.com/lawn-care-101/learning-center | https://www.trugreen.com/newsroom | https://www.trugreen.com/pay-your-bill | https://www.trugreen.com/pests-products-and-services | https://www.trugreen.com/pga-tour | https://www.trugreen.com/products-and-services | https://www.trugreen.com/why-choose-trugreen/testimonials-and-ratings","","multiple-h1|missing-main|internal-links-missing-from-sitemap|duplicate-title",""
"chromium","2026-08-31T16:07:10.145Z","prod-release-2-7-2026-08-28","1100-1408","","https://www.trugreen.com/local-lawn-care/texas/corpus-christi","https://www.trugreen.com/local-lawn-care/texas/corpus-christi","200","200:https://www.trugreen.com/local-lawn-care/texas/corpus-christi","TruGreen Corpus Christi: Lawn Care Maintenance Services in Corpus Christi, TX | TruGreen","TruGreen Corpus Christi: Lawn Care Maintenance Services in Corpus Christi, TX | TruGreen","https://www.trugreen.com/local-lawn-care/texas/corpus-christi","1","https://www.trugreen.com/local-lawn-care/texas/corpus-christi","1","","200","https://www.trugreen.com/local-lawn-care/texas/corpus-christi","","","","0","1","Meet your local experts.","0","header|footer","jsonld:1;types:WebPage;invalid:0;missing:","0","0","45","8","https://www.trugreen.com/lawn-care-101 | https://www.trugreen.com/lawn-care-101/learning-center | https://www.trugreen.com/newsroom | https://www.trugreen.com/pay-your-bill | https://www.trugreen.com/pests-products-and-services | https://www.trugreen.com/pga-tour | https://www.trugreen.com/products-and-services | https://www.trugreen.com/why-choose-trugreen/testimonials-and-ratings","","missing-main|internal-links-missing-from-sitemap|duplicate-title",""
"chromium","2026-08-31T16:07:10.145Z","prod-release-2-7-2026-08-28","1100-1408","","https://www.trugreen.com/local-lawn-care/texas/corpus-christi/lawn-care","https://www.trugreen.com/local-lawn-care/texas/corpus-christi/lawn-care","200","200:https://www.trugreen.com/local-lawn-care/texas/corpus-christi/lawn-care","TruGreen Corpus Christi: Lawn Care Maintenance Services in Corpus Christi, TX | TruGreen","TruGreen Corpus Christi: Lawn Care Maintenance Services in Corpus Christi, TX | TruGreen","https://www.trugreen.com/local-lawn-care/texas/corpus-christi","1","https://www.trugreen.com/local-lawn-care/texas/corpus-christi","1","","200","https://www.trugreen.com/local-lawn-care/texas/corpus-christi","","","","0","2","We put the ""care"" in ""lawn care."" | Explore our plans.","0","header|footer","jsonld:1;types:BreadcrumbList|WebPage;invalid:0;missing:jsonld_0_missing_@context|jsonld_1_missing_@context","0","0","44","8","https://www.trugreen.com/lawn-care-101 | https://www.trugreen.com/lawn-care-101/learning-center | https://www.trugreen.com/newsroom | https://www.trugreen.com/pay-your-bill | https://www.trugreen.com/pests-products-and-services | https://www.trugreen.com/pga-tour | https://www.trugreen.com/products-and-services | https://www.trugreen.com/why-choose-trugreen/testimonials-and-ratings","","multiple-h1|missing-main|internal-links-missing-from-sitemap|duplicate-title",""
"chromium","2026-08-31T16:07:10.145Z","prod-release-2-7-2026-08-28","1100-1408","","https://www.trugreen.com/local-lawn-care/texas/dallas","https://www.trugreen.com/local-lawn-care/texas/dallas","200","200:https://www.trugreen.com/local-lawn-care/texas/dallas","TruGreen Dallas East: Lawn Care Maintenance Services in Dallas East, TX | TruGreen","TruGreen Dallas East: Lawn Care Maintenance Services in Dallas East, TX | TruGreen","https://www.trugreen.com/local-lawn-care/texas/dallas","1","https://www.trugreen.com/local-lawn-care/texas/dallas","1","","200","https://www.trugreen.com/local-lawn-care/texas/dallas","","","","0","1","Meet your local experts.","0","header|footer","jsonld:1;types:WebPage;invalid:0;missing:","0","0","45","8","https://www.trugreen.com/lawn-care-101 | https://www.trugreen.com/lawn-care-101/learning-center | https://www.trugreen.com/newsroom | https://www.trugreen.com/pay-your-bill | https://www.trugreen.com/pests-products-and-services | https://www.trugreen.com/pga-tour | https://www.trugreen.com/products-and-services | https://www.trugreen.com/why-choose-trugreen/testimonials-and-ratings","","missing-main|internal-links-missing-from-sitemap|duplicate-title",""
"chromium","2026-08-31T16:07:10.145Z","prod-release-2-7-2026-08-28","1100-1408","","https://www.trugreen.com/local-lawn-care/texas/dallas/lawn-care","https://www.trugreen.com/local-lawn-care/texas/dallas/lawn-care","200","200:https://www.trugreen.com/local-lawn-care/texas/dallas/lawn-care","TruGreen Dallas East: Lawn Care Maintenance Services in Dallas East, TX | TruGreen","TruGreen Dallas East: Lawn Care Maintenance Services in Dallas East, TX | TruGreen","https://www.trugreen.com/local-lawn-care/texas/dallas","1","https://www.trugreen.com/local-lawn-care/texas/dallas","1","","200","https://www.trugreen.com/local-lawn-care/texas/dallas","","","","0","2","We put the ""care"" in ""lawn care."" | Explore our plans.","0","header|footer","jsonld:1;types:BreadcrumbList|WebPage;invalid:0;missing:jsonld_0_missing_@context|jsonld_1_missing_@context","0","0","44","8","https://www.trugreen.com/lawn-care-101 | https://www.trugreen.com/lawn-care-101/learning-center | https://www.trugreen.com/newsroom | https://www.trugreen.com/pay-your-bill | https://www.trugreen.com/pests-products-and-services | https://www.trugreen.com/pga-tour | https://www.trugreen.com/products-and-services | https://www.trugreen.com/why-choose-trugreen/testimonials-and-ratings","","multiple-h1|missing-main|internal-links-missing-from-sitemap|duplicate-title",""
"chromium","2026-08-31T16:07:10.145Z","prod-release-2-7-2026-08-28","1100-1408","","https://www.trugreen.com/local-lawn-care/texas/el-paso","https://www.trugreen.com/local-lawn-care/texas/el-paso","200","200:https://www.trugreen.com/local-lawn-care/texas/el-paso","TruGreen El Paso: Lawn Care Maintenance Services in El Paso, TX | TruGreen","TruGreen El Paso: Lawn Care Maintenance Services in El Paso, TX | TruGreen","https://www.trugreen.com/local-lawn-care/texas/el-paso","1","https://www.trugreen.com/local-lawn-care/texas/el-paso","1","","200","https://www.trugreen.com/local-lawn-care/texas/el-paso","","","","0","1","Meet your local experts.","0","header|footer","jsonld:1;types:WebPage;invalid:0;missing:","0","0","45","8","https://www.trugreen.com/lawn-care-101 | https://www.trugreen.com/lawn-care-101/learning-center | https://www.trugreen.com/newsroom | https://www.trugreen.com/pay-your-bill | https://www.trugreen.com/pests-products-and-services | https://www.trugreen.com/pga-tour | https://www.trugreen.com/products-and-services | https://www.trugreen.com/why-choose-trugreen/testimonials-and-ratings","","missing-main|internal-links-missing-from-sitemap|duplicate-title",""
"chromium","2026-08-31T16:07:10.145Z","prod-release-2-7-2026-08-28","1100-1408","","https://www.trugreen.com/local-lawn-care/texas/el-paso/lawn-care","https://www.trugreen.com/local-lawn-care/texas/el-paso/lawn-care","200","200:https://www.trugreen.com/local-lawn-care/texas/el-paso/lawn-care","TruGreen El Paso: Lawn Care Maintenance Services in El Paso, TX | TruGreen","TruGreen El Paso: Lawn Care Maintenance Services in El Paso, TX | TruGreen","https://www.trugreen.com/local-lawn-care/texas/el-paso","1","https://www.trugreen.com/local-lawn-care/texas/el-paso","1","","200","https://www.trugreen.com/local-lawn-care/texas/el-paso","","","","0","2","We put the ""care"" in ""lawn care."" | Explore our plans.","0","header|footer","jsonld:1;types:BreadcrumbList|WebPage;invalid:0;missing:jsonld_0_missing_@context|jsonld_1_missing_@context","0","0","44","8","https://www.trugreen.com/lawn-care-101 | https://www.trugreen.com/lawn-care-101/learning-center | https://www.trugreen.com/newsroom | https://www.trugreen.com/pay-your-bill | https://www.trugreen.com/pests-products-and-services | https://www.trugreen.com/pga-tour | https://www.trugreen.com/products-and-services | https://www.trugreen.com/why-choose-trugreen/testimonials-and-ratings","","multiple-h1|missing-main|internal-links-missing-from-sitemap|duplicate-title",""
"chromium","2026-08-31T16:07:10.145Z","prod-release-2-7-2026-08-28","1100-1408","","https://www.trugreen.com/local-lawn-care/texas/grand-prairie","https://www.trugreen.com/local-lawn-care/texas/grand-prairie","200","200:https://www.trugreen.com/local-lawn-care/texas/grand-prairie","TruGreen Grand Prairie: Lawn Care Maintenance Services in Grand Prairie, TX | TruGreen","TruGreen Grand Prairie: Lawn Care Maintenance Services in Grand Prairie, TX | TruGreen","https://www.trugreen.com/local-lawn-care/texas/grand-prairie","1","https://www.trugreen.com/local-lawn-care/texas/grand-prairie","1","","200","https://www.trugreen.com/local-lawn-care/texas/grand-prairie","","","","0","1","Meet your local experts.","0","header|footer","jsonld:1;types:WebPage;invalid:0;missing:","0","0","45","8","https://www.trugreen.com/lawn-care-101 | https://www.trugreen.com/lawn-care-101/learning-center | https://www.trugreen.com/newsroom | https://www.trugreen.com/pay-your-bill | https://www.trugreen.com/pests-products-and-services | https://www.trugreen.com/pga-tour | https://www.trugreen.com/products-and-services | https://www.trugreen.com/why-choose-trugreen/testimonials-and-ratings","","missing-main|internal-links-missing-from-sitemap|duplicate-title",""
"chromium","2026-08-31T16:07:10.145Z","prod-release-2-7-2026-08-28","1100-1408","","https://www.trugreen.com/local-lawn-care/texas/grand-prairie/lawn-care","https://www.trugreen.com/local-lawn-care/texas/grand-prairie/lawn-care","200","200:https://www.trugreen.com/local-lawn-care/texas/grand-prairie/lawn-care","TruGreen Grand Prairie: Lawn Care Maintenance Services in Grand Prairie, TX | TruGreen","TruGreen Grand Prairie: Lawn Care Maintenance Services in Grand Prairie, TX | TruGreen","https://www.trugreen.com/local-lawn-care/texas/grand-prairie","1","https://www.trugreen.com/local-lawn-care/texas/grand-prairie","1","","200","https://www.trugreen.com/local-lawn-care/texas/grand-prairie","","","","0","2","We put the ""care"" in ""lawn care."" | Explore our plans.","0","header|footer","jsonld:1;types:BreadcrumbList|WebPage;invalid:0;missing:jsonld_0_missing_@context|jsonld_1_missing_@context","0","0","44","8","https://www.trugreen.com/lawn-care-101 | https://www.trugreen.com/lawn-care-101/learning-center | https://www.trugreen.com/newsroom | https://www.trugreen.com/pay-your-bill | https://www.trugreen.com/pests-products-and-services | https://www.trugreen.com/pga-tour | https://www.trugreen.com/products-and-services | https://www.trugreen.com/why-choose-trugreen/testimonials-and-ratings","","multiple-h1|missing-main|internal-links-missing-from-sitemap|duplicate-title",""
"chromium","2026-08-31T16:07:10.145Z","prod-release-2-7-2026-08-28","1100-1408","","https://www.trugreen.com/local-lawn-care/texas/houston","https://www.trugreen.com/local-lawn-care/texas/houston","200","200:https://www.trugreen.com/local-lawn-care/texas/houston","TruGreen Spring: Lawn Care Maintenance Services in Spring, TX | TruGreen","TruGreen Spring: Lawn Care Maintenance Services in Spring, TX | TruGreen","https://www.trugreen.com/local-lawn-care/texas/houston","1","https://www.trugreen.com/local-lawn-care/texas/houston","1","","200","https://www.trugreen.com/local-lawn-care/texas/houston","","","","0","1","Meet your local experts.","0","header|footer","jsonld:1;types:WebPage;invalid:0;missing:","0","0","45","8","https://www.trugreen.com/lawn-care-101 | https://www.trugreen.com/lawn-care-101/learning-center | https://www.trugreen.com/newsroom | https://www.trugreen.com/pay-your-bill | https://www.trugreen.com/pests-products-and-services | https://www.trugreen.com/pga-tour | https://www.trugreen.com/products-and-services | https://www.trugreen.com/why-choose-trugreen/testimonials-and-ratings","","missing-main|internal-links-missing-from-sitemap|duplicate-title",""
"chromium","2026-08-31T16:07:10.145Z","prod-release-2-7-2026-08-28","1100-1408","","https://www.trugreen.com/local-lawn-care/texas/houston-1","https://www.trugreen.com/local-lawn-care/texas/houston-1","200","200:https://www.trugreen.com/local-lawn-care/texas/houston-1","TruGreen Cyfair: Lawn Care Maintenance Services in Cyfair, TX | TruGreen","TruGreen Cyfair: Lawn Care Maintenance Services in Cyfair, TX | TruGreen","https://www.trugreen.com/local-lawn-care/texas/houston-1","1","https://www.trugreen.com/local-lawn-care/texas/houston-1","1","","200","https://www.trugreen.com/local-lawn-care/texas/houston-1","","","","0","1","Meet your local experts.","0","header|footer","jsonld:1;types:WebPage;invalid:0;missing:","0","0","45","8","https://www.trugreen.com/lawn-care-101 | https://www.trugreen.com/lawn-care-101/learning-center | https://www.trugreen.com/newsroom | https://www.trugreen.com/pay-your-bill | https://www.trugreen.com/pests-products-and-services | https://www.trugreen.com/pga-tour | https://www.trugreen.com/products-and-services | https://www.trugreen.com/why-choose-trugreen/testimonials-and-ratings","","missing-main|internal-links-missing-from-sitemap|duplicate-title",""
"chromium","2026-08-31T16:07:10.145Z","prod-release-2-7-2026-08-28","1100-1408","","https://www.trugreen.com/local-lawn-care/texas/houston-1/lawn-care","https://www.trugreen.com/local-lawn-care/texas/houston-1/lawn-care","200","200:https://www.trugreen.com/local-lawn-care/texas/houston-1/lawn-care","TruGreen Cyfair: Lawn Care Maintenance Services in Cyfair, TX | TruGreen","TruGreen Cyfair: Lawn Care Maintenance Services in Cyfair, TX | TruGreen","https://www.trugreen.com/local-lawn-care/texas/houston-1","1","https://www.trugreen.com/local-lawn-care/texas/houston-1","1","","200","https://www.trugreen.com/local-lawn-care/texas/houston-1","","","","0","2","We put the ""care"" in ""lawn care."" | Explore our plans.","0","header|footer","jsonld:1;types:BreadcrumbList|WebPage;invalid:0;missing:jsonld_0_missing_@context|jsonld_1_missing_@context","0","0","41","8","https://www.trugreen.com/lawn-care-101 | https://www.trugreen.com/lawn-care-101/learning-center | https://www.trugreen.com/newsroom | https://www.trugreen.com/pay-your-bill | https://www.trugreen.com/pests-products-and-services | https://www.trugreen.com/pga-tour | https://www.trugreen.com/products-and-services | https://www.trugreen.com/why-choose-trugreen/testimonials-and-ratings","","multiple-h1|missing-main|internal-links-missing-from-sitemap|duplicate-title",""
"chromium","2026-08-31T16:07:10.145Z","prod-release-2-7-2026-08-28","1100-1408","","https://www.trugreen.com/local-lawn-care/texas/houston-2/lawn-care","https://www.trugreen.com/local-lawn-care/texas/houston-2/lawn-care","200","200:https://www.trugreen.com/local-lawn-care/texas/houston-2/lawn-care","TruGreen Houston-2, Texas: Local Lawn Care Service Near Me | TruGreen","TruGreen Houston-2, Texas: Local Lawn Care Service Near Me | TruGreen","https://www.trugreen.com/local-lawn-care/texas/houston-2/lawn-care","1","https://www.trugreen.com/local-lawn-care/texas/houston-2/lawn-care","1","","200","https://www.trugreen.com/local-lawn-care/texas/houston-2/lawn-care","","","","0","2","We put the ""care"" in ""lawn care."" | Explore our plans.","0","header|footer","jsonld:1;types:BreadcrumbList|WebPage;invalid:0;missing:jsonld_0_missing_@context|jsonld_1_missing_@context","0","0","41","8","https://www.trugreen.com/lawn-care-101 | https://www.trugreen.com/lawn-care-101/learning-center | https://www.trugreen.com/newsroom | https://www.trugreen.com/pay-your-bill | https://www.trugreen.com/pests-products-and-services | https://www.trugreen.com/pga-tour | https://www.trugreen.com/products-and-services | https://www.trugreen.com/why-choose-trugreen/testimonials-and-ratings","","multiple-h1|missing-main|internal-links-missing-from-sitemap",""
"chromium","2026-08-31T16:07:10.145Z","prod-release-2-7-2026-08-28","1100-1408","","https://www.trugreen.com/local-lawn-care/texas/houston/lawn-care","https://www.trugreen.com/local-lawn-care/texas/houston/lawn-care","200","200:https://www.trugreen.com/local-lawn-care/texas/houston/lawn-care","TruGreen Spring: Lawn Care Maintenance Services in Spring, TX | TruGreen","TruGreen Spring: Lawn Care Maintenance Services in Spring, TX | TruGreen","https://www.trugreen.com/local-lawn-care/texas/houston","1","https://www.trugreen.com/local-lawn-care/texas/houston","1","","200","https://www.trugreen.com/local-lawn-care/texas/houston","","","","0","2","We put the ""care"" in ""lawn care."" | Explore our plans.","0","header|footer","jsonld:1;types:BreadcrumbList|WebPage;invalid:0;missing:jsonld_0_missing_@context|jsonld_1_missing_@context","0","0","44","8","https://www.trugreen.com/lawn-care-101 | https://www.trugreen.com/lawn-care-101/learning-center | https://www.trugreen.com/newsroom | https://www.trugreen.com/pay-your-bill | https://www.trugreen.com/pests-products-and-services | https://www.trugreen.com/pga-tour | https://www.trugreen.com/products-and-services | https://www.trugreen.com/why-choose-trugreen/testimonials-and-ratings","","multiple-h1|missing-main|internal-links-missing-from-sitemap|duplicate-title",""
"chromium","2026-08-31T16:07:10.145Z","prod-release-2-7-2026-08-28","1100-1408","","https://www.trugreen.com/local-lawn-care/texas/league-city","https://www.trugreen.com/local-lawn-care/texas/league-city","200","200:https://www.trugreen.com/local-lawn-care/texas/league-city","TruGreen NASA: Lawn Care Maintenance Services in NASA, TX | TruGreen","TruGreen NASA: Lawn Care Maintenance Services in NASA, TX | TruGreen","https://www.trugreen.com/local-lawn-care/texas/league-city","1","https://www.trugreen.com/local-lawn-care/texas/league-city","1","","200","https://www.trugreen.com/local-lawn-care/texas/league-city","","","","0","1","Meet your local experts.","0","header|footer","jsonld:1;types:WebPage;invalid:0;missing:","0","0","45","8","https://www.trugreen.com/lawn-care-101 | https://www.trugreen.com/lawn-care-101/learning-center | https://www.trugreen.com/newsroom | https://www.trugreen.com/pay-your-bill | https://www.trugreen.com/pests-products-and-services | https://www.trugreen.com/pga-tour | https://www.trugreen.com/products-and-services | https://www.trugreen.com/why-choose-trugreen/testimonials-and-ratings","","missing-main|internal-links-missing-from-sitemap|duplicate-title",""
"chromium","2026-08-31T16:07:10.145Z","prod-release-2-7-2026-08-28","1100-1408","","https://www.trugreen.com/local-lawn-care/texas/league-city/lawn-care","https://www.trugreen.com/local-lawn-care/texas/league-city/lawn-care","200","200:https://www.trugreen.com/local-lawn-care/texas/league-city/lawn-care","TruGreen NASA: Lawn Care Maintenance Services in NASA, TX | TruGreen","TruGreen NASA: Lawn Care Maintenance Services in NASA, TX | TruGreen","https://www.trugreen.com/local-lawn-care/texas/league-city","1","https://www.trugreen.com/local-lawn-care/texas/league-city","1","","200","https://www.trugreen.com/local-lawn-care/texas/league-city","","","","0","2","We put the ""care"" in ""lawn care."" | Explore our plans.","0","header|footer","jsonld:1;types:BreadcrumbList|WebPage;invalid:0;missing:jsonld_0_missing_@context|jsonld_1_missing_@context","0","0","44","8","https://www.trugreen.com/lawn-care-101 | https://www.trugreen.com/lawn-care-101/learning-center | https://www.trugreen.com/newsroom | https://www.trugreen.com/pay-your-bill | https://www.trugreen.com/pests-products-and-services | https://www.trugreen.com/pga-tour | https://www.trugreen.com/products-and-services | https://www.trugreen.com/why-choose-trugreen/testimonials-and-ratings","","multiple-h1|missing-main|internal-links-missing-from-sitemap|duplicate-title",""
"chromium","2026-08-31T16:07:10.145Z","prod-release-2-7-2026-08-28","1100-1408","","https://www.trugreen.com/local-lawn-care/texas/lewisville","https://www.trugreen.com/local-lawn-care/texas/lewisville","200","200:https://www.trugreen.com/local-lawn-care/texas/lewisville","TruGreen Lewisville: Lawn Care Maintenance Services in Lewisville, TX | TruGreen","TruGreen Lewisville: Lawn Care Maintenance Services in Lewisville, TX | TruGreen","https://www.trugreen.com/local-lawn-care/texas/lewisville","1","https://www.trugreen.com/local-lawn-care/texas/lewisville","1","","200","https://www.trugreen.com/local-lawn-care/texas/lewisville","","","","0","1","Meet your local experts.","0","header|footer","jsonld:1;types:WebPage;invalid:0;missing:","0","0","45","8","https://www.trugreen.com/lawn-care-101 | https://www.trugreen.com/lawn-care-101/learning-center | https://www.trugreen.com/newsroom | https://www.trugreen.com/pay-your-bill | https://www.trugreen.com/pests-products-and-services | https://www.trugreen.com/pga-tour | https://www.trugreen.com/products-and-services | https://www.trugreen.com/why-choose-trugreen/testimonials-and-ratings","","missing-main|internal-links-missing-from-sitemap|duplicate-title",""
"chromium","2026-08-31T16:07:10.145Z","prod-release-2-7-2026-08-28","1100-1408","","https://www.trugreen.com/local-lawn-care/texas/lewisville/lawn-care","https://www.trugreen.com/local-lawn-care/texas/lewisville/lawn-care","200","200:https://www.trugreen.com/local-lawn-care/texas/lewisville/lawn-care","TruGreen Lewisville: Lawn Care Maintenance Services in Lewisville, TX | TruGreen","TruGreen Lewisville: Lawn Care Maintenance Services in Lewisville, TX | TruGreen","https://www.trugreen.com/local-lawn-care/texas/lewisville","1","https://www.trugreen.com/local-lawn-care/texas/lewisville","1","","200","https://www.trugreen.com/local-lawn-care/texas/lewisville","","","","0","2","We put the ""care"" in ""lawn care."" | Explore our plans.","0","header|footer","jsonld:1;types:BreadcrumbList|WebPage;invalid:0;missing:jsonld_0_missing_@context|jsonld_1_missing_@context","0","0","44","8","https://www.trugreen.com/lawn-care-101 | https://www.trugreen.com/lawn-care-101/learning-center | https://www.trugreen.com/newsroom | https://www.trugreen.com/pay-your-bill | https://www.trugreen.com/pests-products-and-services | https://www.trugreen.com/pga-tour | https://www.trugreen.com/products-and-services | https://www.trugreen.com/why-choose-trugreen/testimonials-and-ratings","","multiple-h1|missing-main|internal-links-missing-from-sitemap|duplicate-title",""
"chromium","2026-08-31T16:07:10.145Z","prod-release-2-7-2026-08-28","1100-1408","","https://www.trugreen.com/local-lawn-care/texas/odessa","https://www.trugreen.com/local-lawn-care/texas/odessa","200","200:https://www.trugreen.com/local-lawn-care/texas/odessa","TruGreen Midland: Lawn Care Maintenance Services in Midland, TX | TruGreen","TruGreen Midland: Lawn Care Maintenance Services in Midland, TX | TruGreen","https://www.trugreen.com/local-lawn-care/texas/odessa","1","https://www.trugreen.com/local-lawn-care/texas/odessa","1","","200","https://www.trugreen.com/local-lawn-care/texas/odessa","","","","0","1","Meet your local experts.","0","header|footer","jsonld:1;types:WebPage;invalid:0;missing:","0","0","45","8","https://www.trugreen.com/lawn-care-101 | https://www.trugreen.com/lawn-care-101/learning-center | https://www.trugreen.com/newsroom | https://www.trugreen.com/pay-your-bill | https://www.trugreen.com/pests-products-and-services | https://www.trugreen.com/pga-tour | https://www.trugreen.com/products-and-services | https://www.trugreen.com/why-choose-trugreen/testimonials-and-ratings","","missing-main|internal-links-missing-from-sitemap|duplicate-title",""
"chromium","2026-08-31T16:07:10.145Z","prod-release-2-7-2026-08-28","1100-1408","","https://www.trugreen.com/local-lawn-care/texas/odessa/lawn-care","https://www.trugreen.com/local-lawn-care/texas/odessa/lawn-care","200","200:https://www.trugreen.com/local-lawn-care/texas/odessa/lawn-care","TruGreen Midland: Lawn Care Maintenance Services in Midland, TX | TruGreen","TruGreen Midland: Lawn Care Maintenance Services in Midland, TX | TruGreen","https://www.trugreen.com/local-lawn-care/texas/odessa","1","https://www.trugreen.com/local-lawn-care/texas/odessa","1","","200","https://www.trugreen.com/local-lawn-care/texas/odessa","","","","0","2","We put the ""care"" in ""lawn care."" | Explore our plans.","0","header|footer","jsonld:1;types:BreadcrumbList|WebPage;invalid:0;missing:jsonld_0_missing_@context|jsonld_1_missing_@context","0","0","44","8","https://www.trugreen.com/lawn-care-101 | https://www.trugreen.com/lawn-care-101/learning-center | https://www.trugreen.com/newsroom | https://www.trugreen.com/pay-your-bill | https://www.trugreen.com/pests-products-and-services | https://www.trugreen.com/pga-tour | https://www.trugreen.com/products-and-services | https://www.trugreen.com/why-choose-trugreen/testimonials-and-ratings","","multiple-h1|missing-main|internal-links-missing-from-sitemap|duplicate-title",""
"chromium","2026-08-31T16:07:10.145Z","prod-release-2-7-2026-08-28","1100-1408","","https://www.trugreen.com/local-lawn-care/texas/plano","https://www.trugreen.com/local-lawn-care/texas/plano","200","200:https://www.trugreen.com/local-lawn-care/texas/plano","TruGreen Plano: Lawn Care Maintenance Services in Plano, TX | TruGreen","TruGreen Plano: Lawn Care Maintenance Services in Plano, TX | TruGreen","https://www.trugreen.com/local-lawn-care/texas/plano","1","https://www.trugreen.com/local-lawn-care/texas/plano","1","","200","https://www.trugreen.com/local-lawn-care/texas/plano","","","","0","1","Meet your local experts.","0","header|footer","jsonld:1;types:WebPage;invalid:0;missing:","0","0","45","8","https://www.trugreen.com/lawn-care-101 | https://www.trugreen.com/lawn-care-101/learning-center | https://www.trugreen.com/newsroom | https://www.trugreen.com/pay-your-bill | https://www.trugreen.com/pests-products-and-services | https://www.trugreen.com/pga-tour | https://www.trugreen.com/products-and-services | https://www.trugreen.com/why-choose-trugreen/testimonials-and-ratings","","missing-main|internal-links-missing-from-sitemap|duplicate-title",""
"chromium","2026-08-31T16:07:10.145Z","prod-release-2-7-2026-08-28","1100-1408","","https://www.trugreen.com/local-lawn-care/texas/plano/lawn-care","https://www.trugreen.com/local-lawn-care/texas/plano/lawn-care","200","200:https://www.trugreen.com/local-lawn-care/texas/plano/lawn-care","TruGreen Plano: Lawn Care Maintenance Services in Plano, TX | TruGreen","TruGreen Plano: Lawn Care Maintenance Services in Plano, TX | TruGreen","https://www.trugreen.com/local-lawn-care/texas/plano","1","https://www.trugreen.com/local-lawn-care/texas/plano","1","","200","https://www.trugreen.com/local-lawn-care/texas/plano","","","","0","2","We put the ""care"" in ""lawn care."" | Explore our plans.","0","header|footer","jsonld:1;types:BreadcrumbList|WebPage;invalid:0;missing:jsonld_0_missing_@context|jsonld_1_missing_@context","0","0","44","8","https://www.trugreen.com/lawn-care-101 | https://www.trugreen.com/lawn-care-101/learning-center | https://www.trugreen.com/newsroom | https://www.trugreen.com/pay-your-bill | https://www.trugreen.com/pests-products-and-services | https://www.trugreen.com/pga-tour | https://www.trugreen.com/products-and-services | https://www.trugreen.com/why-choose-trugreen/testimonials-and-ratings","","multiple-h1|missing-main|internal-links-missing-from-sitemap|duplicate-title",""
"chromium","2026-08-31T16:07:10.145Z","prod-release-2-7-2026-08-28","1100-1408","","https://www.trugreen.com/local-lawn-care/texas/richland-hills","https://www.trugreen.com/local-lawn-care/texas/richland-hills","200","200:https://www.trugreen.com/local-lawn-care/texas/richland-hills","TruGreen Fort Worth: Lawn Care Maintenance Services in Fort Worth, TX | TruGreen","TruGreen Fort Worth: Lawn Care Maintenance Services in Fort Worth, TX | TruGreen","https://www.trugreen.com/local-lawn-care/texas/richland-hills","1","https://www.trugreen.com/local-lawn-care/texas/richland-hills","1","","200","https://www.trugreen.com/local-lawn-care/texas/richland-hills","","","","0","1","Meet your local experts.","0","header|footer","jsonld:1;types:WebPage;invalid:0;missing:","0","0","45","8","https://www.trugreen.com/lawn-care-101 | https://www.trugreen.com/lawn-care-101/learning-center | https://www.trugreen.com/newsroom | https://www.trugreen.com/pay-your-bill | https://www.trugreen.com/pests-products-and-services | https://www.trugreen.com/pga-tour | https://www.trugreen.com/products-and-services | https://www.trugreen.com/why-choose-trugreen/testimonials-and-ratings","","missing-main|internal-links-missing-from-sitemap|duplicate-title",""
"chromium","2026-08-31T16:07:10.145Z","prod-release-2-7-2026-08-28","1100-1408","","https://www.trugreen.com/local-lawn-care/texas/richland-hills/lawn-care","https://www.trugreen.com/local-lawn-care/texas/richland-hills/lawn-care","200","200:https://www.trugreen.com/local-lawn-care/texas/richland-hills/lawn-care","TruGreen Fort Worth: Lawn Care Maintenance Services in Fort Worth, TX | TruGreen","TruGreen Fort Worth: Lawn Care Maintenance Services in Fort Worth, TX | TruGreen","https://www.trugreen.com/local-lawn-care/texas/richland-hills","1","https://www.trugreen.com/local-lawn-care/texas/richland-hills","1","","200","https://www.trugreen.com/local-lawn-care/texas/richland-hills","","","","0","2","We put the ""care"" in ""lawn care."" | Explore our plans.","0","header|footer","jsonld:1;types:BreadcrumbList|WebPage;invalid:0;missing:jsonld_0_missing_@context|jsonld_1_missing_@context","0","0","44","8","https://www.trugreen.com/lawn-care-101 | https://www.trugreen.com/lawn-care-101/learning-center | https://www.trugreen.com/newsroom | https://www.trugreen.com/pay-your-bill | https://www.trugreen.com/pests-products-and-services | https://www.trugreen.com/pga-tour | https://www.trugreen.com/products-and-services | https://www.trugreen.com/why-choose-trugreen/testimonials-and-ratings","","multiple-h1|missing-main|internal-links-missing-from-sitemap|duplicate-title",""
"chromium","2026-08-31T16:07:10.145Z","prod-release-2-7-2026-08-28","1100-1408","","https://www.trugreen.com/local-lawn-care/texas/round-rock","https://www.trugreen.com/local-lawn-care/texas/round-rock","200","200:https://www.trugreen.com/local-lawn-care/texas/round-rock","TruGreen Austin: Lawn Care Maintenance Services in Austin, TX | TruGreen","TruGreen Austin: Lawn Care Maintenance Services in Austin, TX | TruGreen","https://www.trugreen.com/local-lawn-care/texas/round-rock","1","https://www.trugreen.com/local-lawn-care/texas/round-rock","1","","200","https://www.trugreen.com/local-lawn-care/texas/round-rock","","","","0","1","Meet your local experts.","0","header|footer","jsonld:1;types:WebPage;invalid:0;missing:","0","0","45","8","https://www.trugreen.com/lawn-care-101 | https://www.trugreen.com/lawn-care-101/learning-center | https://www.trugreen.com/newsroom | https://www.trugreen.com/pay-your-bill | https://www.trugreen.com/pests-products-and-services | https://www.trugreen.com/pga-tour | https://www.trugreen.com/products-and-services | https://www.trugreen.com/why-choose-trugreen/testimonials-and-ratings","","missing-main|internal-links-missing-from-sitemap|duplicate-title",""
"chromium","2026-08-31T16:07:10.145Z","prod-release-2-7-2026-08-28","1100-1408","","https://www.trugreen.com/local-lawn-care/texas/round-rock/lawn-care","https://www.trugreen.com/local-lawn-care/texas/round-rock/lawn-care","200","200:https://www.trugreen.com/local-lawn-care/texas/round-rock/lawn-care","TruGreen Austin: Lawn Care Maintenance Services in Austin, TX | TruGreen","TruGreen Austin: Lawn Care Maintenance Services in Austin, TX | TruGreen","https://www.trugreen.com/local-lawn-care/texas/round-rock","1","https://www.trugreen.com/local-lawn-care/texas/round-rock","1","","200","https://www.trugreen.com/local-lawn-care/texas/round-rock","","","","0","2","We put the ""care"" in ""lawn care."" | Explore our plans.","0","header|footer","jsonld:1;types:BreadcrumbList|WebPage;invalid:0;missing:jsonld_0_missing_@context|jsonld_1_missing_@context","0","0","44","8","https://www.trugreen.com/lawn-care-101 | https://www.trugreen.com/lawn-care-101/learning-center | https://www.trugreen.com/newsroom | https://www.trugreen.com/pay-your-bill | https://www.trugreen.com/pests-products-and-services | https://www.trugreen.com/pga-tour | https://www.trugreen.com/products-and-services | https://www.trugreen.com/why-choose-trugreen/testimonials-and-ratings","","multiple-h1|missing-main|internal-links-missing-from-sitemap|duplicate-title",""
"chromium","2026-08-31T16:07:10.145Z","prod-release-2-7-2026-08-28","1100-1408","","https://www.trugreen.com/local-lawn-care/texas/san-antonio","https://www.trugreen.com/local-lawn-care/texas/san-antonio","200","200:https://www.trugreen.com/local-lawn-care/texas/san-antonio","Local Lawn Care Service in San Antonio, TX | TruGreen","Local Lawn Care Service in San Antonio, TX | TruGreen","https://www.trugreen.com/local-lawn-care/texas/san-antonio","1","https://www.trugreen.com/local-lawn-care/texas/san-antonio","1","","200","https://www.trugreen.com/local-lawn-care/texas/san-antonio","","","","0","1","Meet your local experts.","0","header|footer","jsonld:1;types:WebPage;invalid:0;missing:","0","0","45","8","https://www.trugreen.com/lawn-care-101 | https://www.trugreen.com/lawn-care-101/learning-center | https://www.trugreen.com/newsroom | https://www.trugreen.com/pay-your-bill | https://www.trugreen.com/pests-products-and-services | https://www.trugreen.com/pga-tour | https://www.trugreen.com/products-and-services | https://www.trugreen.com/why-choose-trugreen/testimonials-and-ratings","","missing-main|internal-links-missing-from-sitemap|duplicate-title",""
"chromium","2026-08-31T16:07:10.145Z","prod-release-2-7-2026-08-28","1100-1408","","https://www.trugreen.com/local-lawn-care/texas/san-antonio/lawn-care","https://www.trugreen.com/local-lawn-care/texas/san-antonio/lawn-care","200","200:https://www.trugreen.com/local-lawn-care/texas/san-antonio/lawn-care","Local Lawn Care Service in San Antonio, TX | TruGreen","Local Lawn Care Service in San Antonio, TX | TruGreen","https://www.trugreen.com/local-lawn-care/texas/san-antonio","1","https://www.trugreen.com/local-lawn-care/texas/san-antonio","1","","200","https://www.trugreen.com/local-lawn-care/texas/san-antonio","","","","0","2","We put the ""care"" in ""lawn care."" | Explore our plans.","0","header|footer","jsonld:1;types:BreadcrumbList|WebPage;invalid:0;missing:jsonld_0_missing_@context|jsonld_1_missing_@context","0","0","44","8","https://www.trugreen.com/lawn-care-101 | https://www.trugreen.com/lawn-care-101/learning-center | https://www.trugreen.com/newsroom | https://www.trugreen.com/pay-your-bill | https://www.trugreen.com/pests-products-and-services | https://www.trugreen.com/pga-tour | https://www.trugreen.com/products-and-services | https://www.trugreen.com/why-choose-trugreen/testimonials-and-ratings","","multiple-h1|missing-main|internal-links-missing-from-sitemap|duplicate-title",""
"chromium","2026-08-31T16:07:10.145Z","prod-release-2-7-2026-08-28","1100-1408","","https://www.trugreen.com/local-lawn-care/texas/sugar-land","https://www.trugreen.com/local-lawn-care/texas/sugar-land","200","200:https://www.trugreen.com/local-lawn-care/texas/sugar-land","TruGreen Sugar Land: Lawn Care Maintenance Services in Sugar Land, TX | TruGreen","TruGreen Sugar Land: Lawn Care Maintenance Services in Sugar Land, TX | TruGreen","https://www.trugreen.com/local-lawn-care/texas/sugar-land","1","https://www.trugreen.com/local-lawn-care/texas/sugar-land","1","","200","https://www.trugreen.com/local-lawn-care/texas/sugar-land","","","","0","1","Meet your local experts.","0","header|footer","jsonld:1;types:WebPage;invalid:0;missing:","0","0","45","8","https://www.trugreen.com/lawn-care-101 | https://www.trugreen.com/lawn-care-101/learning-center | https://www.trugreen.com/newsroom | https://www.trugreen.com/pay-your-bill | https://www.trugreen.com/pests-products-and-services | https://www.trugreen.com/pga-tour | https://www.trugreen.com/products-and-services | https://www.trugreen.com/why-choose-trugreen/testimonials-and-ratings","","missing-main|internal-links-missing-from-sitemap|duplicate-title",""
"chromium","2026-08-31T16:07:10.145Z","prod-release-2-7-2026-08-28","1100-1408","","https://www.trugreen.com/local-lawn-care/texas/sugar-land/lawn-care","https://www.trugreen.com/local-lawn-care/texas/sugar-land/lawn-care","200","200:https://www.trugreen.com/local-lawn-care/texas/sugar-land/lawn-care","TruGreen Sugar Land: Lawn Care Maintenance Services in Sugar Land, TX | TruGreen","TruGreen Sugar Land: Lawn Care Maintenance Services in Sugar Land, TX | TruGreen","https://www.trugreen.com/local-lawn-care/texas/sugar-land","1","https://www.trugreen.com/local-lawn-care/texas/sugar-land","1","","200","https://www.trugreen.com/local-lawn-care/texas/sugar-land","","","","0","2","We put the ""care"" in ""lawn care."" | Explore our plans.","0","header|footer","jsonld:1;types:BreadcrumbList|WebPage;invalid:0;missing:jsonld_0_missing_@context|jsonld_1_missing_@context","0","0","44","8","https://www.trugreen.com/lawn-care-101 | https://www.trugreen.com/lawn-care-101/learning-center | https://www.trugreen.com/newsroom | https://www.trugreen.com/pay-your-bill | https://www.trugreen.com/pests-products-and-services | https://www.trugreen.com/pga-tour | https://www.trugreen.com/products-and-services | https://www.trugreen.com/why-choose-trugreen/testimonials-and-ratings","","multiple-h1|missing-main|internal-links-missing-from-sitemap|duplicate-title",""
"chromium","2026-08-31T16:07:10.145Z","prod-release-2-7-2026-08-28","1100-1408","","https://www.trugreen.com/local-lawn-care/texas/temple","https://www.trugreen.com/local-lawn-care/texas/temple","200","200:https://www.trugreen.com/local-lawn-care/texas/temple","TruGreen Temple: Lawn Care Maintenance Services in Temple, TX | TruGreen","TruGreen Temple: Lawn Care Maintenance Services in Temple, TX | TruGreen","https://www.trugreen.com/local-lawn-care/texas/temple","1","https://www.trugreen.com/local-lawn-care/texas/temple","1","","200","https://www.trugreen.com/local-lawn-care/texas/temple","","","","0","1","Meet your local experts.","0","header|footer","jsonld:1;types:WebPage;invalid:0;missing:","0","0","45","8","https://www.trugreen.com/lawn-care-101 | https://www.trugreen.com/lawn-care-101/learning-center | https://www.trugreen.com/newsroom | https://www.trugreen.com/pay-your-bill | https://www.trugreen.com/pests-products-and-services | https://www.trugreen.com/pga-tour | https://www.trugreen.com/products-and-services | https://www.trugreen.com/why-choose-trugreen/testimonials-and-ratings","","missing-main|internal-links-missing-from-sitemap|duplicate-title",""
"chromium","2026-08-31T16:07:10.145Z","prod-release-2-7-2026-08-28","1100-1408","","https://www.trugreen.com/local-lawn-care/texas/temple/lawn-care","https://www.trugreen.com/local-lawn-care/texas/temple/lawn-care","200","200:https://www.trugreen.com/local-lawn-care/texas/temple/lawn-care","TruGreen Temple: Lawn Care Maintenance Services in Temple, TX | TruGreen","TruGreen Temple: Lawn Care Maintenance Services in Temple, TX | TruGreen","https://www.trugreen.com/local-lawn-care/texas/temple","1","https://www.trugreen.com/local-lawn-care/texas/temple","1","","200","https://www.trugreen.com/local-lawn-care/texas/temple","","","","0","2","We put the ""care"" in ""lawn care."" | Explore our plans.","0","header|footer","jsonld:1;types:BreadcrumbList|WebPage;invalid:0;missing:jsonld_0_missing_@context|jsonld_1_missing_@context","0","0","44","8","https://www.trugreen.com/lawn-care-101 | https://www.trugreen.com/lawn-care-101/learning-center | https://www.trugreen.com/newsroom | https://www.trugreen.com/pay-your-bill | https://www.trugreen.com/pests-products-and-services | https://www.trugreen.com/pga-tour | https://www.trugreen.com/products-and-services | https://www.trugreen.com/why-choose-trugreen/testimonials-and-ratings","","multiple-h1|missing-main|internal-links-missing-from-sitemap|duplicate-title",""
"chromium","2026-08-31T16:07:10.145Z","prod-release-2-7-2026-08-28","1100-1408","","https://www.trugreen.com/local-lawn-care/texas/texarkana","https://www.trugreen.com/local-lawn-care/texas/texarkana","200","200:https://www.trugreen.com/local-lawn-care/texas/texarkana","TruGreen Texarkana: Lawn Care Maintenance Services in Texarkana, TX | TruGreen","TruGreen Texarkana: Lawn Care Maintenance Services in Texarkana, TX | TruGreen","https://www.trugreen.com/local-lawn-care/texas/texarkana","1","https://www.trugreen.com/local-lawn-care/texas/texarkana","1","","200","https://www.trugreen.com/local-lawn-care/texas/texarkana","","","","0","1","Meet your local experts.","0","header|footer","jsonld:1;types:WebPage;invalid:0;missing:","0","0","45","8","https://www.trugreen.com/lawn-care-101 | https://www.trugreen.com/lawn-care-101/learning-center | https://www.trugreen.com/newsroom | https://www.trugreen.com/pay-your-bill | https://www.trugreen.com/pests-products-and-services | https://www.trugreen.com/pga-tour | https://www.trugreen.com/products-and-services | https://www.trugreen.com/why-choose-trugreen/testimonials-and-ratings","","missing-main|internal-links-missing-from-sitemap|duplicate-title",""
"chromium","2026-08-31T16:07:10.145Z","prod-release-2-7-2026-08-28","1100-1408","","https://www.trugreen.com/local-lawn-care/texas/texarkana/lawn-care","https://www.trugreen.com/local-lawn-care/texas/texarkana/lawn-care","200","200:https://www.trugreen.com/local-lawn-care/texas/texarkana/lawn-care","TruGreen Texarkana: Lawn Care Maintenance Services in Texarkana, TX | TruGreen","TruGreen Texarkana: Lawn Care Maintenance Services in Texarkana, TX | TruGreen","https://www.trugreen.com/local-lawn-care/texas/texarkana","1","https://www.trugreen.com/local-lawn-care/texas/texarkana","1","","200","https://www.trugreen.com/local-lawn-care/texas/texarkana","","","","0","2","We put the ""care"" in ""lawn care."" | Explore our plans.","0","header|footer","jsonld:1;types:BreadcrumbList|WebPage;invalid:0;missing:jsonld_0_missing_@context|jsonld_1_missing_@context","0","0","44","8","https://www.trugreen.com/lawn-care-101 | https://www.trugreen.com/lawn-care-101/learning-center | https://www.trugreen.com/newsroom | https://www.trugreen.com/pay-your-bill | https://www.trugreen.com/pests-products-and-services | https://www.trugreen.com/pga-tour | https://www.trugreen.com/products-and-services | https://www.trugreen.com/why-choose-trugreen/testimonials-and-ratings","","multiple-h1|missing-main|internal-links-missing-from-sitemap|duplicate-title",""
"chromium","2026-08-31T16:07:10.145Z","prod-release-2-7-2026-08-28","1100-1408","","https://www.trugreen.com/local-lawn-care/texas/tyler","https://www.trugreen.com/local-lawn-care/texas/tyler","200","200:https://www.trugreen.com/local-lawn-care/texas/tyler","TruGreen Tyler: Lawn Care Maintenance Services in Tyler, TX | TruGreen","TruGreen Tyler: Lawn Care Maintenance Services in Tyler, TX | TruGreen","https://www.trugreen.com/local-lawn-care/texas/tyler","1","https://www.trugreen.com/local-lawn-care/texas/tyler","1","","200","https://www.trugreen.com/local-lawn-care/texas/tyler","","","","0","1","Meet your local experts.","0","header|footer","jsonld:1;types:WebPage;invalid:0;missing:","0","0","45","8","https://www.trugreen.com/lawn-care-101 | https://www.trugreen.com/lawn-care-101/learning-center | https://www.trugreen.com/newsroom | https://www.trugreen.com/pay-your-bill | https://www.trugreen.com/pests-products-and-services | https://www.trugreen.com/pga-tour | https://www.trugreen.com/products-and-services | https://www.trugreen.com/why-choose-trugreen/testimonials-and-ratings","","missing-main|internal-links-missing-from-sitemap|duplicate-title",""
"chromium","2026-08-31T16:07:10.145Z","prod-release-2-7-2026-08-28","1100-1408","","https://www.trugreen.com/local-lawn-care/texas/tyler/lawn-care","https://www.trugreen.com/local-lawn-care/texas/tyler/lawn-care","200","200:https://www.trugreen.com/local-lawn-care/texas/tyler/lawn-care","TruGreen Tyler: Lawn Care Maintenance Services in Tyler, TX | TruGreen","TruGreen Tyler: Lawn Care Maintenance Services in Tyler, TX | TruGreen","https://www.trugreen.com/local-lawn-care/texas/tyler","1","https://www.trugreen.com/local-lawn-care/texas/tyler","1","","200","https://www.trugreen.com/local-lawn-care/texas/tyler","","","","0","2","We put the ""care"" in ""lawn care."" | Explore our plans.","0","header|footer","jsonld:1;types:BreadcrumbList|WebPage;invalid:0;missing:jsonld_0_missing_@context|jsonld_1_missing_@context","0","0","44","8","https://www.trugreen.com/lawn-care-101 | https://www.trugreen.com/lawn-care-101/learning-center | https://www.trugreen.com/newsroom | https://www.trugreen.com/pay-your-bill | https://www.trugreen.com/pests-products-and-services | https://www.trugreen.com/pga-tour | https://www.trugreen.com/products-and-services | https://www.trugreen.com/why-choose-trugreen/testimonials-and-ratings","","multiple-h1|missing-main|internal-links-missing-from-sitemap|duplicate-title",""
"chromium","2026-08-31T16:07:10.145Z","prod-release-2-7-2026-08-28","1100-1408","","https://www.trugreen.com/local-lawn-care/utah","https://www.trugreen.com/local-lawn-care/utah","200","200:https://www.trugreen.com/local-lawn-care/utah","TruGreen Utah: Local Lawn Care Service Near Me | TruGreen","TruGreen Utah: Local Lawn Care Service Near Me | TruGreen","https://www.trugreen.com/local-lawn-care/utah","1","https://www.trugreen.com/local-lawn-care/utah","1","","200","https://www.trugreen.com/local-lawn-care/utah","","","","0","1","Find your local branch in Utah.","0","header|footer","jsonld:1;types:BreadcrumbList|CollectionPage|ItemList;invalid:0;missing:jsonld_0_missing_@context|jsonld_1_missing_@context|jsonld_2_missing_@context","0","0","44","8","https://www.trugreen.com/lawn-care-101 | https://www.trugreen.com/lawn-care-101/learning-center | https://www.trugreen.com/newsroom | https://www.trugreen.com/pay-your-bill | https://www.trugreen.com/pests-products-and-services | https://www.trugreen.com/pga-tour | https://www.trugreen.com/products-and-services | https://www.trugreen.com/why-choose-trugreen/testimonials-and-ratings","","missing-main|internal-links-missing-from-sitemap",""
"chromium","2026-08-31T16:07:10.145Z","prod-release-2-7-2026-08-28","1100-1408","","https://www.trugreen.com/local-lawn-care/utah/ogden","https://www.trugreen.com/local-lawn-care/utah/ogden","200","200:https://www.trugreen.com/local-lawn-care/utah/ogden","TruGreen Ogden: Lawn Care Maintenance Services in Ogden, UT | TruGreen","TruGreen Ogden: Lawn Care Maintenance Services in Ogden, UT | TruGreen","https://www.trugreen.com/local-lawn-care/utah/ogden","1","https://www.trugreen.com/local-lawn-care/utah/ogden","1","","200","https://www.trugreen.com/local-lawn-care/utah/ogden","","","","0","1","Meet your local experts.","0","header|footer","jsonld:1;types:WebPage;invalid:0;missing:","0","0","45","8","https://www.trugreen.com/lawn-care-101 | https://www.trugreen.com/lawn-care-101/learning-center | https://www.trugreen.com/newsroom | https://www.trugreen.com/pay-your-bill | https://www.trugreen.com/pests-products-and-services | https://www.trugreen.com/pga-tour | https://www.trugreen.com/products-and-services | https://www.trugreen.com/why-choose-trugreen/testimonials-and-ratings","","missing-main|internal-links-missing-from-sitemap|duplicate-title",""
"chromium","2026-08-31T16:07:10.145Z","prod-release-2-7-2026-08-28","1100-1408","","https://www.trugreen.com/local-lawn-care/utah/ogden/lawn-care","https://www.trugreen.com/local-lawn-care/utah/ogden/lawn-care","200","200:https://www.trugreen.com/local-lawn-care/utah/ogden/lawn-care","TruGreen Ogden: Lawn Care Maintenance Services in Ogden, UT | TruGreen","TruGreen Ogden: Lawn Care Maintenance Services in Ogden, UT | TruGreen","https://www.trugreen.com/local-lawn-care/utah/ogden","1","https://www.trugreen.com/local-lawn-care/utah/ogden","1","","200","https://www.trugreen.com/local-lawn-care/utah/ogden","","","","0","2","We put the ""care"" in ""lawn care."" | Explore our plans.","0","header|footer","jsonld:1;types:BreadcrumbList|WebPage;invalid:0;missing:jsonld_0_missing_@context|jsonld_1_missing_@context","0","0","44","8","https://www.trugreen.com/lawn-care-101 | https://www.trugreen.com/lawn-care-101/learning-center | https://www.trugreen.com/newsroom | https://www.trugreen.com/pay-your-bill | https://www.trugreen.com/pests-products-and-services | https://www.trugreen.com/pga-tour | https://www.trugreen.com/products-and-services | https://www.trugreen.com/why-choose-trugreen/testimonials-and-ratings","","multiple-h1|missing-main|internal-links-missing-from-sitemap|duplicate-title",""
"chromium","2026-08-31T16:07:10.145Z","prod-release-2-7-2026-08-28","1100-1408","","https://www.trugreen.com/local-lawn-care/utah/salt-lake-city","https://www.trugreen.com/local-lawn-care/utah/salt-lake-city","200","200:https://www.trugreen.com/local-lawn-care/utah/salt-lake-city","TruGreen Salt Lake City: Lawn Care Maintenance Services in Salt Lake City, UT | TruGreen","TruGreen Salt Lake City: Lawn Care Maintenance Services in Salt Lake City, UT | TruGreen","https://www.trugreen.com/local-lawn-care/utah/salt-lake-city","1","https://www.trugreen.com/local-lawn-care/utah/salt-lake-city","1","","200","https://www.trugreen.com/local-lawn-care/utah/salt-lake-city","","","","0","1","Meet your local experts.","0","header|footer","jsonld:1;types:WebPage;invalid:0;missing:","0","0","45","8","https://www.trugreen.com/lawn-care-101 | https://www.trugreen.com/lawn-care-101/learning-center | https://www.trugreen.com/newsroom | https://www.trugreen.com/pay-your-bill | https://www.trugreen.com/pests-products-and-services | https://www.trugreen.com/pga-tour | https://www.trugreen.com/products-and-services | https://www.trugreen.com/why-choose-trugreen/testimonials-and-ratings","","missing-main|internal-links-missing-from-sitemap|duplicate-title",""
"chromium","2026-08-31T16:07:10.145Z","prod-release-2-7-2026-08-28","1100-1408","","https://www.trugreen.com/local-lawn-care/utah/salt-lake-city/lawn-care","https://www.trugreen.com/local-lawn-care/utah/salt-lake-city/lawn-care","200","200:https://www.trugreen.com/local-lawn-care/utah/salt-lake-city/lawn-care","TruGreen Salt Lake City: Lawn Care Maintenance Services in Salt Lake City, UT | TruGreen","TruGreen Salt Lake City: Lawn Care Maintenance Services in Salt Lake City, UT | TruGreen","https://www.trugreen.com/local-lawn-care/utah/salt-lake-city","1","https://www.trugreen.com/local-lawn-care/utah/salt-lake-city","1","","200","https://www.trugreen.com/local-lawn-care/utah/salt-lake-city","","","","0","2","We put the ""care"" in ""lawn care."" | Explore our plans.","0","header|footer","jsonld:1;types:BreadcrumbList|WebPage;invalid:0;missing:jsonld_0_missing_@context|jsonld_1_missing_@context","0","0","44","8","https://www.trugreen.com/lawn-care-101 | https://www.trugreen.com/lawn-care-101/learning-center | https://www.trugreen.com/newsroom | https://www.trugreen.com/pay-your-bill | https://www.trugreen.com/pests-products-and-services | https://www.trugreen.com/pga-tour | https://www.trugreen.com/products-and-services | https://www.trugreen.com/why-choose-trugreen/testimonials-and-ratings","","multiple-h1|missing-main|internal-links-missing-from-sitemap|duplicate-title",""
"chromium","2026-08-31T16:07:10.145Z","prod-release-2-7-2026-08-28","1100-1408","","https://www.trugreen.com/local-lawn-care/utah/west-jordan","https://www.trugreen.com/local-lawn-care/utah/west-jordan","200","200:https://www.trugreen.com/local-lawn-care/utah/west-jordan","TruGreen West Jordan: Lawn Care Maintenance Services in West Jordan, UT | TruGreen","TruGreen West Jordan: Lawn Care Maintenance Services in West Jordan, UT | TruGreen","https://www.trugreen.com/local-lawn-care/utah/west-jordan","1","https://www.trugreen.com/local-lawn-care/utah/west-jordan","1","","200","https://www.trugreen.com/local-lawn-care/utah/west-jordan","","","","0","1","Meet your local experts.","0","header|footer","jsonld:1;types:WebPage;invalid:0;missing:","0","0","45","8","https://www.trugreen.com/lawn-care-101 | https://www.trugreen.com/lawn-care-101/learning-center | https://www.trugreen.com/newsroom | https://www.trugreen.com/pay-your-bill | https://www.trugreen.com/pests-products-and-services | https://www.trugreen.com/pga-tour | https://www.trugreen.com/products-and-services | https://www.trugreen.com/why-choose-trugreen/testimonials-and-ratings","","missing-main|internal-links-missing-from-sitemap|duplicate-title",""
"chromium","2026-08-31T16:07:10.145Z","prod-release-2-7-2026-08-28","1100-1408","","https://www.trugreen.com/local-lawn-care/utah/west-jordan/lawn-care","https://www.trugreen.com/local-lawn-care/utah/west-jordan/lawn-care","200","200:https://www.trugreen.com/local-lawn-care/utah/west-jordan/lawn-care","TruGreen West Jordan: Lawn Care Maintenance Services in West Jordan, UT | TruGreen","TruGreen West Jordan: Lawn Care Maintenance Services in West Jordan, UT | TruGreen","https://www.trugreen.com/local-lawn-care/utah/west-jordan","1","https://www.trugreen.com/local-lawn-care/utah/west-jordan","1","","200","https://www.trugreen.com/local-lawn-care/utah/west-jordan","","","","0","2","We put the ""care"" in ""lawn care."" | Explore our plans.","0","header|footer","jsonld:1;types:BreadcrumbList|WebPage;invalid:0;missing:jsonld_0_missing_@context|jsonld_1_missing_@context","0","0","44","8","https://www.trugreen.com/lawn-care-101 | https://www.trugreen.com/lawn-care-101/learning-center | https://www.trugreen.com/newsroom | https://www.trugreen.com/pay-your-bill | https://www.trugreen.com/pests-products-and-services | https://www.trugreen.com/pga-tour | https://www.trugreen.com/products-and-services | https://www.trugreen.com/why-choose-trugreen/testimonials-and-ratings","","multiple-h1|missing-main|internal-links-missing-from-sitemap|duplicate-title",""
"chromium","2026-08-31T16:07:10.145Z","prod-release-2-7-2026-08-28","1100-1408","","https://www.trugreen.com/local-lawn-care/vermont","https://www.trugreen.com/local-lawn-care/vermont","200","200:https://www.trugreen.com/local-lawn-care/vermont","TruGreen Vermont: Local Lawn Care Service Near Me | TruGreen","TruGreen Vermont: Local Lawn Care Service Near Me | TruGreen","https://www.trugreen.com/local-lawn-care/vermont","1","https://www.trugreen.com/local-lawn-care/vermont","1","","200","https://www.trugreen.com/local-lawn-care/vermont","","","","0","1","Find your local branch in Vermont.","0","header|footer","jsonld:1;types:BreadcrumbList|CollectionPage|ItemList;invalid:0;missing:jsonld_0_missing_@context|jsonld_1_missing_@context|jsonld_2_missing_@context","0","0","41","8","https://www.trugreen.com/lawn-care-101 | https://www.trugreen.com/lawn-care-101/learning-center | https://www.trugreen.com/newsroom | https://www.trugreen.com/pay-your-bill | https://www.trugreen.com/pests-products-and-services | https://www.trugreen.com/pga-tour | https://www.trugreen.com/products-and-services | https://www.trugreen.com/why-choose-trugreen/testimonials-and-ratings","","missing-main|internal-links-missing-from-sitemap",""
"chromium","2026-08-31T16:07:10.145Z","prod-release-2-7-2026-08-28","1100-1408","","https://www.trugreen.com/local-lawn-care/virginia","https://www.trugreen.com/local-lawn-care/virginia","200","200:https://www.trugreen.com/local-lawn-care/virginia","TruGreen Virginia: Local Lawn Care Service Near Me | TruGreen","TruGreen Virginia: Local Lawn Care Service Near Me | TruGreen","https://www.trugreen.com/local-lawn-care/virginia","1","https://www.trugreen.com/local-lawn-care/virginia","1","","200","https://www.trugreen.com/local-lawn-care/virginia","","","","0","1","Find your local branch in Virginia.","0","header|footer","jsonld:1;types:BreadcrumbList|CollectionPage|ItemList;invalid:0;missing:jsonld_0_missing_@context|jsonld_1_missing_@context|jsonld_2_missing_@context","0","0","46","8","https://www.trugreen.com/lawn-care-101 | https://www.trugreen.com/lawn-care-101/learning-center | https://www.trugreen.com/newsroom | https://www.trugreen.com/pay-your-bill | https://www.trugreen.com/pests-products-and-services | https://www.trugreen.com/pga-tour | https://www.trugreen.com/products-and-services | https://www.trugreen.com/why-choose-trugreen/testimonials-and-ratings","","missing-main|internal-links-missing-from-sitemap",""
"chromium","2026-08-31T16:07:10.145Z","prod-release-2-7-2026-08-28","1100-1408","","https://www.trugreen.com/local-lawn-care/virginia/ashland","https://www.trugreen.com/local-lawn-care/virginia/ashland","200","200:https://www.trugreen.com/local-lawn-care/virginia/ashland","TruGreen Ashland: Lawn Care Maintenance Services in Ashland, VA | TruGreen","TruGreen Ashland: Lawn Care Maintenance Services in Ashland, VA | TruGreen","https://www.trugreen.com/local-lawn-care/virginia/ashland","1","https://www.trugreen.com/local-lawn-care/virginia/ashland","1","","200","https://www.trugreen.com/local-lawn-care/virginia/ashland","","","","0","1","Meet your local experts.","0","header|footer","jsonld:1;types:WebPage;invalid:0;missing:","0","0","45","8","https://www.trugreen.com/lawn-care-101 | https://www.trugreen.com/lawn-care-101/learning-center | https://www.trugreen.com/newsroom | https://www.trugreen.com/pay-your-bill | https://www.trugreen.com/pests-products-and-services | https://www.trugreen.com/pga-tour | https://www.trugreen.com/products-and-services | https://www.trugreen.com/why-choose-trugreen/testimonials-and-ratings","","missing-main|internal-links-missing-from-sitemap|duplicate-title",""
"chromium","2026-08-31T16:07:10.145Z","prod-release-2-7-2026-08-28","1100-1408","","https://www.trugreen.com/local-lawn-care/virginia/ashland/lawn-care","https://www.trugreen.com/local-lawn-care/virginia/ashland/lawn-care","200","200:https://www.trugreen.com/local-lawn-care/virginia/ashland/lawn-care","TruGreen Ashland: Lawn Care Maintenance Services in Ashland, VA | TruGreen","TruGreen Ashland: Lawn Care Maintenance Services in Ashland, VA | TruGreen","https://www.trugreen.com/local-lawn-care/virginia/ashland","1","https://www.trugreen.com/local-lawn-care/virginia/ashland","1","","200","https://www.trugreen.com/local-lawn-care/virginia/ashland","","","","0","2","We put the ""care"" in ""lawn care."" | Explore our plans.","0","header|footer","jsonld:1;types:BreadcrumbList|WebPage;invalid:0;missing:jsonld_0_missing_@context|jsonld_1_missing_@context","0","0","44","8","https://www.trugreen.com/lawn-care-101 | https://www.trugreen.com/lawn-care-101/learning-center | https://www.trugreen.com/newsroom | https://www.trugreen.com/pay-your-bill | https://www.trugreen.com/pests-products-and-services | https://www.trugreen.com/pga-tour | https://www.trugreen.com/products-and-services | https://www.trugreen.com/why-choose-trugreen/testimonials-and-ratings","","multiple-h1|missing-main|internal-links-missing-from-sitemap|duplicate-title",""
"chromium","2026-08-31T16:07:10.145Z","prod-release-2-7-2026-08-28","1100-1408","","https://www.trugreen.com/local-lawn-care/virginia/dulles","https://www.trugreen.com/local-lawn-care/virginia/dulles","200","200:https://www.trugreen.com/local-lawn-care/virginia/dulles","TruGreen Dulles: Lawn Care Maintenance Services in Dulles, VA | TruGreen","TruGreen Dulles: Lawn Care Maintenance Services in Dulles, VA | TruGreen","https://www.trugreen.com/local-lawn-care/virginia/dulles","1","https://www.trugreen.com/local-lawn-care/virginia/dulles","1","","200","https://www.trugreen.com/local-lawn-care/virginia/dulles","","","","0","1","Meet your local experts.","0","header|footer","jsonld:1;types:WebPage;invalid:0;missing:","0","0","45","8","https://www.trugreen.com/lawn-care-101 | https://www.trugreen.com/lawn-care-101/learning-center | https://www.trugreen.com/newsroom | https://www.trugreen.com/pay-your-bill | https://www.trugreen.com/pests-products-and-services | https://www.trugreen.com/pga-tour | https://www.trugreen.com/products-and-services | https://www.trugreen.com/why-choose-trugreen/testimonials-and-ratings","","missing-main|internal-links-missing-from-sitemap|duplicate-title",""
"chromium","2026-08-31T16:07:10.145Z","prod-release-2-7-2026-08-28","1100-1408","","https://www.trugreen.com/local-lawn-care/virginia/dulles/lawn-care","https://www.trugreen.com/local-lawn-care/virginia/dulles/lawn-care","200","200:https://www.trugreen.com/local-lawn-care/virginia/dulles/lawn-care","TruGreen Dulles: Lawn Care Maintenance Services in Dulles, VA | TruGreen","TruGreen Dulles: Lawn Care Maintenance Services in Dulles, VA | TruGreen","https://www.trugreen.com/local-lawn-care/virginia/dulles","1","https://www.trugreen.com/local-lawn-care/virginia/dulles","1","","200","https://www.trugreen.com/local-lawn-care/virginia/dulles","","","","0","2","We put the ""care"" in ""lawn care."" | Explore our plans.","0","header|footer","jsonld:1;types:BreadcrumbList|WebPage;invalid:0;missing:jsonld_0_missing_@context|jsonld_1_missing_@context","0","0","44","8","https://www.trugreen.com/lawn-care-101 | https://www.trugreen.com/lawn-care-101/learning-center | https://www.trugreen.com/newsroom | https://www.trugreen.com/pay-your-bill | https://www.trugreen.com/pests-products-and-services | https://www.trugreen.com/pga-tour | https://www.trugreen.com/products-and-services | https://www.trugreen.com/why-choose-trugreen/testimonials-and-ratings","","multiple-h1|missing-main|internal-links-missing-from-sitemap|duplicate-title",""
"chromium","2026-08-31T16:07:10.145Z","prod-release-2-7-2026-08-28","1100-1408","","https://www.trugreen.com/local-lawn-care/virginia/lorton","https://www.trugreen.com/local-lawn-care/virginia/lorton","200","200:https://www.trugreen.com/local-lawn-care/virginia/lorton","TruGreen D.C. South: Lawn Care Maintenance Services in D.C. South, VA | TruGreen","TruGreen D.C. South: Lawn Care Maintenance Services in D.C. South, VA | TruGreen","https://www.trugreen.com/local-lawn-care/virginia/lorton","1","https://www.trugreen.com/local-lawn-care/virginia/lorton","1","","200","https://www.trugreen.com/local-lawn-care/virginia/lorton","","","","0","1","Meet your local experts.","0","header|footer","jsonld:1;types:WebPage;invalid:0;missing:","0","0","45","8","https://www.trugreen.com/lawn-care-101 | https://www.trugreen.com/lawn-care-101/learning-center | https://www.trugreen.com/newsroom | https://www.trugreen.com/pay-your-bill | https://www.trugreen.com/pests-products-and-services | https://www.trugreen.com/pga-tour | https://www.trugreen.com/products-and-services | https://www.trugreen.com/why-choose-trugreen/testimonials-and-ratings","","missing-main|internal-links-missing-from-sitemap|duplicate-title",""
"chromium","2026-08-31T16:07:10.145Z","prod-release-2-7-2026-08-28","1100-1408","","https://www.trugreen.com/local-lawn-care/virginia/lorton/lawn-care","https://www.trugreen.com/local-lawn-care/virginia/lorton/lawn-care","200","200:https://www.trugreen.com/local-lawn-care/virginia/lorton/lawn-care","TruGreen D.C. South: Lawn Care Maintenance Services in D.C. South, VA | TruGreen","TruGreen D.C. South: Lawn Care Maintenance Services in D.C. South, VA | TruGreen","https://www.trugreen.com/local-lawn-care/virginia/lorton","1","https://www.trugreen.com/local-lawn-care/virginia/lorton","1","","200","https://www.trugreen.com/local-lawn-care/virginia/lorton","","","","0","2","We put the ""care"" in ""lawn care."" | Explore our plans.","0","header|footer","jsonld:1;types:BreadcrumbList|WebPage;invalid:0;missing:jsonld_0_missing_@context|jsonld_1_missing_@context","0","0","44","8","https://www.trugreen.com/lawn-care-101 | https://www.trugreen.com/lawn-care-101/learning-center | https://www.trugreen.com/newsroom | https://www.trugreen.com/pay-your-bill | https://www.trugreen.com/pests-products-and-services | https://www.trugreen.com/pga-tour | https://www.trugreen.com/products-and-services | https://www.trugreen.com/why-choose-trugreen/testimonials-and-ratings","","multiple-h1|missing-main|internal-links-missing-from-sitemap|duplicate-title",""
"chromium","2026-08-31T16:07:10.145Z","prod-release-2-7-2026-08-28","1100-1408","","https://www.trugreen.com/local-lawn-care/virginia/newport-news","https://www.trugreen.com/local-lawn-care/virginia/newport-news","200","200:https://www.trugreen.com/local-lawn-care/virginia/newport-news","TruGreen Newport News: Lawn Care Maintenance Services in Newport News, VA | TruGreen","TruGreen Newport News: Lawn Care Maintenance Services in Newport News, VA | TruGreen","https://www.trugreen.com/local-lawn-care/virginia/newport-news","1","https://www.trugreen.com/local-lawn-care/virginia/newport-news","1","","200","https://www.trugreen.com/local-lawn-care/virginia/newport-news","","","","0","1","Meet your local experts.","0","header|footer","jsonld:1;types:WebPage;invalid:0;missing:","0","0","45","8","https://www.trugreen.com/lawn-care-101 | https://www.trugreen.com/lawn-care-101/learning-center | https://www.trugreen.com/newsroom | https://www.trugreen.com/pay-your-bill | https://www.trugreen.com/pests-products-and-services | https://www.trugreen.com/pga-tour | https://www.trugreen.com/products-and-services | https://www.trugreen.com/why-choose-trugreen/testimonials-and-ratings","","missing-main|internal-links-missing-from-sitemap|duplicate-title",""
"chromium","2026-08-31T16:07:10.145Z","prod-release-2-7-2026-08-28","1100-1408","","https://www.trugreen.com/local-lawn-care/virginia/newport-news/lawn-care","https://www.trugreen.com/local-lawn-care/virginia/newport-news/lawn-care","200","200:https://www.trugreen.com/local-lawn-care/virginia/newport-news/lawn-care","TruGreen Newport News: Lawn Care Maintenance Services in Newport News, VA | TruGreen","TruGreen Newport News: Lawn Care Maintenance Services in Newport News, VA | TruGreen","https://www.trugreen.com/local-lawn-care/virginia/newport-news","1","https://www.trugreen.com/local-lawn-care/virginia/newport-news","1","","200","https://www.trugreen.com/local-lawn-care/virginia/newport-news","","","","0","2","We put the ""care"" in ""lawn care."" | Explore our plans.","0","header|footer","jsonld:1;types:BreadcrumbList|WebPage;invalid:0;missing:jsonld_0_missing_@context|jsonld_1_missing_@context","0","0","44","8","https://www.trugreen.com/lawn-care-101 | https://www.trugreen.com/lawn-care-101/learning-center | https://www.trugreen.com/newsroom | https://www.trugreen.com/pay-your-bill | https://www.trugreen.com/pests-products-and-services | https://www.trugreen.com/pga-tour | https://www.trugreen.com/products-and-services | https://www.trugreen.com/why-choose-trugreen/testimonials-and-ratings","","multiple-h1|missing-main|internal-links-missing-from-sitemap|duplicate-title",""
"chromium","2026-08-31T16:07:10.145Z","prod-release-2-7-2026-08-28","1100-1408","","https://www.trugreen.com/local-lawn-care/virginia/richmond","https://www.trugreen.com/local-lawn-care/virginia/richmond","200","200:https://www.trugreen.com/local-lawn-care/virginia/richmond","TruGreen Richmond: Lawn Care Maintenance Services in Richmond, VA | TruGreen","TruGreen Richmond: Lawn Care Maintenance Services in Richmond, VA | TruGreen","https://www.trugreen.com/local-lawn-care/virginia/richmond","1","https://www.trugreen.com/local-lawn-care/virginia/richmond","1","","200","https://www.trugreen.com/local-lawn-care/virginia/richmond","","","","0","1","Meet your local experts.","0","header|footer","jsonld:1;types:WebPage;invalid:0;missing:","0","0","45","8","https://www.trugreen.com/lawn-care-101 | https://www.trugreen.com/lawn-care-101/learning-center | https://www.trugreen.com/newsroom | https://www.trugreen.com/pay-your-bill | https://www.trugreen.com/pests-products-and-services | https://www.trugreen.com/pga-tour | https://www.trugreen.com/products-and-services | https://www.trugreen.com/why-choose-trugreen/testimonials-and-ratings","","missing-main|internal-links-missing-from-sitemap|duplicate-title",""
"chromium","2026-08-31T16:07:10.145Z","prod-release-2-7-2026-08-28","1100-1408","","https://www.trugreen.com/local-lawn-care/virginia/richmond/lawn-care","https://www.trugreen.com/local-lawn-care/virginia/richmond/lawn-care","200","200:https://www.trugreen.com/local-lawn-care/virginia/richmond/lawn-care","TruGreen Richmond: Lawn Care Maintenance Services in Richmond, VA | TruGreen","TruGreen Richmond: Lawn Care Maintenance Services in Richmond, VA | TruGreen","https://www.trugreen.com/local-lawn-care/virginia/richmond","1","https://www.trugreen.com/local-lawn-care/virginia/richmond","1","","200","https://www.trugreen.com/local-lawn-care/virginia/richmond","","","","0","2","We put the ""care"" in ""lawn care."" | Explore our plans.","0","header|footer","jsonld:1;types:BreadcrumbList|WebPage;invalid:0;missing:jsonld_0_missing_@context|jsonld_1_missing_@context","0","0","44","8","https://www.trugreen.com/lawn-care-101 | https://www.trugreen.com/lawn-care-101/learning-center | https://www.trugreen.com/newsroom | https://www.trugreen.com/pay-your-bill | https://www.trugreen.com/pests-products-and-services | https://www.trugreen.com/pga-tour | https://www.trugreen.com/products-and-services | https://www.trugreen.com/why-choose-trugreen/testimonials-and-ratings","","multiple-h1|missing-main|internal-links-missing-from-sitemap|duplicate-title",""
"chromium","2026-08-31T16:07:10.145Z","prod-release-2-7-2026-08-28","1100-1408","","https://www.trugreen.com/local-lawn-care/virginia/salem","https://www.trugreen.com/local-lawn-care/virginia/salem","200","200:https://www.trugreen.com/local-lawn-care/virginia/salem","TruGreen Roanoke: Lawn Care Maintenance Services in Roanoke, VA | TruGreen","TruGreen Roanoke: Lawn Care Maintenance Services in Roanoke, VA | TruGreen","https://www.trugreen.com/local-lawn-care/virginia/salem","1","https://www.trugreen.com/local-lawn-care/virginia/salem","1","","200","https://www.trugreen.com/local-lawn-care/virginia/salem","","","","0","1","Meet your local experts.","0","header|footer","jsonld:1;types:WebPage;invalid:0;missing:","0","0","45","8","https://www.trugreen.com/lawn-care-101 | https://www.trugreen.com/lawn-care-101/learning-center | https://www.trugreen.com/newsroom | https://www.trugreen.com/pay-your-bill | https://www.trugreen.com/pests-products-and-services | https://www.trugreen.com/pga-tour | https://www.trugreen.com/products-and-services | https://www.trugreen.com/why-choose-trugreen/testimonials-and-ratings","","missing-main|internal-links-missing-from-sitemap|duplicate-title",""
"chromium","2026-08-31T16:07:10.145Z","prod-release-2-7-2026-08-28","1100-1408","","https://www.trugreen.com/local-lawn-care/virginia/salem/lawn-care","https://www.trugreen.com/local-lawn-care/virginia/salem/lawn-care","200","200:https://www.trugreen.com/local-lawn-care/virginia/salem/lawn-care","TruGreen Roanoke: Lawn Care Maintenance Services in Roanoke, VA | TruGreen","TruGreen Roanoke: Lawn Care Maintenance Services in Roanoke, VA | TruGreen","https://www.trugreen.com/local-lawn-care/virginia/salem","1","https://www.trugreen.com/local-lawn-care/virginia/salem","1","","200","https://www.trugreen.com/local-lawn-care/virginia/salem","","","","0","2","We put the ""care"" in ""lawn care."" | Explore our plans.","0","header|footer","jsonld:1;types:BreadcrumbList|WebPage;invalid:0;missing:jsonld_0_missing_@context|jsonld_1_missing_@context","0","0","44","8","https://www.trugreen.com/lawn-care-101 | https://www.trugreen.com/lawn-care-101/learning-center | https://www.trugreen.com/newsroom | https://www.trugreen.com/pay-your-bill | https://www.trugreen.com/pests-products-and-services | https://www.trugreen.com/pga-tour | https://www.trugreen.com/products-and-services | https://www.trugreen.com/why-choose-trugreen/testimonials-and-ratings","","multiple-h1|missing-main|internal-links-missing-from-sitemap|duplicate-title",""
"chromium","2026-08-31T16:07:10.145Z","prod-release-2-7-2026-08-28","1100-1408","","https://www.trugreen.com/local-lawn-care/virginia/sterling","https://www.trugreen.com/local-lawn-care/virginia/sterling","200","200:https://www.trugreen.com/local-lawn-care/virginia/sterling","TruGreen D.C. West: Lawn Care Maintenance Services in D.C. West, VA | TruGreen","TruGreen D.C. West: Lawn Care Maintenance Services in D.C. West, VA | TruGreen","https://www.trugreen.com/local-lawn-care/virginia/sterling","1","https://www.trugreen.com/local-lawn-care/virginia/sterling","1","","200","https://www.trugreen.com/local-lawn-care/virginia/sterling","","","","0","1","Meet your local experts.","0","header|footer","jsonld:1;types:WebPage;invalid:0;missing:","0","0","45","8","https://www.trugreen.com/lawn-care-101 | https://www.trugreen.com/lawn-care-101/learning-center | https://www.trugreen.com/newsroom | https://www.trugreen.com/pay-your-bill | https://www.trugreen.com/pests-products-and-services | https://www.trugreen.com/pga-tour | https://www.trugreen.com/products-and-services | https://www.trugreen.com/why-choose-trugreen/testimonials-and-ratings","","missing-main|internal-links-missing-from-sitemap|duplicate-title",""
"chromium","2026-08-31T16:07:10.145Z","prod-release-2-7-2026-08-28","1100-1408","","https://www.trugreen.com/local-lawn-care/virginia/sterling/lawn-care","https://www.trugreen.com/local-lawn-care/virginia/sterling/lawn-care","200","200:https://www.trugreen.com/local-lawn-care/virginia/sterling/lawn-care","TruGreen D.C. West: Lawn Care Maintenance Services in D.C. West, VA | TruGreen","TruGreen D.C. West: Lawn Care Maintenance Services in D.C. West, VA | TruGreen","https://www.trugreen.com/local-lawn-care/virginia/sterling","1","https://www.trugreen.com/local-lawn-care/virginia/sterling","1","","200","https://www.trugreen.com/local-lawn-care/virginia/sterling","","","","0","2","We put the ""care"" in ""lawn care."" | Explore our plans.","0","header|footer","jsonld:1;types:BreadcrumbList|WebPage;invalid:0;missing:jsonld_0_missing_@context|jsonld_1_missing_@context","0","0","44","8","https://www.trugreen.com/lawn-care-101 | https://www.trugreen.com/lawn-care-101/learning-center | https://www.trugreen.com/newsroom | https://www.trugreen.com/pay-your-bill | https://www.trugreen.com/pests-products-and-services | https://www.trugreen.com/pga-tour | https://www.trugreen.com/products-and-services | https://www.trugreen.com/why-choose-trugreen/testimonials-and-ratings","","multiple-h1|missing-main|internal-links-missing-from-sitemap|duplicate-title",""
"chromium","2026-08-31T16:07:10.145Z","prod-release-2-7-2026-08-28","1100-1408","","https://www.trugreen.com/local-lawn-care/virginia/virginia-beach","https://www.trugreen.com/local-lawn-care/virginia/virginia-beach","200","200:https://www.trugreen.com/local-lawn-care/virginia/virginia-beach","TruGreen Virginia Beach: Lawn Care Maintenance Services in Virginia Beach, VA | TruGreen","TruGreen Virginia Beach: Lawn Care Maintenance Services in Virginia Beach, VA | TruGreen","https://www.trugreen.com/local-lawn-care/virginia/virginia-beach","1","https://www.trugreen.com/local-lawn-care/virginia/virginia-beach","1","","200","https://www.trugreen.com/local-lawn-care/virginia/virginia-beach","","","","0","1","Meet your local experts.","0","header|footer","jsonld:1;types:WebPage;invalid:0;missing:","0","0","45","8","https://www.trugreen.com/lawn-care-101 | https://www.trugreen.com/lawn-care-101/learning-center | https://www.trugreen.com/newsroom | https://www.trugreen.com/pay-your-bill | https://www.trugreen.com/pests-products-and-services | https://www.trugreen.com/pga-tour | https://www.trugreen.com/products-and-services | https://www.trugreen.com/why-choose-trugreen/testimonials-and-ratings","","missing-main|internal-links-missing-from-sitemap|duplicate-title",""
"chromium","2026-08-31T16:07:10.145Z","prod-release-2-7-2026-08-28","1100-1408","","https://www.trugreen.com/local-lawn-care/virginia/virginia-beach/lawn-care","https://www.trugreen.com/local-lawn-care/virginia/virginia-beach/lawn-care","200","200:https://www.trugreen.com/local-lawn-care/virginia/virginia-beach/lawn-care","TruGreen Virginia Beach: Lawn Care Maintenance Services in Virginia Beach, VA | TruGreen","TruGreen Virginia Beach: Lawn Care Maintenance Services in Virginia Beach, VA | TruGreen","https://www.trugreen.com/local-lawn-care/virginia/virginia-beach","1","https://www.trugreen.com/local-lawn-care/virginia/virginia-beach","1","","200","https://www.trugreen.com/local-lawn-care/virginia/virginia-beach","","","","0","2","We put the ""care"" in ""lawn care."" | Explore our plans.","0","header|footer","jsonld:1;types:BreadcrumbList|WebPage;invalid:0;missing:jsonld_0_missing_@context|jsonld_1_missing_@context","0","0","44","8","https://www.trugreen.com/lawn-care-101 | https://www.trugreen.com/lawn-care-101/learning-center | https://www.trugreen.com/newsroom | https://www.trugreen.com/pay-your-bill | https://www.trugreen.com/pests-products-and-services | https://www.trugreen.com/pga-tour | https://www.trugreen.com/products-and-services | https://www.trugreen.com/why-choose-trugreen/testimonials-and-ratings","","multiple-h1|missing-main|internal-links-missing-from-sitemap|duplicate-title",""
"chromium","2026-08-31T16:07:10.145Z","prod-release-2-7-2026-08-28","1100-1408","","https://www.trugreen.com/local-lawn-care/washington","https://www.trugreen.com/local-lawn-care/washington","200","200:https://www.trugreen.com/local-lawn-care/washington","TruGreen Washington: Local Lawn Care Service Near Me | TruGreen","TruGreen Washington: Local Lawn Care Service Near Me | TruGreen","https://www.trugreen.com/local-lawn-care/washington","1","https://www.trugreen.com/local-lawn-care/washington","1","","200","https://www.trugreen.com/local-lawn-care/washington","","","","0","1","Find your local branch in Washington.","0","header|footer","jsonld:1;types:BreadcrumbList|CollectionPage|ItemList;invalid:0;missing:jsonld_0_missing_@context|jsonld_1_missing_@context|jsonld_2_missing_@context","0","0","44","8","https://www.trugreen.com/lawn-care-101 | https://www.trugreen.com/lawn-care-101/learning-center | https://www.trugreen.com/newsroom | https://www.trugreen.com/pay-your-bill | https://www.trugreen.com/pests-products-and-services | https://www.trugreen.com/pga-tour | https://www.trugreen.com/products-and-services | https://www.trugreen.com/why-choose-trugreen/testimonials-and-ratings","","missing-main|internal-links-missing-from-sitemap",""
"chromium","2026-08-31T16:07:10.145Z","prod-release-2-7-2026-08-28","1100-1408","","https://www.trugreen.com/local-lawn-care/washington/puyallup","https://www.trugreen.com/local-lawn-care/washington/puyallup","200","200:https://www.trugreen.com/local-lawn-care/washington/puyallup","TruGreen Seattle South: Lawn Care Maintenance Services in Seattle South, WA | TruGreen","TruGreen Seattle South: Lawn Care Maintenance Services in Seattle South, WA | TruGreen","https://www.trugreen.com/local-lawn-care/washington/puyallup","1","https://www.trugreen.com/local-lawn-care/washington/puyallup","1","","200","https://www.trugreen.com/local-lawn-care/washington/puyallup","","","","0","1","Meet your local experts.","0","header|footer","jsonld:1;types:WebPage;invalid:0;missing:","0","0","45","8","https://www.trugreen.com/lawn-care-101 | https://www.trugreen.com/lawn-care-101/learning-center | https://www.trugreen.com/newsroom | https://www.trugreen.com/pay-your-bill | https://www.trugreen.com/pests-products-and-services | https://www.trugreen.com/pga-tour | https://www.trugreen.com/products-and-services | https://www.trugreen.com/why-choose-trugreen/testimonials-and-ratings","","missing-main|internal-links-missing-from-sitemap|duplicate-title",""
"chromium","2026-08-31T16:07:10.145Z","prod-release-2-7-2026-08-28","1100-1408","","https://www.trugreen.com/local-lawn-care/washington/puyallup/lawn-care","https://www.trugreen.com/local-lawn-care/washington/puyallup/lawn-care","200","200:https://www.trugreen.com/local-lawn-care/washington/puyallup/lawn-care","TruGreen Seattle South: Lawn Care Maintenance Services in Seattle South, WA | TruGreen","TruGreen Seattle South: Lawn Care Maintenance Services in Seattle South, WA | TruGreen","https://www.trugreen.com/local-lawn-care/washington/puyallup","1","https://www.trugreen.com/local-lawn-care/washington/puyallup","1","","200","https://www.trugreen.com/local-lawn-care/washington/puyallup","","","","0","2","We put the ""care"" in ""lawn care."" | Explore our plans.","0","header|footer","jsonld:1;types:BreadcrumbList|WebPage;invalid:0;missing:jsonld_0_missing_@context|jsonld_1_missing_@context","0","0","44","8","https://www.trugreen.com/lawn-care-101 | https://www.trugreen.com/lawn-care-101/learning-center | https://www.trugreen.com/newsroom | https://www.trugreen.com/pay-your-bill | https://www.trugreen.com/pests-products-and-services | https://www.trugreen.com/pga-tour | https://www.trugreen.com/products-and-services | https://www.trugreen.com/why-choose-trugreen/testimonials-and-ratings","","multiple-h1|missing-main|internal-links-missing-from-sitemap|duplicate-title",""
"chromium","2026-08-31T16:07:10.145Z","prod-release-2-7-2026-08-28","1100-1408","","https://www.trugreen.com/local-lawn-care/washington/redmond","https://www.trugreen.com/local-lawn-care/washington/redmond","200","200:https://www.trugreen.com/local-lawn-care/washington/redmond","TruGreen Seattle North: Lawn Care Maintenance Services in Seattle North, WA | TruGreen","TruGreen Seattle North: Lawn Care Maintenance Services in Seattle North, WA | TruGreen","https://www.trugreen.com/local-lawn-care/washington/redmond","1","https://www.trugreen.com/local-lawn-care/washington/redmond","1","","200","https://www.trugreen.com/local-lawn-care/washington/redmond","","","","0","1","Meet your local experts.","0","header|footer","jsonld:1;types:WebPage;invalid:0;missing:","0","0","45","8","https://www.trugreen.com/lawn-care-101 | https://www.trugreen.com/lawn-care-101/learning-center | https://www.trugreen.com/newsroom | https://www.trugreen.com/pay-your-bill | https://www.trugreen.com/pests-products-and-services | https://www.trugreen.com/pga-tour | https://www.trugreen.com/products-and-services | https://www.trugreen.com/why-choose-trugreen/testimonials-and-ratings","","missing-main|internal-links-missing-from-sitemap|duplicate-title",""
"chromium","2026-08-31T16:07:10.145Z","prod-release-2-7-2026-08-28","1100-1408","","https://www.trugreen.com/local-lawn-care/washington/redmond/lawn-care","https://www.trugreen.com/local-lawn-care/washington/redmond/lawn-care","200","200:https://www.trugreen.com/local-lawn-care/washington/redmond/lawn-care","TruGreen Seattle North: Lawn Care Maintenance Services in Seattle North, WA | TruGreen","TruGreen Seattle North: Lawn Care Maintenance Services in Seattle North, WA | TruGreen","https://www.trugreen.com/local-lawn-care/washington/redmond","1","https://www.trugreen.com/local-lawn-care/washington/redmond","1","","200","https://www.trugreen.com/local-lawn-care/washington/redmond","","","","0","2","We put the ""care"" in ""lawn care."" | Explore our plans.","0","header|footer","jsonld:1;types:BreadcrumbList|WebPage;invalid:0;missing:jsonld_0_missing_@context|jsonld_1_missing_@context","0","0","44","8","https://www.trugreen.com/lawn-care-101 | https://www.trugreen.com/lawn-care-101/learning-center | https://www.trugreen.com/newsroom | https://www.trugreen.com/pay-your-bill | https://www.trugreen.com/pests-products-and-services | https://www.trugreen.com/pga-tour | https://www.trugreen.com/products-and-services | https://www.trugreen.com/why-choose-trugreen/testimonials-and-ratings","","multiple-h1|missing-main|internal-links-missing-from-sitemap|duplicate-title",""
"chromium","2026-08-31T16:07:10.145Z","prod-release-2-7-2026-08-28","1100-1408","","https://www.trugreen.com/local-lawn-care/washington/spokane","https://www.trugreen.com/local-lawn-care/washington/spokane","200","200:https://www.trugreen.com/local-lawn-care/washington/spokane","TruGreen Spokane: Lawn Care Maintenance Services in Spokane, WA | TruGreen","TruGreen Spokane: Lawn Care Maintenance Services in Spokane, WA | TruGreen","https://www.trugreen.com/local-lawn-care/washington/spokane","1","https://www.trugreen.com/local-lawn-care/washington/spokane","1","","200","https://www.trugreen.com/local-lawn-care/washington/spokane","","","","0","1","Meet your local experts.","0","header|footer","jsonld:1;types:WebPage;invalid:0;missing:","0","0","45","8","https://www.trugreen.com/lawn-care-101 | https://www.trugreen.com/lawn-care-101/learning-center | https://www.trugreen.com/newsroom | https://www.trugreen.com/pay-your-bill | https://www.trugreen.com/pests-products-and-services | https://www.trugreen.com/pga-tour | https://www.trugreen.com/products-and-services | https://www.trugreen.com/why-choose-trugreen/testimonials-and-ratings","","missing-main|internal-links-missing-from-sitemap|duplicate-title",""
"chromium","2026-08-31T16:07:10.145Z","prod-release-2-7-2026-08-28","1100-1408","","https://www.trugreen.com/local-lawn-care/washington/spokane/lawn-care","https://www.trugreen.com/local-lawn-care/washington/spokane/lawn-care","200","200:https://www.trugreen.com/local-lawn-care/washington/spokane/lawn-care","TruGreen Spokane: Lawn Care Maintenance Services in Spokane, WA | TruGreen","TruGreen Spokane: Lawn Care Maintenance Services in Spokane, WA | TruGreen","https://www.trugreen.com/local-lawn-care/washington/spokane","1","https://www.trugreen.com/local-lawn-care/washington/spokane","1","","200","https://www.trugreen.com/local-lawn-care/washington/spokane","","","","0","2","We put the ""care"" in ""lawn care."" | Explore our plans.","0","header|footer","jsonld:1;types:BreadcrumbList|WebPage;invalid:0;missing:jsonld_0_missing_@context|jsonld_1_missing_@context","0","0","45","9","https://www.trugreen.com/lawn-care-101 | https://www.trugreen.com/lawn-care-101/learning-center | https://www.trugreen.com/newsroom | https://www.trugreen.com/pay-your-bill | https://www.trugreen.com/pests-products-and-services | https://www.trugreen.com/pga-tour | https://www.trugreen.com/products-and-services | https://www.trugreen.com/products-and-services/6042-trucomplete-6rnd-aer-ovrsd-chinch | https://www.trugreen.com/why-choose-trugreen/testimonials-and-ratings","","multiple-h1|missing-main|internal-links-missing-from-sitemap|duplicate-title",""
"chromium","2026-08-31T16:07:10.145Z","prod-release-2-7-2026-08-28","1100-1408","","https://www.trugreen.com/local-lawn-care/west-virginia","https://www.trugreen.com/local-lawn-care/west-virginia","200","200:https://www.trugreen.com/local-lawn-care/west-virginia","TruGreen West Virginia: Local Lawn Care Service Near Me | TruGreen","TruGreen West Virginia: Local Lawn Care Service Near Me | TruGreen","https://www.trugreen.com/local-lawn-care/west-virginia","1","https://www.trugreen.com/local-lawn-care/west-virginia","1","","200","https://www.trugreen.com/local-lawn-care/west-virginia","","","","0","1","Find your local branch in West Virginia.","0","header|footer","jsonld:1;types:BreadcrumbList|CollectionPage|ItemList;invalid:0;missing:jsonld_0_missing_@context|jsonld_1_missing_@context|jsonld_2_missing_@context","0","0","42","8","https://www.trugreen.com/lawn-care-101 | https://www.trugreen.com/lawn-care-101/learning-center | https://www.trugreen.com/newsroom | https://www.trugreen.com/pay-your-bill | https://www.trugreen.com/pests-products-and-services | https://www.trugreen.com/pga-tour | https://www.trugreen.com/products-and-services | https://www.trugreen.com/why-choose-trugreen/testimonials-and-ratings","","missing-main|internal-links-missing-from-sitemap",""
"chromium","2026-08-31T16:07:10.145Z","prod-release-2-7-2026-08-28","1100-1408","","https://www.trugreen.com/local-lawn-care/west-virginia/scott-depot","https://www.trugreen.com/local-lawn-care/west-virginia/scott-depot","200","200:https://www.trugreen.com/local-lawn-care/west-virginia/scott-depot","TruGreen Huntington: Lawn Care Maintenance Services in Huntington, WV | TruGreen","TruGreen Huntington: Lawn Care Maintenance Services in Huntington, WV | TruGreen","https://www.trugreen.com/local-lawn-care/west-virginia/scott-depot","1","https://www.trugreen.com/local-lawn-care/west-virginia/scott-depot","1","","200","https://www.trugreen.com/local-lawn-care/west-virginia/scott-depot","","","","0","1","Meet your local experts.","0","header|footer","jsonld:1;types:WebPage;invalid:0;missing:","0","0","45","8","https://www.trugreen.com/lawn-care-101 | https://www.trugreen.com/lawn-care-101/learning-center | https://www.trugreen.com/newsroom | https://www.trugreen.com/pay-your-bill | https://www.trugreen.com/pests-products-and-services | https://www.trugreen.com/pga-tour | https://www.trugreen.com/products-and-services | https://www.trugreen.com/why-choose-trugreen/testimonials-and-ratings","","missing-main|internal-links-missing-from-sitemap|duplicate-title",""
"chromium","2026-08-31T16:07:10.145Z","prod-release-2-7-2026-08-28","1100-1408","","https://www.trugreen.com/local-lawn-care/west-virginia/scott-depot/lawn-care","https://www.trugreen.com/local-lawn-care/west-virginia/scott-depot/lawn-care","200","200:https://www.trugreen.com/local-lawn-care/west-virginia/scott-depot/lawn-care","TruGreen Huntington: Lawn Care Maintenance Services in Huntington, WV | TruGreen","TruGreen Huntington: Lawn Care Maintenance Services in Huntington, WV | TruGreen","https://www.trugreen.com/local-lawn-care/west-virginia/scott-depot","1","https://www.trugreen.com/local-lawn-care/west-virginia/scott-depot","1","","200","https://www.trugreen.com/local-lawn-care/west-virginia/scott-depot","","","","0","2","We put the ""care"" in ""lawn care."" | Explore our plans.","0","header|footer","jsonld:1;types:BreadcrumbList|WebPage;invalid:0;missing:jsonld_0_missing_@context|jsonld_1_missing_@context","0","0","44","8","https://www.trugreen.com/lawn-care-101 | https://www.trugreen.com/lawn-care-101/learning-center | https://www.trugreen.com/newsroom | https://www.trugreen.com/pay-your-bill | https://www.trugreen.com/pests-products-and-services | https://www.trugreen.com/pga-tour | https://www.trugreen.com/products-and-services | https://www.trugreen.com/why-choose-trugreen/testimonials-and-ratings","","multiple-h1|missing-main|internal-links-missing-from-sitemap|duplicate-title",""
"chromium","2026-08-31T16:07:10.145Z","prod-release-2-7-2026-08-28","1100-1408","","https://www.trugreen.com/local-lawn-care/wisconsin","https://www.trugreen.com/local-lawn-care/wisconsin","200","200:https://www.trugreen.com/local-lawn-care/wisconsin","TruGreen Wisconsin: Local Lawn Care Service Near Me | TruGreen","TruGreen Wisconsin: Local Lawn Care Service Near Me | TruGreen","https://www.trugreen.com/local-lawn-care/wisconsin","1","https://www.trugreen.com/local-lawn-care/wisconsin","1","","200","https://www.trugreen.com/local-lawn-care/wisconsin","","","","0","1","Find your local branch in Wisconsin.","0","header|footer","jsonld:1;types:BreadcrumbList|CollectionPage|ItemList;invalid:0;missing:jsonld_0_missing_@context|jsonld_1_missing_@context|jsonld_2_missing_@context","0","0","45","8","https://www.trugreen.com/lawn-care-101 | https://www.trugreen.com/lawn-care-101/learning-center | https://www.trugreen.com/newsroom | https://www.trugreen.com/pay-your-bill | https://www.trugreen.com/pests-products-and-services | https://www.trugreen.com/pga-tour | https://www.trugreen.com/products-and-services | https://www.trugreen.com/why-choose-trugreen/testimonials-and-ratings","","missing-main|internal-links-missing-from-sitemap",""
"chromium","2026-08-31T16:07:10.145Z","prod-release-2-7-2026-08-28","1100-1408","","https://www.trugreen.com/local-lawn-care/wisconsin/appleton","https://www.trugreen.com/local-lawn-care/wisconsin/appleton","200","200:https://www.trugreen.com/local-lawn-care/wisconsin/appleton","TruGreen Appleton: Lawn Care Maintenance Services in Appleton, WI | TruGreen","TruGreen Appleton: Lawn Care Maintenance Services in Appleton, WI | TruGreen","https://www.trugreen.com/local-lawn-care/wisconsin/appleton","1","https://www.trugreen.com/local-lawn-care/wisconsin/appleton","1","","200","https://www.trugreen.com/local-lawn-care/wisconsin/appleton","","","","0","1","Meet your local experts.","0","header|footer","jsonld:1;types:WebPage;invalid:0;missing:","0","0","45","8","https://www.trugreen.com/lawn-care-101 | https://www.trugreen.com/lawn-care-101/learning-center | https://www.trugreen.com/newsroom | https://www.trugreen.com/pay-your-bill | https://www.trugreen.com/pests-products-and-services | https://www.trugreen.com/pga-tour | https://www.trugreen.com/products-and-services | https://www.trugreen.com/why-choose-trugreen/testimonials-and-ratings","","missing-main|internal-links-missing-from-sitemap|duplicate-title",""
"chromium","2026-08-31T16:07:10.145Z","prod-release-2-7-2026-08-28","1100-1408","","https://www.trugreen.com/local-lawn-care/wisconsin/appleton/lawn-care","https://www.trugreen.com/local-lawn-care/wisconsin/appleton/lawn-care","200","200:https://www.trugreen.com/local-lawn-care/wisconsin/appleton/lawn-care","TruGreen Appleton: Lawn Care Maintenance Services in Appleton, WI | TruGreen","TruGreen Appleton: Lawn Care Maintenance Services in Appleton, WI | TruGreen","https://www.trugreen.com/local-lawn-care/wisconsin/appleton","1","https://www.trugreen.com/local-lawn-care/wisconsin/appleton","1","","200","https://www.trugreen.com/local-lawn-care/wisconsin/appleton","","","","0","2","We put the ""care"" in ""lawn care."" | Explore our plans.","0","header|footer","jsonld:1;types:BreadcrumbList|WebPage;invalid:0;missing:jsonld_0_missing_@context|jsonld_1_missing_@context","0","0","44","8","https://www.trugreen.com/lawn-care-101 | https://www.trugreen.com/lawn-care-101/learning-center | https://www.trugreen.com/newsroom | https://www.trugreen.com/pay-your-bill | https://www.trugreen.com/pests-products-and-services | https://www.trugreen.com/pga-tour | https://www.trugreen.com/products-and-services | https://www.trugreen.com/why-choose-trugreen/testimonials-and-ratings","","multiple-h1|missing-main|internal-links-missing-from-sitemap|duplicate-title",""
"chromium","2026-08-31T16:07:10.145Z","prod-release-2-7-2026-08-28","1100-1408","","https://www.trugreen.com/local-lawn-care/wisconsin/madison","https://www.trugreen.com/local-lawn-care/wisconsin/madison","200","200:https://www.trugreen.com/local-lawn-care/wisconsin/madison","TruGreen Madison: Lawn Care Maintenance Services in Madison, WI | TruGreen","TruGreen Madison: Lawn Care Maintenance Services in Madison, WI | TruGreen","https://www.trugreen.com/local-lawn-care/wisconsin/madison","1","https://www.trugreen.com/local-lawn-care/wisconsin/madison","1","","200","https://www.trugreen.com/local-lawn-care/wisconsin/madison","","","","0","1","Meet your local experts.","0","header|footer","jsonld:1;types:WebPage;invalid:0;missing:","0","0","45","8","https://www.trugreen.com/lawn-care-101 | https://www.trugreen.com/lawn-care-101/learning-center | https://www.trugreen.com/newsroom | https://www.trugreen.com/pay-your-bill | https://www.trugreen.com/pests-products-and-services | https://www.trugreen.com/pga-tour | https://www.trugreen.com/products-and-services | https://www.trugreen.com/why-choose-trugreen/testimonials-and-ratings","","missing-main|internal-links-missing-from-sitemap|duplicate-title",""
"chromium","2026-08-31T16:07:10.145Z","prod-release-2-7-2026-08-28","1100-1408","","https://www.trugreen.com/local-lawn-care/wisconsin/madison/lawn-care","https://www.trugreen.com/local-lawn-care/wisconsin/madison/lawn-care","200","200:https://www.trugreen.com/local-lawn-care/wisconsin/madison/lawn-care","TruGreen Madison: Lawn Care Maintenance Services in Madison, WI | TruGreen","TruGreen Madison: Lawn Care Maintenance Services in Madison, WI | TruGreen","https://www.trugreen.com/local-lawn-care/wisconsin/madison","1","https://www.trugreen.com/local-lawn-care/wisconsin/madison","1","","200","https://www.trugreen.com/local-lawn-care/wisconsin/madison","","","","0","2","We put the ""care"" in ""lawn care."" | Explore our plans.","0","header|footer","jsonld:1;types:BreadcrumbList|WebPage;invalid:0;missing:jsonld_0_missing_@context|jsonld_1_missing_@context","0","0","44","8","https://www.trugreen.com/lawn-care-101 | https://www.trugreen.com/lawn-care-101/learning-center | https://www.trugreen.com/newsroom | https://www.trugreen.com/pay-your-bill | https://www.trugreen.com/pests-products-and-services | https://www.trugreen.com/pga-tour | https://www.trugreen.com/products-and-services | https://www.trugreen.com/why-choose-trugreen/testimonials-and-ratings","","multiple-h1|missing-main|internal-links-missing-from-sitemap|duplicate-title",""
"chromium","2026-08-31T16:07:10.145Z","prod-release-2-7-2026-08-28","1100-1408","","https://www.trugreen.com/local-lawn-care/wisconsin/milwaukee","https://www.trugreen.com/local-lawn-care/wisconsin/milwaukee","200","200:https://www.trugreen.com/local-lawn-care/wisconsin/milwaukee","TruGreen Milwaukee North: Lawn Care Maintenance Services in Milwaukee North, WI | TruGreen","TruGreen Milwaukee North: Lawn Care Maintenance Services in Milwaukee North, WI | TruGreen","https://www.trugreen.com/local-lawn-care/wisconsin/milwaukee","1","https://www.trugreen.com/local-lawn-care/wisconsin/milwaukee","1","","200","https://www.trugreen.com/local-lawn-care/wisconsin/milwaukee","","","","0","1","Meet your local experts.","0","header|footer","jsonld:1;types:WebPage;invalid:0;missing:","0","0","45","8","https://www.trugreen.com/lawn-care-101 | https://www.trugreen.com/lawn-care-101/learning-center | https://www.trugreen.com/newsroom | https://www.trugreen.com/pay-your-bill | https://www.trugreen.com/pests-products-and-services | https://www.trugreen.com/pga-tour | https://www.trugreen.com/products-and-services | https://www.trugreen.com/why-choose-trugreen/testimonials-and-ratings","","missing-main|internal-links-missing-from-sitemap|duplicate-title",""
"chromium","2026-08-31T16:07:10.145Z","prod-release-2-7-2026-08-28","1100-1408","","https://www.trugreen.com/local-lawn-care/wisconsin/milwaukee/lawn-care","https://www.trugreen.com/local-lawn-care/wisconsin/milwaukee/lawn-care","200","200:https://www.trugreen.com/local-lawn-care/wisconsin/milwaukee/lawn-care","TruGreen Milwaukee North: Lawn Care Maintenance Services in Milwaukee North, WI | TruGreen","TruGreen Milwaukee North: Lawn Care Maintenance Services in Milwaukee North, WI | TruGreen","https://www.trugreen.com/local-lawn-care/wisconsin/milwaukee","1","https://www.trugreen.com/local-lawn-care/wisconsin/milwaukee","1","","200","https://www.trugreen.com/local-lawn-care/wisconsin/milwaukee","","","","0","2","We put the ""care"" in ""lawn care."" | Explore our plans.","0","header|footer","jsonld:1;types:BreadcrumbList|WebPage;invalid:0;missing:jsonld_0_missing_@context|jsonld_1_missing_@context","0","0","44","8","https://www.trugreen.com/lawn-care-101 | https://www.trugreen.com/lawn-care-101/learning-center | https://www.trugreen.com/newsroom | https://www.trugreen.com/pay-your-bill | https://www.trugreen.com/pests-products-and-services | https://www.trugreen.com/pga-tour | https://www.trugreen.com/products-and-services | https://www.trugreen.com/why-choose-trugreen/testimonials-and-ratings","","multiple-h1|missing-main|internal-links-missing-from-sitemap|duplicate-title",""
"chromium","2026-08-31T16:07:10.145Z","prod-release-2-7-2026-08-28","1100-1408","","https://www.trugreen.com/local-lawn-care/wisconsin/waukesha","https://www.trugreen.com/local-lawn-care/wisconsin/waukesha","200","200:https://www.trugreen.com/local-lawn-care/wisconsin/waukesha","TruGreen Waukesha: Lawn Care Maintenance Services in Waukesha, WI | TruGreen","TruGreen Waukesha: Lawn Care Maintenance Services in Waukesha, WI | TruGreen","https://www.trugreen.com/local-lawn-care/wisconsin/waukesha","1","https://www.trugreen.com/local-lawn-care/wisconsin/waukesha","1","","200","https://www.trugreen.com/local-lawn-care/wisconsin/waukesha","","","","0","1","Meet your local experts.","0","header|footer","jsonld:1;types:WebPage;invalid:0;missing:","0","0","45","8","https://www.trugreen.com/lawn-care-101 | https://www.trugreen.com/lawn-care-101/learning-center | https://www.trugreen.com/newsroom | https://www.trugreen.com/pay-your-bill | https://www.trugreen.com/pests-products-and-services | https://www.trugreen.com/pga-tour | https://www.trugreen.com/products-and-services | https://www.trugreen.com/why-choose-trugreen/testimonials-and-ratings","","missing-main|internal-links-missing-from-sitemap|duplicate-title",""
"chromium","2026-08-31T16:07:10.145Z","prod-release-2-7-2026-08-28","1100-1408","","https://www.trugreen.com/local-lawn-care/wisconsin/waukesha/lawn-care","https://www.trugreen.com/local-lawn-care/wisconsin/waukesha/lawn-care","200","200:https://www.trugreen.com/local-lawn-care/wisconsin/waukesha/lawn-care","TruGreen Waukesha: Lawn Care Maintenance Services in Waukesha, WI | TruGreen","TruGreen Waukesha: Lawn Care Maintenance Services in Waukesha, WI | TruGreen","https://www.trugreen.com/local-lawn-care/wisconsin/waukesha","1","https://www.trugreen.com/local-lawn-care/wisconsin/waukesha","1","","200","https://www.trugreen.com/local-lawn-care/wisconsin/waukesha","","","","0","2","We put the ""care"" in ""lawn care."" | Explore our plans.","0","header|footer","jsonld:1;types:BreadcrumbList|WebPage;invalid:0;missing:jsonld_0_missing_@context|jsonld_1_missing_@context","0","0","44","8","https://www.trugreen.com/lawn-care-101 | https://www.trugreen.com/lawn-care-101/learning-center | https://www.trugreen.com/newsroom | https://www.trugreen.com/pay-your-bill | https://www.trugreen.com/pests-products-and-services | https://www.trugreen.com/pga-tour | https://www.trugreen.com/products-and-services | https://www.trugreen.com/why-choose-trugreen/testimonials-and-ratings","","multiple-h1|missing-main|internal-links-missing-from-sitemap|duplicate-title",""
"chromium","2026-08-31T16:07:10.145Z","prod-release-2-7-2026-08-28","1100-1408","","https://www.trugreen.com/local-lawn-care/wyoming","https://www.trugreen.com/local-lawn-care/wyoming","200","200:https://www.trugreen.com/local-lawn-care/wyoming","TruGreen Wyoming: Local Lawn Care Service Near Me | TruGreen","TruGreen Wyoming: Local Lawn Care Service Near Me | TruGreen","https://www.trugreen.com/local-lawn-care/wyoming","1","https://www.trugreen.com/local-lawn-care/wyoming","1","","200","https://www.trugreen.com/local-lawn-care/wyoming","","","","0","1","Find your local branch in Wyoming.","0","header|footer","jsonld:1;types:BreadcrumbList|CollectionPage|ItemList;invalid:0;missing:jsonld_0_missing_@context|jsonld_1_missing_@context|jsonld_2_missing_@context","0","0","44","8","https://www.trugreen.com/lawn-care-101 | https://www.trugreen.com/lawn-care-101/learning-center | https://www.trugreen.com/newsroom | https://www.trugreen.com/pay-your-bill | https://www.trugreen.com/pests-products-and-services | https://www.trugreen.com/pga-tour | https://www.trugreen.com/products-and-services | https://www.trugreen.com/why-choose-trugreen/testimonials-and-ratings","","missing-main|internal-links-missing-from-sitemap",""
"chromium","2026-08-31T16:07:10.145Z","prod-release-2-7-2026-08-28","1100-1408","","https://www.trugreen.com/local-lawn-care/wyoming/casper","https://www.trugreen.com/local-lawn-care/wyoming/casper","200","200:https://www.trugreen.com/local-lawn-care/wyoming/casper","TruGreen Casper: Lawn Care Maintenance Services in Casper, WY | TruGreen","TruGreen Casper: Lawn Care Maintenance Services in Casper, WY | TruGreen","https://www.trugreen.com/local-lawn-care/wyoming/casper","1","https://www.trugreen.com/local-lawn-care/wyoming/casper","1","","200","https://www.trugreen.com/local-lawn-care/wyoming/casper","","","","0","1","Meet your local experts.","0","header|footer","jsonld:1;types:WebPage;invalid:0;missing:","0","0","45","8","https://www.trugreen.com/lawn-care-101 | https://www.trugreen.com/lawn-care-101/learning-center | https://www.trugreen.com/newsroom | https://www.trugreen.com/pay-your-bill | https://www.trugreen.com/pests-products-and-services | https://www.trugreen.com/pga-tour | https://www.trugreen.com/products-and-services | https://www.trugreen.com/why-choose-trugreen/testimonials-and-ratings","","missing-main|internal-links-missing-from-sitemap|duplicate-title",""
"chromium","2026-08-31T16:07:10.145Z","prod-release-2-7-2026-08-28","1100-1408","","https://www.trugreen.com/local-lawn-care/wyoming/casper/lawn-care","https://www.trugreen.com/local-lawn-care/wyoming/casper/lawn-care","200","200:https://www.trugreen.com/local-lawn-care/wyoming/casper/lawn-care","TruGreen Casper: Lawn Care Maintenance Services in Casper, WY | TruGreen","TruGreen Casper: Lawn Care Maintenance Services in Casper, WY | TruGreen","https://www.trugreen.com/local-lawn-care/wyoming/casper","1","https://www.trugreen.com/local-lawn-care/wyoming/casper","1","","200","https://www.trugreen.com/local-lawn-care/wyoming/casper","","","","0","2","We put the ""care"" in ""lawn care."" | Explore our plans.","0","header|footer","jsonld:1;types:BreadcrumbList|WebPage;invalid:0;missing:jsonld_0_missing_@context|jsonld_1_missing_@context","0","0","44","8","https://www.trugreen.com/lawn-care-101 | https://www.trugreen.com/lawn-care-101/learning-center | https://www.trugreen.com/newsroom | https://www.trugreen.com/pay-your-bill | https://www.trugreen.com/pests-products-and-services | https://www.trugreen.com/pga-tour | https://www.trugreen.com/products-and-services | https://www.trugreen.com/why-choose-trugreen/testimonials-and-ratings","","multiple-h1|missing-main|internal-links-missing-from-sitemap|duplicate-title",""
"chromium","2026-08-31T16:07:10.145Z","prod-release-2-7-2026-08-28","1100-1408","","https://www.trugreen.com/local-lawn-care/wyoming/gillette","https://www.trugreen.com/local-lawn-care/wyoming/gillette","200","200:https://www.trugreen.com/local-lawn-care/wyoming/gillette","TruGreen Gillette: Lawn Care Maintenance Services in Gillette, WY | TruGreen","TruGreen Gillette: Lawn Care Maintenance Services in Gillette, WY | TruGreen","https://www.trugreen.com/local-lawn-care/wyoming/gillette","1","https://www.trugreen.com/local-lawn-care/wyoming/gillette","1","","200","https://www.trugreen.com/local-lawn-care/wyoming/gillette","","","","0","1","Meet your local experts.","0","header|footer","jsonld:1;types:WebPage;invalid:0;missing:","0","0","45","8","https://www.trugreen.com/lawn-care-101 | https://www.trugreen.com/lawn-care-101/learning-center | https://www.trugreen.com/newsroom | https://www.trugreen.com/pay-your-bill | https://www.trugreen.com/pests-products-and-services | https://www.trugreen.com/pga-tour | https://www.trugreen.com/products-and-services | https://www.trugreen.com/why-choose-trugreen/testimonials-and-ratings","","missing-main|internal-links-missing-from-sitemap|duplicate-title",""
"chromium","2026-08-31T16:07:10.145Z","prod-release-2-7-2026-08-28","1100-1408","","https://www.trugreen.com/local-lawn-care/wyoming/gillette/lawn-care","https://www.trugreen.com/local-lawn-care/wyoming/gillette/lawn-care","200","200:https://www.trugreen.com/local-lawn-care/wyoming/gillette/lawn-care","TruGreen Gillette: Lawn Care Maintenance Services in Gillette, WY | TruGreen","TruGreen Gillette: Lawn Care Maintenance Services in Gillette, WY | TruGreen","https://www.trugreen.com/local-lawn-care/wyoming/gillette","1","https://www.trugreen.com/local-lawn-care/wyoming/gillette","1","","200","https://www.trugreen.com/local-lawn-care/wyoming/gillette","","","","0","2","We put the ""care"" in ""lawn care."" | Explore our plans.","0","header|footer","jsonld:1;types:BreadcrumbList|WebPage;invalid:0;missing:jsonld_0_missing_@context|jsonld_1_missing_@context","0","0","44","8","https://www.trugreen.com/lawn-care-101 | https://www.trugreen.com/lawn-care-101/learning-center | https://www.trugreen.com/newsroom | https://www.trugreen.com/pay-your-bill | https://www.trugreen.com/pests-products-and-services | https://www.trugreen.com/pga-tour | https://www.trugreen.com/products-and-services | https://www.trugreen.com/why-choose-trugreen/testimonials-and-ratings","","multiple-h1|missing-main|internal-links-missing-from-sitemap|duplicate-title",""
"chromium","2026-08-31T16:07:10.145Z","prod-release-2-7-2026-08-28","1100-1408","","https://www.trugreen.com/local-lawn-care/wyoming/sheridan","https://www.trugreen.com/local-lawn-care/wyoming/sheridan","200","200:https://www.trugreen.com/local-lawn-care/wyoming/sheridan","TruGreen Sheridan: Lawn Care Maintenance Services in Sheridan, WY | TruGreen","TruGreen Sheridan: Lawn Care Maintenance Services in Sheridan, WY | TruGreen","https://www.trugreen.com/local-lawn-care/wyoming/sheridan","1","https://www.trugreen.com/local-lawn-care/wyoming/sheridan","1","","200","https://www.trugreen.com/local-lawn-care/wyoming/sheridan","","","","0","1","Meet your local experts.","0","header|footer","jsonld:1;types:WebPage;invalid:0;missing:","0","0","45","8","https://www.trugreen.com/lawn-care-101 | https://www.trugreen.com/lawn-care-101/learning-center | https://www.trugreen.com/newsroom | https://www.trugreen.com/pay-your-bill | https://www.trugreen.com/pests-products-and-services | https://www.trugreen.com/pga-tour | https://www.trugreen.com/products-and-services | https://www.trugreen.com/why-choose-trugreen/testimonials-and-ratings","","missing-main|internal-links-missing-from-sitemap|duplicate-title",""
"chromium","2026-08-31T16:07:10.145Z","prod-release-2-7-2026-08-28","1100-1408","","https://www.trugreen.com/local-lawn-care/wyoming/sheridan/lawn-care","https://www.trugreen.com/local-lawn-care/wyoming/sheridan/lawn-care","200","200:https://www.trugreen.com/local-lawn-care/wyoming/sheridan/lawn-care","TruGreen Sheridan: Lawn Care Maintenance Services in Sheridan, WY | TruGreen","TruGreen Sheridan: Lawn Care Maintenance Services in Sheridan, WY | TruGreen","https://www.trugreen.com/local-lawn-care/wyoming/sheridan","1","https://www.trugreen.com/local-lawn-care/wyoming/sheridan","1","","200","https://www.trugreen.com/local-lawn-care/wyoming/sheridan","","","","0","2","We put the ""care"" in ""lawn care."" | Explore our plans.","0","header|footer","jsonld:1;types:BreadcrumbList|WebPage;invalid:0;missing:jsonld_0_missing_@context|jsonld_1_missing_@context","0","0","44","8","https://www.trugreen.com/lawn-care-101 | https://www.trugreen.com/lawn-care-101/learning-center | https://www.trugreen.com/newsroom | https://www.trugreen.com/pay-your-bill | https://www.trugreen.com/pests-products-and-services | https://www.trugreen.com/pga-tour | https://www.trugreen.com/products-and-services | https://www.trugreen.com/why-choose-trugreen/testimonials-and-ratings","","multiple-h1|missing-main|internal-links-missing-from-sitemap|duplicate-title",""
"chromium","2026-08-31T16:07:10.145Z","prod-release-2-7-2026-08-28","1100-1408","","https://www.trugreen.com/loyalty/fall1/terms-and-conditions","https://www.trugreen.com/loyalty/fall1/terms-and-conditions","200","200:https://www.trugreen.com/loyalty/fall1/terms-and-conditions","Terms and Conditions | TruGreen","Terms and Conditions | TruGreen","https://www.trugreen.com/loyalty/fall1/terms-and-conditions","1","https://www.trugreen.com/loyalty/fall1/terms-and-conditions","1","","200","https://www.trugreen.com/loyalty/fall1/terms-and-conditions","","","","0","1","Terms and Conditions","0","main|header|nav|footer","jsonld:1;types:WebSite;invalid:0;missing:jsonld_0_missing_@context","0","0","42","11","https://www.trugreen.com/chat/organic-promo | https://www.trugreen.com/lawn-care-101 | https://www.trugreen.com/lawn-care-101/learning-center | https://www.trugreen.com/my-account/account-summary | https://www.trugreen.com/newsroom | https://www.trugreen.com/pay-your-bill | https://www.trugreen.com/pests-products-and-services | https://www.trugreen.com/pga-tour | https://www.trugreen.com/products-and-services | https://www.trugreen.com/products-and-services/tree-and-shrub-service | https://www.trugreen.com/why-choose-trugreen/testimonials-and-ratings","","internal-links-missing-from-sitemap|duplicate-title",""
"chromium","2026-08-31T16:07:10.145Z","prod-release-2-7-2026-08-28","1100-1408","","https://www.trugreen.com/loyalty/fall2/terms-and-conditions","https://www.trugreen.com/loyalty/fall2/terms-and-conditions","200","200:https://www.trugreen.com/loyalty/fall2/terms-and-conditions","Terms and Conditions | TruGreen","Terms and Conditions | TruGreen","https://www.trugreen.com/loyalty/fall2/terms-and-conditions","1","https://www.trugreen.com/loyalty/fall2/terms-and-conditions","1","","200","https://www.trugreen.com/loyalty/fall2/terms-and-conditions","","","","0","1","Terms and Conditions","0","main|header|nav|footer","jsonld:1;types:WebSite;invalid:0;missing:jsonld_0_missing_@context","0","0","42","11","https://www.trugreen.com/chat/organic-promo | https://www.trugreen.com/lawn-care-101 | https://www.trugreen.com/lawn-care-101/learning-center | https://www.trugreen.com/my-account/account-summary | https://www.trugreen.com/newsroom | https://www.trugreen.com/pay-your-bill | https://www.trugreen.com/pests-products-and-services | https://www.trugreen.com/pga-tour | https://www.trugreen.com/products-and-services | https://www.trugreen.com/products-and-services/tree-and-shrub-service | https://www.trugreen.com/why-choose-trugreen/testimonials-and-ratings","","internal-links-missing-from-sitemap|duplicate-title",""
"chromium","2026-08-31T16:07:10.145Z","prod-release-2-7-2026-08-28","1100-1408","","https://www.trugreen.com/military-discount","https://www.trugreen.com/military-discount","200","200:https://www.trugreen.com/military-discount","Military Discount Page | TruGreen","Military Discount Page | TruGreen","https://www.trugreen.com/military-discount","1","https://www.trugreen.com/military-discount","1","","200","https://www.trugreen.com/military-discount","","","","0","4","Greener, healthier lawns to be proud of. | Your service deserves recognition. | Supporting your service. | Frequently Asked Questions","0","header|nav|footer","jsonld:0;types:;invalid:0;missing:","0","0","44","13","https://www.trugreen.com/lawn-care-101 | https://www.trugreen.com/lawn-care-101/learning-center | https://www.trugreen.com/my-account/account-settings | https://www.trugreen.com/my-account/account-summary | https://www.trugreen.com/my-account/my-documents | https://www.trugreen.com/my-account/my-services | https://www.trugreen.com/my-account/payments | https://www.trugreen.com/newsroom | https://www.trugreen.com/pay-your-bill | https://www.trugreen.com/pests-products-and-services | https://www.trugreen.com/pga-tour | https://www.trugreen.com/products-and-services | https://www.trugreen.com/why-choose-trugreen/testimonials-and-ratings","","multiple-h1|missing-main|internal-links-missing-from-sitemap",""
"chromium","2026-08-31T16:07:10.145Z","prod-release-2-7-2026-08-28","1100-1408","","https://www.trugreen.com/monthlypay-terms-conditions","https://www.trugreen.com/monthlypay-terms-conditions","200","200:https://www.trugreen.com/monthlypay-terms-conditions","MonthlyPay Terms and Conditions | TruGreen","MonthlyPay Terms and Conditions | TruGreen","https://www.trugreen.com/monthlypay-terms-conditions","1","https://www.trugreen.com/monthlypay-terms-conditions","1","","200","https://www.trugreen.com/monthlypay-terms-conditions","","","","0","1","MonthlyPay Terms and Conditions","0","main|header|nav|footer","jsonld:1;types:WebSite;invalid:0;missing:jsonld_0_missing_@context","0","0","42","11","https://www.trugreen.com/chat/organic-promo | https://www.trugreen.com/lawn-care-101 | https://www.trugreen.com/lawn-care-101/learning-center | https://www.trugreen.com/my-account/account-summary | https://www.trugreen.com/newsroom | https://www.trugreen.com/pay-your-bill | https://www.trugreen.com/pests-products-and-services | https://www.trugreen.com/pga-tour | https://www.trugreen.com/products-and-services | https://www.trugreen.com/products-and-services/tree-and-shrub-service | https://www.trugreen.com/why-choose-trugreen/testimonials-and-ratings","","internal-links-missing-from-sitemap",""
"chromium","2026-08-31T16:07:10.145Z","prod-release-2-7-2026-08-28","1100-1408","","https://www.trugreen.com/my-account/forgot-password","https://www.trugreen.com/my-account/forgot-password","200","200:https://www.trugreen.com/my-account/forgot-password","TruGreen | America’s #1 Name in Lawn Care","TruGreen | America’s #1 Name in Lawn Care","https://www.trugreen.com/my-account/forgot-password","1","https://www.trugreen.com/my-account/forgot-password","1","","200","https://www.trugreen.com/my-account/forgot-password","","","","0","1","Forgot Your Password?","0","header|nav|footer","jsonld:0;types:;invalid:0;missing:","0","0","42","9","https://www.trugreen.com/lawn-care-101 | https://www.trugreen.com/lawn-care-101/learning-center | https://www.trugreen.com/my-account/account-summary | https://www.trugreen.com/newsroom | https://www.trugreen.com/pay-your-bill | https://www.trugreen.com/pests-products-and-services | https://www.trugreen.com/pga-tour | https://www.trugreen.com/products-and-services | https://www.trugreen.com/why-choose-trugreen/testimonials-and-ratings","","missing-main|internal-links-missing-from-sitemap|duplicate-title",""
"chromium","2026-08-31T16:07:10.145Z","prod-release-2-7-2026-08-28","1100-1408","","https://www.trugreen.com/my-account/login","https://www.trugreen.com/my-account/login","200","200:https://www.trugreen.com/my-account/login","TruGreen | America’s #1 Name in Lawn Care","TruGreen | America’s #1 Name in Lawn Care","https://www.trugreen.com/my-account/login","1","https://www.trugreen.com/my-account/login","1","","200","https://www.trugreen.com/my-account/login","","","","0","1","TruGreen Account Login","0","header|nav|footer","jsonld:0;types:;invalid:0;missing:","0","0","42","9","https://www.trugreen.com/lawn-care-101 | https://www.trugreen.com/lawn-care-101/learning-center | https://www.trugreen.com/my-account/account-summary | https://www.trugreen.com/newsroom | https://www.trugreen.com/pay-your-bill | https://www.trugreen.com/pests-products-and-services | https://www.trugreen.com/pga-tour | https://www.trugreen.com/products-and-services | https://www.trugreen.com/why-choose-trugreen/testimonials-and-ratings","","missing-main|internal-links-missing-from-sitemap|duplicate-title",""
"chromium","2026-08-31T16:07:10.145Z","prod-release-2-7-2026-08-28","1100-1408","","https://www.trugreen.com/my-account/registration","https://www.trugreen.com/my-account/registration","200","200:https://www.trugreen.com/my-account/registration","TruGreen | America’s #1 Name in Lawn Care","TruGreen | America’s #1 Name in Lawn Care","https://www.trugreen.com/my-account/registration","1","https://www.trugreen.com/my-account/registration","1","","200","https://www.trugreen.com/my-account/registration","","","","0","1","Registration","0","header|nav|footer","jsonld:0;types:;invalid:0;missing:","0","0","42","9","https://www.trugreen.com/lawn-care-101 | https://www.trugreen.com/lawn-care-101/learning-center | https://www.trugreen.com/my-account/account-summary | https://www.trugreen.com/newsroom | https://www.trugreen.com/pay-your-bill | https://www.trugreen.com/pests-products-and-services | https://www.trugreen.com/pga-tour | https://www.trugreen.com/products-and-services | https://www.trugreen.com/why-choose-trugreen/testimonials-and-ratings","","missing-main|internal-links-missing-from-sitemap|duplicate-title",""
"chromium","2026-08-31T16:07:10.145Z","prod-release-2-7-2026-08-28","1100-1408","","https://www.trugreen.com/my-account/reset-password","https://www.trugreen.com/my-account/login","200","200:https://www.trugreen.com/my-account/reset-password","Reset Password | TruGreen","TruGreen | America’s #1 Name in Lawn Care","https://www.trugreen.com/my-account/reset-password","1","https://www.trugreen.com/my-account/login","1","","200","https://www.trugreen.com/my-account/login","","","","0","1","TruGreen Account Login","0","header|nav|footer","jsonld:0;types:;invalid:0;missing:","0","0","42","9","https://www.trugreen.com/lawn-care-101 | https://www.trugreen.com/lawn-care-101/learning-center | https://www.trugreen.com/my-account/account-summary | https://www.trugreen.com/newsroom | https://www.trugreen.com/pay-your-bill | https://www.trugreen.com/pests-products-and-services | https://www.trugreen.com/pga-tour | https://www.trugreen.com/products-and-services | https://www.trugreen.com/why-choose-trugreen/testimonials-and-ratings","","canonical-raw-dom-conflict|missing-main|internal-links-missing-from-sitemap|duplicate-title",""
"chromium","2026-08-31T16:07:10.145Z","prod-release-2-7-2026-08-28","1100-1408","","https://www.trugreen.com/newsroom/executive-staff","https://www.trugreen.com/newsroom/executive-staff","200","200:https://www.trugreen.com/newsroom/executive-staff","TruGreen Executive Team | TruGreen","TruGreen Executive Team | TruGreen","https://www.trugreen.com/newsroom/executive-staff","1","https://www.trugreen.com/newsroom/executive-staff","1","","200","https://www.trugreen.com/newsroom/executive-staff","","","","0","1","Allow us to introduce ourselves.","0","main|header|footer","jsonld:1;types:BreadcrumbList|Organization;invalid:0;missing:jsonld_0_missing_@context|jsonld_1_missing_@context","0","0","50","8","https://www.trugreen.com/lawn-care-101 | https://www.trugreen.com/lawn-care-101/learning-center | https://www.trugreen.com/newsroom | https://www.trugreen.com/pay-your-bill | https://www.trugreen.com/pests-products-and-services | https://www.trugreen.com/pga-tour | https://www.trugreen.com/products-and-services | https://www.trugreen.com/why-choose-trugreen/testimonials-and-ratings","","internal-links-missing-from-sitemap|duplicate-title",""
"chromium","2026-08-31T16:07:10.145Z","prod-release-2-7-2026-08-28","1100-1408","","https://www.trugreen.com/newsroom/executive-staff/alyssa-puketza","https://www.trugreen.com/newsroom/executive-staff/alyssa-puketza","200","200:https://www.trugreen.com/newsroom/executive-staff/alyssa-puketza","TruGreen Executive Team | TruGreen","TruGreen Executive Team | TruGreen","https://www.trugreen.com/about-us","1","https://www.trugreen.com/about-us","1","","404","https://www.trugreen.com/about-us","","","","0","1","Alyssa Puketza","0","main|header|footer","jsonld:1;types:BreadcrumbList|Person;invalid:0;missing:jsonld_0_missing_@context|jsonld_1_missing_@context","0","0","49","8","https://www.trugreen.com/lawn-care-101 | https://www.trugreen.com/lawn-care-101/learning-center | https://www.trugreen.com/newsroom | https://www.trugreen.com/pay-your-bill | https://www.trugreen.com/pests-products-and-services | https://www.trugreen.com/pga-tour | https://www.trugreen.com/products-and-services | https://www.trugreen.com/why-choose-trugreen/testimonials-and-ratings","","internal-links-missing-from-sitemap|duplicate-title|canonical-target-invalid",""
"chromium","2026-08-31T16:07:10.145Z","prod-release-2-7-2026-08-28","1100-1408","","https://www.trugreen.com/newsroom/executive-staff/ayman-taha","https://www.trugreen.com/newsroom/executive-staff/ayman-taha","200","200:https://www.trugreen.com/newsroom/executive-staff/ayman-taha","TruGreen Executive Team | TruGreen","TruGreen Executive Team | TruGreen","https://www.trugreen.com/about-us","1","https://www.trugreen.com/about-us","1","","404","https://www.trugreen.com/about-us","","","","0","1","Ayman Taha","0","main|header|footer","jsonld:1;types:BreadcrumbList|Person;invalid:0;missing:jsonld_0_missing_@context|jsonld_1_missing_@context","0","0","49","8","https://www.trugreen.com/lawn-care-101 | https://www.trugreen.com/lawn-care-101/learning-center | https://www.trugreen.com/newsroom | https://www.trugreen.com/pay-your-bill | https://www.trugreen.com/pests-products-and-services | https://www.trugreen.com/pga-tour | https://www.trugreen.com/products-and-services | https://www.trugreen.com/why-choose-trugreen/testimonials-and-ratings","","internal-links-missing-from-sitemap|duplicate-title|canonical-target-invalid",""
"chromium","2026-08-31T16:07:10.145Z","prod-release-2-7-2026-08-28","1100-1408","","https://www.trugreen.com/newsroom/executive-staff/ben-dunham","https://www.trugreen.com/newsroom/executive-staff/ben-dunham","200","200:https://www.trugreen.com/newsroom/executive-staff/ben-dunham","TruGreen Executive Team | TruGreen","TruGreen Executive Team | TruGreen","https://www.trugreen.com/about-us","1","https://www.trugreen.com/about-us","1","","404","https://www.trugreen.com/about-us","","","","0","1","Ben Dunham","0","main|header|footer","jsonld:1;types:BreadcrumbList|Person;invalid:0;missing:jsonld_0_missing_@context|jsonld_1_missing_@context","0","0","49","8","https://www.trugreen.com/lawn-care-101 | https://www.trugreen.com/lawn-care-101/learning-center | https://www.trugreen.com/newsroom | https://www.trugreen.com/pay-your-bill | https://www.trugreen.com/pests-products-and-services | https://www.trugreen.com/pga-tour | https://www.trugreen.com/products-and-services | https://www.trugreen.com/why-choose-trugreen/testimonials-and-ratings","","internal-links-missing-from-sitemap|duplicate-title|canonical-target-invalid",""
"chromium","2026-08-31T16:07:10.145Z","prod-release-2-7-2026-08-28","1100-1408","","https://www.trugreen.com/newsroom/executive-staff/bill-hausbeck","https://www.trugreen.com/newsroom/executive-staff/bill-hausbeck","200","200:https://www.trugreen.com/newsroom/executive-staff/bill-hausbeck","TruGreen Executive Team | TruGreen","TruGreen Executive Team | TruGreen","https://www.trugreen.com/about-us","1","https://www.trugreen.com/about-us","1","","404","https://www.trugreen.com/about-us","","","","0","1","Bill Hausbeck","0","main|header|footer","jsonld:1;types:BreadcrumbList|Person;invalid:0;missing:jsonld_0_missing_@context|jsonld_1_missing_@context","0","0","49","8","https://www.trugreen.com/lawn-care-101 | https://www.trugreen.com/lawn-care-101/learning-center | https://www.trugreen.com/newsroom | https://www.trugreen.com/pay-your-bill | https://www.trugreen.com/pests-products-and-services | https://www.trugreen.com/pga-tour | https://www.trugreen.com/products-and-services | https://www.trugreen.com/why-choose-trugreen/testimonials-and-ratings","","internal-links-missing-from-sitemap|duplicate-title|canonical-target-invalid",""
"chromium","2026-08-31T16:07:10.145Z","prod-release-2-7-2026-08-28","1100-1408","","https://www.trugreen.com/newsroom/executive-staff/brian-bugara","https://www.trugreen.com/newsroom/executive-staff/brian-bugara","200","200:https://www.trugreen.com/newsroom/executive-staff/brian-bugara","TruGreen Executive Team | TruGreen","TruGreen Executive Team | TruGreen","https://www.trugreen.com/about-us","1","https://www.trugreen.com/about-us","1","","404","https://www.trugreen.com/about-us","","","","0","1","Brian Bugara","0","main|header|footer","jsonld:1;types:BreadcrumbList|Person;invalid:0;missing:jsonld_0_missing_@context|jsonld_1_missing_@context","0","0","49","8","https://www.trugreen.com/lawn-care-101 | https://www.trugreen.com/lawn-care-101/learning-center | https://www.trugreen.com/newsroom | https://www.trugreen.com/pay-your-bill | https://www.trugreen.com/pests-products-and-services | https://www.trugreen.com/pga-tour | https://www.trugreen.com/products-and-services | https://www.trugreen.com/why-choose-trugreen/testimonials-and-ratings","","internal-links-missing-from-sitemap|duplicate-title|canonical-target-invalid",""
"chromium","2026-08-31T16:07:10.145Z","prod-release-2-7-2026-08-28","1100-1408","","https://www.trugreen.com/newsroom/executive-staff/christine-belknap","https://www.trugreen.com/newsroom/executive-staff/christine-belknap","200","200:https://www.trugreen.com/newsroom/executive-staff/christine-belknap","TruGreen Executive Team | TruGreen","TruGreen Executive Team | TruGreen","https://www.trugreen.com/about-us","1","https://www.trugreen.com/about-us","1","","404","https://www.trugreen.com/about-us","","","","0","1","Christine Belknap","0","main|header|footer","jsonld:1;types:BreadcrumbList|Person;invalid:0;missing:jsonld_0_missing_@context|jsonld_1_missing_@context","0","0","49","8","https://www.trugreen.com/lawn-care-101 | https://www.trugreen.com/lawn-care-101/learning-center | https://www.trugreen.com/newsroom | https://www.trugreen.com/pay-your-bill | https://www.trugreen.com/pests-products-and-services | https://www.trugreen.com/pga-tour | https://www.trugreen.com/products-and-services | https://www.trugreen.com/why-choose-trugreen/testimonials-and-ratings","","internal-links-missing-from-sitemap|duplicate-title|canonical-target-invalid",""
"chromium","2026-08-31T16:07:10.145Z","prod-release-2-7-2026-08-28","1100-1408","","https://www.trugreen.com/newsroom/executive-staff/kevin-mann","https://www.trugreen.com/newsroom/executive-staff/kevin-mann","200","200:https://www.trugreen.com/newsroom/executive-staff/kevin-mann","TruGreen Executive Team | TruGreen","TruGreen Executive Team | TruGreen","https://www.trugreen.com/about-us","1","https://www.trugreen.com/about-us","1","","404","https://www.trugreen.com/about-us","","","","0","1","Kevin Mann","0","main|header|footer","jsonld:1;types:BreadcrumbList|Person;invalid:0;missing:jsonld_0_missing_@context|jsonld_1_missing_@context","0","0","49","8","https://www.trugreen.com/lawn-care-101 | https://www.trugreen.com/lawn-care-101/learning-center | https://www.trugreen.com/newsroom | https://www.trugreen.com/pay-your-bill | https://www.trugreen.com/pests-products-and-services | https://www.trugreen.com/pga-tour | https://www.trugreen.com/products-and-services | https://www.trugreen.com/why-choose-trugreen/testimonials-and-ratings","","internal-links-missing-from-sitemap|duplicate-title|canonical-target-invalid",""
"chromium","2026-08-31T16:07:10.145Z","prod-release-2-7-2026-08-28","1100-1408","","https://www.trugreen.com/newsroom/executive-staff/kurt-kane","https://www.trugreen.com/newsroom/executive-staff/kurt-kane","200","200:https://www.trugreen.com/newsroom/executive-staff/kurt-kane","TruGreen Executive Team | TruGreen","TruGreen Executive Team | TruGreen","https://www.trugreen.com/about-us","1","https://www.trugreen.com/about-us","1","","404","https://www.trugreen.com/about-us","","","","0","1","Kurt Kane","0","main|header|footer","jsonld:1;types:BreadcrumbList|Person;invalid:0;missing:jsonld_0_missing_@context|jsonld_1_missing_@context","0","0","49","8","https://www.trugreen.com/lawn-care-101 | https://www.trugreen.com/lawn-care-101/learning-center | https://www.trugreen.com/newsroom | https://www.trugreen.com/pay-your-bill | https://www.trugreen.com/pests-products-and-services | https://www.trugreen.com/pga-tour | https://www.trugreen.com/products-and-services | https://www.trugreen.com/why-choose-trugreen/testimonials-and-ratings","","internal-links-missing-from-sitemap|duplicate-title|canonical-target-invalid",""
"chromium","2026-08-31T16:07:10.145Z","prod-release-2-7-2026-08-28","1100-1408","","https://www.trugreen.com/newsroom/executive-staff/shannon-lopez","https://www.trugreen.com/newsroom/executive-staff/shannon-lopez","200","200:https://www.trugreen.com/newsroom/executive-staff/shannon-lopez","TruGreen Executive Team | TruGreen","TruGreen Executive Team | TruGreen","https://www.trugreen.com/about-us","1","https://www.trugreen.com/about-us","1","","404","https://www.trugreen.com/about-us","","","","0","1","Shannon Lopez","0","main|header|footer","jsonld:1;types:BreadcrumbList|Person;invalid:0;missing:jsonld_0_missing_@context|jsonld_1_missing_@context","0","0","49","8","https://www.trugreen.com/lawn-care-101 | https://www.trugreen.com/lawn-care-101/learning-center | https://www.trugreen.com/newsroom | https://www.trugreen.com/pay-your-bill | https://www.trugreen.com/pests-products-and-services | https://www.trugreen.com/pga-tour | https://www.trugreen.com/products-and-services | https://www.trugreen.com/why-choose-trugreen/testimonials-and-ratings","","internal-links-missing-from-sitemap|duplicate-title|canonical-target-invalid",""
"chromium","2026-08-31T16:07:10.145Z","prod-release-2-7-2026-08-28","1100-1408","","https://www.trugreen.com/products-and-services/aeration","https://www.trugreen.com/products-and-services/aeration","200","200:https://www.trugreen.com/products-and-services/aeration","Lawn Aeration &amp; Overseeding services near you | TruGreen","Lawn Aeration & Overseeding services near you | TruGreen","https://www.trugreen.com/products-and-services/aeration","1","https://www.trugreen.com/products-and-services/aeration","1","","200","https://www.trugreen.com/products-and-services/aeration","","","","0","1","Aeration & Overseeding","0","main|header|footer","jsonld:1;types:Service;invalid:0;missing:","0","0","44","8","https://www.trugreen.com/lawn-care-101 | https://www.trugreen.com/lawn-care-101/learning-center | https://www.trugreen.com/newsroom | https://www.trugreen.com/pay-your-bill | https://www.trugreen.com/pests-products-and-services | https://www.trugreen.com/pga-tour | https://www.trugreen.com/products-and-services | https://www.trugreen.com/why-choose-trugreen/testimonials-and-ratings","","internal-links-missing-from-sitemap",""
"chromium","2026-08-31T16:07:10.145Z","prod-release-2-7-2026-08-28","1100-1408","","https://www.trugreen.com/products-and-services/army-worms","https://www.trugreen.com/","200","200:https://www.trugreen.com/products-and-services/army-worms","Army Worms| TruGreen","TruGreen | America’s #1 Name in Lawn Care","https://www.trugreen.com/products-and-services/army-worms","1","https://www.trugreen.com/","1","","200","https://www.trugreen.com/","","","","0","1","Nobody makes lawn care easier than TruGreen.","0","main|header|footer","jsonld:0;types:;invalid:0;missing:","0","4","41","8","https://www.trugreen.com/lawn-care-101 | https://www.trugreen.com/lawn-care-101/learning-center | https://www.trugreen.com/newsroom | https://www.trugreen.com/pay-your-bill | https://www.trugreen.com/pests-products-and-services | https://www.trugreen.com/pga-tour | https://www.trugreen.com/products-and-services | https://www.trugreen.com/why-choose-trugreen/testimonials-and-ratings","","canonical-raw-dom-conflict|internal-links-missing-from-sitemap|duplicate-title",""
"chromium","2026-08-31T16:07:10.145Z","prod-release-2-7-2026-08-28","1100-1408","","https://www.trugreen.com/products-and-services/fire-ant-control","https://www.trugreen.com/products-and-services/fire-ant-control","200","200:https://www.trugreen.com/products-and-services/fire-ant-control","Fire Ant Control near you: reclaim your lawn | TruGreen","Fire Ant Control near you: reclaim your lawn | TruGreen","https://www.trugreen.com/products-and-services/fire-ant-control","1","https://www.trugreen.com/products-and-services/fire-ant-control","1","","200","https://www.trugreen.com/products-and-services/fire-ant-control","","","","0","1","Fire Ant Control","0","main|header|footer","jsonld:1;types:Service;invalid:0;missing:","0","0","44","8","https://www.trugreen.com/lawn-care-101 | https://www.trugreen.com/lawn-care-101/learning-center | https://www.trugreen.com/newsroom | https://www.trugreen.com/pay-your-bill | https://www.trugreen.com/pests-products-and-services | https://www.trugreen.com/pga-tour | https://www.trugreen.com/products-and-services | https://www.trugreen.com/why-choose-trugreen/testimonials-and-ratings","","internal-links-missing-from-sitemap",""
"chromium","2026-08-31T16:07:10.145Z","prod-release-2-7-2026-08-28","1100-1408","","https://www.trugreen.com/products-and-services/flea-tick-outdoor-nuisance-pest-control","https://www.trugreen.com/products-and-services/flea-tick-outdoor-nuisance-pest-control","200","200:https://www.trugreen.com/products-and-services/flea-tick-outdoor-nuisance-pest-control","Yard Pest Control: Control flea and ticks in your outdoor space | TruGreen","Yard Pest Control: Control flea and ticks in your outdoor space | TruGreen","https://www.trugreen.com/products-and-services/flea-tick-outdoor-nuisance-pest-control","1","https://www.trugreen.com/products-and-services/flea-tick-outdoor-nuisance-pest-control","1","","200","https://www.trugreen.com/products-and-services/flea-tick-outdoor-nuisance-pest-control","","","","0","1","Flea, Tick and Outdoor Nuisance Control","0","main|header|footer","jsonld:1;types:Service;invalid:0;missing:","0","0","44","8","https://www.trugreen.com/lawn-care-101 | https://www.trugreen.com/lawn-care-101/learning-center | https://www.trugreen.com/newsroom | https://www.trugreen.com/pay-your-bill | https://www.trugreen.com/pests-products-and-services | https://www.trugreen.com/pga-tour | https://www.trugreen.com/products-and-services | https://www.trugreen.com/why-choose-trugreen/testimonials-and-ratings","","internal-links-missing-from-sitemap",""
"chromium","2026-08-31T16:07:10.145Z","prod-release-2-7-2026-08-28","1100-1408","","https://www.trugreen.com/products-and-services/grub-control","https://www.trugreen.com/products-and-services/grub-control","200","200:https://www.trugreen.com/products-and-services/grub-control","Lawn Pest Control: Keep grass bugs off your lawn | TruGreen","Lawn Pest Control: Keep grass bugs off your lawn | TruGreen","https://www.trugreen.com/products-and-services/grub-control","1","https://www.trugreen.com/products-and-services/grub-control","1","","200","https://www.trugreen.com/products-and-services/grub-control","","","","0","1","Lawn Damaging Insect Control","0","main|header|footer","jsonld:1;types:Service;invalid:0;missing:","0","0","44","8","https://www.trugreen.com/lawn-care-101 | https://www.trugreen.com/lawn-care-101/learning-center | https://www.trugreen.com/newsroom | https://www.trugreen.com/pay-your-bill | https://www.trugreen.com/pests-products-and-services | https://www.trugreen.com/pga-tour | https://www.trugreen.com/products-and-services | https://www.trugreen.com/why-choose-trugreen/testimonials-and-ratings","","internal-links-missing-from-sitemap",""
"chromium","2026-08-31T16:07:10.145Z","prod-release-2-7-2026-08-28","1100-1408","","https://www.trugreen.com/products-and-services/irrigation-services","https://www.trugreen.com/products-and-services/irrigation-services","200","200:https://www.trugreen.com/products-and-services/irrigation-services","Affordable Lawn Care Plans &amp; Pricing Options | TruGreen","Affordable Lawn Care Plans & Pricing Options | TruGreen","https://www.trugreen.com/products-and-services","1","https://www.trugreen.com/products-and-services","1","","200","https://www.trugreen.com/products-and-services","","","","0","1","404","0","main|header|footer","jsonld:0;types:;invalid:0;missing:","0","0","41","8","https://www.trugreen.com/lawn-care-101 | https://www.trugreen.com/lawn-care-101/learning-center | https://www.trugreen.com/newsroom | https://www.trugreen.com/pay-your-bill | https://www.trugreen.com/pests-products-and-services | https://www.trugreen.com/pga-tour | https://www.trugreen.com/products-and-services | https://www.trugreen.com/why-choose-trugreen/testimonials-and-ratings","","internal-links-missing-from-sitemap|duplicate-title",""
"chromium","2026-08-31T16:07:10.145Z","prod-release-2-7-2026-08-28","1100-1408","","https://www.trugreen.com/products-and-services/lawn-disease","https://www.trugreen.com/products-and-services/lawn-disease","200","200:https://www.trugreen.com/products-and-services/lawn-disease","Lawn Disease Control services near you | TruGreen","Lawn Disease Control services near you | TruGreen","https://www.trugreen.com/products-and-services/lawn-disease","1","https://www.trugreen.com/products-and-services/lawn-disease","1","","200","https://www.trugreen.com/products-and-services/lawn-disease","","","","0","1","Lawn Disease Service","0","main|header|footer","jsonld:1;types:Service;invalid:0;missing:","0","0","44","8","https://www.trugreen.com/lawn-care-101 | https://www.trugreen.com/lawn-care-101/learning-center | https://www.trugreen.com/newsroom | https://www.trugreen.com/pay-your-bill | https://www.trugreen.com/pests-products-and-services | https://www.trugreen.com/pga-tour | https://www.trugreen.com/products-and-services | https://www.trugreen.com/why-choose-trugreen/testimonials-and-ratings","","internal-links-missing-from-sitemap",""
"chromium","2026-08-31T16:07:10.145Z","prod-release-2-7-2026-08-28","1100-1408","","https://www.trugreen.com/products-and-services/lawn-fertilization","https://www.trugreen.com/products-and-services/lawn-fertilization","200","200:https://www.trugreen.com/products-and-services/lawn-fertilization","Lawn Fertilization: Revitalize your lawn with Trugreen","Lawn Fertilization: Revitalize your lawn with Trugreen","https://www.trugreen.com/products-and-services/lawn-fertilization","1","https://www.trugreen.com/products-and-services/lawn-fertilization","1","","200","https://www.trugreen.com/products-and-services/lawn-fertilization","","","","0","1","Lawn Fertilization","0","main|header|footer","jsonld:1;types:Service;invalid:0;missing:","0","0","44","8","https://www.trugreen.com/lawn-care-101 | https://www.trugreen.com/lawn-care-101/learning-center | https://www.trugreen.com/newsroom | https://www.trugreen.com/pay-your-bill | https://www.trugreen.com/pests-products-and-services | https://www.trugreen.com/pga-tour | https://www.trugreen.com/products-and-services | https://www.trugreen.com/why-choose-trugreen/testimonials-and-ratings","","internal-links-missing-from-sitemap",""
"chromium","2026-08-31T16:07:10.145Z","prod-release-2-7-2026-08-28","1100-1408","","https://www.trugreen.com/products-and-services/lawn-stress-guard","https://www.trugreen.com/products-and-services/lawn-stress-guard","200","200:https://www.trugreen.com/products-and-services/lawn-stress-guard","Summer Lawn Care - Prepare your lawn for the heat | TruGreen","Summer Lawn Care - Prepare your lawn for the heat | TruGreen","https://www.trugreen.com/products-and-services/lawn-stress-guard","1","https://www.trugreen.com/products-and-services/lawn-stress-guard","1","","200","https://www.trugreen.com/products-and-services/lawn-stress-guard","","","","0","1","Lawn Stress Guard","0","main|header|footer","jsonld:1;types:Service;invalid:0;missing:","0","0","44","8","https://www.trugreen.com/lawn-care-101 | https://www.trugreen.com/lawn-care-101/learning-center | https://www.trugreen.com/newsroom | https://www.trugreen.com/pay-your-bill | https://www.trugreen.com/pests-products-and-services | https://www.trugreen.com/pga-tour | https://www.trugreen.com/products-and-services | https://www.trugreen.com/why-choose-trugreen/testimonials-and-ratings","","internal-links-missing-from-sitemap",""
"chromium","2026-08-31T16:07:10.145Z","prod-release-2-7-2026-08-28","1100-1408","","https://www.trugreen.com/products-and-services/lime","https://www.trugreen.com/products-and-services/lime","200","200:https://www.trugreen.com/products-and-services/lime","Affordable Lawn Care Plans &amp; Pricing Options | TruGreen","Affordable Lawn Care Plans & Pricing Options | TruGreen","https://www.trugreen.com/products-and-services","1","https://www.trugreen.com/products-and-services","1","","200","https://www.trugreen.com/products-and-services","","","","0","1","404","0","main|header|footer","jsonld:0;types:;invalid:0;missing:","0","0","41","8","https://www.trugreen.com/lawn-care-101 | https://www.trugreen.com/lawn-care-101/learning-center | https://www.trugreen.com/newsroom | https://www.trugreen.com/pay-your-bill | https://www.trugreen.com/pests-products-and-services | https://www.trugreen.com/pga-tour | https://www.trugreen.com/products-and-services | https://www.trugreen.com/why-choose-trugreen/testimonials-and-ratings","","internal-links-missing-from-sitemap|duplicate-title",""
"chromium","2026-08-31T16:07:10.145Z","prod-release-2-7-2026-08-28","1100-1408","","https://www.trugreen.com/products-and-services/mosquito-plan-supplement","https://www.trugreen.com/products-and-services/mosquito-plan-supplement","200","200:https://www.trugreen.com/products-and-services/mosquito-plan-supplement","Mosquito Defense Supplement: One extra zap | TruGreen","Mosquito Defense Supplement: One extra zap | TruGreen","https://www.trugreen.com/products-and-services/mosquito-plan-supplement","1","https://www.trugreen.com/products-and-services/mosquito-plan-supplement","1","","200","https://www.trugreen.com/products-and-services/mosquito-plan-supplement","","","","0","1","Mosquito Plan Supplement","0","main|header|footer","jsonld:1;types:Service;invalid:0;missing:","0","0","45","9","https://www.trugreen.com/lawn-care-101 | https://www.trugreen.com/lawn-care-101/learning-center | https://www.trugreen.com/newsroom | https://www.trugreen.com/pay-your-bill | https://www.trugreen.com/pests-products-and-services | https://www.trugreen.com/pga-tour | https://www.trugreen.com/products-and-services | https://www.trugreen.com/products-and-services/mosquito-control | https://www.trugreen.com/why-choose-trugreen/testimonials-and-ratings","","internal-links-missing-from-sitemap",""
"chromium","2026-08-31T16:07:10.145Z","prod-release-2-7-2026-08-28","1100-1408","","https://www.trugreen.com/products-and-services/natural-lawn-care","https://www.trugreen.com/products-and-services/natural-lawn-care","200","200:https://www.trugreen.com/products-and-services/natural-lawn-care","TruNatural: Eco-Friendly, Organic Lawn Care Treatment Plan | TruGreen","TruNatural: Eco-Friendly, Organic Lawn Care Treatment Plan | TruGreen","https://www.trugreen.com/products-and-services/natural-lawn-care","1","https://www.trugreen.com/products-and-services/natural-lawn-care","1","","200","https://www.trugreen.com/products-and-services/natural-lawn-care","","","","0","1","TruNatural®","0","main|header|footer","jsonld:1;types:Service;invalid:0;missing:","0","0","44","8","https://www.trugreen.com/lawn-care-101 | https://www.trugreen.com/lawn-care-101/learning-center | https://www.trugreen.com/newsroom | https://www.trugreen.com/pay-your-bill | https://www.trugreen.com/pests-products-and-services | https://www.trugreen.com/pga-tour | https://www.trugreen.com/products-and-services | https://www.trugreen.com/why-choose-trugreen/testimonials-and-ratings","","internal-links-missing-from-sitemap",""
"chromium","2026-08-31T16:07:10.145Z","prod-release-2-7-2026-08-28","1100-1408","","https://www.trugreen.com/products-and-services/overseeding","https://www.trugreen.com/","200","200:https://www.trugreen.com/products-and-services/overseeding","Professional Overseeding Service | TruGreen","TruGreen | America’s #1 Name in Lawn Care","https://www.trugreen.com/products-and-services/overseeding","1","https://www.trugreen.com/","1","","200","https://www.trugreen.com/","","","","0","1","Nobody makes lawn care easier than TruGreen.","0","main|header|footer","jsonld:0;types:;invalid:0;missing:","0","4","41","8","https://www.trugreen.com/lawn-care-101 | https://www.trugreen.com/lawn-care-101/learning-center | https://www.trugreen.com/newsroom | https://www.trugreen.com/pay-your-bill | https://www.trugreen.com/pests-products-and-services | https://www.trugreen.com/pga-tour | https://www.trugreen.com/products-and-services | https://www.trugreen.com/why-choose-trugreen/testimonials-and-ratings","","canonical-raw-dom-conflict|internal-links-missing-from-sitemap|duplicate-title",""
"chromium","2026-08-31T16:07:10.145Z","prod-release-2-7-2026-08-28","1100-1408","","https://www.trugreen.com/products-and-services/ph-and-soil-analysis","https://www.trugreen.com/products-and-services/ph-and-soil-analysis","200","200:https://www.trugreen.com/products-and-services/ph-and-soil-analysis","Soil amendment - Give your soil a pro-level treatment | TruGreen","Soil amendment - Give your soil a pro-level treatment | TruGreen","https://www.trugreen.com/products-and-services/ph-and-soil-analysis","1","https://www.trugreen.com/products-and-services/ph-and-soil-analysis","1","","200","https://www.trugreen.com/products-and-services/ph-and-soil-analysis","","","","0","1","Soil Enhancer Treatment","0","main|header|footer","jsonld:1;types:Service;invalid:0;missing:","0","0","44","8","https://www.trugreen.com/lawn-care-101 | https://www.trugreen.com/lawn-care-101/learning-center | https://www.trugreen.com/newsroom | https://www.trugreen.com/pay-your-bill | https://www.trugreen.com/pests-products-and-services | https://www.trugreen.com/pga-tour | https://www.trugreen.com/products-and-services | https://www.trugreen.com/why-choose-trugreen/testimonials-and-ratings","","internal-links-missing-from-sitemap",""
"chromium","2026-08-31T16:07:10.145Z","prod-release-2-7-2026-08-28","1100-1408","","https://www.trugreen.com/products-and-services/ph-and-soil-analysis-potassium","https://www.trugreen.com/products-and-services/ph-and-soil-analysis-potassium","200","200:https://www.trugreen.com/products-and-services/ph-and-soil-analysis-potassium","Affordable Lawn Care Plans &amp; Pricing Options | TruGreen","Affordable Lawn Care Plans & Pricing Options | TruGreen","https://www.trugreen.com/products-and-services","1","https://www.trugreen.com/products-and-services","1","","200","https://www.trugreen.com/products-and-services","","","","0","1","404","0","main|header|footer","jsonld:0;types:;invalid:0;missing:","0","0","41","8","https://www.trugreen.com/lawn-care-101 | https://www.trugreen.com/lawn-care-101/learning-center | https://www.trugreen.com/newsroom | https://www.trugreen.com/pay-your-bill | https://www.trugreen.com/pests-products-and-services | https://www.trugreen.com/pga-tour | https://www.trugreen.com/products-and-services | https://www.trugreen.com/why-choose-trugreen/testimonials-and-ratings","","internal-links-missing-from-sitemap|duplicate-title",""
"chromium","2026-08-31T16:07:10.145Z","prod-release-2-7-2026-08-28","1100-1408","","https://www.trugreen.com/products-and-services/ph-and-soil-analysis-sulfur","https://www.trugreen.com/products-and-services/ph-and-soil-analysis-sulfur","200","200:https://www.trugreen.com/products-and-services/ph-and-soil-analysis-sulfur","Affordable Lawn Care Plans &amp; Pricing Options | TruGreen","Affordable Lawn Care Plans & Pricing Options | TruGreen","https://www.trugreen.com/products-and-services","1","https://www.trugreen.com/products-and-services","1","","200","https://www.trugreen.com/products-and-services","","","","0","1","404","0","main|header|footer","jsonld:0;types:;invalid:0;missing:","0","0","41","8","https://www.trugreen.com/lawn-care-101 | https://www.trugreen.com/lawn-care-101/learning-center | https://www.trugreen.com/newsroom | https://www.trugreen.com/pay-your-bill | https://www.trugreen.com/pests-products-and-services | https://www.trugreen.com/pga-tour | https://www.trugreen.com/products-and-services | https://www.trugreen.com/why-choose-trugreen/testimonials-and-ratings","","internal-links-missing-from-sitemap|duplicate-title",""
"chromium","2026-08-31T16:07:10.145Z","prod-release-2-7-2026-08-28","1100-1408","","https://www.trugreen.com/products-and-services/professional-lawn-care-services","https://www.trugreen.com/products-and-services/professional-lawn-care-services","200","200:https://www.trugreen.com/products-and-services/professional-lawn-care-services","Affordable Lawn Care Plans &amp; Pricing Options | TruGreen","Affordable Lawn Care Plans & Pricing Options | TruGreen","https://www.trugreen.com/products-and-services","1","https://www.trugreen.com/products-and-services","1","","200","https://www.trugreen.com/products-and-services","","","","0","1","404","0","main|header|footer","jsonld:0;types:;invalid:0;missing:","0","0","41","8","https://www.trugreen.com/lawn-care-101 | https://www.trugreen.com/lawn-care-101/learning-center | https://www.trugreen.com/newsroom | https://www.trugreen.com/pay-your-bill | https://www.trugreen.com/pests-products-and-services | https://www.trugreen.com/pga-tour | https://www.trugreen.com/products-and-services | https://www.trugreen.com/why-choose-trugreen/testimonials-and-ratings","","internal-links-missing-from-sitemap|duplicate-title",""
"chromium","2026-08-31T16:07:10.145Z","prod-release-2-7-2026-08-28","1100-1408","","https://www.trugreen.com/products-and-services/revive","https://www.trugreen.com/products-and-services/revive","200","200:https://www.trugreen.com/products-and-services/revive","Affordable Lawn Care Plans &amp; Pricing Options | TruGreen","Affordable Lawn Care Plans & Pricing Options | TruGreen","https://www.trugreen.com/products-and-services","1","https://www.trugreen.com/products-and-services","1","","200","https://www.trugreen.com/products-and-services","","","","0","1","404","0","main|header|footer","jsonld:0;types:;invalid:0;missing:","0","0","41","8","https://www.trugreen.com/lawn-care-101 | https://www.trugreen.com/lawn-care-101/learning-center | https://www.trugreen.com/newsroom | https://www.trugreen.com/pay-your-bill | https://www.trugreen.com/pests-products-and-services | https://www.trugreen.com/pga-tour | https://www.trugreen.com/products-and-services | https://www.trugreen.com/why-choose-trugreen/testimonials-and-ratings","","internal-links-missing-from-sitemap|duplicate-title",""
"chromium","2026-08-31T16:07:10.145Z","prod-release-2-7-2026-08-28","1100-1408","","https://www.trugreen.com/products-and-services/sprinkler-repair-and-maintenance","https://www.trugreen.com/products-and-services/sprinkler-repair-and-maintenance","200","200:https://www.trugreen.com/products-and-services/sprinkler-repair-and-maintenance","Affordable Lawn Care Plans &amp; Pricing Options | TruGreen","Affordable Lawn Care Plans & Pricing Options | TruGreen","https://www.trugreen.com/products-and-services","1","https://www.trugreen.com/products-and-services","1","","200","https://www.trugreen.com/products-and-services","","","","0","1","404","0","main|header|footer","jsonld:0;types:;invalid:0;missing:","0","0","41","8","https://www.trugreen.com/lawn-care-101 | https://www.trugreen.com/lawn-care-101/learning-center | https://www.trugreen.com/newsroom | https://www.trugreen.com/pay-your-bill | https://www.trugreen.com/pests-products-and-services | https://www.trugreen.com/pga-tour | https://www.trugreen.com/products-and-services | https://www.trugreen.com/why-choose-trugreen/testimonials-and-ratings","","internal-links-missing-from-sitemap|duplicate-title",""
"chromium","2026-08-31T16:07:10.145Z","prod-release-2-7-2026-08-28","1100-1408","","https://www.trugreen.com/products-and-services/targeted-insect-control","https://www.trugreen.com/products-and-services/targeted-insect-control","200","200:https://www.trugreen.com/products-and-services/targeted-insect-control","Affordable Lawn Care Plans &amp; Pricing Options | TruGreen","Affordable Lawn Care Plans & Pricing Options | TruGreen","https://www.trugreen.com/products-and-services","1","https://www.trugreen.com/products-and-services","1","","200","https://www.trugreen.com/products-and-services","","","","0","1","404","0","main|header|footer","jsonld:0;types:;invalid:0;missing:","0","0","41","8","https://www.trugreen.com/lawn-care-101 | https://www.trugreen.com/lawn-care-101/learning-center | https://www.trugreen.com/newsroom | https://www.trugreen.com/pay-your-bill | https://www.trugreen.com/pests-products-and-services | https://www.trugreen.com/pga-tour | https://www.trugreen.com/products-and-services | https://www.trugreen.com/why-choose-trugreen/testimonials-and-ratings","","internal-links-missing-from-sitemap|duplicate-title",""
"chromium","2026-08-31T16:07:10.145Z","prod-release-2-7-2026-08-28","1100-1408","","https://www.trugreen.com/products-and-services/targeted-trunk-injection","https://www.trugreen.com/products-and-services/targeted-trunk-injection","200","200:https://www.trugreen.com/products-and-services/targeted-trunk-injection","Affordable Lawn Care Plans &amp; Pricing Options | TruGreen","Affordable Lawn Care Plans & Pricing Options | TruGreen","https://www.trugreen.com/products-and-services","1","https://www.trugreen.com/products-and-services","1","","200","https://www.trugreen.com/products-and-services","","","","0","1","404","0","main|header|footer","jsonld:0;types:;invalid:0;missing:","0","0","41","8","https://www.trugreen.com/lawn-care-101 | https://www.trugreen.com/lawn-care-101/learning-center | https://www.trugreen.com/newsroom | https://www.trugreen.com/pay-your-bill | https://www.trugreen.com/pests-products-and-services | https://www.trugreen.com/pga-tour | https://www.trugreen.com/products-and-services | https://www.trugreen.com/why-choose-trugreen/testimonials-and-ratings","","internal-links-missing-from-sitemap|duplicate-title",""
"chromium","2026-08-31T16:07:10.145Z","prod-release-2-7-2026-08-28","1100-1408","","https://www.trugreen.com/products-and-services/trubarrier-perimeter-pest-control","https://www.trugreen.com/products-and-services/trubarrier-perimeter-pest-control","200","200:https://www.trugreen.com/products-and-services/trubarrier-perimeter-pest-control","TruBarrier: Perimeter pest control for your home | TruGreen","TruBarrier: Perimeter pest control for your home | TruGreen","https://www.trugreen.com/products-and-services/trubarrier-perimeter-pest-control","1","https://www.trugreen.com/products-and-services/trubarrier-perimeter-pest-control","1","","200","https://www.trugreen.com/products-and-services/trubarrier-perimeter-pest-control","","","","0","1","TruBarrier℠ Perimeter Pest Control","0","main|header|footer","jsonld:1;types:Service;invalid:0;missing:","0","0","44","8","https://www.trugreen.com/lawn-care-101 | https://www.trugreen.com/lawn-care-101/learning-center | https://www.trugreen.com/newsroom | https://www.trugreen.com/pay-your-bill | https://www.trugreen.com/pests-products-and-services | https://www.trugreen.com/pga-tour | https://www.trugreen.com/products-and-services | https://www.trugreen.com/why-choose-trugreen/testimonials-and-ratings","","internal-links-missing-from-sitemap",""
"chromium","2026-08-31T16:07:10.145Z","prod-release-2-7-2026-08-28","1100-1408","","https://www.trugreen.com/products-and-services/trubasic","https://www.trugreen.com/products-and-services/trubasic","200","200:https://www.trugreen.com/products-and-services/trubasic","TruBasic: Affordable lawn care and basic treatment plan | TruGreen","TruBasic: Affordable lawn care and basic treatment plan | TruGreen","https://www.trugreen.com/products-and-services/trubasic","1","https://www.trugreen.com/products-and-services/trubasic","1","","200","https://www.trugreen.com/products-and-services/trubasic","","","","0","1","TruBasic℠","0","main|header|footer","jsonld:1;types:Service;invalid:0;missing:","0","0","44","8","https://www.trugreen.com/lawn-care-101 | https://www.trugreen.com/lawn-care-101/learning-center | https://www.trugreen.com/newsroom | https://www.trugreen.com/pay-your-bill | https://www.trugreen.com/pests-products-and-services | https://www.trugreen.com/pga-tour | https://www.trugreen.com/products-and-services | https://www.trugreen.com/why-choose-trugreen/testimonials-and-ratings","","internal-links-missing-from-sitemap",""
"chromium","2026-08-31T16:07:10.145Z","prod-release-2-7-2026-08-28","1100-1408","","https://www.trugreen.com/products-and-services/trucore","https://www.trugreen.com/products-and-services/trucore","200","200:https://www.trugreen.com/products-and-services/trucore","TruCore: In-depth lawn care and soil treatment plan | TruGreen","TruCore: In-depth lawn care and soil treatment plan | TruGreen","https://www.trugreen.com/products-and-services/trucore","1","https://www.trugreen.com/products-and-services/trucore","1","","200","https://www.trugreen.com/products-and-services/trucore","","","","0","1","TruCore℠","0","main|header|footer","jsonld:1;types:Service;invalid:0;missing:","0","0","44","8","https://www.trugreen.com/lawn-care-101 | https://www.trugreen.com/lawn-care-101/learning-center | https://www.trugreen.com/newsroom | https://www.trugreen.com/pay-your-bill | https://www.trugreen.com/pests-products-and-services | https://www.trugreen.com/pga-tour | https://www.trugreen.com/products-and-services | https://www.trugreen.com/why-choose-trugreen/testimonials-and-ratings","","internal-links-missing-from-sitemap|duplicate-title",""
"chromium","2026-08-31T16:07:10.145Z","prod-release-2-7-2026-08-28","1100-1408","","https://www.trugreen.com/products-and-services/trudefense-mosquito-control","https://www.trugreen.com/products-and-services/trudefense-mosquito-control","200","200:https://www.trugreen.com/products-and-services/trudefense-mosquito-control","TruDefense :Mosquito Control for your yard | TruGreen","TruDefense :Mosquito Control for your yard | TruGreen","https://www.trugreen.com/products-and-services/trudefense-mosquito-control","1","https://www.trugreen.com/products-and-services/trudefense-mosquito-control","1","","200","https://www.trugreen.com/products-and-services/trudefense-mosquito-control","","","","0","1","TruDefense℠ Mosquito Control","0","main|header|footer","jsonld:1;types:Service;invalid:0;missing:","0","0","44","8","https://www.trugreen.com/lawn-care-101 | https://www.trugreen.com/lawn-care-101/learning-center | https://www.trugreen.com/newsroom | https://www.trugreen.com/pay-your-bill | https://www.trugreen.com/pests-products-and-services | https://www.trugreen.com/pga-tour | https://www.trugreen.com/products-and-services | https://www.trugreen.com/why-choose-trugreen/testimonials-and-ratings","","internal-links-missing-from-sitemap",""
"chromium","2026-08-31T16:07:10.145Z","prod-release-2-7-2026-08-28","1100-1408","","https://www.trugreen.com/products-and-services/truhealth-default","https://www.trugreen.com/products-and-services/trucore","200","308:https://www.trugreen.com/products-and-services/truhealth-default -> 200:https://www.trugreen.com/products-and-services/trucore","TruCore: In-depth lawn care and soil treatment plan | TruGreen","TruCore: In-depth lawn care and soil treatment plan | TruGreen","https://www.trugreen.com/products-and-services/trucore","1","https://www.trugreen.com/products-and-services/trucore","1","","200","https://www.trugreen.com/products-and-services/trucore","","","","0","1","TruCore℠","0","main|header|footer","jsonld:1;types:Service;invalid:0;missing:","0","0","44","8","https://www.trugreen.com/lawn-care-101 | https://www.trugreen.com/lawn-care-101/learning-center | https://www.trugreen.com/newsroom | https://www.trugreen.com/pay-your-bill | https://www.trugreen.com/pests-products-and-services | https://www.trugreen.com/pga-tour | https://www.trugreen.com/products-and-services | https://www.trugreen.com/why-choose-trugreen/testimonials-and-ratings","","internal-links-missing-from-sitemap|duplicate-title",""
"chromium","2026-08-31T16:07:10.145Z","prod-release-2-7-2026-08-28","1100-1408","","https://www.trugreen.com/products-and-services/trumaintenance","https://www.trugreen.com/products-and-services/trumaintenance","200","200:https://www.trugreen.com/products-and-services/trumaintenance","Affordable Lawn Care Plans &amp; Pricing Options | TruGreen","Affordable Lawn Care Plans & Pricing Options | TruGreen","https://www.trugreen.com/products-and-services","1","https://www.trugreen.com/products-and-services","1","","200","https://www.trugreen.com/products-and-services","","","","0","1","404","0","main|header|footer","jsonld:0;types:;invalid:0;missing:","0","0","41","8","https://www.trugreen.com/lawn-care-101 | https://www.trugreen.com/lawn-care-101/learning-center | https://www.trugreen.com/newsroom | https://www.trugreen.com/pay-your-bill | https://www.trugreen.com/pests-products-and-services | https://www.trugreen.com/pga-tour | https://www.trugreen.com/products-and-services | https://www.trugreen.com/why-choose-trugreen/testimonials-and-ratings","","internal-links-missing-from-sitemap|duplicate-title",""
"chromium","2026-08-31T16:07:10.145Z","prod-release-2-7-2026-08-28","1100-1408","","https://www.trugreen.com/products-and-services/trupro","https://www.trugreen.com/products-and-services/trupro","200","200:https://www.trugreen.com/products-and-services/trupro","TruPro: Full service lawn care and complete plan | TruGreen","TruPro: Full service lawn care and complete plan | TruGreen","https://www.trugreen.com/products-and-services/trupro","1","https://www.trugreen.com/products-and-services/trupro","1","","200","https://www.trugreen.com/products-and-services/trupro","","","","0","1","TruPro℠","0","main|header|footer","jsonld:1;types:Service;invalid:0;missing:","0","0","44","8","https://www.trugreen.com/lawn-care-101 | https://www.trugreen.com/lawn-care-101/learning-center | https://www.trugreen.com/newsroom | https://www.trugreen.com/pay-your-bill | https://www.trugreen.com/pests-products-and-services | https://www.trugreen.com/pga-tour | https://www.trugreen.com/products-and-services | https://www.trugreen.com/why-choose-trugreen/testimonials-and-ratings","","internal-links-missing-from-sitemap",""
"chromium","2026-08-31T16:07:10.145Z","prod-release-2-7-2026-08-28","1100-1408","","https://www.trugreen.com/products-and-services/trushrub-tree-and-shrub-care","https://www.trugreen.com/products-and-services/trushrub-tree-and-shrub-care","200","200:https://www.trugreen.com/products-and-services/trushrub-tree-and-shrub-care","TruShrub: Tree and Shrub service near you | TruGreen","TruShrub: Tree and Shrub service near you | TruGreen","https://www.trugreen.com/products-and-services/trushrub-tree-and-shrub-care","1","https://www.trugreen.com/products-and-services/trushrub-tree-and-shrub-care","1","","200","https://www.trugreen.com/products-and-services/trushrub-tree-and-shrub-care","","","","0","1","TruShrub Tree & Shrub Care","0","main|header|footer","jsonld:1;types:Service;invalid:0;missing:","0","0","44","8","https://www.trugreen.com/lawn-care-101 | https://www.trugreen.com/lawn-care-101/learning-center | https://www.trugreen.com/newsroom | https://www.trugreen.com/pay-your-bill | https://www.trugreen.com/pests-products-and-services | https://www.trugreen.com/pga-tour | https://www.trugreen.com/products-and-services | https://www.trugreen.com/why-choose-trugreen/testimonials-and-ratings","","internal-links-missing-from-sitemap",""
"chromium","2026-08-31T16:07:10.145Z","prod-release-2-7-2026-08-28","1100-1408","","https://www.trugreen.com/products-and-services/trusignature","https://www.trugreen.com/products-and-services/trusignature","200","200:https://www.trugreen.com/products-and-services/trusignature","Affordable Lawn Care Plans &amp; Pricing Options | TruGreen","Affordable Lawn Care Plans & Pricing Options | TruGreen","https://www.trugreen.com/products-and-services","1","https://www.trugreen.com/products-and-services","1","","200","https://www.trugreen.com/products-and-services","","","","0","1","404","0","main|header|footer","jsonld:0;types:;invalid:0;missing:","0","0","41","8","https://www.trugreen.com/lawn-care-101 | https://www.trugreen.com/lawn-care-101/learning-center | https://www.trugreen.com/newsroom | https://www.trugreen.com/pay-your-bill | https://www.trugreen.com/pests-products-and-services | https://www.trugreen.com/pga-tour | https://www.trugreen.com/products-and-services | https://www.trugreen.com/why-choose-trugreen/testimonials-and-ratings","","internal-links-missing-from-sitemap|duplicate-title",""
"chromium","2026-08-31T16:07:10.145Z","prod-release-2-7-2026-08-28","1100-1408","","https://www.trugreen.com/products-and-services/weed-control","https://www.trugreen.com/products-and-services/weed-control","200","200:https://www.trugreen.com/products-and-services/weed-control","Weed Control: Weed Control services from TruGreen","Weed Control: Weed Control services from TruGreen","https://www.trugreen.com/products-and-services/weed-control","1","https://www.trugreen.com/products-and-services/weed-control","1","","200","https://www.trugreen.com/products-and-services/weed-control","","","","0","1","Weed Control","0","main|header|footer","jsonld:1;types:Service;invalid:0;missing:","0","0","44","8","https://www.trugreen.com/lawn-care-101 | https://www.trugreen.com/lawn-care-101/learning-center | https://www.trugreen.com/newsroom | https://www.trugreen.com/pay-your-bill | https://www.trugreen.com/pests-products-and-services | https://www.trugreen.com/pga-tour | https://www.trugreen.com/products-and-services | https://www.trugreen.com/why-choose-trugreen/testimonials-and-ratings","","internal-links-missing-from-sitemap",""
"chromium","2026-08-31T16:07:10.145Z","prod-release-2-7-2026-08-28","1100-1408","","https://www.trugreen.com/products-and-services/winterizer","https://www.trugreen.com/products-and-services/winterizer","200","200:https://www.trugreen.com/products-and-services/winterizer","Affordable Lawn Care Plans &amp; Pricing Options | TruGreen","Affordable Lawn Care Plans & Pricing Options | TruGreen","https://www.trugreen.com/products-and-services","1","https://www.trugreen.com/products-and-services","1","","200","https://www.trugreen.com/products-and-services","","","","0","1","404","0","main|header|footer","jsonld:0;types:;invalid:0;missing:","0","0","41","8","https://www.trugreen.com/lawn-care-101 | https://www.trugreen.com/lawn-care-101/learning-center | https://www.trugreen.com/newsroom | https://www.trugreen.com/pay-your-bill | https://www.trugreen.com/pests-products-and-services | https://www.trugreen.com/pga-tour | https://www.trugreen.com/products-and-services | https://www.trugreen.com/why-choose-trugreen/testimonials-and-ratings","","internal-links-missing-from-sitemap|duplicate-title",""
"chromium","2026-08-31T16:07:10.145Z","prod-release-2-7-2026-08-28","1100-1408","","https://www.trugreen.com/referafriend","https://www.trugreen.com/","200","308:https://www.trugreen.com/referafriend -> 200:https://www.trugreen.com/","TruGreen | America’s #1 Name in Lawn Care","TruGreen | America’s #1 Name in Lawn Care","https://www.trugreen.com/","1","https://www.trugreen.com/","1","","200","https://www.trugreen.com/","","","","0","1","Nobody makes lawn care easier than TruGreen.","0","main|header|footer","jsonld:1;types:Organization|WebSite;invalid:0;missing:jsonld_0_missing_@context|jsonld_1_missing_@context","0","4","41","8","https://www.trugreen.com/lawn-care-101 | https://www.trugreen.com/lawn-care-101/learning-center | https://www.trugreen.com/newsroom | https://www.trugreen.com/pay-your-bill | https://www.trugreen.com/pests-products-and-services | https://www.trugreen.com/pga-tour | https://www.trugreen.com/products-and-services | https://www.trugreen.com/why-choose-trugreen/testimonials-and-ratings","","internal-links-missing-from-sitemap|duplicate-title",""
"chromium","2026-08-31T16:07:10.145Z","prod-release-2-7-2026-08-28","1100-1408","","https://www.trugreen.com/rewards","https://www.trugreen.com/","200","308:https://www.trugreen.com/rewards -> 200:https://www.trugreen.com/","TruGreen | America’s #1 Name in Lawn Care","TruGreen | America’s #1 Name in Lawn Care","https://www.trugreen.com/","1","https://www.trugreen.com/","1","","200","https://www.trugreen.com/","","","","0","1","Nobody makes lawn care easier than TruGreen.","0","main|header|footer","jsonld:1;types:Organization|WebSite;invalid:0;missing:jsonld_0_missing_@context|jsonld_1_missing_@context","0","4","41","8","https://www.trugreen.com/lawn-care-101 | https://www.trugreen.com/lawn-care-101/learning-center | https://www.trugreen.com/newsroom | https://www.trugreen.com/pay-your-bill | https://www.trugreen.com/pests-products-and-services | https://www.trugreen.com/pga-tour | https://www.trugreen.com/products-and-services | https://www.trugreen.com/why-choose-trugreen/testimonials-and-ratings","","internal-links-missing-from-sitemap|duplicate-title",""
"chromium","2026-08-31T16:07:10.145Z","prod-release-2-7-2026-08-28","1100-1408","","https://www.trugreen.com/rewards/activity","https://www.trugreen.com/","200","308:https://www.trugreen.com/rewards/activity -> 200:https://www.trugreen.com/","TruGreen | America’s #1 Name in Lawn Care","TruGreen | America’s #1 Name in Lawn Care","https://www.trugreen.com/","1","https://www.trugreen.com/","1","","200","https://www.trugreen.com/","","","","0","1","Nobody makes lawn care easier than TruGreen.","0","main|header|footer","jsonld:1;types:Organization|WebSite;invalid:0;missing:jsonld_0_missing_@context|jsonld_1_missing_@context","0","4","41","8","https://www.trugreen.com/lawn-care-101 | https://www.trugreen.com/lawn-care-101/learning-center | https://www.trugreen.com/newsroom | https://www.trugreen.com/pay-your-bill | https://www.trugreen.com/pests-products-and-services | https://www.trugreen.com/pga-tour | https://www.trugreen.com/products-and-services | https://www.trugreen.com/why-choose-trugreen/testimonials-and-ratings","","internal-links-missing-from-sitemap|duplicate-title",""
"chromium","2026-08-31T16:07:10.145Z","prod-release-2-7-2026-08-28","1100-1408","","https://www.trugreen.com/rewards/terms-and-conditions","https://www.trugreen.com/","200","308:https://www.trugreen.com/rewards/terms-and-conditions -> 200:https://www.trugreen.com/","TruGreen | America’s #1 Name in Lawn Care","TruGreen | America’s #1 Name in Lawn Care","https://www.trugreen.com/","1","https://www.trugreen.com/","1","","200","https://www.trugreen.com/","","","","0","1","Nobody makes lawn care easier than TruGreen.","0","main|header|footer","jsonld:1;types:Organization|WebSite;invalid:0;missing:jsonld_0_missing_@context|jsonld_1_missing_@context","0","4","41","8","https://www.trugreen.com/lawn-care-101 | https://www.trugreen.com/lawn-care-101/learning-center | https://www.trugreen.com/newsroom | https://www.trugreen.com/pay-your-bill | https://www.trugreen.com/pests-products-and-services | https://www.trugreen.com/pga-tour | https://www.trugreen.com/products-and-services | https://www.trugreen.com/why-choose-trugreen/testimonials-and-ratings","","internal-links-missing-from-sitemap|duplicate-title",""
"chromium","2026-08-31T16:07:10.145Z","prod-release-2-7-2026-08-28","1100-1408","","https://www.trugreen.com/rewards/terms-and-conditions-b","https://www.trugreen.com/","200","308:https://www.trugreen.com/rewards/terms-and-conditions-b -> 200:https://www.trugreen.com/","TruGreen | America’s #1 Name in Lawn Care","TruGreen | America’s #1 Name in Lawn Care","https://www.trugreen.com/","1","https://www.trugreen.com/","1","","200","https://www.trugreen.com/","","","","0","1","Nobody makes lawn care easier than TruGreen.","0","main|header|footer","jsonld:1;types:Organization|WebSite;invalid:0;missing:jsonld_0_missing_@context|jsonld_1_missing_@context","0","4","41","8","https://www.trugreen.com/lawn-care-101 | https://www.trugreen.com/lawn-care-101/learning-center | https://www.trugreen.com/newsroom | https://www.trugreen.com/pay-your-bill | https://www.trugreen.com/pests-products-and-services | https://www.trugreen.com/pga-tour | https://www.trugreen.com/products-and-services | https://www.trugreen.com/why-choose-trugreen/testimonials-and-ratings","","internal-links-missing-from-sitemap|duplicate-title",""
"chromium","2026-08-31T16:07:10.145Z","prod-release-2-7-2026-08-28","1100-1408","","https://www.trugreen.com/satellite/local-lawn-care/alabama/huntsville","https://www.trugreen.com/local-lawn-care/alabama/huntsville","200","308:https://www.trugreen.com/satellite/local-lawn-care/alabama/huntsville -> 200:https://www.trugreen.com/local-lawn-care/alabama/huntsville","Lawn Care and Outdoor Services in Huntsville, AL | TruGreen","Lawn Care and Outdoor Services in Huntsville, AL | TruGreen","https://www.trugreen.com/local-lawn-care/alabama/huntsville","1","https://www.trugreen.com/local-lawn-care/alabama/huntsville","1","","200","https://www.trugreen.com/local-lawn-care/alabama/huntsville","","","","0","1","Meet your local experts.","0","header|footer","jsonld:1;types:WebPage;invalid:0;missing:","0","0","45","8","https://www.trugreen.com/lawn-care-101 | https://www.trugreen.com/lawn-care-101/learning-center | https://www.trugreen.com/newsroom | https://www.trugreen.com/pay-your-bill | https://www.trugreen.com/pests-products-and-services | https://www.trugreen.com/pga-tour | https://www.trugreen.com/products-and-services | https://www.trugreen.com/why-choose-trugreen/testimonials-and-ratings","","missing-main|internal-links-missing-from-sitemap",""
"chromium","2026-08-31T16:07:10.145Z","prod-release-2-7-2026-08-28","1100-1408","","https://www.trugreen.com/satellite/local-lawn-care/arkansas/lowell","https://www.trugreen.com/local-lawn-care/arkansas/lowell","200","308:https://www.trugreen.com/satellite/local-lawn-care/arkansas/lowell -> 200:https://www.trugreen.com/local-lawn-care/arkansas/lowell","TruGreen Rogers: Lawn Care Maintenance Services in Rogers, AR | TruGreen","TruGreen Rogers: Lawn Care Maintenance Services in Rogers, AR | TruGreen","https://www.trugreen.com/local-lawn-care/arkansas/lowell","1","https://www.trugreen.com/local-lawn-care/arkansas/lowell","1","","200","https://www.trugreen.com/local-lawn-care/arkansas/lowell","","","","0","1","Meet your local experts.","0","header|footer","jsonld:1;types:WebPage;invalid:0;missing:","0","0","45","8","https://www.trugreen.com/lawn-care-101 | https://www.trugreen.com/lawn-care-101/learning-center | https://www.trugreen.com/newsroom | https://www.trugreen.com/pay-your-bill | https://www.trugreen.com/pests-products-and-services | https://www.trugreen.com/pga-tour | https://www.trugreen.com/products-and-services | https://www.trugreen.com/why-choose-trugreen/testimonials-and-ratings","","missing-main|internal-links-missing-from-sitemap",""
"chromium","2026-08-31T16:07:10.145Z","prod-release-2-7-2026-08-28","1100-1408","","https://www.trugreen.com/satellite/local-lawn-care/colorado/loveland","https://www.trugreen.com/local-lawn-care/colorado/loveland","200","308:https://www.trugreen.com/satellite/local-lawn-care/colorado/loveland -> 200:https://www.trugreen.com/local-lawn-care/colorado/loveland","TruGreen Ft. Collins: Lawn Care Maintenance Services in Ft. Collins, CO | TruGreen","TruGreen Ft. Collins: Lawn Care Maintenance Services in Ft. Collins, CO | TruGreen","https://www.trugreen.com/local-lawn-care/colorado/loveland","1","https://www.trugreen.com/local-lawn-care/colorado/loveland","1","","200","https://www.trugreen.com/local-lawn-care/colorado/loveland","","","","0","1","Meet your local experts.","0","header|footer","jsonld:1;types:WebPage;invalid:0;missing:","0","0","45","8","https://www.trugreen.com/lawn-care-101 | https://www.trugreen.com/lawn-care-101/learning-center | https://www.trugreen.com/newsroom | https://www.trugreen.com/pay-your-bill | https://www.trugreen.com/pests-products-and-services | https://www.trugreen.com/pga-tour | https://www.trugreen.com/products-and-services | https://www.trugreen.com/why-choose-trugreen/testimonials-and-ratings","","missing-main|internal-links-missing-from-sitemap",""
"chromium","2026-08-31T16:07:10.145Z","prod-release-2-7-2026-08-28","1100-1408","","https://www.trugreen.com/satellite/local-lawn-care/florida/ft-walton-beach","https://www.trugreen.com/local-lawn-care/florida/ft-walton-beach","200","308:https://www.trugreen.com/satellite/local-lawn-care/florida/ft-walton-beach -> 200:https://www.trugreen.com/local-lawn-care/florida/ft-walton-beach","TruGreen Ft. Walton Beach: Lawn Care Maintenance Services in Ft. Walton Beach, FL | TruGreen","TruGreen Ft. Walton Beach: Lawn Care Maintenance Services in Ft. Walton Beach, FL | TruGreen","https://www.trugreen.com/local-lawn-care/florida/ft-walton-beach","1","https://www.trugreen.com/local-lawn-care/florida/ft-walton-beach","1","","200","https://www.trugreen.com/local-lawn-care/florida/ft-walton-beach","","","","0","1","Meet your local experts.","0","header|footer","jsonld:1;types:WebPage;invalid:0;missing:","0","0","45","8","https://www.trugreen.com/lawn-care-101 | https://www.trugreen.com/lawn-care-101/learning-center | https://www.trugreen.com/newsroom | https://www.trugreen.com/pay-your-bill | https://www.trugreen.com/pests-products-and-services | https://www.trugreen.com/pga-tour | https://www.trugreen.com/products-and-services | https://www.trugreen.com/why-choose-trugreen/testimonials-and-ratings","","missing-main|internal-links-missing-from-sitemap",""
"chromium","2026-08-31T16:07:10.145Z","prod-release-2-7-2026-08-28","1100-1408","","https://www.trugreen.com/satellite/local-lawn-care/georgia/columbus","https://www.trugreen.com/local-lawn-care/georgia/columbus","200","308:https://www.trugreen.com/satellite/local-lawn-care/georgia/columbus -> 200:https://www.trugreen.com/local-lawn-care/georgia/columbus","Lawn Care and Outdoor Services in Columbus, GA | TruGreen","Lawn Care and Outdoor Services in Columbus, GA | TruGreen","https://www.trugreen.com/local-lawn-care/georgia/columbus","1","https://www.trugreen.com/local-lawn-care/georgia/columbus","1","","200","https://www.trugreen.com/local-lawn-care/georgia/columbus","","","","0","1","Meet your local experts.","0","header|footer","jsonld:1;types:WebPage;invalid:0;missing:","0","0","45","8","https://www.trugreen.com/lawn-care-101 | https://www.trugreen.com/lawn-care-101/learning-center | https://www.trugreen.com/newsroom | https://www.trugreen.com/pay-your-bill | https://www.trugreen.com/pests-products-and-services | https://www.trugreen.com/pga-tour | https://www.trugreen.com/products-and-services | https://www.trugreen.com/why-choose-trugreen/testimonials-and-ratings","","missing-main|internal-links-missing-from-sitemap",""
"chromium","2026-08-31T16:07:10.145Z","prod-release-2-7-2026-08-28","1100-1408","","https://www.trugreen.com/satellite/local-lawn-care/idaho/meridian","https://www.trugreen.com/local-lawn-care/idaho/meridian","200","308:https://www.trugreen.com/satellite/local-lawn-care/idaho/meridian -> 200:https://www.trugreen.com/local-lawn-care/idaho/meridian","TruGreen Boise: Lawn Care Maintenance Services in Boise, ID | TruGreen","TruGreen Boise: Lawn Care Maintenance Services in Boise, ID | TruGreen","https://www.trugreen.com/local-lawn-care/idaho/meridian","1","https://www.trugreen.com/local-lawn-care/idaho/meridian","1","","200","https://www.trugreen.com/local-lawn-care/idaho/meridian","","","","0","1","Meet your local experts.","0","header|footer","jsonld:1;types:WebPage;invalid:0;missing:","0","0","45","8","https://www.trugreen.com/lawn-care-101 | https://www.trugreen.com/lawn-care-101/learning-center | https://www.trugreen.com/newsroom | https://www.trugreen.com/pay-your-bill | https://www.trugreen.com/pests-products-and-services | https://www.trugreen.com/pga-tour | https://www.trugreen.com/products-and-services | https://www.trugreen.com/why-choose-trugreen/testimonials-and-ratings","","missing-main|internal-links-missing-from-sitemap",""
"chromium","2026-08-31T16:07:10.145Z","prod-release-2-7-2026-08-28","1100-1408","","https://www.trugreen.com/satellite/local-lawn-care/illinois/rockford","https://www.trugreen.com/local-lawn-care/illinois/rockford","200","308:https://www.trugreen.com/satellite/local-lawn-care/illinois/rockford -> 200:https://www.trugreen.com/local-lawn-care/illinois/rockford","TruGreen Rockford: Lawn Care Maintenance Services in Rockford, IL | TruGreen","TruGreen Rockford: Lawn Care Maintenance Services in Rockford, IL | TruGreen","https://www.trugreen.com/local-lawn-care/illinois/rockford","1","https://www.trugreen.com/local-lawn-care/illinois/rockford","1","","200","https://www.trugreen.com/local-lawn-care/illinois/rockford","","","","0","1","Meet your local experts.","0","header|footer","jsonld:1;types:WebPage;invalid:0;missing:","0","0","45","8","https://www.trugreen.com/lawn-care-101 | https://www.trugreen.com/lawn-care-101/learning-center | https://www.trugreen.com/newsroom | https://www.trugreen.com/pay-your-bill | https://www.trugreen.com/pests-products-and-services | https://www.trugreen.com/pga-tour | https://www.trugreen.com/products-and-services | https://www.trugreen.com/why-choose-trugreen/testimonials-and-ratings","","missing-main|internal-links-missing-from-sitemap",""
"chromium","2026-08-31T16:07:10.145Z","prod-release-2-7-2026-08-28","1100-1408","","https://www.trugreen.com/satellite/local-lawn-care/iowa/ankeny","https://www.trugreen.com/local-lawn-care/iowa/ankeny","200","308:https://www.trugreen.com/satellite/local-lawn-care/iowa/ankeny -> 200:https://www.trugreen.com/local-lawn-care/iowa/ankeny","TruGreen Des Moines: Lawn Care Maintenance Services in Des Moines, IA | TruGreen","TruGreen Des Moines: Lawn Care Maintenance Services in Des Moines, IA | TruGreen","https://www.trugreen.com/local-lawn-care/iowa/ankeny","1","https://www.trugreen.com/local-lawn-care/iowa/ankeny","1","","200","https://www.trugreen.com/local-lawn-care/iowa/ankeny","","","","0","1","Meet your local experts.","0","header|footer","jsonld:1;types:WebPage;invalid:0;missing:","0","0","45","8","https://www.trugreen.com/lawn-care-101 | https://www.trugreen.com/lawn-care-101/learning-center | https://www.trugreen.com/newsroom | https://www.trugreen.com/pay-your-bill | https://www.trugreen.com/pests-products-and-services | https://www.trugreen.com/pga-tour | https://www.trugreen.com/products-and-services | https://www.trugreen.com/why-choose-trugreen/testimonials-and-ratings","","missing-main|internal-links-missing-from-sitemap",""
"chromium","2026-08-31T16:07:10.145Z","prod-release-2-7-2026-08-28","1100-1408","","https://www.trugreen.com/satellite/local-lawn-care/iowa/davenport","https://www.trugreen.com/local-lawn-care/iowa/davenport","200","308:https://www.trugreen.com/satellite/local-lawn-care/iowa/davenport -> 200:https://www.trugreen.com/local-lawn-care/iowa/davenport","TruGreen Davenport: Lawn Care Maintenance Services in Davenport, IA | TruGreen","TruGreen Davenport: Lawn Care Maintenance Services in Davenport, IA | TruGreen","https://www.trugreen.com/local-lawn-care/iowa/davenport","1","https://www.trugreen.com/local-lawn-care/iowa/davenport","1","","200","https://www.trugreen.com/local-lawn-care/iowa/davenport","","","","0","1","Meet your local experts.","0","header|footer","jsonld:1;types:WebPage;invalid:0;missing:","0","0","45","8","https://www.trugreen.com/lawn-care-101 | https://www.trugreen.com/lawn-care-101/learning-center | https://www.trugreen.com/newsroom | https://www.trugreen.com/pay-your-bill | https://www.trugreen.com/pests-products-and-services | https://www.trugreen.com/pga-tour | https://www.trugreen.com/products-and-services | https://www.trugreen.com/why-choose-trugreen/testimonials-and-ratings","","missing-main|internal-links-missing-from-sitemap",""
"chromium","2026-08-31T16:07:10.145Z","prod-release-2-7-2026-08-28","1100-1408","","https://www.trugreen.com/satellite/local-lawn-care/kansas/wichita","https://www.trugreen.com/local-lawn-care/kansas/wichita","200","308:https://www.trugreen.com/satellite/local-lawn-care/kansas/wichita -> 200:https://www.trugreen.com/local-lawn-care/kansas/wichita","TruGreen Wichita: Lawn Care Maintenance Services in Wichita, KS | TruGreen","TruGreen Wichita: Lawn Care Maintenance Services in Wichita, KS | TruGreen","https://www.trugreen.com/local-lawn-care/kansas/wichita","1","https://www.trugreen.com/local-lawn-care/kansas/wichita","1","","200","https://www.trugreen.com/local-lawn-care/kansas/wichita","","","","0","1","Meet your local experts.","0","header|footer","jsonld:1;types:WebPage;invalid:0;missing:","0","0","45","8","https://www.trugreen.com/lawn-care-101 | https://www.trugreen.com/lawn-care-101/learning-center | https://www.trugreen.com/newsroom | https://www.trugreen.com/pay-your-bill | https://www.trugreen.com/pests-products-and-services | https://www.trugreen.com/pga-tour | https://www.trugreen.com/products-and-services | https://www.trugreen.com/why-choose-trugreen/testimonials-and-ratings","","missing-main|internal-links-missing-from-sitemap",""
"chromium","2026-08-31T16:07:10.145Z","prod-release-2-7-2026-08-28","1100-1408","","https://www.trugreen.com/satellite/local-lawn-care/michigan/williamsburg","https://www.trugreen.com/local-lawn-care/michigan/williamsburg","200","308:https://www.trugreen.com/satellite/local-lawn-care/michigan/williamsburg -> 200:https://www.trugreen.com/local-lawn-care/michigan/williamsburg","TruGreen Traverse City: Lawn Care Maintenance Services in Traverse City, MI | TruGreen","TruGreen Traverse City: Lawn Care Maintenance Services in Traverse City, MI | TruGreen","https://www.trugreen.com/local-lawn-care/michigan/williamsburg","1","https://www.trugreen.com/local-lawn-care/michigan/williamsburg","1","","200","https://www.trugreen.com/local-lawn-care/michigan/williamsburg","","","","0","1","Meet your local experts.","0","header|footer","jsonld:1;types:WebPage;invalid:0;missing:","0","0","45","8","https://www.trugreen.com/lawn-care-101 | https://www.trugreen.com/lawn-care-101/learning-center | https://www.trugreen.com/newsroom | https://www.trugreen.com/pay-your-bill | https://www.trugreen.com/pests-products-and-services | https://www.trugreen.com/pga-tour | https://www.trugreen.com/products-and-services | https://www.trugreen.com/why-choose-trugreen/testimonials-and-ratings","","missing-main|internal-links-missing-from-sitemap",""
"chromium","2026-08-31T16:07:10.145Z","prod-release-2-7-2026-08-28","1100-1408","","https://www.trugreen.com/satellite/local-lawn-care/minnesota/minnetonka","https://www.trugreen.com/local-lawn-care/minnesota/minnetonka","200","308:https://www.trugreen.com/satellite/local-lawn-care/minnesota/minnetonka -> 200:https://www.trugreen.com/local-lawn-care/minnesota/minnetonka","TruGreen Minnetonka: Lawn Care Maintenance Services in Minnetonka, MN | TruGreen","TruGreen Minnetonka: Lawn Care Maintenance Services in Minnetonka, MN | TruGreen","https://www.trugreen.com/local-lawn-care/minnesota/minnetonka","1","https://www.trugreen.com/local-lawn-care/minnesota/minnetonka","1","","200","https://www.trugreen.com/local-lawn-care/minnesota/minnetonka","","","","0","1","Meet your local experts.","0","header|footer","jsonld:1;types:WebPage;invalid:0;missing:","0","0","45","8","https://www.trugreen.com/lawn-care-101 | https://www.trugreen.com/lawn-care-101/learning-center | https://www.trugreen.com/newsroom | https://www.trugreen.com/pay-your-bill | https://www.trugreen.com/pests-products-and-services | https://www.trugreen.com/pga-tour | https://www.trugreen.com/products-and-services | https://www.trugreen.com/why-choose-trugreen/testimonials-and-ratings","","missing-main|internal-links-missing-from-sitemap",""
"chromium","2026-08-31T16:07:10.145Z","prod-release-2-7-2026-08-28","1100-1408","","https://www.trugreen.com/satellite/local-lawn-care/minnesota/vadnais-heights","https://www.trugreen.com/local-lawn-care/minnesota/vadnais-heights","200","308:https://www.trugreen.com/satellite/local-lawn-care/minnesota/vadnais-heights -> 200:https://www.trugreen.com/local-lawn-care/minnesota/vadnais-heights","TruGreen Maplewood: Lawn Care Maintenance Services in Maplewood, MN | TruGreen","TruGreen Maplewood: Lawn Care Maintenance Services in Maplewood, MN | TruGreen","https://www.trugreen.com/local-lawn-care/minnesota/vadnais-heights","1","https://www.trugreen.com/local-lawn-care/minnesota/vadnais-heights","1","","200","https://www.trugreen.com/local-lawn-care/minnesota/vadnais-heights","","","","0","1","Meet your local experts.","0","header|footer","jsonld:1;types:WebPage;invalid:0;missing:","0","0","45","8","https://www.trugreen.com/lawn-care-101 | https://www.trugreen.com/lawn-care-101/learning-center | https://www.trugreen.com/newsroom | https://www.trugreen.com/pay-your-bill | https://www.trugreen.com/pests-products-and-services | https://www.trugreen.com/pga-tour | https://www.trugreen.com/products-and-services | https://www.trugreen.com/why-choose-trugreen/testimonials-and-ratings","","missing-main|internal-links-missing-from-sitemap",""
"chromium","2026-08-31T16:07:10.145Z","prod-release-2-7-2026-08-28","1100-1408","","https://www.trugreen.com/satellite/local-lawn-care/missouri/springfield","https://www.trugreen.com/local-lawn-care/missouri/springfield","200","308:https://www.trugreen.com/satellite/local-lawn-care/missouri/springfield -> 200:https://www.trugreen.com/local-lawn-care/missouri/springfield","TruGreen Springfield MO: Lawn Care Maintenance Services in Springfield MO, MO | TruGreen","TruGreen Springfield MO: Lawn Care Maintenance Services in Springfield MO, MO | TruGreen","https://www.trugreen.com/local-lawn-care/missouri/springfield","1","https://www.trugreen.com/local-lawn-care/missouri/springfield","1","","200","https://www.trugreen.com/local-lawn-care/missouri/springfield","","","","0","1","Meet your local experts.","0","header|footer","jsonld:1;types:WebPage;invalid:0;missing:","0","0","45","8","https://www.trugreen.com/lawn-care-101 | https://www.trugreen.com/lawn-care-101/learning-center | https://www.trugreen.com/newsroom | https://www.trugreen.com/pay-your-bill | https://www.trugreen.com/pests-products-and-services | https://www.trugreen.com/pga-tour | https://www.trugreen.com/products-and-services | https://www.trugreen.com/why-choose-trugreen/testimonials-and-ratings","","missing-main|internal-links-missing-from-sitemap",""
"chromium","2026-08-31T16:07:10.145Z","prod-release-2-7-2026-08-28","1100-1408","","https://www.trugreen.com/satellite/local-lawn-care/new-hampshire/londonderry","https://www.trugreen.com/local-lawn-care/new-york/albany","200","301:https://www.trugreen.com/satellite/local-lawn-care/new-hampshire/londonderry -> 200:https://www.trugreen.com/local-lawn-care/new-york/albany","TruGreen Albany: Lawn Care Maintenance Services in Albany, NY | TruGreen","TruGreen Albany: Lawn Care Maintenance Services in Albany, NY | TruGreen","https://www.trugreen.com/local-lawn-care/new-york/albany","1","https://www.trugreen.com/local-lawn-care/new-york/albany","1","","200","https://www.trugreen.com/local-lawn-care/new-york/albany","","","","0","1","Meet your local experts.","0","header|footer","jsonld:1;types:WebPage;invalid:0;missing:","0","0","45","8","https://www.trugreen.com/lawn-care-101 | https://www.trugreen.com/lawn-care-101/learning-center | https://www.trugreen.com/newsroom | https://www.trugreen.com/pay-your-bill | https://www.trugreen.com/pests-products-and-services | https://www.trugreen.com/pga-tour | https://www.trugreen.com/products-and-services | https://www.trugreen.com/why-choose-trugreen/testimonials-and-ratings","","missing-main|internal-links-missing-from-sitemap",""
"chromium","2026-08-31T16:07:10.145Z","prod-release-2-7-2026-08-28","1100-1408","","https://www.trugreen.com/satellite/local-lawn-care/new-york/yaphank","https://www.trugreen.com/local-lawn-care/new-york/yaphank","200","308:https://www.trugreen.com/satellite/local-lawn-care/new-york/yaphank -> 200:https://www.trugreen.com/local-lawn-care/new-york/yaphank","TruGreen Long Island East: Lawn Care Maintenance Services in Long Island East, NY | TruGreen","TruGreen Long Island East: Lawn Care Maintenance Services in Long Island East, NY | TruGreen","https://www.trugreen.com/local-lawn-care/new-york/yaphank","1","https://www.trugreen.com/local-lawn-care/new-york/yaphank","1","","200","https://www.trugreen.com/local-lawn-care/new-york/yaphank","","","","0","1","Meet your local experts.","0","header|footer","jsonld:1;types:WebPage;invalid:0;missing:","0","0","45","8","https://www.trugreen.com/lawn-care-101 | https://www.trugreen.com/lawn-care-101/learning-center | https://www.trugreen.com/newsroom | https://www.trugreen.com/pay-your-bill | https://www.trugreen.com/pests-products-and-services | https://www.trugreen.com/pga-tour | https://www.trugreen.com/products-and-services | https://www.trugreen.com/why-choose-trugreen/testimonials-and-ratings","","missing-main|internal-links-missing-from-sitemap|duplicate-title",""
"chromium","2026-08-31T16:07:10.145Z","prod-release-2-7-2026-08-28","1100-1408","","https://www.trugreen.com/satellite/local-lawn-care/north-carolina/cary","https://www.trugreen.com/local-lawn-care/north-carolina/cary","200","308:https://www.trugreen.com/satellite/local-lawn-care/north-carolina/cary -> 200:https://www.trugreen.com/local-lawn-care/north-carolina/cary","TruGreen Raleigh South: Lawn Care Maintenance Services in Raleigh South, NC | TruGreen","TruGreen Raleigh South: Lawn Care Maintenance Services in Raleigh South, NC | TruGreen","https://www.trugreen.com/local-lawn-care/north-carolina/cary","1","https://www.trugreen.com/local-lawn-care/north-carolina/cary","1","","200","https://www.trugreen.com/local-lawn-care/north-carolina/cary","","","","0","1","Meet your local experts.","0","header|footer","jsonld:1;types:WebPage;invalid:0;missing:","0","0","45","8","https://www.trugreen.com/lawn-care-101 | https://www.trugreen.com/lawn-care-101/learning-center | https://www.trugreen.com/newsroom | https://www.trugreen.com/pay-your-bill | https://www.trugreen.com/pests-products-and-services | https://www.trugreen.com/pga-tour | https://www.trugreen.com/products-and-services | https://www.trugreen.com/why-choose-trugreen/testimonials-and-ratings","","missing-main|internal-links-missing-from-sitemap|duplicate-title",""
"chromium","2026-08-31T16:07:10.145Z","prod-release-2-7-2026-08-28","1100-1408","","https://www.trugreen.com/satellite/local-lawn-care/oklahoma/broken-arrow","https://www.trugreen.com/local-lawn-care/oklahoma/broken-arrow","200","308:https://www.trugreen.com/satellite/local-lawn-care/oklahoma/broken-arrow -> 200:https://www.trugreen.com/local-lawn-care/oklahoma/broken-arrow","TruGreen Tulsa: Lawn Care Maintenance Services in Tulsa, OK | TruGreen","TruGreen Tulsa: Lawn Care Maintenance Services in Tulsa, OK | TruGreen","https://www.trugreen.com/local-lawn-care/oklahoma/broken-arrow","1","https://www.trugreen.com/local-lawn-care/oklahoma/broken-arrow","1","","200","https://www.trugreen.com/local-lawn-care/oklahoma/broken-arrow","","","","0","1","Meet your local experts.","0","header|footer","jsonld:1;types:WebPage;invalid:0;missing:","0","0","45","8","https://www.trugreen.com/lawn-care-101 | https://www.trugreen.com/lawn-care-101/learning-center | https://www.trugreen.com/newsroom | https://www.trugreen.com/pay-your-bill | https://www.trugreen.com/pests-products-and-services | https://www.trugreen.com/pga-tour | https://www.trugreen.com/products-and-services | https://www.trugreen.com/why-choose-trugreen/testimonials-and-ratings","","missing-main|internal-links-missing-from-sitemap|duplicate-title",""
"chromium","2026-08-31T16:07:10.145Z","prod-release-2-7-2026-08-28","1100-1408","","https://www.trugreen.com/satellite/local-lawn-care/oregon/lake-oswego","https://www.trugreen.com/local-lawn-care/oregon/lake-oswego","200","308:https://www.trugreen.com/satellite/local-lawn-care/oregon/lake-oswego -> 200:https://www.trugreen.com/local-lawn-care/oregon/lake-oswego","TruGreen Portland OR: Lawn Care Maintenance Services in Portland OR, OR | TruGreen","TruGreen Portland OR: Lawn Care Maintenance Services in Portland OR, OR | TruGreen","https://www.trugreen.com/local-lawn-care/oregon/lake-oswego","1","https://www.trugreen.com/local-lawn-care/oregon/lake-oswego","1","","200","https://www.trugreen.com/local-lawn-care/oregon/lake-oswego","","","","0","1","Meet your local experts.","0","header|footer","jsonld:1;types:WebPage;invalid:0;missing:","0","0","45","8","https://www.trugreen.com/lawn-care-101 | https://www.trugreen.com/lawn-care-101/learning-center | https://www.trugreen.com/newsroom | https://www.trugreen.com/pay-your-bill | https://www.trugreen.com/pests-products-and-services | https://www.trugreen.com/pga-tour | https://www.trugreen.com/products-and-services | https://www.trugreen.com/why-choose-trugreen/testimonials-and-ratings","","missing-main|internal-links-missing-from-sitemap|duplicate-title",""
"chromium","2026-08-31T16:07:10.145Z","prod-release-2-7-2026-08-28","1100-1408","","https://www.trugreen.com/satellite/local-lawn-care/pennsylvania/allison-park","https://www.trugreen.com/local-lawn-care/pennsylvania/allison-park","200","308:https://www.trugreen.com/satellite/local-lawn-care/pennsylvania/allison-park -> 200:https://www.trugreen.com/local-lawn-care/pennsylvania/allison-park","TruGreen Pittsburgh North: Lawn Care Maintenance Services in Pittsburgh North, PA | TruGreen","TruGreen Pittsburgh North: Lawn Care Maintenance Services in Pittsburgh North, PA | TruGreen","https://www.trugreen.com/local-lawn-care/pennsylvania/allison-park","1","https://www.trugreen.com/local-lawn-care/pennsylvania/allison-park","1","","200","https://www.trugreen.com/local-lawn-care/pennsylvania/allison-park","","","","0","1","Meet your local experts.","0","header|footer","jsonld:1;types:WebPage;invalid:0;missing:","0","0","45","8","https://www.trugreen.com/lawn-care-101 | https://www.trugreen.com/lawn-care-101/learning-center | https://www.trugreen.com/newsroom | https://www.trugreen.com/pay-your-bill | https://www.trugreen.com/pests-products-and-services | https://www.trugreen.com/pga-tour | https://www.trugreen.com/products-and-services | https://www.trugreen.com/why-choose-trugreen/testimonials-and-ratings","","missing-main|internal-links-missing-from-sitemap|duplicate-title",""
"chromium","2026-08-31T16:07:10.145Z","prod-release-2-7-2026-08-28","1100-1408","","https://www.trugreen.com/satellite/local-lawn-care/pennsylvania/monroeville","https://www.trugreen.com/local-lawn-care/pennsylvania/monroeville","200","308:https://www.trugreen.com/satellite/local-lawn-care/pennsylvania/monroeville -> 200:https://www.trugreen.com/local-lawn-care/pennsylvania/monroeville","TruGreen Pittsburgh East: Lawn Care Maintenance Services in Pittsburgh East, PA | TruGreen","TruGreen Pittsburgh East: Lawn Care Maintenance Services in Pittsburgh East, PA | TruGreen","https://www.trugreen.com/local-lawn-care/pennsylvania/monroeville","1","https://www.trugreen.com/local-lawn-care/pennsylvania/monroeville","1","","200","https://www.trugreen.com/local-lawn-care/pennsylvania/monroeville","","","","0","1","Meet your local experts.","0","header|footer","jsonld:1;types:WebPage;invalid:0;missing:","0","0","45","8","https://www.trugreen.com/lawn-care-101 | https://www.trugreen.com/lawn-care-101/learning-center | https://www.trugreen.com/newsroom | https://www.trugreen.com/pay-your-bill | https://www.trugreen.com/pests-products-and-services | https://www.trugreen.com/pga-tour | https://www.trugreen.com/products-and-services | https://www.trugreen.com/why-choose-trugreen/testimonials-and-ratings","","missing-main|internal-links-missing-from-sitemap|duplicate-title",""
"chromium","2026-08-31T16:07:10.145Z","prod-release-2-7-2026-08-28","1100-1408","","https://www.trugreen.com/satellite/local-lawn-care/south-carolina/greenville","https://www.trugreen.com/local-lawn-care/south-carolina/greenville","200","308:https://www.trugreen.com/satellite/local-lawn-care/south-carolina/greenville -> 200:https://www.trugreen.com/local-lawn-care/south-carolina/greenville","Lawn Care and Outdoor Services in Greenville | TruGreen","Lawn Care and Outdoor Services in Greenville | TruGreen","https://www.trugreen.com/local-lawn-care/south-carolina/greenville","1","https://www.trugreen.com/local-lawn-care/south-carolina/greenville","1","","200","https://www.trugreen.com/local-lawn-care/south-carolina/greenville","","","","0","1","Meet your local experts.","0","header|footer","jsonld:1;types:WebPage;invalid:0;missing:","0","0","45","8","https://www.trugreen.com/lawn-care-101 | https://www.trugreen.com/lawn-care-101/learning-center | https://www.trugreen.com/newsroom | https://www.trugreen.com/pay-your-bill | https://www.trugreen.com/pests-products-and-services | https://www.trugreen.com/pga-tour | https://www.trugreen.com/products-and-services | https://www.trugreen.com/why-choose-trugreen/testimonials-and-ratings","","missing-main|internal-links-missing-from-sitemap|duplicate-title",""
"chromium","2026-08-31T16:07:10.145Z","prod-release-2-7-2026-08-28","1100-1408","","https://www.trugreen.com/satellite/local-lawn-care/tennessee/memphis","https://www.trugreen.com/local-lawn-care/tennessee/memphis","200","308:https://www.trugreen.com/satellite/local-lawn-care/tennessee/memphis -> 200:https://www.trugreen.com/local-lawn-care/tennessee/memphis","TruGreen Memphis: Lawn Care Maintenance Services in Memphis, TN | TruGreen","TruGreen Memphis: Lawn Care Maintenance Services in Memphis, TN | TruGreen","https://www.trugreen.com/local-lawn-care/tennessee/memphis","1","https://www.trugreen.com/local-lawn-care/tennessee/memphis","1","","200","https://www.trugreen.com/local-lawn-care/tennessee/memphis","","","","0","1","Meet your local experts.","0","header|footer","jsonld:1;types:WebPage;invalid:0;missing:","0","0","45","8","https://www.trugreen.com/lawn-care-101 | https://www.trugreen.com/lawn-care-101/learning-center | https://www.trugreen.com/newsroom | https://www.trugreen.com/pay-your-bill | https://www.trugreen.com/pests-products-and-services | https://www.trugreen.com/pga-tour | https://www.trugreen.com/products-and-services | https://www.trugreen.com/why-choose-trugreen/testimonials-and-ratings","","missing-main|internal-links-missing-from-sitemap|duplicate-title",""
"chromium","2026-08-31T16:07:10.145Z","prod-release-2-7-2026-08-28","1100-1408","","https://www.trugreen.com/satellite/local-lawn-care/texas/odessa","https://www.trugreen.com/local-lawn-care/texas/odessa","200","308:https://www.trugreen.com/satellite/local-lawn-care/texas/odessa -> 200:https://www.trugreen.com/local-lawn-care/texas/odessa","TruGreen Midland: Lawn Care Maintenance Services in Midland, TX | TruGreen","TruGreen Midland: Lawn Care Maintenance Services in Midland, TX | TruGreen","https://www.trugreen.com/local-lawn-care/texas/odessa","1","https://www.trugreen.com/local-lawn-care/texas/odessa","1","","200","https://www.trugreen.com/local-lawn-care/texas/odessa","","","","0","1","Meet your local experts.","0","header|footer","jsonld:1;types:WebPage;invalid:0;missing:","0","0","45","8","https://www.trugreen.com/lawn-care-101 | https://www.trugreen.com/lawn-care-101/learning-center | https://www.trugreen.com/newsroom | https://www.trugreen.com/pay-your-bill | https://www.trugreen.com/pests-products-and-services | https://www.trugreen.com/pga-tour | https://www.trugreen.com/products-and-services | https://www.trugreen.com/why-choose-trugreen/testimonials-and-ratings","","missing-main|internal-links-missing-from-sitemap|duplicate-title",""
"chromium","2026-08-31T16:07:10.145Z","prod-release-2-7-2026-08-28","1100-1408","","https://www.trugreen.com/satellite/local-lawn-care/utah/ogden","https://www.trugreen.com/local-lawn-care/utah/ogden","200","308:https://www.trugreen.com/satellite/local-lawn-care/utah/ogden -> 200:https://www.trugreen.com/local-lawn-care/utah/ogden","TruGreen Ogden: Lawn Care Maintenance Services in Ogden, UT | TruGreen","TruGreen Ogden: Lawn Care Maintenance Services in Ogden, UT | TruGreen","https://www.trugreen.com/local-lawn-care/utah/ogden","1","https://www.trugreen.com/local-lawn-care/utah/ogden","1","","200","https://www.trugreen.com/local-lawn-care/utah/ogden","","","","0","1","Meet your local experts.","0","header|footer","jsonld:1;types:WebPage;invalid:0;missing:","0","0","45","8","https://www.trugreen.com/lawn-care-101 | https://www.trugreen.com/lawn-care-101/learning-center | https://www.trugreen.com/newsroom | https://www.trugreen.com/pay-your-bill | https://www.trugreen.com/pests-products-and-services | https://www.trugreen.com/pga-tour | https://www.trugreen.com/products-and-services | https://www.trugreen.com/why-choose-trugreen/testimonials-and-ratings","","missing-main|internal-links-missing-from-sitemap|duplicate-title",""
"chromium","2026-08-31T16:07:10.145Z","prod-release-2-7-2026-08-28","1100-1408","","https://www.trugreen.com/satellite/local-lawn-care/virginia/richmond","https://www.trugreen.com/local-lawn-care/virginia/richmond","200","308:https://www.trugreen.com/satellite/local-lawn-care/virginia/richmond -> 200:https://www.trugreen.com/local-lawn-care/virginia/richmond","TruGreen Richmond: Lawn Care Maintenance Services in Richmond, VA | TruGreen","TruGreen Richmond: Lawn Care Maintenance Services in Richmond, VA | TruGreen","https://www.trugreen.com/local-lawn-care/virginia/richmond","1","https://www.trugreen.com/local-lawn-care/virginia/richmond","1","","200","https://www.trugreen.com/local-lawn-care/virginia/richmond","","","","0","1","Meet your local experts.","0","header|footer","jsonld:1;types:WebPage;invalid:0;missing:","0","0","45","8","https://www.trugreen.com/lawn-care-101 | https://www.trugreen.com/lawn-care-101/learning-center | https://www.trugreen.com/newsroom | https://www.trugreen.com/pay-your-bill | https://www.trugreen.com/pests-products-and-services | https://www.trugreen.com/pga-tour | https://www.trugreen.com/products-and-services | https://www.trugreen.com/why-choose-trugreen/testimonials-and-ratings","","missing-main|internal-links-missing-from-sitemap|duplicate-title",""
"chromium","2026-08-31T16:07:10.145Z","prod-release-2-7-2026-08-28","1100-1408","","https://www.trugreen.com/satellite/local-lawn-care/washington/redmond","https://www.trugreen.com/local-lawn-care/washington/redmond","200","308:https://www.trugreen.com/satellite/local-lawn-care/washington/redmond -> 200:https://www.trugreen.com/local-lawn-care/washington/redmond","TruGreen Seattle North: Lawn Care Maintenance Services in Seattle North, WA | TruGreen","TruGreen Seattle North: Lawn Care Maintenance Services in Seattle North, WA | TruGreen","https://www.trugreen.com/local-lawn-care/washington/redmond","1","https://www.trugreen.com/local-lawn-care/washington/redmond","1","","200","https://www.trugreen.com/local-lawn-care/washington/redmond","","","","0","1","Meet your local experts.","0","header|footer","jsonld:1;types:WebPage;invalid:0;missing:","0","0","45","8","https://www.trugreen.com/lawn-care-101 | https://www.trugreen.com/lawn-care-101/learning-center | https://www.trugreen.com/newsroom | https://www.trugreen.com/pay-your-bill | https://www.trugreen.com/pests-products-and-services | https://www.trugreen.com/pga-tour | https://www.trugreen.com/products-and-services | https://www.trugreen.com/why-choose-trugreen/testimonials-and-ratings","","missing-main|internal-links-missing-from-sitemap|duplicate-title",""
"chromium","2026-08-31T16:07:10.145Z","prod-release-2-7-2026-08-28","1100-1408","","https://www.trugreen.com/satellite/local-lawn-care/washington/spokane","https://www.trugreen.com/local-lawn-care/washington/spokane","200","308:https://www.trugreen.com/satellite/local-lawn-care/washington/spokane -> 200:https://www.trugreen.com/local-lawn-care/washington/spokane","TruGreen Spokane: Lawn Care Maintenance Services in Spokane, WA | TruGreen","TruGreen Spokane: Lawn Care Maintenance Services in Spokane, WA | TruGreen","https://www.trugreen.com/local-lawn-care/washington/spokane","1","https://www.trugreen.com/local-lawn-care/washington/spokane","1","","200","https://www.trugreen.com/local-lawn-care/washington/spokane","","","","0","1","Meet your local experts.","0","header|footer","jsonld:1;types:WebPage;invalid:0;missing:","0","0","45","8","https://www.trugreen.com/lawn-care-101 | https://www.trugreen.com/lawn-care-101/learning-center | https://www.trugreen.com/newsroom | https://www.trugreen.com/pay-your-bill | https://www.trugreen.com/pests-products-and-services | https://www.trugreen.com/pga-tour | https://www.trugreen.com/products-and-services | https://www.trugreen.com/why-choose-trugreen/testimonials-and-ratings","","missing-main|internal-links-missing-from-sitemap|duplicate-title",""
"chromium","2026-08-31T16:07:10.145Z","prod-release-2-7-2026-08-28","1100-1408","","https://www.trugreen.com/satellite/local-lawn-care/wisconsin/appleton","https://www.trugreen.com/local-lawn-care/wisconsin/appleton","200","308:https://www.trugreen.com/satellite/local-lawn-care/wisconsin/appleton -> 200:https://www.trugreen.com/local-lawn-care/wisconsin/appleton","TruGreen Appleton: Lawn Care Maintenance Services in Appleton, WI | TruGreen","TruGreen Appleton: Lawn Care Maintenance Services in Appleton, WI | TruGreen","https://www.trugreen.com/local-lawn-care/wisconsin/appleton","1","https://www.trugreen.com/local-lawn-care/wisconsin/appleton","1","","200","https://www.trugreen.com/local-lawn-care/wisconsin/appleton","","","","0","1","Meet your local experts.","0","header|footer","jsonld:1;types:WebPage;invalid:0;missing:","0","0","45","8","https://www.trugreen.com/lawn-care-101 | https://www.trugreen.com/lawn-care-101/learning-center | https://www.trugreen.com/newsroom | https://www.trugreen.com/pay-your-bill | https://www.trugreen.com/pests-products-and-services | https://www.trugreen.com/pga-tour | https://www.trugreen.com/products-and-services | https://www.trugreen.com/why-choose-trugreen/testimonials-and-ratings","","missing-main|internal-links-missing-from-sitemap|duplicate-title",""
"chromium","2026-08-31T16:07:10.145Z","prod-release-2-7-2026-08-28","1100-1408","","https://www.trugreen.com/service-terms-and-conditions","https://www.trugreen.com/service-terms-and-conditions","200","200:https://www.trugreen.com/service-terms-and-conditions","Residential Service Terms and Conditions | TruGreen","Residential Service Terms and Conditions | TruGreen","https://www.trugreen.com/service-terms-and-conditions","1","https://www.trugreen.com/service-terms-and-conditions","1","","200","https://www.trugreen.com/service-terms-and-conditions","","","","0","1","Residential Service Terms and Conditions","0","main|header|footer","jsonld:1;types:BreadcrumbList|FAQPage|WebPage;invalid:0;missing:","0","0","41","8","https://www.trugreen.com/lawn-care-101 | https://www.trugreen.com/lawn-care-101/learning-center | https://www.trugreen.com/newsroom | https://www.trugreen.com/pay-your-bill | https://www.trugreen.com/pests-products-and-services | https://www.trugreen.com/pga-tour | https://www.trugreen.com/products-and-services | https://www.trugreen.com/why-choose-trugreen/testimonials-and-ratings","","internal-links-missing-from-sitemap",""
"chromium","2026-08-31T16:07:10.145Z","prod-release-2-7-2026-08-28","1100-1408","","https://www.trugreen.com/spring-terms-conditions","https://www.trugreen.com/spring-terms-conditions","200","200:https://www.trugreen.com/spring-terms-conditions","Greetings from Your Backyard Terms and Conditions | TruGreen","Greetings from Your Backyard Terms and Conditions | TruGreen","https://www.trugreen.com/spring-terms-conditions","1","https://www.trugreen.com/spring-terms-conditions","1","","200","https://www.trugreen.com/spring-terms-conditions","","","","0","1","Greetings from Your Backyard Terms and Conditions","0","main|header|nav|footer","jsonld:1;types:WebSite;invalid:0;missing:jsonld_0_missing_@context","0","0","42","11","https://www.trugreen.com/chat/organic-promo | https://www.trugreen.com/lawn-care-101 | https://www.trugreen.com/lawn-care-101/learning-center | https://www.trugreen.com/my-account/account-summary | https://www.trugreen.com/newsroom | https://www.trugreen.com/pay-your-bill | https://www.trugreen.com/pests-products-and-services | https://www.trugreen.com/pga-tour | https://www.trugreen.com/products-and-services | https://www.trugreen.com/products-and-services/tree-and-shrub-service | https://www.trugreen.com/why-choose-trugreen/testimonials-and-ratings","","internal-links-missing-from-sitemap",""
"chromium","2026-08-31T16:07:10.145Z","prod-release-2-7-2026-08-28","1100-1408","","https://www.trugreen.com/sunset-lawns","https://www.trugreen.com/sunset-lawns","200","200:https://www.trugreen.com/sunset-lawns","Sunset Lawns + TruGreen | TruGreen","Sunset Lawns + TruGreen | TruGreen","https://www.trugreen.com/sunset-lawns","1","https://www.trugreen.com/sunset-lawns","1","","200","https://www.trugreen.com/sunset-lawns","","","","0","1","Sunset Lawns + TruGreen","0","main|header|nav|footer","jsonld:0;types:;invalid:0;missing:","0","0","42","11","https://www.trugreen.com/chat/organic-promo | https://www.trugreen.com/lawn-care-101 | https://www.trugreen.com/lawn-care-101/learning-center | https://www.trugreen.com/my-account/account-summary | https://www.trugreen.com/newsroom | https://www.trugreen.com/pay-your-bill | https://www.trugreen.com/pests-products-and-services | https://www.trugreen.com/pga-tour | https://www.trugreen.com/products-and-services | https://www.trugreen.com/products-and-services/tree-and-shrub-service | https://www.trugreen.com/why-choose-trugreen/testimonials-and-ratings","","internal-links-missing-from-sitemap",""
"chromium","2026-08-31T16:07:10.145Z","prod-release-2-7-2026-08-28","1100-1408","","https://www.trugreen.com/testimonials","https://www.trugreen.com/testimonials","200","200:https://www.trugreen.com/testimonials","Why TruGreen is the top choice | TruGreen","Why TruGreen is the top choice | TruGreen","https://www.trugreen.com/testimonials","1","https://www.trugreen.com/testimonials","1","","200","https://www.trugreen.com/testimonials","","","","0","1","Why TruGreen is the top choice","0","header|nav|footer","jsonld:0;types:;invalid:0;missing:","0","0","46","15","https://www.trugreen.com/chat/organic-promo | https://www.trugreen.com/lawn-care-101 | https://www.trugreen.com/lawn-care-101/learning-center | https://www.trugreen.com/my-account/account-settings | https://www.trugreen.com/my-account/account-summary | https://www.trugreen.com/my-account/my-documents | https://www.trugreen.com/my-account/my-services | https://www.trugreen.com/my-account/payments | https://www.trugreen.com/newsroom | https://www.trugreen.com/pay-your-bill | https://www.trugreen.com/pests-products-and-services | https://www.trugreen.com/pga-tour | https://www.trugreen.com/products-and-services | https://www.trugreen.com/products-and-services/tree-and-shrub-service | https://www.trugreen.com/why-choose-trugreen/testimonials-and-ratings","","missing-main|internal-links-missing-from-sitemap",""
"chromium","2026-08-31T16:07:10.145Z","prod-release-2-7-2026-08-28","1100-1408","","https://www.trugreen.com/why-choose-trugreen/experience-and-expertise","https://www.trugreen.com/why-choose-trugreen/experience-and-expertise","200","200:https://www.trugreen.com/why-choose-trugreen/experience-and-expertise","TruGreen Professional Lawn Care Expertise | TruGreen","TruGreen Professional Lawn Care Expertise | TruGreen","https://www.trugreen.com/why-choose-trugreen/experience-and-expertise","1","https://www.trugreen.com/why-choose-trugreen/experience-and-expertise","1","","200","https://www.trugreen.com/why-choose-trugreen/experience-and-expertise","","","","0","0","","0","header|nav|footer","jsonld:0;types:;invalid:0;missing:","0","0","46","15","https://www.trugreen.com/chat/organic-promo | https://www.trugreen.com/lawn-care-101 | https://www.trugreen.com/lawn-care-101/learning-center | https://www.trugreen.com/my-account/account-settings | https://www.trugreen.com/my-account/account-summary | https://www.trugreen.com/my-account/my-documents | https://www.trugreen.com/my-account/my-services | https://www.trugreen.com/my-account/payments | https://www.trugreen.com/newsroom | https://www.trugreen.com/pay-your-bill | https://www.trugreen.com/pests-products-and-services | https://www.trugreen.com/pga-tour | https://www.trugreen.com/products-and-services | https://www.trugreen.com/products-and-services/tree-and-shrub-service | https://www.trugreen.com/why-choose-trugreen/testimonials-and-ratings","","missing-h1|missing-main|internal-links-missing-from-sitemap",""
