"project","generated_at","baseline_label","page_range","max_pages","requested_url","final_url","http_status","redirect_chain","raw_title","rendered_title","raw_canonical","raw_canonical_count","rendered_canonical","rendered_canonical_count","canonical_header","canonical_target_status","canonical_target_final_url","meta_robots_raw","meta_robots_rendered","x_robots_tag","hreflang_count","h1_count","h1_text","hidden_h1_count","landmarks","structured_data","address_count","time_datetime_count","internal_link_count","linked_internal_urls_missing_from_sitemap_count","linked_internal_urls_missing_from_sitemap","js_only_metadata","issue_summary","crawl_error"
"chromium","2026-08-31T14:31:41.742Z","prod-release-2-7-2026-08-28","450-800","","https://www.trugreen.com/lawn-care-101/blog/trugreen-lawn-care-services/lawn-service-pest-control-and-weed-control","https://www.trugreen.com/lawn-care-101/blog/lawn-care-tips/trugreen-mosquito-control-defense-treatment-plan-faq-lawn-care","200","301:https://www.trugreen.com/lawn-care-101/blog/trugreen-lawn-care-services/lawn-service-pest-control-and-weed-control -> 200:https://www.trugreen.com/lawn-care-101/blog/lawn-care-tips/trugreen-mosquito-control-defense-treatment-plan-faq-lawn-care","TruGreen TruDefense Mosquito Control | TruGreen","TruGreen TruDefense Mosquito Control | TruGreen","https://www.trugreen.com/lawn-care-101/blog/lawn-care-tips/trugreen-mosquito-control-defense-treatment-plan-faq-lawn-care","1","https://www.trugreen.com/lawn-care-101/blog/lawn-care-tips/trugreen-mosquito-control-defense-treatment-plan-faq-lawn-care","1","","200","https://www.trugreen.com/lawn-care-101/blog/lawn-care-tips/trugreen-mosquito-control-defense-treatment-plan-faq-lawn-care","","","","0","1","TruGreen Mosquito Defense Plan FAQs","0","header|footer","jsonld:1;types:Article;invalid:0;missing:jsonld_0_missing_@context","0","0","46","11","https://www.trugreen.com/lawn-care-101 | https://www.trugreen.com/lawn-care-101/blog?topic=Pest+Control | https://www.trugreen.com/lawn-care-101/blog?type=Blog | https://www.trugreen.com/lawn-care-101/learning-center | https://www.trugreen.com/newsroom | https://www.trugreen.com/pay-your-bill | https://www.trugreen.com/pest-control/blog/how-get-rid-mosquitoes-your-yard | https://www.trugreen.com/pests-products-and-services | https://www.trugreen.com/pga-tour | https://www.trugreen.com/products-and-services | https://www.trugreen.com/why-choose-trugreen/testimonials-and-ratings","","missing-main|internal-links-missing-from-sitemap",""
"chromium","2026-08-31T14:31:41.742Z","prod-release-2-7-2026-08-28","450-800","","https://www.trugreen.com/lawn-care-101/blog/trugreen-lawn-care-services/lawn-sprinkler-system-repair","https://www.trugreen.com/lawn-care-101/blog","200","301:https://www.trugreen.com/lawn-care-101/blog/trugreen-lawn-care-services/lawn-sprinkler-system-repair -> 200:https://www.trugreen.com/lawn-care-101/blog","TruGreen Blog | TruGreen","TruGreen Blog | TruGreen","https://www.trugreen.com/lawn-care-101/blog","1","https://www.trugreen.com/lawn-care-101/blog","1","","200","https://www.trugreen.com/lawn-care-101/blog","","","","0","1","Looking for advice?Turn to the experts.","0","main|header|footer","jsonld:1;types:Blog|BreadcrumbList|CollectionPage;invalid:0;missing:","0","0","86","22","https://www.trugreen.com/lawn-care-101 | https://www.trugreen.com/lawn-care-101/blog/beyond-lawn/hosting-backyard-party | https://www.trugreen.com/lawn-care-101/blog/consistent-lawn-care | https://www.trugreen.com/lawn-care-101/blog/lawn-care/lawn-care-myths | https://www.trugreen.com/lawn-care-101/blog/lawn-care/lawn-care-vs-landscaping | https://www.trugreen.com/lawn-care-101/blog/lawn-care/lawn-mowing-spread-weeds | https://www.trugreen.com/lawn-care-101/blog/lawn-care/what-lawn-need-thrive | https://www.trugreen.com/lawn-care-101/blog/lawn-care/what-my-lawn-need | https://www.trugreen.com/lawn-care-101/blog/lawn-care/when-aerate-and-overseed-northeast | https://www.trugreen.com/lawn-care-101/blog/lawn-damage/lawn-care-signs-stress | https://www.trugreen.com/lawn-care-101/blog/pest-control/how-control-fleas-yard | https://www.trugreen.com/lawn-care-101/blog/tree-shrub-care/tree-disease-treatment | https://www.trugreen.com/lawn-care-101/blog/weed-control/control-wild-violets | https://www.trugreen.com/lawn-care-101/blog/weed-control/how-control-clover-lawn | https://www.trugreen.com/lawn-care-101/blog/weed-control/weeds-from-coming-back | https://www.trugreen.com/lawn-care-101/learning-center | https://www.trugreen.com/newsroom | https://www.trugreen.com/pay-your-bill | https://www.trugreen.com/pests-products-and-services | https://www.trugreen.com/pga-tour | https://www.trugreen.com/products-and-services | https://www.trugreen.com/why-choose-trugreen/testimonials-and-ratings","","internal-links-missing-from-sitemap|duplicate-title",""
"chromium","2026-08-31T14:31:41.742Z","prod-release-2-7-2026-08-28","450-800","","https://www.trugreen.com/lawn-care-101/blog/trugreen-lawn-care-services/lush-lawn-a-click-away","https://www.trugreen.com/lawn-care-101/blog/trugreen-lawn-care-services/the-healthy-lawn-guarantee-from-trugreen","200","301:https://www.trugreen.com/lawn-care-101/blog/trugreen-lawn-care-services/lush-lawn-a-click-away -> 200:https://www.trugreen.com/lawn-care-101/blog/trugreen-lawn-care-services/the-healthy-lawn-guarantee-from-trugreen","The TruGreen Guarantee | TruGreen","The TruGreen Guarantee | TruGreen","https://www.trugreen.com/lawn-care-101/blog/trugreen-lawn-care-services/the-healthy-lawn-guarantee-from-trugreen","1","https://www.trugreen.com/lawn-care-101/blog/trugreen-lawn-care-services/the-healthy-lawn-guarantee-from-trugreen","1","","200","https://www.trugreen.com/lawn-care-101/blog/trugreen-lawn-care-services/the-healthy-lawn-guarantee-from-trugreen","","","","0","1","Why a TruGreen Lawn Specialist Is the Key to a Healthier Lawn","0","header|nav|footer","jsonld:1;types:Article;invalid:0;missing:jsonld_0_missing_@context","0","0","47","11","https://www.trugreen.com/lawn-care-101 | https://www.trugreen.com/lawn-care-101/blog?topic=Lawn+Care | https://www.trugreen.com/lawn-care-101/blog?type=Blog | https://www.trugreen.com/lawn-care-101/learning-center | https://www.trugreen.com/my-account/account-summary | https://www.trugreen.com/newsroom | https://www.trugreen.com/pay-your-bill | https://www.trugreen.com/pests-products-and-services | https://www.trugreen.com/pga-tour | https://www.trugreen.com/products-and-services | https://www.trugreen.com/why-choose-trugreen/testimonials-and-ratings","","missing-main|internal-links-missing-from-sitemap|duplicate-title",""
"chromium","2026-08-31T14:31:41.742Z","prod-release-2-7-2026-08-28","450-800","","https://www.trugreen.com/lawn-care-101/blog/trugreen-lawn-care-services/managing-your-account-with-trugreen","https://www.trugreen.com/customer-support","200","301:https://www.trugreen.com/lawn-care-101/blog/trugreen-lawn-care-services/managing-your-account-with-trugreen -> 200:https://www.trugreen.com/customer-support","Customer support | TruGreen","Customer support | TruGreen","https://www.trugreen.com/customer-support","1","https://www.trugreen.com/customer-support","1","","200","https://www.trugreen.com/customer-support","","","","0","1","Need some help? You’re in the right place.","0","header|footer","jsonld:0;types:;invalid:0;missing:","0","0","51","17","https://www.trugreen.com/chat | https://www.trugreen.com/lawn-care-101 | https://www.trugreen.com/lawn-care-101/learning-center | https://www.trugreen.com/my-account/account-settings | https://www.trugreen.com/my-account/account-settings/communications | https://www.trugreen.com/my-account/account-summary | https://www.trugreen.com/my-account/help | https://www.trugreen.com/my-account/my-services | https://www.trugreen.com/my-account/payments | https://www.trugreen.com/my-account/payments/easypay-payment | https://www.trugreen.com/my-account/payments/prepay-payment | https://www.trugreen.com/newsroom | https://www.trugreen.com/pay-your-bill | https://www.trugreen.com/pests-products-and-services | https://www.trugreen.com/pga-tour | https://www.trugreen.com/products-and-services | https://www.trugreen.com/why-choose-trugreen/testimonials-and-ratings","","missing-main|internal-links-missing-from-sitemap",""
"chromium","2026-08-31T14:31:41.742Z","prod-release-2-7-2026-08-28","450-800","","https://www.trugreen.com/lawn-care-101/blog/trugreen-lawn-care-services/mow-like-a-pro","https://www.trugreen.com/lawn-care-101/learning-center/grass-basics/dig-deeper/lawn-mowing-tips","200","301:https://www.trugreen.com/lawn-care-101/blog/trugreen-lawn-care-services/mow-like-a-pro -> 200:https://www.trugreen.com/lawn-care-101/learning-center/grass-basics/dig-deeper/lawn-mowing-tips","Professional Lawn Mowing Tips For Home Lawns | TruGreen","Professional Lawn Mowing Tips For Home Lawns | TruGreen","https://www.trugreen.com/lawn-care-101/learning-center/grass-basics/dig-deeper/lawn-mowing-tips","1","https://www.trugreen.com/lawn-care-101/learning-center/grass-basics/dig-deeper/lawn-mowing-tips","1","","200","https://www.trugreen.com/lawn-care-101/learning-center/grass-basics/dig-deeper/lawn-mowing-tips","","","","0","1","Lawn Mowing Tips From the Pros","0","main|header|nav|footer","jsonld:1;types:;invalid:0;missing:jsonld_0_missing_@context|jsonld_0_missing_@type","0","0","47","15","https://www.trugreen.com/chat/organic-promo | https://www.trugreen.com/lawn-care-101 | https://www.trugreen.com/lawn-care-101/learning-center | https://www.trugreen.com/my-account/account-settings | https://www.trugreen.com/my-account/account-summary | https://www.trugreen.com/my-account/my-documents | https://www.trugreen.com/my-account/my-services | https://www.trugreen.com/my-account/payments | https://www.trugreen.com/newsroom | https://www.trugreen.com/pay-your-bill | https://www.trugreen.com/pests-products-and-services | https://www.trugreen.com/pga-tour | https://www.trugreen.com/products-and-services | https://www.trugreen.com/products-and-services/tree-and-shrub-service | https://www.trugreen.com/why-choose-trugreen/testimonials-and-ratings","","internal-links-missing-from-sitemap|duplicate-title",""
"chromium","2026-08-31T14:31:41.742Z","prod-release-2-7-2026-08-28","450-800","","https://www.trugreen.com/lawn-care-101/blog/trugreen-lawn-care-services/new-home-new-yard-new-problems","https://www.trugreen.com/lawn-care-101/lawn-care-guides/grass-saving-guide-for-new-homeowners","200","301:https://www.trugreen.com/lawn-care-101/blog/trugreen-lawn-care-services/new-home-new-yard-new-problems -> 200:https://www.trugreen.com/lawn-care-101/lawn-care-guides/grass-saving-guide-for-new-homeowners","New Homeowner Grass Saving Guide | TruGreen","New Homeowner Grass Saving Guide | TruGreen","https://www.trugreen.com/lawn-care-101/lawn-care-guides/grass-saving-guide-for-new-homeowners","1","https://www.trugreen.com/lawn-care-101/lawn-care-guides/grass-saving-guide-for-new-homeowners","1","","200","https://www.trugreen.com/lawn-care-101/lawn-care-guides/grass-saving-guide-for-new-homeowners","","","","0","1","Grass Saving Guide for New Homeowners","0","header|nav|footer","jsonld:1;types:LawnCareGuide;invalid:0;missing:jsonld_0_missing_@context","0","0","46","15","https://www.trugreen.com/chat/organic-promo | https://www.trugreen.com/lawn-care-101 | https://www.trugreen.com/lawn-care-101/learning-center | https://www.trugreen.com/my-account/account-settings | https://www.trugreen.com/my-account/account-summary | https://www.trugreen.com/my-account/my-documents | https://www.trugreen.com/my-account/my-services | https://www.trugreen.com/my-account/payments | https://www.trugreen.com/newsroom | https://www.trugreen.com/pay-your-bill | https://www.trugreen.com/pests-products-and-services | https://www.trugreen.com/pga-tour | https://www.trugreen.com/products-and-services | https://www.trugreen.com/products-and-services/tree-and-shrub-service | https://www.trugreen.com/why-choose-trugreen/testimonials-and-ratings","","missing-main|internal-links-missing-from-sitemap|duplicate-title",""
"chromium","2026-08-31T14:31:41.742Z","prod-release-2-7-2026-08-28","450-800","","https://www.trugreen.com/lawn-care-101/blog/trugreen-lawn-care-services/new-year%2C-new-lawn-lawn-care-resolutions","https://www.trugreen.com/lawn-care-101/blog","200","301:https://www.trugreen.com/lawn-care-101/blog/trugreen-lawn-care-services/new-year%2C-new-lawn-lawn-care-resolutions -> 200:https://www.trugreen.com/lawn-care-101/blog","TruGreen Blog | TruGreen","TruGreen Blog | TruGreen","https://www.trugreen.com/lawn-care-101/blog","1","https://www.trugreen.com/lawn-care-101/blog","1","","200","https://www.trugreen.com/lawn-care-101/blog","","","","0","1","Looking for advice?Turn to the experts.","0","main|header|footer","jsonld:1;types:Blog|BreadcrumbList|CollectionPage;invalid:0;missing:","0","0","86","22","https://www.trugreen.com/lawn-care-101 | https://www.trugreen.com/lawn-care-101/blog/beyond-lawn/hosting-backyard-party | https://www.trugreen.com/lawn-care-101/blog/consistent-lawn-care | https://www.trugreen.com/lawn-care-101/blog/lawn-care/lawn-care-myths | https://www.trugreen.com/lawn-care-101/blog/lawn-care/lawn-care-vs-landscaping | https://www.trugreen.com/lawn-care-101/blog/lawn-care/lawn-mowing-spread-weeds | https://www.trugreen.com/lawn-care-101/blog/lawn-care/what-lawn-need-thrive | https://www.trugreen.com/lawn-care-101/blog/lawn-care/what-my-lawn-need | https://www.trugreen.com/lawn-care-101/blog/lawn-care/when-aerate-and-overseed-northeast | https://www.trugreen.com/lawn-care-101/blog/lawn-damage/lawn-care-signs-stress | https://www.trugreen.com/lawn-care-101/blog/pest-control/how-control-fleas-yard | https://www.trugreen.com/lawn-care-101/blog/tree-shrub-care/tree-disease-treatment | https://www.trugreen.com/lawn-care-101/blog/weed-control/control-wild-violets | https://www.trugreen.com/lawn-care-101/blog/weed-control/how-control-clover-lawn | https://www.trugreen.com/lawn-care-101/blog/weed-control/weeds-from-coming-back | https://www.trugreen.com/lawn-care-101/learning-center | https://www.trugreen.com/newsroom | https://www.trugreen.com/pay-your-bill | https://www.trugreen.com/pests-products-and-services | https://www.trugreen.com/pga-tour | https://www.trugreen.com/products-and-services | https://www.trugreen.com/why-choose-trugreen/testimonials-and-ratings","","internal-links-missing-from-sitemap|duplicate-title",""
"chromium","2026-08-31T14:31:41.742Z","prod-release-2-7-2026-08-28","450-800","","https://www.trugreen.com/lawn-care-101/blog/trugreen-lawn-care-services/reliable-lawn-service-for-lawn-lovers","https://www.trugreen.com/lawn-care-101/blog","200","301:https://www.trugreen.com/lawn-care-101/blog/trugreen-lawn-care-services/reliable-lawn-service-for-lawn-lovers -> 200:https://www.trugreen.com/lawn-care-101/blog","TruGreen Blog | TruGreen","TruGreen Blog | TruGreen","https://www.trugreen.com/lawn-care-101/blog","1","https://www.trugreen.com/lawn-care-101/blog","1","","200","https://www.trugreen.com/lawn-care-101/blog","","","","0","1","Looking for advice?Turn to the experts.","0","main|header|footer","jsonld:1;types:Blog|BreadcrumbList|CollectionPage;invalid:0;missing:","0","0","86","22","https://www.trugreen.com/lawn-care-101 | https://www.trugreen.com/lawn-care-101/blog/beyond-lawn/hosting-backyard-party | https://www.trugreen.com/lawn-care-101/blog/consistent-lawn-care | https://www.trugreen.com/lawn-care-101/blog/lawn-care/lawn-care-myths | https://www.trugreen.com/lawn-care-101/blog/lawn-care/lawn-care-vs-landscaping | https://www.trugreen.com/lawn-care-101/blog/lawn-care/lawn-mowing-spread-weeds | https://www.trugreen.com/lawn-care-101/blog/lawn-care/what-lawn-need-thrive | https://www.trugreen.com/lawn-care-101/blog/lawn-care/what-my-lawn-need | https://www.trugreen.com/lawn-care-101/blog/lawn-care/when-aerate-and-overseed-northeast | https://www.trugreen.com/lawn-care-101/blog/lawn-damage/lawn-care-signs-stress | https://www.trugreen.com/lawn-care-101/blog/pest-control/how-control-fleas-yard | https://www.trugreen.com/lawn-care-101/blog/tree-shrub-care/tree-disease-treatment | https://www.trugreen.com/lawn-care-101/blog/weed-control/control-wild-violets | https://www.trugreen.com/lawn-care-101/blog/weed-control/how-control-clover-lawn | https://www.trugreen.com/lawn-care-101/blog/weed-control/weeds-from-coming-back | https://www.trugreen.com/lawn-care-101/learning-center | https://www.trugreen.com/newsroom | https://www.trugreen.com/pay-your-bill | https://www.trugreen.com/pests-products-and-services | https://www.trugreen.com/pga-tour | https://www.trugreen.com/products-and-services | https://www.trugreen.com/why-choose-trugreen/testimonials-and-ratings","","internal-links-missing-from-sitemap|duplicate-title",""
"chromium","2026-08-31T14:31:41.742Z","prod-release-2-7-2026-08-28","450-800","","https://www.trugreen.com/lawn-care-101/blog/trugreen-lawn-care-services/should-i-use-seed-or-sod-for-fall-grass","https://www.trugreen.com/lawn-care-101/blog/trugreen-lawn-care-services/should-i-use-seed-or-sod-for-fall-grass","200","200:https://www.trugreen.com/lawn-care-101/blog/trugreen-lawn-care-services/should-i-use-seed-or-sod-for-fall-grass","Should I Use Seed or Sod for Fall Grass? | TruGreen","Should I Use Seed or Sod for Fall Grass? | TruGreen","https://www.trugreen.com/lawn-care-101/blog/trugreen-lawn-care-services/should-i-use-seed-or-sod-for-fall-grass","1","https://www.trugreen.com/lawn-care-101/blog/trugreen-lawn-care-services/should-i-use-seed-or-sod-for-fall-grass","1","","200","https://www.trugreen.com/lawn-care-101/blog/trugreen-lawn-care-services/should-i-use-seed-or-sod-for-fall-grass","","","","0","1","Should I Use Seed or Sod for Fall Grass","0","header|footer","jsonld:1;types:Article;invalid:0;missing:jsonld_0_missing_@context","0","0","45","12","https://www.trugreen.com/lawn-care-101 | https://www.trugreen.com/lawn-care-101/blog?topic=Lawn+Care | https://www.trugreen.com/lawn-care-101/blog?type=Blog | https://www.trugreen.com/lawn-care-101/learning-center | https://www.trugreen.com/newsroom | https://www.trugreen.com/node/38466 | https://www.trugreen.com/node/38468 | https://www.trugreen.com/pay-your-bill | https://www.trugreen.com/pests-products-and-services | https://www.trugreen.com/pga-tour | https://www.trugreen.com/products-and-services | https://www.trugreen.com/why-choose-trugreen/testimonials-and-ratings","","missing-main|internal-links-missing-from-sitemap",""
"chromium","2026-08-31T14:31:41.742Z","prod-release-2-7-2026-08-28","450-800","","https://www.trugreen.com/lawn-care-101/blog/trugreen-lawn-care-services/the-healthy-lawn-guarantee-from-trugreen","https://www.trugreen.com/lawn-care-101/blog/trugreen-lawn-care-services/the-healthy-lawn-guarantee-from-trugreen","200","200:https://www.trugreen.com/lawn-care-101/blog/trugreen-lawn-care-services/the-healthy-lawn-guarantee-from-trugreen","The TruGreen Guarantee | TruGreen","The TruGreen Guarantee | TruGreen","https://www.trugreen.com/lawn-care-101/blog/trugreen-lawn-care-services/the-healthy-lawn-guarantee-from-trugreen","1","https://www.trugreen.com/lawn-care-101/blog/trugreen-lawn-care-services/the-healthy-lawn-guarantee-from-trugreen","1","","200","https://www.trugreen.com/lawn-care-101/blog/trugreen-lawn-care-services/the-healthy-lawn-guarantee-from-trugreen","","","","0","1","Why a TruGreen Lawn Specialist Is the Key to a Healthier Lawn","0","header|nav|footer","jsonld:1;types:Article;invalid:0;missing:jsonld_0_missing_@context","0","0","47","11","https://www.trugreen.com/lawn-care-101 | https://www.trugreen.com/lawn-care-101/blog?topic=Lawn+Care | https://www.trugreen.com/lawn-care-101/blog?type=Blog | https://www.trugreen.com/lawn-care-101/learning-center | https://www.trugreen.com/my-account/account-summary | https://www.trugreen.com/newsroom | https://www.trugreen.com/pay-your-bill | https://www.trugreen.com/pests-products-and-services | https://www.trugreen.com/pga-tour | https://www.trugreen.com/products-and-services | https://www.trugreen.com/why-choose-trugreen/testimonials-and-ratings","","missing-main|internal-links-missing-from-sitemap|duplicate-title",""
"chromium","2026-08-31T14:31:41.742Z","prod-release-2-7-2026-08-28","450-800","","https://www.trugreen.com/lawn-care-101/blog/trugreen-lawn-care-services/tips-for-a-healthy-green","https://www.trugreen.com/lawn-care-101/blog","200","301:https://www.trugreen.com/lawn-care-101/blog/trugreen-lawn-care-services/tips-for-a-healthy-green -> 200:https://www.trugreen.com/lawn-care-101/blog","TruGreen Blog | TruGreen","TruGreen Blog | TruGreen","https://www.trugreen.com/lawn-care-101/blog","1","https://www.trugreen.com/lawn-care-101/blog","1","","200","https://www.trugreen.com/lawn-care-101/blog","","","","0","1","Looking for advice?Turn to the experts.","0","main|header|footer","jsonld:1;types:Blog|BreadcrumbList|CollectionPage;invalid:0;missing:","0","0","86","22","https://www.trugreen.com/lawn-care-101 | https://www.trugreen.com/lawn-care-101/blog/beyond-lawn/hosting-backyard-party | https://www.trugreen.com/lawn-care-101/blog/consistent-lawn-care | https://www.trugreen.com/lawn-care-101/blog/lawn-care/lawn-care-myths | https://www.trugreen.com/lawn-care-101/blog/lawn-care/lawn-care-vs-landscaping | https://www.trugreen.com/lawn-care-101/blog/lawn-care/lawn-mowing-spread-weeds | https://www.trugreen.com/lawn-care-101/blog/lawn-care/what-lawn-need-thrive | https://www.trugreen.com/lawn-care-101/blog/lawn-care/what-my-lawn-need | https://www.trugreen.com/lawn-care-101/blog/lawn-care/when-aerate-and-overseed-northeast | https://www.trugreen.com/lawn-care-101/blog/lawn-damage/lawn-care-signs-stress | https://www.trugreen.com/lawn-care-101/blog/pest-control/how-control-fleas-yard | https://www.trugreen.com/lawn-care-101/blog/tree-shrub-care/tree-disease-treatment | https://www.trugreen.com/lawn-care-101/blog/weed-control/control-wild-violets | https://www.trugreen.com/lawn-care-101/blog/weed-control/how-control-clover-lawn | https://www.trugreen.com/lawn-care-101/blog/weed-control/weeds-from-coming-back | https://www.trugreen.com/lawn-care-101/learning-center | https://www.trugreen.com/newsroom | https://www.trugreen.com/pay-your-bill | https://www.trugreen.com/pests-products-and-services | https://www.trugreen.com/pga-tour | https://www.trugreen.com/products-and-services | https://www.trugreen.com/why-choose-trugreen/testimonials-and-ratings","","internal-links-missing-from-sitemap|duplicate-title",""
"chromium","2026-08-31T14:31:41.742Z","prod-release-2-7-2026-08-28","450-800","","https://www.trugreen.com/lawn-care-101/blog/trugreen-lawn-care-services/top-5-reasons-you-need-lawn-maintenance-services","https://www.trugreen.com/lawn-care-101/blog/trugreen-lawn-care-services/top-5-reasons-you-need-lawn-maintenance-services","200","200:https://www.trugreen.com/lawn-care-101/blog/trugreen-lawn-care-services/top-5-reasons-you-need-lawn-maintenance-services","Lawn and Maintenance Service | TruGreen","Lawn and Maintenance Service | TruGreen","https://www.trugreen.com/lawn-care-101/blog/trugreen-lawn-care-services/top-5-reasons-you-need-lawn-maintenance-services","1","https://www.trugreen.com/lawn-care-101/blog/trugreen-lawn-care-services/top-5-reasons-you-need-lawn-maintenance-services","1","","200","https://www.trugreen.com/lawn-care-101/blog/trugreen-lawn-care-services/top-5-reasons-you-need-lawn-maintenance-services","","","","0","1","Lawn and Maintenance Service: 5 Reasons Your Lawn Needs Professional Care","0","header|footer","jsonld:1;types:Article;invalid:0;missing:jsonld_0_missing_@context","0","0","48","11","https://www.trugreen.com/lawn-care-101 | https://www.trugreen.com/lawn-care-101/blog?topic=Lawn+Care | https://www.trugreen.com/lawn-care-101/blog?type=Blog | https://www.trugreen.com/lawn-care-101/learning-center | https://www.trugreen.com/my-account/account-summary | https://www.trugreen.com/newsroom | https://www.trugreen.com/pay-your-bill | https://www.trugreen.com/pests-products-and-services | https://www.trugreen.com/pga-tour | https://www.trugreen.com/products-and-services | https://www.trugreen.com/why-choose-trugreen/testimonials-and-ratings","","missing-main|internal-links-missing-from-sitemap",""
"chromium","2026-08-31T14:31:41.742Z","prod-release-2-7-2026-08-28","450-800","","https://www.trugreen.com/lawn-care-101/blog/trugreen-lawn-care-services/trugreen-advantedge-training-academy","https://www.trugreen.com/lawn-care-101/blog","200","301:https://www.trugreen.com/lawn-care-101/blog/trugreen-lawn-care-services/trugreen-advantedge-training-academy -> 200:https://www.trugreen.com/lawn-care-101/blog","TruGreen Blog | TruGreen","TruGreen Blog | TruGreen","https://www.trugreen.com/lawn-care-101/blog","1","https://www.trugreen.com/lawn-care-101/blog","1","","200","https://www.trugreen.com/lawn-care-101/blog","","","","0","1","Looking for advice?Turn to the experts.","0","main|header|footer","jsonld:1;types:Blog|BreadcrumbList|CollectionPage;invalid:0;missing:","0","0","86","22","https://www.trugreen.com/lawn-care-101 | https://www.trugreen.com/lawn-care-101/blog/beyond-lawn/hosting-backyard-party | https://www.trugreen.com/lawn-care-101/blog/consistent-lawn-care | https://www.trugreen.com/lawn-care-101/blog/lawn-care/lawn-care-myths | https://www.trugreen.com/lawn-care-101/blog/lawn-care/lawn-care-vs-landscaping | https://www.trugreen.com/lawn-care-101/blog/lawn-care/lawn-mowing-spread-weeds | https://www.trugreen.com/lawn-care-101/blog/lawn-care/what-lawn-need-thrive | https://www.trugreen.com/lawn-care-101/blog/lawn-care/what-my-lawn-need | https://www.trugreen.com/lawn-care-101/blog/lawn-care/when-aerate-and-overseed-northeast | https://www.trugreen.com/lawn-care-101/blog/lawn-damage/lawn-care-signs-stress | https://www.trugreen.com/lawn-care-101/blog/pest-control/how-control-fleas-yard | https://www.trugreen.com/lawn-care-101/blog/tree-shrub-care/tree-disease-treatment | https://www.trugreen.com/lawn-care-101/blog/weed-control/control-wild-violets | https://www.trugreen.com/lawn-care-101/blog/weed-control/how-control-clover-lawn | https://www.trugreen.com/lawn-care-101/blog/weed-control/weeds-from-coming-back | https://www.trugreen.com/lawn-care-101/learning-center | https://www.trugreen.com/newsroom | https://www.trugreen.com/pay-your-bill | https://www.trugreen.com/pests-products-and-services | https://www.trugreen.com/pga-tour | https://www.trugreen.com/products-and-services | https://www.trugreen.com/why-choose-trugreen/testimonials-and-ratings","","internal-links-missing-from-sitemap|duplicate-title",""
"chromium","2026-08-31T14:31:41.742Z","prod-release-2-7-2026-08-28","450-800","","https://www.trugreen.com/lawn-care-101/blog/trugreen-lawn-care-services/trugreen-answers-frequently-asked-questions","https://www.trugreen.com/lawn-care-101/faqs","200","301:https://www.trugreen.com/lawn-care-101/blog/trugreen-lawn-care-services/trugreen-answers-frequently-asked-questions -> 200:https://www.trugreen.com/lawn-care-101/faqs","Frequently Asked Questions","Frequently Asked Questions","https://www.trugreen.com/lawn-care-101/faqs","1","https://www.trugreen.com/lawn-care-101/faqs","1","","200","https://www.trugreen.com/lawn-care-101/faqs","","","","0","1","Frequently Asked Questions","0","main|header|nav|footer","jsonld:1;types:FAQPage;invalid:0;missing:","0","0","52","17","https://www.trugreen.com/chat | https://www.trugreen.com/lawn-care-101 | https://www.trugreen.com/lawn-care-101/learning-center | https://www.trugreen.com/my-account/account-settings | https://www.trugreen.com/my-account/account-settings/communications | https://www.trugreen.com/my-account/account-summary | https://www.trugreen.com/my-account/help | https://www.trugreen.com/my-account/my-services | https://www.trugreen.com/my-account/payments | https://www.trugreen.com/my-account/payments/easypay-payment | https://www.trugreen.com/my-account/payments/prepay-payment | https://www.trugreen.com/newsroom | https://www.trugreen.com/pay-your-bill | https://www.trugreen.com/pests-products-and-services | https://www.trugreen.com/pga-tour | https://www.trugreen.com/products-and-services | https://www.trugreen.com/why-choose-trugreen/testimonials-and-ratings","","title-pattern-review|internal-links-missing-from-sitemap|duplicate-title",""
"chromium","2026-08-31T14:31:41.742Z","prod-release-2-7-2026-08-28","450-800","","https://www.trugreen.com/lawn-care-101/blog/trugreen-lawn-care-services/trugreen-champions-as-leading-lawn-care-provider","https://www.trugreen.com/lawn-care-101/blog","200","301:https://www.trugreen.com/lawn-care-101/blog/trugreen-lawn-care-services/trugreen-champions-as-leading-lawn-care-provider -> 200:https://www.trugreen.com/lawn-care-101/blog","TruGreen Blog | TruGreen","TruGreen Blog | TruGreen","https://www.trugreen.com/lawn-care-101/blog","1","https://www.trugreen.com/lawn-care-101/blog","1","","200","https://www.trugreen.com/lawn-care-101/blog","","","","0","1","Looking for advice?Turn to the experts.","0","main|header|footer","jsonld:1;types:Blog|BreadcrumbList|CollectionPage;invalid:0;missing:","0","0","86","22","https://www.trugreen.com/lawn-care-101 | https://www.trugreen.com/lawn-care-101/blog/beyond-lawn/hosting-backyard-party | https://www.trugreen.com/lawn-care-101/blog/consistent-lawn-care | https://www.trugreen.com/lawn-care-101/blog/lawn-care/lawn-care-myths | https://www.trugreen.com/lawn-care-101/blog/lawn-care/lawn-care-vs-landscaping | https://www.trugreen.com/lawn-care-101/blog/lawn-care/lawn-mowing-spread-weeds | https://www.trugreen.com/lawn-care-101/blog/lawn-care/what-lawn-need-thrive | https://www.trugreen.com/lawn-care-101/blog/lawn-care/what-my-lawn-need | https://www.trugreen.com/lawn-care-101/blog/lawn-care/when-aerate-and-overseed-northeast | https://www.trugreen.com/lawn-care-101/blog/lawn-damage/lawn-care-signs-stress | https://www.trugreen.com/lawn-care-101/blog/pest-control/how-control-fleas-yard | https://www.trugreen.com/lawn-care-101/blog/tree-shrub-care/tree-disease-treatment | https://www.trugreen.com/lawn-care-101/blog/weed-control/control-wild-violets | https://www.trugreen.com/lawn-care-101/blog/weed-control/how-control-clover-lawn | https://www.trugreen.com/lawn-care-101/blog/weed-control/weeds-from-coming-back | https://www.trugreen.com/lawn-care-101/learning-center | https://www.trugreen.com/newsroom | https://www.trugreen.com/pay-your-bill | https://www.trugreen.com/pests-products-and-services | https://www.trugreen.com/pga-tour | https://www.trugreen.com/products-and-services | https://www.trugreen.com/why-choose-trugreen/testimonials-and-ratings","","internal-links-missing-from-sitemap|duplicate-title",""
"chromium","2026-08-31T14:31:41.742Z","prod-release-2-7-2026-08-28","450-800","","https://www.trugreen.com/lawn-care-101/blog/trugreen-lawn-care-services/trugreen-lawn-care-app","https://www.trugreen.com/lawn-care-101/blog/trugreen-lawn-care-services/trugreen-lawn-care-app","200","200:https://www.trugreen.com/lawn-care-101/blog/trugreen-lawn-care-services/trugreen-lawn-care-app","TruGreen App | TruGreen","TruGreen App | TruGreen","https://www.trugreen.com/lawn-care-101/blog/trugreen-lawn-care-services/trugreen-lawn-care-app","1","https://www.trugreen.com/lawn-care-101/blog/trugreen-lawn-care-services/trugreen-lawn-care-app","1","","200","https://www.trugreen.com/lawn-care-101/blog/trugreen-lawn-care-services/trugreen-lawn-care-app","","","","0","1","Manage the Lawn You Love with the TruGreen App","0","header|nav|footer","jsonld:1;types:Article;invalid:0;missing:jsonld_0_missing_@context","0","0","46","11","https://www.trugreen.com/lawn-care-101 | https://www.trugreen.com/lawn-care-101/blog?topic=Beyond+the+Lawn | https://www.trugreen.com/lawn-care-101/blog?type=Blog | https://www.trugreen.com/lawn-care-101/learning-center | https://www.trugreen.com/my-account/account-summary | https://www.trugreen.com/newsroom | https://www.trugreen.com/pay-your-bill | https://www.trugreen.com/pests-products-and-services | https://www.trugreen.com/pga-tour | https://www.trugreen.com/products-and-services | https://www.trugreen.com/why-choose-trugreen/testimonials-and-ratings","","missing-main|internal-links-missing-from-sitemap",""
"chromium","2026-08-31T14:31:41.742Z","prod-release-2-7-2026-08-28","450-800","","https://www.trugreen.com/lawn-care-101/blog/trugreen-lawn-care-services/trugreen-lawn-care-preparing-for-your-first-visit","https://www.trugreen.com/lawn-care-101/blog/trugreen-lawn-care-services/trugreen-lawn-care-preparing-for-your-first-visit","200","200:https://www.trugreen.com/lawn-care-101/blog/trugreen-lawn-care-services/trugreen-lawn-care-preparing-for-your-first-visit","TruGreen First Visit | TruGreen","TruGreen First Visit | TruGreen","https://www.trugreen.com/lawn-care-101/blog/trugreen-lawn-care-services/trugreen-lawn-care-preparing-for-your-first-visit","1","https://www.trugreen.com/lawn-care-101/blog/trugreen-lawn-care-services/trugreen-lawn-care-preparing-for-your-first-visit","1","","200","https://www.trugreen.com/lawn-care-101/blog/trugreen-lawn-care-services/trugreen-lawn-care-preparing-for-your-first-visit","","","","0","1","TruGreen First Visit: What to Expect","0","header|nav|footer","jsonld:1;types:Article;invalid:0;missing:jsonld_0_missing_@context","0","0","50","15","https://www.trugreen.com/lawn-care-101 | https://www.trugreen.com/lawn-care-101/blog?topic=Lawn+Care | https://www.trugreen.com/lawn-care-101/blog?type=Blog | https://www.trugreen.com/lawn-care-101/learning-center | https://www.trugreen.com/my-account/account-settings | https://www.trugreen.com/my-account/account-summary | https://www.trugreen.com/my-account/my-documents | https://www.trugreen.com/my-account/my-services | https://www.trugreen.com/my-account/payments | https://www.trugreen.com/newsroom | https://www.trugreen.com/pay-your-bill | https://www.trugreen.com/pests-products-and-services | https://www.trugreen.com/pga-tour | https://www.trugreen.com/products-and-services | https://www.trugreen.com/why-choose-trugreen/testimonials-and-ratings","","missing-main|internal-links-missing-from-sitemap|duplicate-title",""
"chromium","2026-08-31T14:31:41.742Z","prod-release-2-7-2026-08-28","450-800","","https://www.trugreen.com/lawn-care-101/blog/trugreen-lawn-care-services/trugreen-lawn-plans-tailored-for-you","https://www.trugreen.com/lawn-care-101/blog/trugreen-lawn-care-services/trugreen-lawn-plans-tailored-for-you","200","200:https://www.trugreen.com/lawn-care-101/blog/trugreen-lawn-care-services/trugreen-lawn-plans-tailored-for-you","TruGreen Plans | TruGreen","TruGreen Plans | TruGreen","https://www.trugreen.com/lawn-care-101/blog/trugreen-lawn-care-services/trugreen-lawn-plans-tailored-for-you","1","https://www.trugreen.com/lawn-care-101/blog/trugreen-lawn-care-services/trugreen-lawn-plans-tailored-for-you","1","","200","https://www.trugreen.com/lawn-care-101/blog/trugreen-lawn-care-services/trugreen-lawn-plans-tailored-for-you","","","","0","1","TruGreen Lawn Plans Tailored for You","0","header|nav|footer","jsonld:1;types:Article;invalid:0;missing:jsonld_0_missing_@context","0","0","50","15","https://www.trugreen.com/lawn-care-101 | https://www.trugreen.com/lawn-care-101/blog?topic=Lawn+Care | https://www.trugreen.com/lawn-care-101/blog?type=Blog | https://www.trugreen.com/lawn-care-101/learning-center | https://www.trugreen.com/my-account/account-settings | https://www.trugreen.com/my-account/account-summary | https://www.trugreen.com/my-account/my-documents | https://www.trugreen.com/my-account/my-services | https://www.trugreen.com/my-account/payments | https://www.trugreen.com/newsroom | https://www.trugreen.com/pay-your-bill | https://www.trugreen.com/pests-products-and-services | https://www.trugreen.com/pga-tour | https://www.trugreen.com/products-and-services | https://www.trugreen.com/why-choose-trugreen/testimonials-and-ratings","","missing-main|internal-links-missing-from-sitemap|duplicate-title",""
"chromium","2026-08-31T14:31:41.742Z","prod-release-2-7-2026-08-28","450-800","","https://www.trugreen.com/lawn-care-101/blog/trugreen-lawn-care-services/trugreen-mosquito-defense","https://www.trugreen.com/products-and-services/trudefense-mosquito-control","200","301:https://www.trugreen.com/lawn-care-101/blog/trugreen-lawn-care-services/trugreen-mosquito-defense -> 200:https://www.trugreen.com/products-and-services/trudefense-mosquito-control","TruDefense :Mosquito Control for your yard | TruGreen","TruDefense :Mosquito Control for your yard | TruGreen","https://www.trugreen.com/products-and-services/trudefense-mosquito-control","1","https://www.trugreen.com/products-and-services/trudefense-mosquito-control","1","","200","https://www.trugreen.com/products-and-services/trudefense-mosquito-control","","","","0","1","TruDefense℠ Mosquito Control","0","main|header|footer","jsonld:1;types:Service;invalid:0;missing:","0","0","44","8","https://www.trugreen.com/lawn-care-101 | https://www.trugreen.com/lawn-care-101/learning-center | https://www.trugreen.com/newsroom | https://www.trugreen.com/pay-your-bill | https://www.trugreen.com/pests-products-and-services | https://www.trugreen.com/pga-tour | https://www.trugreen.com/products-and-services | https://www.trugreen.com/why-choose-trugreen/testimonials-and-ratings","","internal-links-missing-from-sitemap",""
"chromium","2026-08-31T14:31:41.742Z","prod-release-2-7-2026-08-28","450-800","","https://www.trugreen.com/lawn-care-101/blog/trugreen-lawn-care-services/trugreen-survey","https://www.trugreen.com/lawn-care-101/blog/trugreen-lawn-care-services/trugreen-survey","200","200:https://www.trugreen.com/lawn-care-101/blog/trugreen-lawn-care-services/trugreen-survey","TruGreen Survey | TruGreen","TruGreen Survey | TruGreen","https://www.trugreen.com/lawn-care-101/blog/trugreen-lawn-care-services/trugreen-survey","1","https://www.trugreen.com/lawn-care-101/blog/trugreen-lawn-care-services/trugreen-survey","1","","200","https://www.trugreen.com/lawn-care-101/blog/trugreen-lawn-care-services/trugreen-survey","","","","0","1","TruGreen Survey","0","header|nav|footer","jsonld:1;types:Article;invalid:0;missing:jsonld_0_missing_@context","0","0","51","17","https://www.trugreen.com/chat/organic-promo | https://www.trugreen.com/lawn-care-101 | https://www.trugreen.com/lawn-care-101/blog?topic=TruGreen+Lawn+Care+Services | https://www.trugreen.com/lawn-care-101/blog?type=Blog | https://www.trugreen.com/lawn-care-101/learning-center | https://www.trugreen.com/my-account/account-settings | https://www.trugreen.com/my-account/account-summary | https://www.trugreen.com/my-account/my-documents | https://www.trugreen.com/my-account/my-services | https://www.trugreen.com/my-account/payments | https://www.trugreen.com/newsroom | https://www.trugreen.com/pay-your-bill | https://www.trugreen.com/pests-products-and-services | https://www.trugreen.com/pga-tour | https://www.trugreen.com/products-and-services | https://www.trugreen.com/products-and-services/tree-and-shrub-service | https://www.trugreen.com/why-choose-trugreen/testimonials-and-ratings","","missing-main|internal-links-missing-from-sitemap",""
"chromium","2026-08-31T14:31:41.742Z","prod-release-2-7-2026-08-28","450-800","","https://www.trugreen.com/lawn-care-101/blog/trugreen-lawn-care-services/trugreen%C2%AE-history-back-to-the-roots","https://www.trugreen.com/lawn-care-101/blog/trugreen-lawn-care-services/trugreen%C2%AE-history-back-to-the-roots","200","200:https://www.trugreen.com/lawn-care-101/blog/trugreen-lawn-care-services/trugreen%C2%AE-history-back-to-the-roots","TruGreen&reg; History | TruGreen","TruGreen® History | TruGreen","https://www.trugreen.com/lawn-care-101/blog/trugreen-lawn-care-services/trugreen%C2%AE-history-back-to-the-roots","1","https://www.trugreen.com/lawn-care-101/blog/trugreen-lawn-care-services/trugreen%C2%AE-history-back-to-the-roots","1","","200","https://www.trugreen.com/lawn-care-101/blog/trugreen-lawn-care-services/trugreen%C2%AE-history-back-to-the-roots","","","","0","1","TruGreen® History: Back to the Roots","0","header|footer","jsonld:1;types:Article;invalid:0;missing:jsonld_0_missing_@context","0","0","45","10","https://www.trugreen.com/lawn-care-101 | https://www.trugreen.com/lawn-care-101/blog?topic=Beyond+the+Lawn | https://www.trugreen.com/lawn-care-101/blog?type=Blog | https://www.trugreen.com/lawn-care-101/learning-center | https://www.trugreen.com/newsroom | https://www.trugreen.com/pay-your-bill | https://www.trugreen.com/pests-products-and-services | https://www.trugreen.com/pga-tour | https://www.trugreen.com/products-and-services | https://www.trugreen.com/why-choose-trugreen/testimonials-and-ratings","","missing-main|internal-links-missing-from-sitemap",""
"chromium","2026-08-31T14:31:41.742Z","prod-release-2-7-2026-08-28","450-800","","https://www.trugreen.com/lawn-care-101/blog/trugreen-lawn-care-services/truhealth-lawn-plan-your-guide-to-lawn-treatment","https://www.trugreen.com/lawn-care-101/blog/trugreen-lawn-care-services/trugreen-lawn-plans-tailored-for-you","200","301:https://www.trugreen.com/lawn-care-101/blog/trugreen-lawn-care-services/truhealth-lawn-plan-your-guide-to-lawn-treatment -> 200:https://www.trugreen.com/lawn-care-101/blog/trugreen-lawn-care-services/trugreen-lawn-plans-tailored-for-you","TruGreen Plans | TruGreen","TruGreen Plans | TruGreen","https://www.trugreen.com/lawn-care-101/blog/trugreen-lawn-care-services/trugreen-lawn-plans-tailored-for-you","1","https://www.trugreen.com/lawn-care-101/blog/trugreen-lawn-care-services/trugreen-lawn-plans-tailored-for-you","1","","200","https://www.trugreen.com/lawn-care-101/blog/trugreen-lawn-care-services/trugreen-lawn-plans-tailored-for-you","","","","0","1","TruGreen Lawn Plans Tailored for You","0","header|nav|footer","jsonld:1;types:Article;invalid:0;missing:jsonld_0_missing_@context","0","0","50","15","https://www.trugreen.com/lawn-care-101 | https://www.trugreen.com/lawn-care-101/blog?topic=Lawn+Care | https://www.trugreen.com/lawn-care-101/blog?type=Blog | https://www.trugreen.com/lawn-care-101/learning-center | https://www.trugreen.com/my-account/account-settings | https://www.trugreen.com/my-account/account-summary | https://www.trugreen.com/my-account/my-documents | https://www.trugreen.com/my-account/my-services | https://www.trugreen.com/my-account/payments | https://www.trugreen.com/newsroom | https://www.trugreen.com/pay-your-bill | https://www.trugreen.com/pests-products-and-services | https://www.trugreen.com/pga-tour | https://www.trugreen.com/products-and-services | https://www.trugreen.com/why-choose-trugreen/testimonials-and-ratings","","missing-main|internal-links-missing-from-sitemap|duplicate-title",""
"chromium","2026-08-31T14:31:41.742Z","prod-release-2-7-2026-08-28","450-800","","https://www.trugreen.com/lawn-care-101/blog/trugreen-lawn-care-services/trust-the-experts-to-help-you-achieve-the-lawn-you","https://www.trugreen.com/lawn-care-101/blog/trugreen-lawn-care-services/the-healthy-lawn-guarantee-from-trugreen","200","301:https://www.trugreen.com/lawn-care-101/blog/trugreen-lawn-care-services/trust-the-experts-to-help-you-achieve-the-lawn-you -> 200:https://www.trugreen.com/lawn-care-101/blog/trugreen-lawn-care-services/the-healthy-lawn-guarantee-from-trugreen","The TruGreen Guarantee | TruGreen","The TruGreen Guarantee | TruGreen","https://www.trugreen.com/lawn-care-101/blog/trugreen-lawn-care-services/the-healthy-lawn-guarantee-from-trugreen","1","https://www.trugreen.com/lawn-care-101/blog/trugreen-lawn-care-services/the-healthy-lawn-guarantee-from-trugreen","1","","200","https://www.trugreen.com/lawn-care-101/blog/trugreen-lawn-care-services/the-healthy-lawn-guarantee-from-trugreen","","","","0","1","Why a TruGreen Lawn Specialist Is the Key to a Healthier Lawn","0","header|nav|footer","jsonld:1;types:Article;invalid:0;missing:jsonld_0_missing_@context","0","0","47","11","https://www.trugreen.com/lawn-care-101 | https://www.trugreen.com/lawn-care-101/blog?topic=Lawn+Care | https://www.trugreen.com/lawn-care-101/blog?type=Blog | https://www.trugreen.com/lawn-care-101/learning-center | https://www.trugreen.com/my-account/account-summary | https://www.trugreen.com/newsroom | https://www.trugreen.com/pay-your-bill | https://www.trugreen.com/pests-products-and-services | https://www.trugreen.com/pga-tour | https://www.trugreen.com/products-and-services | https://www.trugreen.com/why-choose-trugreen/testimonials-and-ratings","","missing-main|internal-links-missing-from-sitemap|duplicate-title",""
"chromium","2026-08-31T14:31:41.742Z","prod-release-2-7-2026-08-28","450-800","","https://www.trugreen.com/lawn-care-101/blog/trugreen-lawn-care-services/what-are-reasonable-lawn-care-service-prices","https://www.trugreen.com/products-and-services","200","301:https://www.trugreen.com/lawn-care-101/blog/trugreen-lawn-care-services/what-are-reasonable-lawn-care-service-prices -> 200:https://www.trugreen.com/products-and-services","Affordable Lawn Care Plans &amp; Pricing Options | TruGreen","Affordable Lawn Care Plans & Pricing Options | TruGreen","https://www.trugreen.com/products-and-services","1","https://www.trugreen.com/products-and-services","1","","200","https://www.trugreen.com/products-and-services","","","","0","1","Lawn care is hard.We make it easy.","0","main|header|footer","jsonld:1;types:BreadcrumbList|ItemList;invalid:0;missing:jsonld_0_missing_@context|jsonld_1_missing_@context","0","0","44","8","https://www.trugreen.com/lawn-care-101 | https://www.trugreen.com/lawn-care-101/learning-center | https://www.trugreen.com/newsroom | https://www.trugreen.com/pay-your-bill | https://www.trugreen.com/pests-products-and-services | https://www.trugreen.com/pga-tour | https://www.trugreen.com/products-and-services | https://www.trugreen.com/why-choose-trugreen/testimonials-and-ratings","","internal-links-missing-from-sitemap",""
"chromium","2026-08-31T14:31:41.742Z","prod-release-2-7-2026-08-28","450-800","","https://www.trugreen.com/lawn-care-101/blog/trugreen-lawn-care-services/what-is-the-best-lawn-care-services-plan","https://www.trugreen.com/lawn-care-101/blog/trugreen-lawn-care-services/trugreen-lawn-plans-tailored-for-you","200","301:https://www.trugreen.com/lawn-care-101/blog/trugreen-lawn-care-services/what-is-the-best-lawn-care-services-plan -> 200:https://www.trugreen.com/lawn-care-101/blog/trugreen-lawn-care-services/trugreen-lawn-plans-tailored-for-you","TruGreen Plans | TruGreen","TruGreen Plans | TruGreen","https://www.trugreen.com/lawn-care-101/blog/trugreen-lawn-care-services/trugreen-lawn-plans-tailored-for-you","1","https://www.trugreen.com/lawn-care-101/blog/trugreen-lawn-care-services/trugreen-lawn-plans-tailored-for-you","1","","200","https://www.trugreen.com/lawn-care-101/blog/trugreen-lawn-care-services/trugreen-lawn-plans-tailored-for-you","","","","0","1","TruGreen Lawn Plans Tailored for You","0","header|nav|footer","jsonld:1;types:Article;invalid:0;missing:jsonld_0_missing_@context","0","0","50","15","https://www.trugreen.com/lawn-care-101 | https://www.trugreen.com/lawn-care-101/blog?topic=Lawn+Care | https://www.trugreen.com/lawn-care-101/blog?type=Blog | https://www.trugreen.com/lawn-care-101/learning-center | https://www.trugreen.com/my-account/account-settings | https://www.trugreen.com/my-account/account-summary | https://www.trugreen.com/my-account/my-documents | https://www.trugreen.com/my-account/my-services | https://www.trugreen.com/my-account/payments | https://www.trugreen.com/newsroom | https://www.trugreen.com/pay-your-bill | https://www.trugreen.com/pests-products-and-services | https://www.trugreen.com/pga-tour | https://www.trugreen.com/products-and-services | https://www.trugreen.com/why-choose-trugreen/testimonials-and-ratings","","missing-main|internal-links-missing-from-sitemap|duplicate-title",""
"chromium","2026-08-31T14:31:41.742Z","prod-release-2-7-2026-08-28","450-800","","https://www.trugreen.com/lawn-care-101/blog/trugreen-lawn-care-services/what-is-the-best-lawn-treatment-service","https://www.trugreen.com/lawn-care-101/blog/trugreen-lawn-care-services/trugreen-lawn-plans-tailored-for-you","200","301:https://www.trugreen.com/lawn-care-101/blog/trugreen-lawn-care-services/what-is-the-best-lawn-treatment-service -> 200:https://www.trugreen.com/lawn-care-101/blog/trugreen-lawn-care-services/trugreen-lawn-plans-tailored-for-you","TruGreen Plans | TruGreen","TruGreen Plans | TruGreen","https://www.trugreen.com/lawn-care-101/blog/trugreen-lawn-care-services/trugreen-lawn-plans-tailored-for-you","1","https://www.trugreen.com/lawn-care-101/blog/trugreen-lawn-care-services/trugreen-lawn-plans-tailored-for-you","1","","200","https://www.trugreen.com/lawn-care-101/blog/trugreen-lawn-care-services/trugreen-lawn-plans-tailored-for-you","","","","0","1","TruGreen Lawn Plans Tailored for You","0","header|nav|footer","jsonld:1;types:Article;invalid:0;missing:jsonld_0_missing_@context","0","0","50","15","https://www.trugreen.com/lawn-care-101 | https://www.trugreen.com/lawn-care-101/blog?topic=Lawn+Care | https://www.trugreen.com/lawn-care-101/blog?type=Blog | https://www.trugreen.com/lawn-care-101/learning-center | https://www.trugreen.com/my-account/account-settings | https://www.trugreen.com/my-account/account-summary | https://www.trugreen.com/my-account/my-documents | https://www.trugreen.com/my-account/my-services | https://www.trugreen.com/my-account/payments | https://www.trugreen.com/newsroom | https://www.trugreen.com/pay-your-bill | https://www.trugreen.com/pests-products-and-services | https://www.trugreen.com/pga-tour | https://www.trugreen.com/products-and-services | https://www.trugreen.com/why-choose-trugreen/testimonials-and-ratings","","missing-main|internal-links-missing-from-sitemap|duplicate-title",""
"chromium","2026-08-31T14:31:41.742Z","prod-release-2-7-2026-08-28","450-800","","https://www.trugreen.com/lawn-care-101/blog/trugreen-lawn-care-services/what-to-expect-from-your-everyday-relationship-wit","https://www.trugreen.com/lawn-care-101/blog/lawn-care-tips/trugreen-referral-program","200","301:https://www.trugreen.com/lawn-care-101/blog/trugreen-lawn-care-services/what-to-expect-from-your-everyday-relationship-wit -> 200:https://www.trugreen.com/lawn-care-101/blog/lawn-care-tips/trugreen-referral-program","TruGreen Referral Program | TruGreen","TruGreen Referral Program | TruGreen","https://www.trugreen.com/lawn-care-101/blog/lawn-care-tips/trugreen-referral-program","1","https://www.trugreen.com/lawn-care-101/blog/lawn-care-tips/trugreen-referral-program","1","","200","https://www.trugreen.com/lawn-care-101/blog/lawn-care-tips/trugreen-referral-program","","","","0","1","TruGreen Referral Program","0","header|nav|footer","jsonld:1;types:Article;invalid:0;missing:jsonld_0_missing_@context","0","0","49","15","https://www.trugreen.com/lawn-care-101 | https://www.trugreen.com/lawn-care-101/blog?topic=Beyond+the+Lawn | https://www.trugreen.com/lawn-care-101/blog?type=Blog | https://www.trugreen.com/lawn-care-101/learning-center | https://www.trugreen.com/my-account/account-settings | https://www.trugreen.com/my-account/account-summary | https://www.trugreen.com/my-account/my-documents | https://www.trugreen.com/my-account/my-services | https://www.trugreen.com/my-account/payments | https://www.trugreen.com/newsroom | https://www.trugreen.com/pay-your-bill | https://www.trugreen.com/pests-products-and-services | https://www.trugreen.com/pga-tour | https://www.trugreen.com/products-and-services | https://www.trugreen.com/why-choose-trugreen/testimonials-and-ratings","","missing-main|internal-links-missing-from-sitemap",""
"chromium","2026-08-31T14:31:41.742Z","prod-release-2-7-2026-08-28","450-800","","https://www.trugreen.com/lawn-care-101/blog/trugreen-lawn-care-services/what-to-expect-from-your-trugreen%C2%AE-lawn-care-plan","https://www.trugreen.com/lawn-care-101/blog/trugreen-lawn-care-services/trugreen-lawn-plans-tailored-for-you","200","301:https://www.trugreen.com/lawn-care-101/blog/trugreen-lawn-care-services/what-to-expect-from-your-trugreen%C2%AE-lawn-care-plan -> 200:https://www.trugreen.com/lawn-care-101/blog/trugreen-lawn-care-services/trugreen-lawn-plans-tailored-for-you","TruGreen Plans | TruGreen","TruGreen Plans | TruGreen","https://www.trugreen.com/lawn-care-101/blog/trugreen-lawn-care-services/trugreen-lawn-plans-tailored-for-you","1","https://www.trugreen.com/lawn-care-101/blog/trugreen-lawn-care-services/trugreen-lawn-plans-tailored-for-you","1","","200","https://www.trugreen.com/lawn-care-101/blog/trugreen-lawn-care-services/trugreen-lawn-plans-tailored-for-you","","","","0","1","TruGreen Lawn Plans Tailored for You","0","header|nav|footer","jsonld:1;types:Article;invalid:0;missing:jsonld_0_missing_@context","0","0","50","15","https://www.trugreen.com/lawn-care-101 | https://www.trugreen.com/lawn-care-101/blog?topic=Lawn+Care | https://www.trugreen.com/lawn-care-101/blog?type=Blog | https://www.trugreen.com/lawn-care-101/learning-center | https://www.trugreen.com/my-account/account-settings | https://www.trugreen.com/my-account/account-summary | https://www.trugreen.com/my-account/my-documents | https://www.trugreen.com/my-account/my-services | https://www.trugreen.com/my-account/payments | https://www.trugreen.com/newsroom | https://www.trugreen.com/pay-your-bill | https://www.trugreen.com/pests-products-and-services | https://www.trugreen.com/pga-tour | https://www.trugreen.com/products-and-services | https://www.trugreen.com/why-choose-trugreen/testimonials-and-ratings","","missing-main|internal-links-missing-from-sitemap|duplicate-title",""
"chromium","2026-08-31T14:31:41.742Z","prod-release-2-7-2026-08-28","450-800","","https://www.trugreen.com/lawn-care-101/blog/trugreen-lawn-care-services/what-to-expect-out-of-a-healthy-lawn-analysis%C2%AE-wit","https://www.trugreen.com/lawn-care-101/blog/trugreen-lawn-care-services/what-to-expect-out-of-a-healthy-lawn-analysis%C2%AE-wit","200","200:https://www.trugreen.com/lawn-care-101/blog/trugreen-lawn-care-services/what-to-expect-out-of-a-healthy-lawn-analysis%C2%AE-wit","Healthy Lawn Analysis | TruGreen","Healthy Lawn Analysis | TruGreen","https://www.trugreen.com/lawn-care-101/blog/trugreen-lawn-care-services/what-to-expect-out-of-a-healthy-lawn-analysis%C2%AE-wit","1","https://www.trugreen.com/lawn-care-101/blog/trugreen-lawn-care-services/what-to-expect-out-of-a-healthy-lawn-analysis%C2%AE-wit","1","","200","https://www.trugreen.com/lawn-care-101/blog/trugreen-lawn-care-services/what-to-expect-out-of-a-healthy-lawn-analysis%C2%AE-wit","","","","0","1","What to Expect Out of a Healthy Lawn Analysis® with TruGreen®","0","header|footer","jsonld:1;types:Article;invalid:0;missing:jsonld_0_missing_@context","0","0","45","12","https://www.trugreen.com/lawn-care-101 | https://www.trugreen.com/lawn-care-101/blog?topic=Lawn+Care | https://www.trugreen.com/lawn-care-101/blog?type=Blog | https://www.trugreen.com/lawn-care-101/learning-center | https://www.trugreen.com/newsroom | https://www.trugreen.com/node/38466 | https://www.trugreen.com/node/38468 | https://www.trugreen.com/pay-your-bill | https://www.trugreen.com/pests-products-and-services | https://www.trugreen.com/pga-tour | https://www.trugreen.com/products-and-services | https://www.trugreen.com/why-choose-trugreen/testimonials-and-ratings","","missing-main|internal-links-missing-from-sitemap",""
"chromium","2026-08-31T14:31:41.742Z","prod-release-2-7-2026-08-28","450-800","","https://www.trugreen.com/lawn-care-101/blog/trugreen-lawn-care-services/winterize-your-sprinkler-system-this-fall","https://www.trugreen.com/lawn-care-101/blog","200","301:https://www.trugreen.com/lawn-care-101/blog/trugreen-lawn-care-services/winterize-your-sprinkler-system-this-fall -> 301:https://www.trugreen.com/lawn-care-101/blog/trugreen-lawn-care-services/lawn-sprinkler-system-repair -> 200:https://www.trugreen.com/lawn-care-101/blog","TruGreen Blog | TruGreen","TruGreen Blog | TruGreen","https://www.trugreen.com/lawn-care-101/blog","1","https://www.trugreen.com/lawn-care-101/blog","1","","200","https://www.trugreen.com/lawn-care-101/blog","","","","0","1","Looking for advice?Turn to the experts.","0","main|header|footer","jsonld:1;types:Blog|BreadcrumbList|CollectionPage;invalid:0;missing:","0","0","86","22","https://www.trugreen.com/lawn-care-101 | https://www.trugreen.com/lawn-care-101/blog/beyond-lawn/hosting-backyard-party | https://www.trugreen.com/lawn-care-101/blog/consistent-lawn-care | https://www.trugreen.com/lawn-care-101/blog/lawn-care/lawn-care-myths | https://www.trugreen.com/lawn-care-101/blog/lawn-care/lawn-care-vs-landscaping | https://www.trugreen.com/lawn-care-101/blog/lawn-care/lawn-mowing-spread-weeds | https://www.trugreen.com/lawn-care-101/blog/lawn-care/what-lawn-need-thrive | https://www.trugreen.com/lawn-care-101/blog/lawn-care/what-my-lawn-need | https://www.trugreen.com/lawn-care-101/blog/lawn-care/when-aerate-and-overseed-northeast | https://www.trugreen.com/lawn-care-101/blog/lawn-damage/lawn-care-signs-stress | https://www.trugreen.com/lawn-care-101/blog/pest-control/how-control-fleas-yard | https://www.trugreen.com/lawn-care-101/blog/tree-shrub-care/tree-disease-treatment | https://www.trugreen.com/lawn-care-101/blog/weed-control/control-wild-violets | https://www.trugreen.com/lawn-care-101/blog/weed-control/how-control-clover-lawn | https://www.trugreen.com/lawn-care-101/blog/weed-control/weeds-from-coming-back | https://www.trugreen.com/lawn-care-101/learning-center | https://www.trugreen.com/newsroom | https://www.trugreen.com/pay-your-bill | https://www.trugreen.com/pests-products-and-services | https://www.trugreen.com/pga-tour | https://www.trugreen.com/products-and-services | https://www.trugreen.com/why-choose-trugreen/testimonials-and-ratings","","internal-links-missing-from-sitemap|duplicate-title",""
"chromium","2026-08-31T14:31:41.742Z","prod-release-2-7-2026-08-28","450-800","","https://www.trugreen.com/lawn-care-101/blog/trugreen-lawn-care-services/your-trugreen-lawn-plan-what-to-expect","https://www.trugreen.com/lawn-care-101/blog/trugreen-lawn-care-services/trugreen-lawn-care-preparing-for-your-first-visit","200","301:https://www.trugreen.com/lawn-care-101/blog/trugreen-lawn-care-services/your-trugreen-lawn-plan-what-to-expect -> 200:https://www.trugreen.com/lawn-care-101/blog/trugreen-lawn-care-services/trugreen-lawn-care-preparing-for-your-first-visit","TruGreen First Visit | TruGreen","TruGreen First Visit | TruGreen","https://www.trugreen.com/lawn-care-101/blog/trugreen-lawn-care-services/trugreen-lawn-care-preparing-for-your-first-visit","1","https://www.trugreen.com/lawn-care-101/blog/trugreen-lawn-care-services/trugreen-lawn-care-preparing-for-your-first-visit","1","","200","https://www.trugreen.com/lawn-care-101/blog/trugreen-lawn-care-services/trugreen-lawn-care-preparing-for-your-first-visit","","","","0","1","TruGreen First Visit: What to Expect","0","header|nav|footer","jsonld:1;types:Article;invalid:0;missing:jsonld_0_missing_@context","0","0","50","15","https://www.trugreen.com/lawn-care-101 | https://www.trugreen.com/lawn-care-101/blog?topic=Lawn+Care | https://www.trugreen.com/lawn-care-101/blog?type=Blog | https://www.trugreen.com/lawn-care-101/learning-center | https://www.trugreen.com/my-account/account-settings | https://www.trugreen.com/my-account/account-summary | https://www.trugreen.com/my-account/my-documents | https://www.trugreen.com/my-account/my-services | https://www.trugreen.com/my-account/payments | https://www.trugreen.com/newsroom | https://www.trugreen.com/pay-your-bill | https://www.trugreen.com/pests-products-and-services | https://www.trugreen.com/pga-tour | https://www.trugreen.com/products-and-services | https://www.trugreen.com/why-choose-trugreen/testimonials-and-ratings","","missing-main|internal-links-missing-from-sitemap|duplicate-title",""
"chromium","2026-08-31T14:31:41.742Z","prod-release-2-7-2026-08-28","450-800","","https://www.trugreen.com/lawn-care-101/blog/trugreen-lawn-care-services/your-trugreen-tree-shrub-plan-what-to-expect","https://www.trugreen.com/lawn-care-101/blog/tree-and-shrub-care/what-to-expect-from-your-shrub-and-tree-service","200","301:https://www.trugreen.com/lawn-care-101/blog/trugreen-lawn-care-services/your-trugreen-tree-shrub-plan-what-to-expect -> 200:https://www.trugreen.com/lawn-care-101/blog/tree-and-shrub-care/what-to-expect-from-your-shrub-and-tree-service","What to Expect from Your Tree &amp; Shrub Service | TruGreen","What to Expect from Your Tree & Shrub Service | TruGreen","https://www.trugreen.com/lawn-care-101/blog/tree-and-shrub-care/what-to-expect-from-your-shrub-and-tree-service","1","https://www.trugreen.com/lawn-care-101/blog/tree-and-shrub-care/what-to-expect-from-your-shrub-and-tree-service","1","","200","https://www.trugreen.com/lawn-care-101/blog/tree-and-shrub-care/what-to-expect-from-your-shrub-and-tree-service","","","","0","1","What to Expect from Your Shrub and Tree Care Service","0","header|nav|footer","jsonld:1;types:Article;invalid:0;missing:jsonld_0_missing_@context","0","0","49","16","https://www.trugreen.com/lawn-care-101 | https://www.trugreen.com/lawn-care-101/blog?topic=Tree+%26+Shrub+Care | https://www.trugreen.com/lawn-care-101/blog?type=Blog | https://www.trugreen.com/lawn-care-101/blog/tree-shrub-care/tree-disease-treatment | https://www.trugreen.com/lawn-care-101/learning-center | https://www.trugreen.com/my-account/account-settings | https://www.trugreen.com/my-account/account-summary | https://www.trugreen.com/my-account/my-documents | https://www.trugreen.com/my-account/my-services | https://www.trugreen.com/my-account/payments | https://www.trugreen.com/newsroom | https://www.trugreen.com/pay-your-bill | https://www.trugreen.com/pests-products-and-services | https://www.trugreen.com/pga-tour | https://www.trugreen.com/products-and-services | https://www.trugreen.com/why-choose-trugreen/testimonials-and-ratings","","missing-main|internal-links-missing-from-sitemap",""
"chromium","2026-08-31T14:31:41.742Z","prod-release-2-7-2026-08-28","450-800","","https://www.trugreen.com/lawn-care-101/blog/turf-cape-cod-trugreen","https://www.trugreen.com/lawn-care-101/blog/turf-cape-cod-trugreen","200","200:https://www.trugreen.com/lawn-care-101/blog/turf-cape-cod-trugreen","The Turf Co. of Cape Cod + Trugreen | TruGreen","The Turf Co. of Cape Cod + Trugreen | TruGreen","https://www.trugreen.com/lawn-care-101/blog/turf-cape-cod-trugreen","1","https://www.trugreen.com/lawn-care-101/blog/turf-cape-cod-trugreen","1","","200","https://www.trugreen.com/lawn-care-101/blog/turf-cape-cod-trugreen","","","","0","1","The Turf Co. of Cape Cod + Trugreen","0","main|header|nav|footer","jsonld:0;types:;invalid:0;missing:","0","0","46","15","https://www.trugreen.com/chat/organic-promo | https://www.trugreen.com/lawn-care-101 | https://www.trugreen.com/lawn-care-101/learning-center | https://www.trugreen.com/my-account/account-settings | https://www.trugreen.com/my-account/account-summary | https://www.trugreen.com/my-account/my-documents | https://www.trugreen.com/my-account/my-services | https://www.trugreen.com/my-account/payments | https://www.trugreen.com/newsroom | https://www.trugreen.com/pay-your-bill | https://www.trugreen.com/pests-products-and-services | https://www.trugreen.com/pga-tour | https://www.trugreen.com/products-and-services | https://www.trugreen.com/products-and-services/tree-and-shrub-service | https://www.trugreen.com/why-choose-trugreen/testimonials-and-ratings","","internal-links-missing-from-sitemap",""
"chromium","2026-08-31T14:31:41.742Z","prod-release-2-7-2026-08-28","450-800","","https://www.trugreen.com/lawn-care-101/faqs","https://www.trugreen.com/lawn-care-101/faqs","200","200:https://www.trugreen.com/lawn-care-101/faqs","Frequently Asked Questions","Frequently Asked Questions","https://www.trugreen.com/lawn-care-101/faqs","1","https://www.trugreen.com/lawn-care-101/faqs","1","","200","https://www.trugreen.com/lawn-care-101/faqs","","","","0","1","Frequently Asked Questions","0","main|header|nav|footer","jsonld:1;types:FAQPage;invalid:0;missing:","0","0","52","17","https://www.trugreen.com/chat | https://www.trugreen.com/lawn-care-101 | https://www.trugreen.com/lawn-care-101/learning-center | https://www.trugreen.com/my-account/account-settings | https://www.trugreen.com/my-account/account-settings/communications | https://www.trugreen.com/my-account/account-summary | https://www.trugreen.com/my-account/help | https://www.trugreen.com/my-account/my-services | https://www.trugreen.com/my-account/payments | https://www.trugreen.com/my-account/payments/easypay-payment | https://www.trugreen.com/my-account/payments/prepay-payment | https://www.trugreen.com/newsroom | https://www.trugreen.com/pay-your-bill | https://www.trugreen.com/pests-products-and-services | https://www.trugreen.com/pga-tour | https://www.trugreen.com/products-and-services | https://www.trugreen.com/why-choose-trugreen/testimonials-and-ratings","","title-pattern-review|internal-links-missing-from-sitemap|duplicate-title",""
"chromium","2026-08-31T14:31:41.742Z","prod-release-2-7-2026-08-28","450-800","","https://www.trugreen.com/lawn-care-101/lawn-care-guides/complete-guide-to-summer-lawn-care","https://www.trugreen.com/lawn-care-101/lawn-care-guides/complete-guide-to-summer-lawn-care","200","200:https://www.trugreen.com/lawn-care-101/lawn-care-guides/complete-guide-to-summer-lawn-care","Summer Lawn Care &amp; Scheduling Guide | TruGreen","Summer Lawn Care & Scheduling Guide | TruGreen","https://www.trugreen.com/lawn-care-101/lawn-care-guides/complete-guide-to-summer-lawn-care","1","https://www.trugreen.com/lawn-care-101/lawn-care-guides/complete-guide-to-summer-lawn-care","1","","200","https://www.trugreen.com/lawn-care-101/lawn-care-guides/complete-guide-to-summer-lawn-care","","","","0","1","Complete Guide to Summer Lawn Care","0","header|nav|footer","jsonld:1;types:LawnCareGuide;invalid:0;missing:jsonld_0_missing_@context","0","0","46","15","https://www.trugreen.com/chat/organic-promo | https://www.trugreen.com/lawn-care-101 | https://www.trugreen.com/lawn-care-101/learning-center | https://www.trugreen.com/my-account/account-settings | https://www.trugreen.com/my-account/account-summary | https://www.trugreen.com/my-account/my-documents | https://www.trugreen.com/my-account/my-services | https://www.trugreen.com/my-account/payments | https://www.trugreen.com/newsroom | https://www.trugreen.com/pay-your-bill | https://www.trugreen.com/pests-products-and-services | https://www.trugreen.com/pga-tour | https://www.trugreen.com/products-and-services | https://www.trugreen.com/products-and-services/tree-and-shrub-service | https://www.trugreen.com/why-choose-trugreen/testimonials-and-ratings","","missing-main|internal-links-missing-from-sitemap",""
"chromium","2026-08-31T14:31:41.742Z","prod-release-2-7-2026-08-28","450-800","","https://www.trugreen.com/lawn-care-101/lawn-care-guides/complete-lawn-aeration-guide-when%2C-how%2C-best-time","https://www.trugreen.com/lawn-care-101/lawn-care-guides/complete-lawn-aeration-guide-when%2C-how%2C-best-time","200","200:https://www.trugreen.com/lawn-care-101/lawn-care-guides/complete-lawn-aeration-guide-when%2C-how%2C-best-time","Lawn Aeration Guide: Professional Services vs. DIY | TruGreen","Lawn Aeration Guide: Professional Services vs. DIY | TruGreen","https://www.trugreen.com/lawn-care-101/lawn-care-guides/complete-lawn-aeration-guide-when%2C-how%2C-best-time","1","https://www.trugreen.com/lawn-care-101/lawn-care-guides/complete-lawn-aeration-guide-when%2C-how%2C-best-time","1","","200","https://www.trugreen.com/lawn-care-101/lawn-care-guides/complete-lawn-aeration-guide-when%2C-how%2C-best-time","","","","0","1","Lawn Aeration Equipment Guide","0","header|nav|footer","jsonld:1;types:LawnCareGuide;invalid:0;missing:jsonld_0_missing_@context","0","0","47","16","https://www.trugreen.com/chat/organic-promo | https://www.trugreen.com/lawn-care-101 | https://www.trugreen.com/lawn-care-101/learning-center | https://www.trugreen.com/my-account/account-settings | https://www.trugreen.com/my-account/account-summary | https://www.trugreen.com/my-account/my-documents | https://www.trugreen.com/my-account/my-services | https://www.trugreen.com/my-account/payments | https://www.trugreen.com/newsroom | https://www.trugreen.com/pay-your-bill | https://www.trugreen.com/pests-products-and-services | https://www.trugreen.com/pga-tour | https://www.trugreen.com/products-and-services | https://www.trugreen.com/products-and-services/tree-and-shrub-service | https://www.trugreen.com/products-and-services/trucomplete | https://www.trugreen.com/why-choose-trugreen/testimonials-and-ratings","","missing-main|internal-links-missing-from-sitemap",""
"chromium","2026-08-31T14:31:41.742Z","prod-release-2-7-2026-08-28","450-800","","https://www.trugreen.com/lawn-care-101/lawn-care-guides/complete-lawn-fungus-guide","https://www.trugreen.com/lawn-care-101/lawn-care-guides/complete-lawn-fungus-guide","200","200:https://www.trugreen.com/lawn-care-101/lawn-care-guides/complete-lawn-fungus-guide","Fungus Control Guide for Lawns | TruGreen","Fungus Control Guide for Lawns | TruGreen","https://www.trugreen.com/lawn-care-101/lawn-care-guides/complete-lawn-fungus-guide","1","https://www.trugreen.com/lawn-care-101/lawn-care-guides/complete-lawn-fungus-guide","1","","200","https://www.trugreen.com/lawn-care-101/lawn-care-guides/complete-lawn-fungus-guide","","","","0","1","Complete Lawn Fungus and Lawn Disease Guide","0","header|nav|footer","jsonld:1;types:LawnCareGuide;invalid:0;missing:jsonld_0_missing_@context","0","0","46","15","https://www.trugreen.com/chat/organic-promo | https://www.trugreen.com/lawn-care-101 | https://www.trugreen.com/lawn-care-101/learning-center | https://www.trugreen.com/my-account/account-settings | https://www.trugreen.com/my-account/account-summary | https://www.trugreen.com/my-account/my-documents | https://www.trugreen.com/my-account/my-services | https://www.trugreen.com/my-account/payments | https://www.trugreen.com/newsroom | https://www.trugreen.com/pay-your-bill | https://www.trugreen.com/pests-products-and-services | https://www.trugreen.com/pga-tour | https://www.trugreen.com/products-and-services | https://www.trugreen.com/products-and-services/tree-and-shrub-service | https://www.trugreen.com/why-choose-trugreen/testimonials-and-ratings","","missing-main|internal-links-missing-from-sitemap",""
"chromium","2026-08-31T14:31:41.742Z","prod-release-2-7-2026-08-28","450-800","","https://www.trugreen.com/lawn-care-101/lawn-care-guides/creating-a-mosquito-free-backyard","https://www.trugreen.com/lawn-care-101/lawn-care-guides/creating-a-mosquito-free-backyard","200","200:https://www.trugreen.com/lawn-care-101/lawn-care-guides/creating-a-mosquito-free-backyard","How to Get Rid of Mosquitos in your Yard | TruGreen","How to Get Rid of Mosquitos in your Yard | TruGreen","https://www.trugreen.com/lawn-care-101/lawn-care-guides/creating-a-mosquito-free-backyard","1","https://www.trugreen.com/lawn-care-101/lawn-care-guides/creating-a-mosquito-free-backyard","1","","200","https://www.trugreen.com/lawn-care-101/lawn-care-guides/creating-a-mosquito-free-backyard","","","","0","1","TruDefense Mosquito Control for Your Backyard","0","header|nav|footer","jsonld:1;types:LawnCareGuide;invalid:0;missing:jsonld_0_missing_@context","0","0","46","15","https://www.trugreen.com/chat/organic-promo | https://www.trugreen.com/lawn-care-101 | https://www.trugreen.com/lawn-care-101/learning-center | https://www.trugreen.com/my-account/account-settings | https://www.trugreen.com/my-account/account-summary | https://www.trugreen.com/my-account/my-documents | https://www.trugreen.com/my-account/my-services | https://www.trugreen.com/my-account/payments | https://www.trugreen.com/newsroom | https://www.trugreen.com/pay-your-bill | https://www.trugreen.com/pests-products-and-services | https://www.trugreen.com/pga-tour | https://www.trugreen.com/products-and-services | https://www.trugreen.com/products-and-services/tree-and-shrub-service | https://www.trugreen.com/why-choose-trugreen/testimonials-and-ratings","","missing-main|internal-links-missing-from-sitemap",""
"chromium","2026-08-31T14:31:41.742Z","prod-release-2-7-2026-08-28","450-800","","https://www.trugreen.com/lawn-care-101/lawn-care-guides/grass-saving-guide-for-new-homeowners","https://www.trugreen.com/lawn-care-101/lawn-care-guides/grass-saving-guide-for-new-homeowners","200","200:https://www.trugreen.com/lawn-care-101/lawn-care-guides/grass-saving-guide-for-new-homeowners","New Homeowner Grass Saving Guide | TruGreen","New Homeowner Grass Saving Guide | TruGreen","https://www.trugreen.com/lawn-care-101/lawn-care-guides/grass-saving-guide-for-new-homeowners","1","https://www.trugreen.com/lawn-care-101/lawn-care-guides/grass-saving-guide-for-new-homeowners","1","","200","https://www.trugreen.com/lawn-care-101/lawn-care-guides/grass-saving-guide-for-new-homeowners","","","","0","1","Grass Saving Guide for New Homeowners","0","header|nav|footer","jsonld:1;types:LawnCareGuide;invalid:0;missing:jsonld_0_missing_@context","0","0","46","15","https://www.trugreen.com/chat/organic-promo | https://www.trugreen.com/lawn-care-101 | https://www.trugreen.com/lawn-care-101/learning-center | https://www.trugreen.com/my-account/account-settings | https://www.trugreen.com/my-account/account-summary | https://www.trugreen.com/my-account/my-documents | https://www.trugreen.com/my-account/my-services | https://www.trugreen.com/my-account/payments | https://www.trugreen.com/newsroom | https://www.trugreen.com/pay-your-bill | https://www.trugreen.com/pests-products-and-services | https://www.trugreen.com/pga-tour | https://www.trugreen.com/products-and-services | https://www.trugreen.com/products-and-services/tree-and-shrub-service | https://www.trugreen.com/why-choose-trugreen/testimonials-and-ratings","","missing-main|internal-links-missing-from-sitemap|duplicate-title",""
"chromium","2026-08-31T14:31:41.742Z","prod-release-2-7-2026-08-28","450-800","","https://www.trugreen.com/lawn-care-101/lawn-care-guides/overseeding-lawn-care-guide","https://www.trugreen.com/lawn-care-101/lawn-care-guides/overseeding-lawn-care-guide","200","200:https://www.trugreen.com/lawn-care-101/lawn-care-guides/overseeding-lawn-care-guide","What is Overseeding? How &amp; When to Overseed Your Lawn | TruGreen","What is Overseeding? How & When to Overseed Your Lawn | TruGreen","https://www.trugreen.com/lawn-care-101/lawn-care-guides/overseeding-lawn-care-guide","1","https://www.trugreen.com/lawn-care-101/lawn-care-guides/overseeding-lawn-care-guide","1","","200","https://www.trugreen.com/lawn-care-101/lawn-care-guides/overseeding-lawn-care-guide","","","","0","1","Comprehensive Guide to Overseeding a Lawn","0","header|nav|footer","jsonld:1;types:LawnCareGuide;invalid:0;missing:jsonld_0_missing_@context","0","0","46","15","https://www.trugreen.com/chat/organic-promo | https://www.trugreen.com/lawn-care-101 | https://www.trugreen.com/lawn-care-101/learning-center | https://www.trugreen.com/my-account/account-settings | https://www.trugreen.com/my-account/account-summary | https://www.trugreen.com/my-account/my-documents | https://www.trugreen.com/my-account/my-services | https://www.trugreen.com/my-account/payments | https://www.trugreen.com/newsroom | https://www.trugreen.com/pay-your-bill | https://www.trugreen.com/pests-products-and-services | https://www.trugreen.com/pga-tour | https://www.trugreen.com/products-and-services | https://www.trugreen.com/products-and-services/tree-and-shrub-service | https://www.trugreen.com/why-choose-trugreen/testimonials-and-ratings","","missing-main|internal-links-missing-from-sitemap",""
"chromium","2026-08-31T14:31:41.742Z","prod-release-2-7-2026-08-28","450-800","","https://www.trugreen.com/lawn-care-101/lawn-care-guides/proper-tree-and-shrub-care","https://www.trugreen.com/lawn-care-101/blog/tree-and-shrub-care/tree-and-shrub-care-steps","200","301:https://www.trugreen.com/lawn-care-101/lawn-care-guides/proper-tree-and-shrub-care -> 200:https://www.trugreen.com/lawn-care-101/blog/tree-and-shrub-care/tree-and-shrub-care-steps","Tree and Shrub Care | TruGreen","Tree and Shrub Care | TruGreen","https://www.trugreen.com/lawn-care-101/blog/tree-and-shrub-care/tree-and-shrub-care-steps","1","https://www.trugreen.com/lawn-care-101/blog/tree-and-shrub-care/tree-and-shrub-care-steps","1","","200","https://www.trugreen.com/lawn-care-101/blog/tree-and-shrub-care/tree-and-shrub-care-steps","","","","0","1","Tree and Shrub Care: 5 Essential Steps for Healthy Trees and Shrubs","0","header|nav|footer","jsonld:1;types:Article;invalid:0;missing:jsonld_0_missing_@context","0","0","50","16","https://www.trugreen.com/lawn-care-101 | https://www.trugreen.com/lawn-care-101/blog?topic=Tree+%26+Shrub+Care | https://www.trugreen.com/lawn-care-101/blog?type=Blog | https://www.trugreen.com/lawn-care-101/blog/tree-shrub-care/tree-disease-treatment | https://www.trugreen.com/lawn-care-101/learning-center | https://www.trugreen.com/my-account/account-settings | https://www.trugreen.com/my-account/account-summary | https://www.trugreen.com/my-account/my-documents | https://www.trugreen.com/my-account/my-services | https://www.trugreen.com/my-account/payments | https://www.trugreen.com/newsroom | https://www.trugreen.com/pay-your-bill | https://www.trugreen.com/pests-products-and-services | https://www.trugreen.com/pga-tour | https://www.trugreen.com/products-and-services | https://www.trugreen.com/why-choose-trugreen/testimonials-and-ratings","","missing-main|internal-links-missing-from-sitemap",""
"chromium","2026-08-31T14:31:41.742Z","prod-release-2-7-2026-08-28","450-800","","https://www.trugreen.com/lawn-care-101/lawn-care-guides/the-easy-guide-to-growing-healthy%2C-green-grass","https://www.trugreen.com/lawn-care-101/lawn-care-guides/the-easy-guide-to-growing-healthy%2C-green-grass","200","200:https://www.trugreen.com/lawn-care-101/lawn-care-guides/the-easy-guide-to-growing-healthy%2C-green-grass","How to Get Greener Grass | TruGreen","How to Get Greener Grass | TruGreen","https://www.trugreen.com/lawn-care-101/lawn-care-guides/the-easy-guide-to-growing-healthy%2C-green-grass","1","https://www.trugreen.com/lawn-care-101/lawn-care-guides/the-easy-guide-to-growing-healthy%2C-green-grass","1","","200","https://www.trugreen.com/lawn-care-101/lawn-care-guides/the-easy-guide-to-growing-healthy%2C-green-grass","","","","0","1","The Comprehensive Guide to Planting, Growing and Getting Healthy, Green Grass","0","header|nav|footer","jsonld:1;types:LawnCareGuide;invalid:0;missing:jsonld_0_missing_@context","0","0","46","15","https://www.trugreen.com/chat/organic-promo | https://www.trugreen.com/lawn-care-101 | https://www.trugreen.com/lawn-care-101/learning-center | https://www.trugreen.com/my-account/account-settings | https://www.trugreen.com/my-account/account-summary | https://www.trugreen.com/my-account/my-documents | https://www.trugreen.com/my-account/my-services | https://www.trugreen.com/my-account/payments | https://www.trugreen.com/newsroom | https://www.trugreen.com/pay-your-bill | https://www.trugreen.com/pests-products-and-services | https://www.trugreen.com/pga-tour | https://www.trugreen.com/products-and-services | https://www.trugreen.com/products-and-services/tree-and-shrub-service | https://www.trugreen.com/why-choose-trugreen/testimonials-and-ratings","","missing-main|internal-links-missing-from-sitemap|duplicate-title",""
"chromium","2026-08-31T14:31:41.742Z","prod-release-2-7-2026-08-28","450-800","","https://www.trugreen.com/lawn-care-101/lawn-care-guides/tips-for-taming-stubborn-weeds","https://www.trugreen.com/lawn-care-101/blog/lawn-care-tips/best-methods-broadleaf-weed-control","200","301:https://www.trugreen.com/lawn-care-101/lawn-care-guides/tips-for-taming-stubborn-weeds -> 200:https://www.trugreen.com/lawn-care-101/blog/lawn-care-tips/best-methods-broadleaf-weed-control","Broadleaf Weed Control | TruGreen","Broadleaf Weed Control | TruGreen","https://www.trugreen.com/lawn-care-101/blog/lawn-care-tips/best-methods-broadleaf-weed-control","1","https://www.trugreen.com/lawn-care-101/blog/lawn-care-tips/best-methods-broadleaf-weed-control","1","","200","https://www.trugreen.com/lawn-care-101/blog/lawn-care-tips/best-methods-broadleaf-weed-control","","","","0","1","Broadleaf Weed Control: How to Prevent and Eliminate Lawn Weeds","0","header|nav|footer","jsonld:1;types:Article;invalid:0;missing:jsonld_0_missing_@context","0","0","53","17","https://www.trugreen.com/lawn-care-101 | https://www.trugreen.com/lawn-care-101/blog?topic=Weed+Control | https://www.trugreen.com/lawn-care-101/blog?type=Blog | https://www.trugreen.com/lawn-care-101/blog/weed-control/control-wild-violets | https://www.trugreen.com/lawn-care-101/blog/weed-control/how-control-clover-lawn | https://www.trugreen.com/lawn-care-101/learning-center | https://www.trugreen.com/my-account/account-settings | https://www.trugreen.com/my-account/account-summary | https://www.trugreen.com/my-account/my-documents | https://www.trugreen.com/my-account/my-services | https://www.trugreen.com/my-account/payments | https://www.trugreen.com/newsroom | https://www.trugreen.com/pay-your-bill | https://www.trugreen.com/pests-products-and-services | https://www.trugreen.com/pga-tour | https://www.trugreen.com/products-and-services | https://www.trugreen.com/why-choose-trugreen/testimonials-and-ratings","","missing-main|internal-links-missing-from-sitemap",""
"chromium","2026-08-31T14:31:41.742Z","prod-release-2-7-2026-08-28","450-800","","https://www.trugreen.com/lawn-care-101/learning-center/broadleaf-weeds","https://www.trugreen.com/lawn-care-101/learning-center/broadleaf-weeds","200","200:https://www.trugreen.com/lawn-care-101/learning-center/broadleaf-weeds","Broadleaf Weed Identification &amp; Treatment Guide | TruGreen","Broadleaf Weed Identification & Treatment Guide | TruGreen","https://www.trugreen.com/lawn-care-101/learning-center/broadleaf-weeds","1","https://www.trugreen.com/lawn-care-101/learning-center/broadleaf-weeds","1","","200","https://www.trugreen.com/lawn-care-101/learning-center/broadleaf-weeds","","","","0","1","How to Identify and Kill Broadleaf Weeds","0","main|header|nav|footer","jsonld:1;types:WebSite;invalid:0;missing:jsonld_0_missing_@context","0","0","52","15","https://www.trugreen.com/chat/organic-promo | https://www.trugreen.com/lawn-care-101 | https://www.trugreen.com/lawn-care-101/learning-center | https://www.trugreen.com/my-account/account-settings | https://www.trugreen.com/my-account/account-summary | https://www.trugreen.com/my-account/my-documents | https://www.trugreen.com/my-account/my-services | https://www.trugreen.com/my-account/payments | https://www.trugreen.com/newsroom | https://www.trugreen.com/pay-your-bill | https://www.trugreen.com/pests-products-and-services | https://www.trugreen.com/pga-tour | https://www.trugreen.com/products-and-services | https://www.trugreen.com/products-and-services/tree-and-shrub-service | https://www.trugreen.com/why-choose-trugreen/testimonials-and-ratings","","internal-links-missing-from-sitemap",""
"chromium","2026-08-31T14:31:41.742Z","prod-release-2-7-2026-08-28","450-800","","https://www.trugreen.com/lawn-care-101/learning-center/broadleaf-weeds/alligatorweed","https://www.trugreen.com/lawn-care-101/learning-center/broadleaf-weeds/alligatorweed","200","200:https://www.trugreen.com/lawn-care-101/learning-center/broadleaf-weeds/alligatorweed","Alligatorweed | TruGreen","Alligatorweed | TruGreen","https://www.trugreen.com/lawn-care-101/learning-center/broadleaf-weeds/alligatorweed","1","https://www.trugreen.com/lawn-care-101/learning-center/broadleaf-weeds/alligatorweed","1","","200","https://www.trugreen.com/lawn-care-101/learning-center/broadleaf-weeds/alligatorweed","","","","0","0","","0","header|footer","jsonld:0;types:;invalid:0;missing:","0","0","41","8","https://www.trugreen.com/lawn-care-101 | https://www.trugreen.com/lawn-care-101/learning-center | https://www.trugreen.com/newsroom | https://www.trugreen.com/pay-your-bill | https://www.trugreen.com/pests-products-and-services | https://www.trugreen.com/pga-tour | https://www.trugreen.com/products-and-services | https://www.trugreen.com/why-choose-trugreen/testimonials-and-ratings","","missing-h1|missing-main|internal-links-missing-from-sitemap",""
"chromium","2026-08-31T14:31:41.742Z","prod-release-2-7-2026-08-28","450-800","","https://www.trugreen.com/lawn-care-101/learning-center/broadleaf-weeds/alsike-clover","https://www.trugreen.com/lawn-care-101/learning-center/broadleaf-weeds/alsike-clover","200","200:https://www.trugreen.com/lawn-care-101/learning-center/broadleaf-weeds/alsike-clover","Alsike Clover | TruGreen","Alsike Clover | TruGreen","https://www.trugreen.com/lawn-care-101/learning-center/broadleaf-weeds/alsike-clover","1","https://www.trugreen.com/lawn-care-101/learning-center/broadleaf-weeds/alsike-clover","1","","200","https://www.trugreen.com/lawn-care-101/learning-center/broadleaf-weeds/alsike-clover","","","","0","0","","0","header|footer","jsonld:0;types:;invalid:0;missing:","0","0","41","8","https://www.trugreen.com/lawn-care-101 | https://www.trugreen.com/lawn-care-101/learning-center | https://www.trugreen.com/newsroom | https://www.trugreen.com/pay-your-bill | https://www.trugreen.com/pests-products-and-services | https://www.trugreen.com/pga-tour | https://www.trugreen.com/products-and-services | https://www.trugreen.com/why-choose-trugreen/testimonials-and-ratings","","missing-h1|missing-main|internal-links-missing-from-sitemap",""
"chromium","2026-08-31T14:31:41.742Z","prod-release-2-7-2026-08-28","450-800","","https://www.trugreen.com/lawn-care-101/learning-center/broadleaf-weeds/annual-sowthistle","https://www.trugreen.com/lawn-care-101/learning-center/broadleaf-weeds/annual-sowthistle","200","200:https://www.trugreen.com/lawn-care-101/learning-center/broadleaf-weeds/annual-sowthistle","Annual Sowthistle | TruGreen","Annual Sowthistle | TruGreen","https://www.trugreen.com/lawn-care-101/learning-center/broadleaf-weeds/annual-sowthistle","1","https://www.trugreen.com/lawn-care-101/learning-center/broadleaf-weeds/annual-sowthistle","1","","200","https://www.trugreen.com/lawn-care-101/learning-center/broadleaf-weeds/annual-sowthistle","","","","0","0","","0","header|footer","jsonld:0;types:;invalid:0;missing:","0","0","41","8","https://www.trugreen.com/lawn-care-101 | https://www.trugreen.com/lawn-care-101/learning-center | https://www.trugreen.com/newsroom | https://www.trugreen.com/pay-your-bill | https://www.trugreen.com/pests-products-and-services | https://www.trugreen.com/pga-tour | https://www.trugreen.com/products-and-services | https://www.trugreen.com/why-choose-trugreen/testimonials-and-ratings","","missing-h1|missing-main|internal-links-missing-from-sitemap",""
"chromium","2026-08-31T14:31:41.742Z","prod-release-2-7-2026-08-28","450-800","","https://www.trugreen.com/lawn-care-101/learning-center/broadleaf-weeds/asiatic-hawksbeard","https://www.trugreen.com/lawn-care-101/learning-center/broadleaf-weeds/asiatic-hawksbeard","200","200:https://www.trugreen.com/lawn-care-101/learning-center/broadleaf-weeds/asiatic-hawksbeard","Asiatic Hawksbeard | TruGreen","Asiatic Hawksbeard | TruGreen","https://www.trugreen.com/lawn-care-101/learning-center/broadleaf-weeds/asiatic-hawksbeard","1","https://www.trugreen.com/lawn-care-101/learning-center/broadleaf-weeds/asiatic-hawksbeard","1","","200","https://www.trugreen.com/lawn-care-101/learning-center/broadleaf-weeds/asiatic-hawksbeard","","","","0","0","","0","header|footer","jsonld:0;types:;invalid:0;missing:","0","0","41","8","https://www.trugreen.com/lawn-care-101 | https://www.trugreen.com/lawn-care-101/learning-center | https://www.trugreen.com/newsroom | https://www.trugreen.com/pay-your-bill | https://www.trugreen.com/pests-products-and-services | https://www.trugreen.com/pga-tour | https://www.trugreen.com/products-and-services | https://www.trugreen.com/why-choose-trugreen/testimonials-and-ratings","","missing-h1|missing-main|internal-links-missing-from-sitemap",""
"chromium","2026-08-31T14:31:41.742Z","prod-release-2-7-2026-08-28","450-800","","https://www.trugreen.com/lawn-care-101/learning-center/broadleaf-weeds/birdsfoot-trefoil","https://www.trugreen.com/lawn-care-101/learning-center/broadleaf-weeds/birdsfoot-trefoil","200","200:https://www.trugreen.com/lawn-care-101/learning-center/broadleaf-weeds/birdsfoot-trefoil","Birdsfoot Trefoil | TruGreen","Birdsfoot Trefoil | TruGreen","https://www.trugreen.com/lawn-care-101/learning-center/broadleaf-weeds/birdsfoot-trefoil","1","https://www.trugreen.com/lawn-care-101/learning-center/broadleaf-weeds/birdsfoot-trefoil","1","","200","https://www.trugreen.com/lawn-care-101/learning-center/broadleaf-weeds/birdsfoot-trefoil","","","","0","0","","0","header|footer","jsonld:0;types:;invalid:0;missing:","0","0","41","8","https://www.trugreen.com/lawn-care-101 | https://www.trugreen.com/lawn-care-101/learning-center | https://www.trugreen.com/newsroom | https://www.trugreen.com/pay-your-bill | https://www.trugreen.com/pests-products-and-services | https://www.trugreen.com/pga-tour | https://www.trugreen.com/products-and-services | https://www.trugreen.com/why-choose-trugreen/testimonials-and-ratings","","missing-h1|missing-main|internal-links-missing-from-sitemap",""
"chromium","2026-08-31T14:31:41.742Z","prod-release-2-7-2026-08-28","450-800","","https://www.trugreen.com/lawn-care-101/learning-center/broadleaf-weeds/black-medic","https://www.trugreen.com/lawn-care-101/learning-center/broadleaf-weeds/black-medic","200","200:https://www.trugreen.com/lawn-care-101/learning-center/broadleaf-weeds/black-medic","Black Medic | TruGreen","Black Medic | TruGreen","https://www.trugreen.com/lawn-care-101/learning-center/broadleaf-weeds/black-medic","1","https://www.trugreen.com/lawn-care-101/learning-center/broadleaf-weeds/black-medic","1","","200","https://www.trugreen.com/lawn-care-101/learning-center/broadleaf-weeds/black-medic","","","","0","0","","0","header|footer","jsonld:0;types:;invalid:0;missing:","0","0","41","8","https://www.trugreen.com/lawn-care-101 | https://www.trugreen.com/lawn-care-101/learning-center | https://www.trugreen.com/newsroom | https://www.trugreen.com/pay-your-bill | https://www.trugreen.com/pests-products-and-services | https://www.trugreen.com/pga-tour | https://www.trugreen.com/products-and-services | https://www.trugreen.com/why-choose-trugreen/testimonials-and-ratings","","missing-h1|missing-main|internal-links-missing-from-sitemap",""
"chromium","2026-08-31T14:31:41.742Z","prod-release-2-7-2026-08-28","450-800","","https://www.trugreen.com/lawn-care-101/learning-center/broadleaf-weeds/bracted-plantain","https://www.trugreen.com/lawn-care-101/learning-center/broadleaf-weeds/bracted-plantain","200","200:https://www.trugreen.com/lawn-care-101/learning-center/broadleaf-weeds/bracted-plantain","Bracted Plantain | TruGreen","Bracted Plantain | TruGreen","https://www.trugreen.com/lawn-care-101/learning-center/broadleaf-weeds/bracted-plantain","1","https://www.trugreen.com/lawn-care-101/learning-center/broadleaf-weeds/bracted-plantain","1","","200","https://www.trugreen.com/lawn-care-101/learning-center/broadleaf-weeds/bracted-plantain","","","","0","0","","0","header|footer","jsonld:0;types:;invalid:0;missing:","0","0","41","8","https://www.trugreen.com/lawn-care-101 | https://www.trugreen.com/lawn-care-101/learning-center | https://www.trugreen.com/newsroom | https://www.trugreen.com/pay-your-bill | https://www.trugreen.com/pests-products-and-services | https://www.trugreen.com/pga-tour | https://www.trugreen.com/products-and-services | https://www.trugreen.com/why-choose-trugreen/testimonials-and-ratings","","missing-h1|missing-main|internal-links-missing-from-sitemap",""
"chromium","2026-08-31T14:31:41.742Z","prod-release-2-7-2026-08-28","450-800","","https://www.trugreen.com/lawn-care-101/learning-center/broadleaf-weeds/bristly-mallow","https://www.trugreen.com/lawn-care-101/learning-center/broadleaf-weeds/bristly-mallow","200","200:https://www.trugreen.com/lawn-care-101/learning-center/broadleaf-weeds/bristly-mallow","Bristly Mallow | TruGreen","Bristly Mallow | TruGreen","https://www.trugreen.com/lawn-care-101/learning-center/broadleaf-weeds/bristly-mallow","1","https://www.trugreen.com/lawn-care-101/learning-center/broadleaf-weeds/bristly-mallow","1","","200","https://www.trugreen.com/lawn-care-101/learning-center/broadleaf-weeds/bristly-mallow","","","","0","0","","0","header|footer","jsonld:0;types:;invalid:0;missing:","0","0","41","8","https://www.trugreen.com/lawn-care-101 | https://www.trugreen.com/lawn-care-101/learning-center | https://www.trugreen.com/newsroom | https://www.trugreen.com/pay-your-bill | https://www.trugreen.com/pests-products-and-services | https://www.trugreen.com/pga-tour | https://www.trugreen.com/products-and-services | https://www.trugreen.com/why-choose-trugreen/testimonials-and-ratings","","missing-h1|missing-main|internal-links-missing-from-sitemap",""
"chromium","2026-08-31T14:31:41.742Z","prod-release-2-7-2026-08-28","450-800","","https://www.trugreen.com/lawn-care-101/learning-center/broadleaf-weeds/broadleaf-plantain","https://www.trugreen.com/lawn-care-101/learning-center/broadleaf-weeds/broadleaf-plantain","200","200:https://www.trugreen.com/lawn-care-101/learning-center/broadleaf-weeds/broadleaf-plantain","Broadleaf Plantain | TruGreen","Broadleaf Plantain | TruGreen","https://www.trugreen.com/lawn-care-101/learning-center/broadleaf-weeds/broadleaf-plantain","1","https://www.trugreen.com/lawn-care-101/learning-center/broadleaf-weeds/broadleaf-plantain","1","","200","https://www.trugreen.com/lawn-care-101/learning-center/broadleaf-weeds/broadleaf-plantain","","","","0","0","","0","header|footer","jsonld:0;types:;invalid:0;missing:","0","0","41","8","https://www.trugreen.com/lawn-care-101 | https://www.trugreen.com/lawn-care-101/learning-center | https://www.trugreen.com/newsroom | https://www.trugreen.com/pay-your-bill | https://www.trugreen.com/pests-products-and-services | https://www.trugreen.com/pga-tour | https://www.trugreen.com/products-and-services | https://www.trugreen.com/why-choose-trugreen/testimonials-and-ratings","","missing-h1|missing-main|internal-links-missing-from-sitemap",""
"chromium","2026-08-31T14:31:41.742Z","prod-release-2-7-2026-08-28","450-800","","https://www.trugreen.com/lawn-care-101/learning-center/broadleaf-weeds/buckhorn-plantain","https://www.trugreen.com/lawn-care-101/learning-center/broadleaf-weeds/buckhorn-plantain","200","200:https://www.trugreen.com/lawn-care-101/learning-center/broadleaf-weeds/buckhorn-plantain","Buckhorn Plantain | TruGreen","Buckhorn Plantain | TruGreen","https://www.trugreen.com/lawn-care-101/learning-center/broadleaf-weeds/buckhorn-plantain","1","https://www.trugreen.com/lawn-care-101/learning-center/broadleaf-weeds/buckhorn-plantain","1","","200","https://www.trugreen.com/lawn-care-101/learning-center/broadleaf-weeds/buckhorn-plantain","","","","0","0","","0","header|footer","jsonld:0;types:;invalid:0;missing:","0","0","41","8","https://www.trugreen.com/lawn-care-101 | https://www.trugreen.com/lawn-care-101/learning-center | https://www.trugreen.com/newsroom | https://www.trugreen.com/pay-your-bill | https://www.trugreen.com/pests-products-and-services | https://www.trugreen.com/pga-tour | https://www.trugreen.com/products-and-services | https://www.trugreen.com/why-choose-trugreen/testimonials-and-ratings","","missing-h1|missing-main|internal-links-missing-from-sitemap",""
"chromium","2026-08-31T14:31:41.742Z","prod-release-2-7-2026-08-28","450-800","","https://www.trugreen.com/lawn-care-101/learning-center/broadleaf-weeds/bulbous-buttercup","https://www.trugreen.com/lawn-care-101/learning-center/broadleaf-weeds/bulbous-buttercup","200","200:https://www.trugreen.com/lawn-care-101/learning-center/broadleaf-weeds/bulbous-buttercup","Bulbous Buttercup | TruGreen","Bulbous Buttercup | TruGreen","https://www.trugreen.com/lawn-care-101/learning-center/broadleaf-weeds/bulbous-buttercup","1","https://www.trugreen.com/lawn-care-101/learning-center/broadleaf-weeds/bulbous-buttercup","1","","200","https://www.trugreen.com/lawn-care-101/learning-center/broadleaf-weeds/bulbous-buttercup","","","","0","0","","0","header|footer","jsonld:0;types:;invalid:0;missing:","0","0","41","8","https://www.trugreen.com/lawn-care-101 | https://www.trugreen.com/lawn-care-101/learning-center | https://www.trugreen.com/newsroom | https://www.trugreen.com/pay-your-bill | https://www.trugreen.com/pests-products-and-services | https://www.trugreen.com/pga-tour | https://www.trugreen.com/products-and-services | https://www.trugreen.com/why-choose-trugreen/testimonials-and-ratings","","missing-h1|missing-main|internal-links-missing-from-sitemap",""
"chromium","2026-08-31T14:31:41.742Z","prod-release-2-7-2026-08-28","450-800","","https://www.trugreen.com/lawn-care-101/learning-center/broadleaf-weeds/bull-thistle","https://www.trugreen.com/lawn-care-101/learning-center/broadleaf-weeds/bull-thistle","200","200:https://www.trugreen.com/lawn-care-101/learning-center/broadleaf-weeds/bull-thistle","Bull Thistle | TruGreen","Bull Thistle | TruGreen","https://www.trugreen.com/lawn-care-101/learning-center/broadleaf-weeds/bull-thistle","1","https://www.trugreen.com/lawn-care-101/learning-center/broadleaf-weeds/bull-thistle","1","","200","https://www.trugreen.com/lawn-care-101/learning-center/broadleaf-weeds/bull-thistle","","","","0","0","","0","header|footer","jsonld:0;types:;invalid:0;missing:","0","0","41","8","https://www.trugreen.com/lawn-care-101 | https://www.trugreen.com/lawn-care-101/learning-center | https://www.trugreen.com/newsroom | https://www.trugreen.com/pay-your-bill | https://www.trugreen.com/pests-products-and-services | https://www.trugreen.com/pga-tour | https://www.trugreen.com/products-and-services | https://www.trugreen.com/why-choose-trugreen/testimonials-and-ratings","","missing-h1|missing-main|internal-links-missing-from-sitemap",""
"chromium","2026-08-31T14:31:41.742Z","prod-release-2-7-2026-08-28","450-800","","https://www.trugreen.com/lawn-care-101/learning-center/broadleaf-weeds/bushy-buttonweed","https://www.trugreen.com/lawn-care-101/learning-center/broadleaf-weeds/bushy-buttonweed","200","200:https://www.trugreen.com/lawn-care-101/learning-center/broadleaf-weeds/bushy-buttonweed","Bushy Buttonweed | TruGreen","Bushy Buttonweed | TruGreen","https://www.trugreen.com/lawn-care-101/learning-center/broadleaf-weeds/bushy-buttonweed","1","https://www.trugreen.com/lawn-care-101/learning-center/broadleaf-weeds/bushy-buttonweed","1","","200","https://www.trugreen.com/lawn-care-101/learning-center/broadleaf-weeds/bushy-buttonweed","","","","0","0","","0","header|footer","jsonld:0;types:;invalid:0;missing:","0","0","41","8","https://www.trugreen.com/lawn-care-101 | https://www.trugreen.com/lawn-care-101/learning-center | https://www.trugreen.com/newsroom | https://www.trugreen.com/pay-your-bill | https://www.trugreen.com/pests-products-and-services | https://www.trugreen.com/pga-tour | https://www.trugreen.com/products-and-services | https://www.trugreen.com/why-choose-trugreen/testimonials-and-ratings","","missing-h1|missing-main|internal-links-missing-from-sitemap",""
"chromium","2026-08-31T14:31:41.742Z","prod-release-2-7-2026-08-28","450-800","","https://www.trugreen.com/lawn-care-101/learning-center/broadleaf-weeds/canada-thistle","https://www.trugreen.com/lawn-care-101/learning-center/broadleaf-weeds/canada-thistle","200","200:https://www.trugreen.com/lawn-care-101/learning-center/broadleaf-weeds/canada-thistle","Canada Thistle | TruGreen","Canada Thistle | TruGreen","https://www.trugreen.com/lawn-care-101/learning-center/broadleaf-weeds/canada-thistle","1","https://www.trugreen.com/lawn-care-101/learning-center/broadleaf-weeds/canada-thistle","1","","200","https://www.trugreen.com/lawn-care-101/learning-center/broadleaf-weeds/canada-thistle","","","","0","0","","0","header|footer","jsonld:0;types:;invalid:0;missing:","0","0","41","8","https://www.trugreen.com/lawn-care-101 | https://www.trugreen.com/lawn-care-101/learning-center | https://www.trugreen.com/newsroom | https://www.trugreen.com/pay-your-bill | https://www.trugreen.com/pests-products-and-services | https://www.trugreen.com/pga-tour | https://www.trugreen.com/products-and-services | https://www.trugreen.com/why-choose-trugreen/testimonials-and-ratings","","missing-h1|missing-main|internal-links-missing-from-sitemap",""
"chromium","2026-08-31T14:31:41.742Z","prod-release-2-7-2026-08-28","450-800","","https://www.trugreen.com/lawn-care-101/learning-center/broadleaf-weeds/carolina-false-dandelion","https://www.trugreen.com/lawn-care-101/learning-center/broadleaf-weeds/carolina-false-dandelion","200","200:https://www.trugreen.com/lawn-care-101/learning-center/broadleaf-weeds/carolina-false-dandelion","Carolina False Dandelion | TruGreen","Carolina False Dandelion | TruGreen","https://www.trugreen.com/lawn-care-101/learning-center/broadleaf-weeds/carolina-false-dandelion","1","https://www.trugreen.com/lawn-care-101/learning-center/broadleaf-weeds/carolina-false-dandelion","1","","200","https://www.trugreen.com/lawn-care-101/learning-center/broadleaf-weeds/carolina-false-dandelion","","","","0","0","","0","header|footer","jsonld:0;types:;invalid:0;missing:","0","0","41","8","https://www.trugreen.com/lawn-care-101 | https://www.trugreen.com/lawn-care-101/learning-center | https://www.trugreen.com/newsroom | https://www.trugreen.com/pay-your-bill | https://www.trugreen.com/pests-products-and-services | https://www.trugreen.com/pga-tour | https://www.trugreen.com/products-and-services | https://www.trugreen.com/why-choose-trugreen/testimonials-and-ratings","","missing-h1|missing-main|internal-links-missing-from-sitemap",""
"chromium","2026-08-31T14:31:41.742Z","prod-release-2-7-2026-08-28","450-800","","https://www.trugreen.com/lawn-care-101/learning-center/broadleaf-weeds/carolina-geranium","https://www.trugreen.com/lawn-care-101/learning-center/broadleaf-weeds/carolina-geranium","200","200:https://www.trugreen.com/lawn-care-101/learning-center/broadleaf-weeds/carolina-geranium","Carolina Geranium | TruGreen","Carolina Geranium | TruGreen","https://www.trugreen.com/lawn-care-101/learning-center/broadleaf-weeds/carolina-geranium","1","https://www.trugreen.com/lawn-care-101/learning-center/broadleaf-weeds/carolina-geranium","1","","200","https://www.trugreen.com/lawn-care-101/learning-center/broadleaf-weeds/carolina-geranium","","","","0","0","","0","header|footer","jsonld:0;types:;invalid:0;missing:","0","0","41","8","https://www.trugreen.com/lawn-care-101 | https://www.trugreen.com/lawn-care-101/learning-center | https://www.trugreen.com/newsroom | https://www.trugreen.com/pay-your-bill | https://www.trugreen.com/pests-products-and-services | https://www.trugreen.com/pga-tour | https://www.trugreen.com/products-and-services | https://www.trugreen.com/why-choose-trugreen/testimonials-and-ratings","","missing-h1|missing-main|internal-links-missing-from-sitemap",""
"chromium","2026-08-31T14:31:41.742Z","prod-release-2-7-2026-08-28","450-800","","https://www.trugreen.com/lawn-care-101/learning-center/broadleaf-weeds/carpetweed","https://www.trugreen.com/lawn-care-101/learning-center/broadleaf-weeds/carpetweed","200","200:https://www.trugreen.com/lawn-care-101/learning-center/broadleaf-weeds/carpetweed","Carpetweed | TruGreen","Carpetweed | TruGreen","https://www.trugreen.com/lawn-care-101/learning-center/broadleaf-weeds/carpetweed","1","https://www.trugreen.com/lawn-care-101/learning-center/broadleaf-weeds/carpetweed","1","","200","https://www.trugreen.com/lawn-care-101/learning-center/broadleaf-weeds/carpetweed","","","","0","0","","0","header|footer","jsonld:0;types:;invalid:0;missing:","0","0","41","8","https://www.trugreen.com/lawn-care-101 | https://www.trugreen.com/lawn-care-101/learning-center | https://www.trugreen.com/newsroom | https://www.trugreen.com/pay-your-bill | https://www.trugreen.com/pests-products-and-services | https://www.trugreen.com/pga-tour | https://www.trugreen.com/products-and-services | https://www.trugreen.com/why-choose-trugreen/testimonials-and-ratings","","missing-h1|missing-main|internal-links-missing-from-sitemap",""
"chromium","2026-08-31T14:31:41.742Z","prod-release-2-7-2026-08-28","450-800","","https://www.trugreen.com/lawn-care-101/learning-center/broadleaf-weeds/catchweed-bedstraw","https://www.trugreen.com/lawn-care-101/learning-center/broadleaf-weeds/catchweed-bedstraw","200","200:https://www.trugreen.com/lawn-care-101/learning-center/broadleaf-weeds/catchweed-bedstraw","Catchweed Bedstraw | TruGreen","Catchweed Bedstraw | TruGreen","https://www.trugreen.com/lawn-care-101/learning-center/broadleaf-weeds/catchweed-bedstraw","1","https://www.trugreen.com/lawn-care-101/learning-center/broadleaf-weeds/catchweed-bedstraw","1","","200","https://www.trugreen.com/lawn-care-101/learning-center/broadleaf-weeds/catchweed-bedstraw","","","","0","0","","0","header|footer","jsonld:0;types:;invalid:0;missing:","0","0","41","8","https://www.trugreen.com/lawn-care-101 | https://www.trugreen.com/lawn-care-101/learning-center | https://www.trugreen.com/newsroom | https://www.trugreen.com/pay-your-bill | https://www.trugreen.com/pests-products-and-services | https://www.trugreen.com/pga-tour | https://www.trugreen.com/products-and-services | https://www.trugreen.com/why-choose-trugreen/testimonials-and-ratings","","missing-h1|missing-main|internal-links-missing-from-sitemap",""
"chromium","2026-08-31T14:31:41.742Z","prod-release-2-7-2026-08-28","450-800","","https://www.trugreen.com/lawn-care-101/learning-center/broadleaf-weeds/centella","https://www.trugreen.com/lawn-care-101/learning-center/broadleaf-weeds/centella","200","200:https://www.trugreen.com/lawn-care-101/learning-center/broadleaf-weeds/centella","Centella | TruGreen","Centella | TruGreen","https://www.trugreen.com/lawn-care-101/learning-center/broadleaf-weeds/centella","1","https://www.trugreen.com/lawn-care-101/learning-center/broadleaf-weeds/centella","1","","200","https://www.trugreen.com/lawn-care-101/learning-center/broadleaf-weeds/centella","","","","0","0","","0","header|footer","jsonld:0;types:;invalid:0;missing:","0","0","41","8","https://www.trugreen.com/lawn-care-101 | https://www.trugreen.com/lawn-care-101/learning-center | https://www.trugreen.com/newsroom | https://www.trugreen.com/pay-your-bill | https://www.trugreen.com/pests-products-and-services | https://www.trugreen.com/pga-tour | https://www.trugreen.com/products-and-services | https://www.trugreen.com/why-choose-trugreen/testimonials-and-ratings","","missing-h1|missing-main|internal-links-missing-from-sitemap",""
"chromium","2026-08-31T14:31:41.742Z","prod-release-2-7-2026-08-28","450-800","","https://www.trugreen.com/lawn-care-101/learning-center/broadleaf-weeds/chamberbitter","https://www.trugreen.com/lawn-care-101/learning-center/broadleaf-weeds/chamberbitter","200","200:https://www.trugreen.com/lawn-care-101/learning-center/broadleaf-weeds/chamberbitter","Chamberbitter | TruGreen","Chamberbitter | TruGreen","https://www.trugreen.com/lawn-care-101/learning-center/broadleaf-weeds/chamberbitter","1","https://www.trugreen.com/lawn-care-101/learning-center/broadleaf-weeds/chamberbitter","1","","200","https://www.trugreen.com/lawn-care-101/learning-center/broadleaf-weeds/chamberbitter","","","","0","0","","0","header|footer","jsonld:0;types:;invalid:0;missing:","0","0","41","8","https://www.trugreen.com/lawn-care-101 | https://www.trugreen.com/lawn-care-101/learning-center | https://www.trugreen.com/newsroom | https://www.trugreen.com/pay-your-bill | https://www.trugreen.com/pests-products-and-services | https://www.trugreen.com/pga-tour | https://www.trugreen.com/products-and-services | https://www.trugreen.com/why-choose-trugreen/testimonials-and-ratings","","missing-h1|missing-main|internal-links-missing-from-sitemap",""
"chromium","2026-08-31T14:31:41.742Z","prod-release-2-7-2026-08-28","450-800","","https://www.trugreen.com/lawn-care-101/learning-center/broadleaf-weeds/chicory","https://www.trugreen.com/lawn-care-101/learning-center/broadleaf-weeds/chicory","200","200:https://www.trugreen.com/lawn-care-101/learning-center/broadleaf-weeds/chicory","Chicory | TruGreen","Chicory | TruGreen","https://www.trugreen.com/lawn-care-101/learning-center/broadleaf-weeds/chicory","1","https://www.trugreen.com/lawn-care-101/learning-center/broadleaf-weeds/chicory","1","","200","https://www.trugreen.com/lawn-care-101/learning-center/broadleaf-weeds/chicory","","","","0","0","","0","header|footer","jsonld:0;types:;invalid:0;missing:","0","0","41","8","https://www.trugreen.com/lawn-care-101 | https://www.trugreen.com/lawn-care-101/learning-center | https://www.trugreen.com/newsroom | https://www.trugreen.com/pay-your-bill | https://www.trugreen.com/pests-products-and-services | https://www.trugreen.com/pga-tour | https://www.trugreen.com/products-and-services | https://www.trugreen.com/why-choose-trugreen/testimonials-and-ratings","","missing-h1|missing-main|internal-links-missing-from-sitemap",""
"chromium","2026-08-31T14:31:41.742Z","prod-release-2-7-2026-08-28","450-800","","https://www.trugreen.com/lawn-care-101/learning-center/broadleaf-weeds/cinquefoil","https://www.trugreen.com/lawn-care-101/learning-center/broadleaf-weeds/cinquefoil","200","200:https://www.trugreen.com/lawn-care-101/learning-center/broadleaf-weeds/cinquefoil","Cinquefoil | TruGreen","Cinquefoil | TruGreen","https://www.trugreen.com/lawn-care-101/learning-center/broadleaf-weeds/cinquefoil","1","https://www.trugreen.com/lawn-care-101/learning-center/broadleaf-weeds/cinquefoil","1","","200","https://www.trugreen.com/lawn-care-101/learning-center/broadleaf-weeds/cinquefoil","","","","0","0","","0","header|footer","jsonld:0;types:;invalid:0;missing:","0","0","41","8","https://www.trugreen.com/lawn-care-101 | https://www.trugreen.com/lawn-care-101/learning-center | https://www.trugreen.com/newsroom | https://www.trugreen.com/pay-your-bill | https://www.trugreen.com/pests-products-and-services | https://www.trugreen.com/pga-tour | https://www.trugreen.com/products-and-services | https://www.trugreen.com/why-choose-trugreen/testimonials-and-ratings","","missing-h1|missing-main|internal-links-missing-from-sitemap",""
"chromium","2026-08-31T14:31:41.742Z","prod-release-2-7-2026-08-28","450-800","","https://www.trugreen.com/lawn-care-101/learning-center/broadleaf-weeds/coat-buttons","https://www.trugreen.com/lawn-care-101/learning-center/broadleaf-weeds/coat-buttons","200","200:https://www.trugreen.com/lawn-care-101/learning-center/broadleaf-weeds/coat-buttons","Coat Buttons | TruGreen","Coat Buttons | TruGreen","https://www.trugreen.com/lawn-care-101/learning-center/broadleaf-weeds/coat-buttons","1","https://www.trugreen.com/lawn-care-101/learning-center/broadleaf-weeds/coat-buttons","1","","200","https://www.trugreen.com/lawn-care-101/learning-center/broadleaf-weeds/coat-buttons","","","","0","0","","0","header|footer","jsonld:0;types:;invalid:0;missing:","0","0","41","8","https://www.trugreen.com/lawn-care-101 | https://www.trugreen.com/lawn-care-101/learning-center | https://www.trugreen.com/newsroom | https://www.trugreen.com/pay-your-bill | https://www.trugreen.com/pests-products-and-services | https://www.trugreen.com/pga-tour | https://www.trugreen.com/products-and-services | https://www.trugreen.com/why-choose-trugreen/testimonials-and-ratings","","missing-h1|missing-main|internal-links-missing-from-sitemap",""
"chromium","2026-08-31T14:31:41.742Z","prod-release-2-7-2026-08-28","450-800","","https://www.trugreen.com/lawn-care-101/learning-center/broadleaf-weeds/common-chickweed","https://www.trugreen.com/lawn-care-101/learning-center/broadleaf-weeds/common-chickweed","200","200:https://www.trugreen.com/lawn-care-101/learning-center/broadleaf-weeds/common-chickweed","Common Chickweed | TruGreen","Common Chickweed | TruGreen","https://www.trugreen.com/lawn-care-101/learning-center/broadleaf-weeds/common-chickweed","1","https://www.trugreen.com/lawn-care-101/learning-center/broadleaf-weeds/common-chickweed","1","","200","https://www.trugreen.com/lawn-care-101/learning-center/broadleaf-weeds/common-chickweed","","","","0","0","","0","header|footer","jsonld:0;types:;invalid:0;missing:","0","0","41","8","https://www.trugreen.com/lawn-care-101 | https://www.trugreen.com/lawn-care-101/learning-center | https://www.trugreen.com/newsroom | https://www.trugreen.com/pay-your-bill | https://www.trugreen.com/pests-products-and-services | https://www.trugreen.com/pga-tour | https://www.trugreen.com/products-and-services | https://www.trugreen.com/why-choose-trugreen/testimonials-and-ratings","","missing-h1|missing-main|internal-links-missing-from-sitemap",""
"chromium","2026-08-31T14:31:41.742Z","prod-release-2-7-2026-08-28","450-800","","https://www.trugreen.com/lawn-care-101/learning-center/broadleaf-weeds/common-mallow","https://www.trugreen.com/lawn-care-101/learning-center/broadleaf-weeds/common-mallow","200","200:https://www.trugreen.com/lawn-care-101/learning-center/broadleaf-weeds/common-mallow","Common Mallow | TruGreen","Common Mallow | TruGreen","https://www.trugreen.com/lawn-care-101/learning-center/broadleaf-weeds/common-mallow","1","https://www.trugreen.com/lawn-care-101/learning-center/broadleaf-weeds/common-mallow","1","","200","https://www.trugreen.com/lawn-care-101/learning-center/broadleaf-weeds/common-mallow","","","","0","0","","0","header|footer","jsonld:0;types:;invalid:0;missing:","0","0","41","8","https://www.trugreen.com/lawn-care-101 | https://www.trugreen.com/lawn-care-101/learning-center | https://www.trugreen.com/newsroom | https://www.trugreen.com/pay-your-bill | https://www.trugreen.com/pests-products-and-services | https://www.trugreen.com/pga-tour | https://www.trugreen.com/products-and-services | https://www.trugreen.com/why-choose-trugreen/testimonials-and-ratings","","missing-h1|missing-main|internal-links-missing-from-sitemap",""
"chromium","2026-08-31T14:31:41.742Z","prod-release-2-7-2026-08-28","450-800","","https://www.trugreen.com/lawn-care-101/learning-center/broadleaf-weeds/common-ragweed","https://www.trugreen.com/lawn-care-101/learning-center/broadleaf-weeds/common-ragweed","200","200:https://www.trugreen.com/lawn-care-101/learning-center/broadleaf-weeds/common-ragweed","Common Ragweed | TruGreen","Common Ragweed | TruGreen","https://www.trugreen.com/lawn-care-101/learning-center/broadleaf-weeds/common-ragweed","1","https://www.trugreen.com/lawn-care-101/learning-center/broadleaf-weeds/common-ragweed","1","","200","https://www.trugreen.com/lawn-care-101/learning-center/broadleaf-weeds/common-ragweed","","","","0","1","Common Ragweed","0","header|footer","jsonld:0;types:;invalid:0;missing:","0","0","41","8","https://www.trugreen.com/lawn-care-101 | https://www.trugreen.com/lawn-care-101/learning-center | https://www.trugreen.com/newsroom | https://www.trugreen.com/pay-your-bill | https://www.trugreen.com/pests-products-and-services | https://www.trugreen.com/pga-tour | https://www.trugreen.com/products-and-services | https://www.trugreen.com/why-choose-trugreen/testimonials-and-ratings","","missing-main|internal-links-missing-from-sitemap",""
"chromium","2026-08-31T14:31:41.742Z","prod-release-2-7-2026-08-28","450-800","","https://www.trugreen.com/lawn-care-101/learning-center/broadleaf-weeds/corn-speedwell","https://www.trugreen.com/lawn-care-101/learning-center/broadleaf-weeds/corn-speedwell","200","200:https://www.trugreen.com/lawn-care-101/learning-center/broadleaf-weeds/corn-speedwell","Corn Speedwell | TruGreen","Corn Speedwell | TruGreen","https://www.trugreen.com/lawn-care-101/learning-center/broadleaf-weeds/corn-speedwell","1","https://www.trugreen.com/lawn-care-101/learning-center/broadleaf-weeds/corn-speedwell","1","","200","https://www.trugreen.com/lawn-care-101/learning-center/broadleaf-weeds/corn-speedwell","","","","0","1","Corn Speedwell","0","header|footer","jsonld:0;types:;invalid:0;missing:","0","0","41","8","https://www.trugreen.com/lawn-care-101 | https://www.trugreen.com/lawn-care-101/learning-center | https://www.trugreen.com/newsroom | https://www.trugreen.com/pay-your-bill | https://www.trugreen.com/pests-products-and-services | https://www.trugreen.com/pga-tour | https://www.trugreen.com/products-and-services | https://www.trugreen.com/why-choose-trugreen/testimonials-and-ratings","","missing-main|internal-links-missing-from-sitemap",""
"chromium","2026-08-31T14:31:41.742Z","prod-release-2-7-2026-08-28","450-800","","https://www.trugreen.com/lawn-care-101/learning-center/broadleaf-weeds/creeping-beggarweed","https://www.trugreen.com/lawn-care-101/learning-center/broadleaf-weeds/creeping-beggarweed","200","200:https://www.trugreen.com/lawn-care-101/learning-center/broadleaf-weeds/creeping-beggarweed","Creeping Beggarweed | TruGreen","Creeping Beggarweed | TruGreen","https://www.trugreen.com/lawn-care-101/learning-center/broadleaf-weeds/creeping-beggarweed","1","https://www.trugreen.com/lawn-care-101/learning-center/broadleaf-weeds/creeping-beggarweed","1","","200","https://www.trugreen.com/lawn-care-101/learning-center/broadleaf-weeds/creeping-beggarweed","","","","0","1","Creeping Beggarweed","0","header|footer","jsonld:0;types:;invalid:0;missing:","0","0","41","8","https://www.trugreen.com/lawn-care-101 | https://www.trugreen.com/lawn-care-101/learning-center | https://www.trugreen.com/newsroom | https://www.trugreen.com/pay-your-bill | https://www.trugreen.com/pests-products-and-services | https://www.trugreen.com/pga-tour | https://www.trugreen.com/products-and-services | https://www.trugreen.com/why-choose-trugreen/testimonials-and-ratings","","missing-main|internal-links-missing-from-sitemap",""
"chromium","2026-08-31T14:31:41.742Z","prod-release-2-7-2026-08-28","450-800","","https://www.trugreen.com/lawn-care-101/learning-center/broadleaf-weeds/creeping-indigo","https://www.trugreen.com/lawn-care-101/learning-center/broadleaf-weeds/creeping-indigo","200","200:https://www.trugreen.com/lawn-care-101/learning-center/broadleaf-weeds/creeping-indigo","Creeping Indigo | TruGreen","Creeping Indigo | TruGreen","https://www.trugreen.com/lawn-care-101/learning-center/broadleaf-weeds/creeping-indigo","1","https://www.trugreen.com/lawn-care-101/learning-center/broadleaf-weeds/creeping-indigo","1","","200","https://www.trugreen.com/lawn-care-101/learning-center/broadleaf-weeds/creeping-indigo","","","","0","1","Creeping Indigo","0","header|footer","jsonld:0;types:;invalid:0;missing:","0","0","41","8","https://www.trugreen.com/lawn-care-101 | https://www.trugreen.com/lawn-care-101/learning-center | https://www.trugreen.com/newsroom | https://www.trugreen.com/pay-your-bill | https://www.trugreen.com/pests-products-and-services | https://www.trugreen.com/pga-tour | https://www.trugreen.com/products-and-services | https://www.trugreen.com/why-choose-trugreen/testimonials-and-ratings","","missing-main|internal-links-missing-from-sitemap",""
"chromium","2026-08-31T14:31:41.742Z","prod-release-2-7-2026-08-28","450-800","","https://www.trugreen.com/lawn-care-101/learning-center/broadleaf-weeds/creeping-oxalis","https://www.trugreen.com/lawn-care-101/learning-center/broadleaf-weeds/creeping-oxalis","200","200:https://www.trugreen.com/lawn-care-101/learning-center/broadleaf-weeds/creeping-oxalis","Creeping Oxalis | TruGreen","Creeping Oxalis | TruGreen","https://www.trugreen.com/lawn-care-101/learning-center/broadleaf-weeds/creeping-oxalis","1","https://www.trugreen.com/lawn-care-101/learning-center/broadleaf-weeds/creeping-oxalis","1","","200","https://www.trugreen.com/lawn-care-101/learning-center/broadleaf-weeds/creeping-oxalis","","","","0","1","Creeping Oxalis","0","header|footer","jsonld:0;types:;invalid:0;missing:","0","0","41","8","https://www.trugreen.com/lawn-care-101 | https://www.trugreen.com/lawn-care-101/learning-center | https://www.trugreen.com/newsroom | https://www.trugreen.com/pay-your-bill | https://www.trugreen.com/pests-products-and-services | https://www.trugreen.com/pga-tour | https://www.trugreen.com/products-and-services | https://www.trugreen.com/why-choose-trugreen/testimonials-and-ratings","","missing-main|internal-links-missing-from-sitemap",""
"chromium","2026-08-31T14:31:41.742Z","prod-release-2-7-2026-08-28","450-800","","https://www.trugreen.com/lawn-care-101/learning-center/broadleaf-weeds/creeping-speedwell","https://www.trugreen.com/lawn-care-101/learning-center/broadleaf-weeds/creeping-speedwell","200","200:https://www.trugreen.com/lawn-care-101/learning-center/broadleaf-weeds/creeping-speedwell","Creeping Speedwell | TruGreen","Creeping Speedwell | TruGreen","https://www.trugreen.com/lawn-care-101/learning-center/broadleaf-weeds/creeping-speedwell","1","https://www.trugreen.com/lawn-care-101/learning-center/broadleaf-weeds/creeping-speedwell","1","","200","https://www.trugreen.com/lawn-care-101/learning-center/broadleaf-weeds/creeping-speedwell","","","","0","1","Creeping Speedwell","0","header|footer","jsonld:0;types:;invalid:0;missing:","0","0","41","8","https://www.trugreen.com/lawn-care-101 | https://www.trugreen.com/lawn-care-101/learning-center | https://www.trugreen.com/newsroom | https://www.trugreen.com/pay-your-bill | https://www.trugreen.com/pests-products-and-services | https://www.trugreen.com/pga-tour | https://www.trugreen.com/products-and-services | https://www.trugreen.com/why-choose-trugreen/testimonials-and-ratings","","missing-main|internal-links-missing-from-sitemap",""
"chromium","2026-08-31T14:31:41.742Z","prod-release-2-7-2026-08-28","450-800","","https://www.trugreen.com/lawn-care-101/learning-center/broadleaf-weeds/cupid%E2%80%99s-shaving-brush","https://www.trugreen.com/lawn-care-101/learning-center/broadleaf-weeds/cupid%E2%80%99s-shaving-brush","200","200:https://www.trugreen.com/lawn-care-101/learning-center/broadleaf-weeds/cupid%E2%80%99s-shaving-brush","Cupid’s Shaving Brush | TruGreen","Cupid’s Shaving Brush | TruGreen","https://www.trugreen.com/lawn-care-101/learning-center/broadleaf-weeds/cupid%E2%80%99s-shaving-brush","1","https://www.trugreen.com/lawn-care-101/learning-center/broadleaf-weeds/cupid%E2%80%99s-shaving-brush","1","","200","https://www.trugreen.com/lawn-care-101/learning-center/broadleaf-weeds/cupid%E2%80%99s-shaving-brush","","","","0","0","","0","header|footer","jsonld:0;types:;invalid:0;missing:","0","0","41","8","https://www.trugreen.com/lawn-care-101 | https://www.trugreen.com/lawn-care-101/learning-center | https://www.trugreen.com/newsroom | https://www.trugreen.com/pay-your-bill | https://www.trugreen.com/pests-products-and-services | https://www.trugreen.com/pga-tour | https://www.trugreen.com/products-and-services | https://www.trugreen.com/why-choose-trugreen/testimonials-and-ratings","","missing-h1|missing-main|internal-links-missing-from-sitemap",""
"chromium","2026-08-31T14:31:41.742Z","prod-release-2-7-2026-08-28","450-800","","https://www.trugreen.com/lawn-care-101/learning-center/broadleaf-weeds/curly-dock","https://www.trugreen.com/lawn-care-101/learning-center/broadleaf-weeds/curly-dock","200","200:https://www.trugreen.com/lawn-care-101/learning-center/broadleaf-weeds/curly-dock","Curly Dock | TruGreen","Curly Dock | TruGreen","https://www.trugreen.com/lawn-care-101/learning-center/broadleaf-weeds/curly-dock","1","https://www.trugreen.com/lawn-care-101/learning-center/broadleaf-weeds/curly-dock","1","","200","https://www.trugreen.com/lawn-care-101/learning-center/broadleaf-weeds/curly-dock","","","","0","1","Curly Dock","0","header|footer","jsonld:0;types:;invalid:0;missing:","0","0","41","8","https://www.trugreen.com/lawn-care-101 | https://www.trugreen.com/lawn-care-101/learning-center | https://www.trugreen.com/newsroom | https://www.trugreen.com/pay-your-bill | https://www.trugreen.com/pests-products-and-services | https://www.trugreen.com/pga-tour | https://www.trugreen.com/products-and-services | https://www.trugreen.com/why-choose-trugreen/testimonials-and-ratings","","missing-main|internal-links-missing-from-sitemap",""
"chromium","2026-08-31T14:31:41.742Z","prod-release-2-7-2026-08-28","450-800","","https://www.trugreen.com/lawn-care-101/learning-center/broadleaf-weeds/cutleaf-evening-primrose","https://www.trugreen.com/lawn-care-101/learning-center/broadleaf-weeds/cutleaf-evening-primrose","200","200:https://www.trugreen.com/lawn-care-101/learning-center/broadleaf-weeds/cutleaf-evening-primrose","Cutleaf Evening Primrose | TruGreen","Cutleaf Evening Primrose | TruGreen","https://www.trugreen.com/lawn-care-101/learning-center/broadleaf-weeds/cutleaf-evening-primrose","1","https://www.trugreen.com/lawn-care-101/learning-center/broadleaf-weeds/cutleaf-evening-primrose","1","","200","https://www.trugreen.com/lawn-care-101/learning-center/broadleaf-weeds/cutleaf-evening-primrose","","","","0","0","","0","header|footer","jsonld:0;types:;invalid:0;missing:","0","0","41","8","https://www.trugreen.com/lawn-care-101 | https://www.trugreen.com/lawn-care-101/learning-center | https://www.trugreen.com/newsroom | https://www.trugreen.com/pay-your-bill | https://www.trugreen.com/pests-products-and-services | https://www.trugreen.com/pga-tour | https://www.trugreen.com/products-and-services | https://www.trugreen.com/why-choose-trugreen/testimonials-and-ratings","","missing-h1|missing-main|internal-links-missing-from-sitemap",""
"chromium","2026-08-31T14:31:41.742Z","prod-release-2-7-2026-08-28","450-800","","https://www.trugreen.com/lawn-care-101/learning-center/broadleaf-weeds/dandelion","https://www.trugreen.com/lawn-care-101/learning-center/broadleaf-weeds/dandelion","200","200:https://www.trugreen.com/lawn-care-101/learning-center/broadleaf-weeds/dandelion","Dandelion | TruGreen","Dandelion | TruGreen","https://www.trugreen.com/lawn-care-101/learning-center/broadleaf-weeds/dandelion","1","https://www.trugreen.com/lawn-care-101/learning-center/broadleaf-weeds/dandelion","1","","200","https://www.trugreen.com/lawn-care-101/learning-center/broadleaf-weeds/dandelion","","","","0","1","Dandelion","0","header|footer","jsonld:0;types:;invalid:0;missing:","0","0","41","8","https://www.trugreen.com/lawn-care-101 | https://www.trugreen.com/lawn-care-101/learning-center | https://www.trugreen.com/newsroom | https://www.trugreen.com/pay-your-bill | https://www.trugreen.com/pests-products-and-services | https://www.trugreen.com/pga-tour | https://www.trugreen.com/products-and-services | https://www.trugreen.com/why-choose-trugreen/testimonials-and-ratings","","missing-main|internal-links-missing-from-sitemap",""
"chromium","2026-08-31T14:31:41.742Z","prod-release-2-7-2026-08-28","450-800","","https://www.trugreen.com/lawn-care-101/learning-center/broadleaf-weeds/dayflower","https://www.trugreen.com/lawn-care-101/learning-center/broadleaf-weeds/dayflower","200","200:https://www.trugreen.com/lawn-care-101/learning-center/broadleaf-weeds/dayflower","Dayflower | TruGreen","Dayflower | TruGreen","https://www.trugreen.com/lawn-care-101/learning-center/broadleaf-weeds/dayflower","1","https://www.trugreen.com/lawn-care-101/learning-center/broadleaf-weeds/dayflower","1","","200","https://www.trugreen.com/lawn-care-101/learning-center/broadleaf-weeds/dayflower","","","","0","1","Dayflower","0","header|footer","jsonld:0;types:;invalid:0;missing:","0","0","41","8","https://www.trugreen.com/lawn-care-101 | https://www.trugreen.com/lawn-care-101/learning-center | https://www.trugreen.com/newsroom | https://www.trugreen.com/pay-your-bill | https://www.trugreen.com/pests-products-and-services | https://www.trugreen.com/pga-tour | https://www.trugreen.com/products-and-services | https://www.trugreen.com/why-choose-trugreen/testimonials-and-ratings","","missing-main|internal-links-missing-from-sitemap",""
"chromium","2026-08-31T14:31:41.742Z","prod-release-2-7-2026-08-28","450-800","","https://www.trugreen.com/lawn-care-101/learning-center/broadleaf-weeds/dichondra","https://www.trugreen.com/lawn-care-101/learning-center/broadleaf-weeds/dichondra","200","200:https://www.trugreen.com/lawn-care-101/learning-center/broadleaf-weeds/dichondra","Dichondra | TruGreen","Dichondra | TruGreen","https://www.trugreen.com/lawn-care-101/learning-center/broadleaf-weeds/dichondra","1","https://www.trugreen.com/lawn-care-101/learning-center/broadleaf-weeds/dichondra","1","","200","https://www.trugreen.com/lawn-care-101/learning-center/broadleaf-weeds/dichondra","","","","0","1","Dichondra","0","header|footer","jsonld:0;types:;invalid:0;missing:","0","0","41","8","https://www.trugreen.com/lawn-care-101 | https://www.trugreen.com/lawn-care-101/learning-center | https://www.trugreen.com/newsroom | https://www.trugreen.com/pay-your-bill | https://www.trugreen.com/pests-products-and-services | https://www.trugreen.com/pga-tour | https://www.trugreen.com/products-and-services | https://www.trugreen.com/why-choose-trugreen/testimonials-and-ratings","","missing-main|internal-links-missing-from-sitemap",""
"chromium","2026-08-31T14:31:41.742Z","prod-release-2-7-2026-08-28","450-800","","https://www.trugreen.com/lawn-care-101/learning-center/broadleaf-weeds/dog-fennel","https://www.trugreen.com/lawn-care-101/learning-center/broadleaf-weeds/dog-fennel","200","200:https://www.trugreen.com/lawn-care-101/learning-center/broadleaf-weeds/dog-fennel","Dog Fennel | TruGreen","Dog Fennel | TruGreen","https://www.trugreen.com/lawn-care-101/learning-center/broadleaf-weeds/dog-fennel","1","https://www.trugreen.com/lawn-care-101/learning-center/broadleaf-weeds/dog-fennel","1","","200","https://www.trugreen.com/lawn-care-101/learning-center/broadleaf-weeds/dog-fennel","","","","0","1","Dog Fennel","0","header|footer","jsonld:0;types:;invalid:0;missing:","0","0","41","8","https://www.trugreen.com/lawn-care-101 | https://www.trugreen.com/lawn-care-101/learning-center | https://www.trugreen.com/newsroom | https://www.trugreen.com/pay-your-bill | https://www.trugreen.com/pests-products-and-services | https://www.trugreen.com/pga-tour | https://www.trugreen.com/products-and-services | https://www.trugreen.com/why-choose-trugreen/testimonials-and-ratings","","missing-main|internal-links-missing-from-sitemap",""
"chromium","2026-08-31T14:31:41.742Z","prod-release-2-7-2026-08-28","450-800","","https://www.trugreen.com/lawn-care-101/learning-center/broadleaf-weeds/dollarweed","https://www.trugreen.com/lawn-care-101/learning-center/broadleaf-weeds/dollarweed","200","200:https://www.trugreen.com/lawn-care-101/learning-center/broadleaf-weeds/dollarweed","Dollarweed | TruGreen","Dollarweed | TruGreen","https://www.trugreen.com/lawn-care-101/learning-center/broadleaf-weeds/dollarweed","1","https://www.trugreen.com/lawn-care-101/learning-center/broadleaf-weeds/dollarweed","1","","200","https://www.trugreen.com/lawn-care-101/learning-center/broadleaf-weeds/dollarweed","","","","0","1","Dollarweed","0","header|footer","jsonld:0;types:;invalid:0;missing:","0","0","41","8","https://www.trugreen.com/lawn-care-101 | https://www.trugreen.com/lawn-care-101/learning-center | https://www.trugreen.com/newsroom | https://www.trugreen.com/pay-your-bill | https://www.trugreen.com/pests-products-and-services | https://www.trugreen.com/pga-tour | https://www.trugreen.com/products-and-services | https://www.trugreen.com/why-choose-trugreen/testimonials-and-ratings","","missing-main|internal-links-missing-from-sitemap",""
"chromium","2026-08-31T14:31:41.742Z","prod-release-2-7-2026-08-28","450-800","","https://www.trugreen.com/lawn-care-101/learning-center/broadleaf-weeds/eclipta","https://www.trugreen.com/lawn-care-101/learning-center/broadleaf-weeds/eclipta","200","200:https://www.trugreen.com/lawn-care-101/learning-center/broadleaf-weeds/eclipta","Eclipta | TruGreen","Eclipta | TruGreen","https://www.trugreen.com/lawn-care-101/learning-center/broadleaf-weeds/eclipta","1","https://www.trugreen.com/lawn-care-101/learning-center/broadleaf-weeds/eclipta","1","","200","https://www.trugreen.com/lawn-care-101/learning-center/broadleaf-weeds/eclipta","","","","0","1","Eclipta","0","header|footer","jsonld:0;types:;invalid:0;missing:","0","0","41","8","https://www.trugreen.com/lawn-care-101 | https://www.trugreen.com/lawn-care-101/learning-center | https://www.trugreen.com/newsroom | https://www.trugreen.com/pay-your-bill | https://www.trugreen.com/pests-products-and-services | https://www.trugreen.com/pga-tour | https://www.trugreen.com/products-and-services | https://www.trugreen.com/why-choose-trugreen/testimonials-and-ratings","","missing-main|internal-links-missing-from-sitemap",""
"chromium","2026-08-31T14:31:41.742Z","prod-release-2-7-2026-08-28","450-800","","https://www.trugreen.com/lawn-care-101/learning-center/broadleaf-weeds/evening-primrose","https://www.trugreen.com/lawn-care-101/learning-center/broadleaf-weeds/evening-primrose","200","200:https://www.trugreen.com/lawn-care-101/learning-center/broadleaf-weeds/evening-primrose","Evening Primrose | TruGreen","Evening Primrose | TruGreen","https://www.trugreen.com/lawn-care-101/learning-center/broadleaf-weeds/evening-primrose","1","https://www.trugreen.com/lawn-care-101/learning-center/broadleaf-weeds/evening-primrose","1","","200","https://www.trugreen.com/lawn-care-101/learning-center/broadleaf-weeds/evening-primrose","","","","0","1","Evening Primrose","0","header|footer","jsonld:0;types:;invalid:0;missing:","0","0","41","8","https://www.trugreen.com/lawn-care-101 | https://www.trugreen.com/lawn-care-101/learning-center | https://www.trugreen.com/newsroom | https://www.trugreen.com/pay-your-bill | https://www.trugreen.com/pests-products-and-services | https://www.trugreen.com/pga-tour | https://www.trugreen.com/products-and-services | https://www.trugreen.com/why-choose-trugreen/testimonials-and-ratings","","missing-main|internal-links-missing-from-sitemap",""
"chromium","2026-08-31T14:31:41.742Z","prod-release-2-7-2026-08-28","450-800","","https://www.trugreen.com/lawn-care-101/learning-center/broadleaf-weeds/false-dandelion","https://www.trugreen.com/lawn-care-101/learning-center/broadleaf-weeds/false-dandelion","200","200:https://www.trugreen.com/lawn-care-101/learning-center/broadleaf-weeds/false-dandelion","False Dandelion | TruGreen","False Dandelion | TruGreen","https://www.trugreen.com/lawn-care-101/learning-center/broadleaf-weeds/false-dandelion","1","https://www.trugreen.com/lawn-care-101/learning-center/broadleaf-weeds/false-dandelion","1","","200","https://www.trugreen.com/lawn-care-101/learning-center/broadleaf-weeds/false-dandelion","","","","0","1","False Dandelion","0","header|footer","jsonld:0;types:;invalid:0;missing:","0","0","41","8","https://www.trugreen.com/lawn-care-101 | https://www.trugreen.com/lawn-care-101/learning-center | https://www.trugreen.com/newsroom | https://www.trugreen.com/pay-your-bill | https://www.trugreen.com/pests-products-and-services | https://www.trugreen.com/pga-tour | https://www.trugreen.com/products-and-services | https://www.trugreen.com/why-choose-trugreen/testimonials-and-ratings","","missing-main|internal-links-missing-from-sitemap",""
"chromium","2026-08-31T14:31:41.742Z","prod-release-2-7-2026-08-28","450-800","","https://www.trugreen.com/lawn-care-101/learning-center/broadleaf-weeds/field-bindweed","https://www.trugreen.com/lawn-care-101/learning-center/broadleaf-weeds/field-bindweed","200","200:https://www.trugreen.com/lawn-care-101/learning-center/broadleaf-weeds/field-bindweed","Field bindweed | TruGreen","Field bindweed | TruGreen","https://www.trugreen.com/lawn-care-101/learning-center/broadleaf-weeds/field-bindweed","1","https://www.trugreen.com/lawn-care-101/learning-center/broadleaf-weeds/field-bindweed","1","","200","https://www.trugreen.com/lawn-care-101/learning-center/broadleaf-weeds/field-bindweed","","","","0","0","","0","header|footer","jsonld:0;types:;invalid:0;missing:","0","0","41","8","https://www.trugreen.com/lawn-care-101 | https://www.trugreen.com/lawn-care-101/learning-center | https://www.trugreen.com/newsroom | https://www.trugreen.com/pay-your-bill | https://www.trugreen.com/pests-products-and-services | https://www.trugreen.com/pga-tour | https://www.trugreen.com/products-and-services | https://www.trugreen.com/why-choose-trugreen/testimonials-and-ratings","","missing-h1|missing-main|internal-links-missing-from-sitemap",""
"chromium","2026-08-31T14:31:41.742Z","prod-release-2-7-2026-08-28","450-800","","https://www.trugreen.com/lawn-care-101/learning-center/broadleaf-weeds/field-madder","https://www.trugreen.com/lawn-care-101/learning-center/broadleaf-weeds/field-madder","200","200:https://www.trugreen.com/lawn-care-101/learning-center/broadleaf-weeds/field-madder","Field Madder | TruGreen","Field Madder | TruGreen","https://www.trugreen.com/lawn-care-101/learning-center/broadleaf-weeds/field-madder","1","https://www.trugreen.com/lawn-care-101/learning-center/broadleaf-weeds/field-madder","1","","200","https://www.trugreen.com/lawn-care-101/learning-center/broadleaf-weeds/field-madder","","","","0","1","Field Madder","0","header|footer","jsonld:0;types:;invalid:0;missing:","0","0","41","8","https://www.trugreen.com/lawn-care-101 | https://www.trugreen.com/lawn-care-101/learning-center | https://www.trugreen.com/newsroom | https://www.trugreen.com/pay-your-bill | https://www.trugreen.com/pests-products-and-services | https://www.trugreen.com/pga-tour | https://www.trugreen.com/products-and-services | https://www.trugreen.com/why-choose-trugreen/testimonials-and-ratings","","missing-main|internal-links-missing-from-sitemap",""
"chromium","2026-08-31T14:31:41.742Z","prod-release-2-7-2026-08-28","450-800","","https://www.trugreen.com/lawn-care-101/learning-center/broadleaf-weeds/filaree","https://www.trugreen.com/lawn-care-101/learning-center/broadleaf-weeds/filaree","200","200:https://www.trugreen.com/lawn-care-101/learning-center/broadleaf-weeds/filaree","Filaree | TruGreen","Filaree | TruGreen","https://www.trugreen.com/lawn-care-101/learning-center/broadleaf-weeds/filaree","1","https://www.trugreen.com/lawn-care-101/learning-center/broadleaf-weeds/filaree","1","","200","https://www.trugreen.com/lawn-care-101/learning-center/broadleaf-weeds/filaree","","","","0","1","Filaree","0","header|footer","jsonld:0;types:;invalid:0;missing:","0","0","41","8","https://www.trugreen.com/lawn-care-101 | https://www.trugreen.com/lawn-care-101/learning-center | https://www.trugreen.com/newsroom | https://www.trugreen.com/pay-your-bill | https://www.trugreen.com/pests-products-and-services | https://www.trugreen.com/pga-tour | https://www.trugreen.com/products-and-services | https://www.trugreen.com/why-choose-trugreen/testimonials-and-ratings","","missing-main|internal-links-missing-from-sitemap",""
"chromium","2026-08-31T14:31:41.742Z","prod-release-2-7-2026-08-28","450-800","","https://www.trugreen.com/lawn-care-101/learning-center/broadleaf-weeds/fireweed","https://www.trugreen.com/lawn-care-101/learning-center/broadleaf-weeds/fireweed","200","200:https://www.trugreen.com/lawn-care-101/learning-center/broadleaf-weeds/fireweed","Fireweed | TruGreen","Fireweed | TruGreen","https://www.trugreen.com/lawn-care-101/learning-center/broadleaf-weeds/fireweed","1","https://www.trugreen.com/lawn-care-101/learning-center/broadleaf-weeds/fireweed","1","","200","https://www.trugreen.com/lawn-care-101/learning-center/broadleaf-weeds/fireweed","","","","0","1","Fireweed","0","header|footer","jsonld:0;types:;invalid:0;missing:","0","0","41","8","https://www.trugreen.com/lawn-care-101 | https://www.trugreen.com/lawn-care-101/learning-center | https://www.trugreen.com/newsroom | https://www.trugreen.com/pay-your-bill | https://www.trugreen.com/pests-products-and-services | https://www.trugreen.com/pga-tour | https://www.trugreen.com/products-and-services | https://www.trugreen.com/why-choose-trugreen/testimonials-and-ratings","","missing-main|internal-links-missing-from-sitemap",""
"chromium","2026-08-31T14:31:41.742Z","prod-release-2-7-2026-08-28","450-800","","https://www.trugreen.com/lawn-care-101/learning-center/broadleaf-weeds/florida-betony","https://www.trugreen.com/lawn-care-101/learning-center/broadleaf-weeds/florida-betony","200","200:https://www.trugreen.com/lawn-care-101/learning-center/broadleaf-weeds/florida-betony","Florida Betony | TruGreen","Florida Betony | TruGreen","https://www.trugreen.com/lawn-care-101/learning-center/broadleaf-weeds/florida-betony","1","https://www.trugreen.com/lawn-care-101/learning-center/broadleaf-weeds/florida-betony","1","","200","https://www.trugreen.com/lawn-care-101/learning-center/broadleaf-weeds/florida-betony","","","","0","1","Florida Betony","0","header|footer","jsonld:0;types:;invalid:0;missing:","0","0","41","8","https://www.trugreen.com/lawn-care-101 | https://www.trugreen.com/lawn-care-101/learning-center | https://www.trugreen.com/newsroom | https://www.trugreen.com/pay-your-bill | https://www.trugreen.com/pests-products-and-services | https://www.trugreen.com/pga-tour | https://www.trugreen.com/products-and-services | https://www.trugreen.com/why-choose-trugreen/testimonials-and-ratings","","missing-main|internal-links-missing-from-sitemap",""
"chromium","2026-08-31T14:31:41.742Z","prod-release-2-7-2026-08-28","450-800","","https://www.trugreen.com/lawn-care-101/learning-center/broadleaf-weeds/florida-pellitory","https://www.trugreen.com/lawn-care-101/learning-center/broadleaf-weeds/florida-pellitory","200","200:https://www.trugreen.com/lawn-care-101/learning-center/broadleaf-weeds/florida-pellitory","Florida Pellitory | TruGreen","Florida Pellitory | TruGreen","https://www.trugreen.com/lawn-care-101/learning-center/broadleaf-weeds/florida-pellitory","1","https://www.trugreen.com/lawn-care-101/learning-center/broadleaf-weeds/florida-pellitory","1","","200","https://www.trugreen.com/lawn-care-101/learning-center/broadleaf-weeds/florida-pellitory","","","","0","1","Florida Pellitory","0","header|footer","jsonld:0;types:;invalid:0;missing:","0","0","41","8","https://www.trugreen.com/lawn-care-101 | https://www.trugreen.com/lawn-care-101/learning-center | https://www.trugreen.com/newsroom | https://www.trugreen.com/pay-your-bill | https://www.trugreen.com/pests-products-and-services | https://www.trugreen.com/pga-tour | https://www.trugreen.com/products-and-services | https://www.trugreen.com/why-choose-trugreen/testimonials-and-ratings","","missing-main|internal-links-missing-from-sitemap",""
"chromium","2026-08-31T14:31:41.742Z","prod-release-2-7-2026-08-28","450-800","","https://www.trugreen.com/lawn-care-101/learning-center/broadleaf-weeds/florida-pusley","https://www.trugreen.com/lawn-care-101/learning-center/broadleaf-weeds/florida-pusley","200","200:https://www.trugreen.com/lawn-care-101/learning-center/broadleaf-weeds/florida-pusley","Florida Pusley | TruGreen","Florida Pusley | TruGreen","https://www.trugreen.com/lawn-care-101/learning-center/broadleaf-weeds/florida-pusley","1","https://www.trugreen.com/lawn-care-101/learning-center/broadleaf-weeds/florida-pusley","1","","200","https://www.trugreen.com/lawn-care-101/learning-center/broadleaf-weeds/florida-pusley","","","","0","1","Florida Pusley","0","header|footer","jsonld:0;types:;invalid:0;missing:","0","0","41","8","https://www.trugreen.com/lawn-care-101 | https://www.trugreen.com/lawn-care-101/learning-center | https://www.trugreen.com/newsroom | https://www.trugreen.com/pay-your-bill | https://www.trugreen.com/pests-products-and-services | https://www.trugreen.com/pga-tour | https://www.trugreen.com/products-and-services | https://www.trugreen.com/why-choose-trugreen/testimonials-and-ratings","","missing-main|internal-links-missing-from-sitemap",""
"chromium","2026-08-31T14:31:41.742Z","prod-release-2-7-2026-08-28","450-800","","https://www.trugreen.com/lawn-care-101/learning-center/broadleaf-weeds/garden-spurge","https://www.trugreen.com/lawn-care-101/learning-center/broadleaf-weeds/garden-spurge","200","200:https://www.trugreen.com/lawn-care-101/learning-center/broadleaf-weeds/garden-spurge","Garden Spurge | TruGreen","Garden Spurge | TruGreen","https://www.trugreen.com/lawn-care-101/learning-center/broadleaf-weeds/garden-spurge","1","https://www.trugreen.com/lawn-care-101/learning-center/broadleaf-weeds/garden-spurge","1","","200","https://www.trugreen.com/lawn-care-101/learning-center/broadleaf-weeds/garden-spurge","","","","0","1","Garden Spurge","0","header|footer","jsonld:0;types:;invalid:0;missing:","0","0","41","8","https://www.trugreen.com/lawn-care-101 | https://www.trugreen.com/lawn-care-101/learning-center | https://www.trugreen.com/newsroom | https://www.trugreen.com/pay-your-bill | https://www.trugreen.com/pests-products-and-services | https://www.trugreen.com/pga-tour | https://www.trugreen.com/products-and-services | https://www.trugreen.com/why-choose-trugreen/testimonials-and-ratings","","missing-main|internal-links-missing-from-sitemap",""
"chromium","2026-08-31T14:31:41.742Z","prod-release-2-7-2026-08-28","450-800","","https://www.trugreen.com/lawn-care-101/learning-center/broadleaf-weeds/ground-ivy","https://www.trugreen.com/lawn-care-101/learning-center/broadleaf-weeds/ground-ivy","200","200:https://www.trugreen.com/lawn-care-101/learning-center/broadleaf-weeds/ground-ivy","Ground Ivy | TruGreen","Ground Ivy | TruGreen","https://www.trugreen.com/lawn-care-101/learning-center/broadleaf-weeds/ground-ivy","1","https://www.trugreen.com/lawn-care-101/learning-center/broadleaf-weeds/ground-ivy","1","","200","https://www.trugreen.com/lawn-care-101/learning-center/broadleaf-weeds/ground-ivy","","","","0","0","","0","header|footer","jsonld:0;types:;invalid:0;missing:","0","0","41","8","https://www.trugreen.com/lawn-care-101 | https://www.trugreen.com/lawn-care-101/learning-center | https://www.trugreen.com/newsroom | https://www.trugreen.com/pay-your-bill | https://www.trugreen.com/pests-products-and-services | https://www.trugreen.com/pga-tour | https://www.trugreen.com/products-and-services | https://www.trugreen.com/why-choose-trugreen/testimonials-and-ratings","","missing-h1|missing-main|internal-links-missing-from-sitemap",""
"chromium","2026-08-31T14:31:41.742Z","prod-release-2-7-2026-08-28","450-800","","https://www.trugreen.com/lawn-care-101/learning-center/broadleaf-weeds/groundsel","https://www.trugreen.com/lawn-care-101/learning-center/broadleaf-weeds/groundsel","200","200:https://www.trugreen.com/lawn-care-101/learning-center/broadleaf-weeds/groundsel","Groundsel | TruGreen","Groundsel | TruGreen","https://www.trugreen.com/lawn-care-101/learning-center/broadleaf-weeds/groundsel","1","https://www.trugreen.com/lawn-care-101/learning-center/broadleaf-weeds/groundsel","1","","200","https://www.trugreen.com/lawn-care-101/learning-center/broadleaf-weeds/groundsel","","","","0","1","Groundsel","0","header|footer","jsonld:0;types:;invalid:0;missing:","0","0","41","8","https://www.trugreen.com/lawn-care-101 | https://www.trugreen.com/lawn-care-101/learning-center | https://www.trugreen.com/newsroom | https://www.trugreen.com/pay-your-bill | https://www.trugreen.com/pests-products-and-services | https://www.trugreen.com/pga-tour | https://www.trugreen.com/products-and-services | https://www.trugreen.com/why-choose-trugreen/testimonials-and-ratings","","missing-main|internal-links-missing-from-sitemap",""
"chromium","2026-08-31T14:31:41.742Z","prod-release-2-7-2026-08-28","450-800","","https://www.trugreen.com/lawn-care-101/learning-center/broadleaf-weeds/hairy-beggarticks","https://www.trugreen.com/lawn-care-101/learning-center/broadleaf-weeds/hairy-beggarticks","200","200:https://www.trugreen.com/lawn-care-101/learning-center/broadleaf-weeds/hairy-beggarticks","Hairy Beggarticks | TruGreen","Hairy Beggarticks | TruGreen","https://www.trugreen.com/lawn-care-101/learning-center/broadleaf-weeds/hairy-beggarticks","1","https://www.trugreen.com/lawn-care-101/learning-center/broadleaf-weeds/hairy-beggarticks","1","","200","https://www.trugreen.com/lawn-care-101/learning-center/broadleaf-weeds/hairy-beggarticks","","","","0","0","","0","header|footer","jsonld:0;types:;invalid:0;missing:","0","0","41","8","https://www.trugreen.com/lawn-care-101 | https://www.trugreen.com/lawn-care-101/learning-center | https://www.trugreen.com/newsroom | https://www.trugreen.com/pay-your-bill | https://www.trugreen.com/pests-products-and-services | https://www.trugreen.com/pga-tour | https://www.trugreen.com/products-and-services | https://www.trugreen.com/why-choose-trugreen/testimonials-and-ratings","","missing-h1|missing-main|internal-links-missing-from-sitemap",""
"chromium","2026-08-31T14:31:41.742Z","prod-release-2-7-2026-08-28","450-800","","https://www.trugreen.com/lawn-care-101/learning-center/broadleaf-weeds/hairy-bittercress","https://www.trugreen.com/lawn-care-101/learning-center/broadleaf-weeds/hairy-bittercress","200","200:https://www.trugreen.com/lawn-care-101/learning-center/broadleaf-weeds/hairy-bittercress","Hairy Bittercress | TruGreen","Hairy Bittercress | TruGreen","https://www.trugreen.com/lawn-care-101/learning-center/broadleaf-weeds/hairy-bittercress","1","https://www.trugreen.com/lawn-care-101/learning-center/broadleaf-weeds/hairy-bittercress","1","","200","https://www.trugreen.com/lawn-care-101/learning-center/broadleaf-weeds/hairy-bittercress","","","","0","1","Hairy Bittercress","0","header|footer","jsonld:0;types:;invalid:0;missing:","0","0","41","8","https://www.trugreen.com/lawn-care-101 | https://www.trugreen.com/lawn-care-101/learning-center | https://www.trugreen.com/newsroom | https://www.trugreen.com/pay-your-bill | https://www.trugreen.com/pests-products-and-services | https://www.trugreen.com/pga-tour | https://www.trugreen.com/products-and-services | https://www.trugreen.com/why-choose-trugreen/testimonials-and-ratings","","missing-main|internal-links-missing-from-sitemap",""
"chromium","2026-08-31T14:31:41.742Z","prod-release-2-7-2026-08-28","450-800","","https://www.trugreen.com/lawn-care-101/learning-center/broadleaf-weeds/heal-all","https://www.trugreen.com/lawn-care-101/learning-center/broadleaf-weeds/heal-all","200","200:https://www.trugreen.com/lawn-care-101/learning-center/broadleaf-weeds/heal-all","Heal-all | TruGreen","Heal-all | TruGreen","https://www.trugreen.com/lawn-care-101/learning-center/broadleaf-weeds/heal-all","1","https://www.trugreen.com/lawn-care-101/learning-center/broadleaf-weeds/heal-all","1","","200","https://www.trugreen.com/lawn-care-101/learning-center/broadleaf-weeds/heal-all","","","","0","0","","0","header|footer","jsonld:0;types:;invalid:0;missing:","0","0","41","8","https://www.trugreen.com/lawn-care-101 | https://www.trugreen.com/lawn-care-101/learning-center | https://www.trugreen.com/newsroom | https://www.trugreen.com/pay-your-bill | https://www.trugreen.com/pests-products-and-services | https://www.trugreen.com/pga-tour | https://www.trugreen.com/products-and-services | https://www.trugreen.com/why-choose-trugreen/testimonials-and-ratings","","missing-h1|missing-main|internal-links-missing-from-sitemap",""
"chromium","2026-08-31T14:31:41.742Z","prod-release-2-7-2026-08-28","450-800","","https://www.trugreen.com/lawn-care-101/learning-center/broadleaf-weeds/henbit","https://www.trugreen.com/lawn-care-101/learning-center/broadleaf-weeds/henbit","200","200:https://www.trugreen.com/lawn-care-101/learning-center/broadleaf-weeds/henbit","Henbit | TruGreen","Henbit | TruGreen","https://www.trugreen.com/lawn-care-101/learning-center/broadleaf-weeds/henbit","1","https://www.trugreen.com/lawn-care-101/learning-center/broadleaf-weeds/henbit","1","","200","https://www.trugreen.com/lawn-care-101/learning-center/broadleaf-weeds/henbit","","","","0","1","Henbit","0","header|footer","jsonld:0;types:;invalid:0;missing:","0","0","41","8","https://www.trugreen.com/lawn-care-101 | https://www.trugreen.com/lawn-care-101/learning-center | https://www.trugreen.com/newsroom | https://www.trugreen.com/pay-your-bill | https://www.trugreen.com/pests-products-and-services | https://www.trugreen.com/pga-tour | https://www.trugreen.com/products-and-services | https://www.trugreen.com/why-choose-trugreen/testimonials-and-ratings","","missing-main|internal-links-missing-from-sitemap",""
"chromium","2026-08-31T14:31:41.742Z","prod-release-2-7-2026-08-28","450-800","","https://www.trugreen.com/lawn-care-101/learning-center/broadleaf-weeds/horseweed","https://www.trugreen.com/lawn-care-101/learning-center/broadleaf-weeds/horseweed","200","200:https://www.trugreen.com/lawn-care-101/learning-center/broadleaf-weeds/horseweed","Horseweed | TruGreen","Horseweed | TruGreen","https://www.trugreen.com/lawn-care-101/learning-center/broadleaf-weeds/horseweed","1","https://www.trugreen.com/lawn-care-101/learning-center/broadleaf-weeds/horseweed","1","","200","https://www.trugreen.com/lawn-care-101/learning-center/broadleaf-weeds/horseweed","","","","0","1","Horseweed","0","header|footer","jsonld:0;types:;invalid:0;missing:","0","0","41","8","https://www.trugreen.com/lawn-care-101 | https://www.trugreen.com/lawn-care-101/learning-center | https://www.trugreen.com/newsroom | https://www.trugreen.com/pay-your-bill | https://www.trugreen.com/pests-products-and-services | https://www.trugreen.com/pga-tour | https://www.trugreen.com/products-and-services | https://www.trugreen.com/why-choose-trugreen/testimonials-and-ratings","","missing-main|internal-links-missing-from-sitemap",""
"chromium","2026-08-31T14:31:41.742Z","prod-release-2-7-2026-08-28","450-800","","https://www.trugreen.com/lawn-care-101/learning-center/broadleaf-weeds/hyssop-spurge","https://www.trugreen.com/lawn-care-101/learning-center/broadleaf-weeds/hyssop-spurge","200","200:https://www.trugreen.com/lawn-care-101/learning-center/broadleaf-weeds/hyssop-spurge","Hyssop Spurge | TruGreen","Hyssop Spurge | TruGreen","https://www.trugreen.com/lawn-care-101/learning-center/broadleaf-weeds/hyssop-spurge","1","https://www.trugreen.com/lawn-care-101/learning-center/broadleaf-weeds/hyssop-spurge","1","","200","https://www.trugreen.com/lawn-care-101/learning-center/broadleaf-weeds/hyssop-spurge","","","","0","0","","0","header|footer","jsonld:0;types:;invalid:0;missing:","0","0","41","8","https://www.trugreen.com/lawn-care-101 | https://www.trugreen.com/lawn-care-101/learning-center | https://www.trugreen.com/newsroom | https://www.trugreen.com/pay-your-bill | https://www.trugreen.com/pests-products-and-services | https://www.trugreen.com/pga-tour | https://www.trugreen.com/products-and-services | https://www.trugreen.com/why-choose-trugreen/testimonials-and-ratings","","missing-h1|missing-main|internal-links-missing-from-sitemap",""
"chromium","2026-08-31T14:31:41.742Z","prod-release-2-7-2026-08-28","450-800","","https://www.trugreen.com/lawn-care-101/learning-center/broadleaf-weeds/knawel","https://www.trugreen.com/lawn-care-101/learning-center/broadleaf-weeds/knawel","200","200:https://www.trugreen.com/lawn-care-101/learning-center/broadleaf-weeds/knawel","Knawel | TruGreen","Knawel | TruGreen","https://www.trugreen.com/lawn-care-101/learning-center/broadleaf-weeds/knawel","1","https://www.trugreen.com/lawn-care-101/learning-center/broadleaf-weeds/knawel","1","","200","https://www.trugreen.com/lawn-care-101/learning-center/broadleaf-weeds/knawel","","","","0","0","","0","header|footer","jsonld:0;types:;invalid:0;missing:","0","0","41","8","https://www.trugreen.com/lawn-care-101 | https://www.trugreen.com/lawn-care-101/learning-center | https://www.trugreen.com/newsroom | https://www.trugreen.com/pay-your-bill | https://www.trugreen.com/pests-products-and-services | https://www.trugreen.com/pga-tour | https://www.trugreen.com/products-and-services | https://www.trugreen.com/why-choose-trugreen/testimonials-and-ratings","","missing-h1|missing-main|internal-links-missing-from-sitemap",""
"chromium","2026-08-31T14:31:41.742Z","prod-release-2-7-2026-08-28","450-800","","https://www.trugreen.com/lawn-care-101/learning-center/broadleaf-weeds/knotweed","https://www.trugreen.com/lawn-care-101/learning-center/broadleaf-weeds/knotweed","200","200:https://www.trugreen.com/lawn-care-101/learning-center/broadleaf-weeds/knotweed","Knotweed | TruGreen","Knotweed | TruGreen","https://www.trugreen.com/lawn-care-101/learning-center/broadleaf-weeds/knotweed","1","https://www.trugreen.com/lawn-care-101/learning-center/broadleaf-weeds/knotweed","1","","200","https://www.trugreen.com/lawn-care-101/learning-center/broadleaf-weeds/knotweed","","","","0","1","Knotweed","0","header|footer","jsonld:0;types:;invalid:0;missing:","0","0","41","8","https://www.trugreen.com/lawn-care-101 | https://www.trugreen.com/lawn-care-101/learning-center | https://www.trugreen.com/newsroom | https://www.trugreen.com/pay-your-bill | https://www.trugreen.com/pests-products-and-services | https://www.trugreen.com/pga-tour | https://www.trugreen.com/products-and-services | https://www.trugreen.com/why-choose-trugreen/testimonials-and-ratings","","missing-main|internal-links-missing-from-sitemap",""
"chromium","2026-08-31T14:31:41.742Z","prod-release-2-7-2026-08-28","450-800","","https://www.trugreen.com/lawn-care-101/learning-center/broadleaf-weeds/lambsquarters","https://www.trugreen.com/lawn-care-101/learning-center/broadleaf-weeds/lambsquarters","200","200:https://www.trugreen.com/lawn-care-101/learning-center/broadleaf-weeds/lambsquarters","Lambsquarters | TruGreen","Lambsquarters | TruGreen","https://www.trugreen.com/lawn-care-101/learning-center/broadleaf-weeds/lambsquarters","1","https://www.trugreen.com/lawn-care-101/learning-center/broadleaf-weeds/lambsquarters","1","","200","https://www.trugreen.com/lawn-care-101/learning-center/broadleaf-weeds/lambsquarters","","","","0","0","","0","header|footer","jsonld:0;types:;invalid:0;missing:","0","0","41","8","https://www.trugreen.com/lawn-care-101 | https://www.trugreen.com/lawn-care-101/learning-center | https://www.trugreen.com/newsroom | https://www.trugreen.com/pay-your-bill | https://www.trugreen.com/pests-products-and-services | https://www.trugreen.com/pga-tour | https://www.trugreen.com/products-and-services | https://www.trugreen.com/why-choose-trugreen/testimonials-and-ratings","","missing-h1|missing-main|internal-links-missing-from-sitemap",""
"chromium","2026-08-31T14:31:41.742Z","prod-release-2-7-2026-08-28","450-800","","https://www.trugreen.com/lawn-care-101/learning-center/broadleaf-weeds/large-hop-clover","https://www.trugreen.com/lawn-care-101/learning-center/broadleaf-weeds/large-hop-clover","200","200:https://www.trugreen.com/lawn-care-101/learning-center/broadleaf-weeds/large-hop-clover","Large Hop Clover | TruGreen","Large Hop Clover | TruGreen","https://www.trugreen.com/lawn-care-101/learning-center/broadleaf-weeds/large-hop-clover","1","https://www.trugreen.com/lawn-care-101/learning-center/broadleaf-weeds/large-hop-clover","1","","200","https://www.trugreen.com/lawn-care-101/learning-center/broadleaf-weeds/large-hop-clover","","","","0","1","Large Hop Clover","0","header|footer","jsonld:0;types:;invalid:0;missing:","0","0","41","8","https://www.trugreen.com/lawn-care-101 | https://www.trugreen.com/lawn-care-101/learning-center | https://www.trugreen.com/newsroom | https://www.trugreen.com/pay-your-bill | https://www.trugreen.com/pests-products-and-services | https://www.trugreen.com/pga-tour | https://www.trugreen.com/products-and-services | https://www.trugreen.com/why-choose-trugreen/testimonials-and-ratings","","missing-main|internal-links-missing-from-sitemap",""
"chromium","2026-08-31T14:31:41.742Z","prod-release-2-7-2026-08-28","450-800","","https://www.trugreen.com/lawn-care-101/learning-center/broadleaf-weeds/largeflower-pusley","https://www.trugreen.com/lawn-care-101/learning-center/broadleaf-weeds/largeflower-pusley","200","200:https://www.trugreen.com/lawn-care-101/learning-center/broadleaf-weeds/largeflower-pusley","Largeflower Pusley | TruGreen","Largeflower Pusley | TruGreen","https://www.trugreen.com/lawn-care-101/learning-center/broadleaf-weeds/largeflower-pusley","1","https://www.trugreen.com/lawn-care-101/learning-center/broadleaf-weeds/largeflower-pusley","1","","200","https://www.trugreen.com/lawn-care-101/learning-center/broadleaf-weeds/largeflower-pusley","","","","0","1","Largeflower Pusley","0","header|footer","jsonld:0;types:;invalid:0;missing:","0","0","41","8","https://www.trugreen.com/lawn-care-101 | https://www.trugreen.com/lawn-care-101/learning-center | https://www.trugreen.com/newsroom | https://www.trugreen.com/pay-your-bill | https://www.trugreen.com/pests-products-and-services | https://www.trugreen.com/pga-tour | https://www.trugreen.com/products-and-services | https://www.trugreen.com/why-choose-trugreen/testimonials-and-ratings","","missing-main|internal-links-missing-from-sitemap",""
"chromium","2026-08-31T14:31:41.742Z","prod-release-2-7-2026-08-28","450-800","","https://www.trugreen.com/lawn-care-101/learning-center/broadleaf-weeds/lawn-burweed","https://www.trugreen.com/lawn-care-101/learning-center/broadleaf-weeds/lawn-burweed","200","200:https://www.trugreen.com/lawn-care-101/learning-center/broadleaf-weeds/lawn-burweed","Lawn Burweed | TruGreen","Lawn Burweed | TruGreen","https://www.trugreen.com/lawn-care-101/learning-center/broadleaf-weeds/lawn-burweed","1","https://www.trugreen.com/lawn-care-101/learning-center/broadleaf-weeds/lawn-burweed","1","","200","https://www.trugreen.com/lawn-care-101/learning-center/broadleaf-weeds/lawn-burweed","","","","0","0","","0","header|footer","jsonld:0;types:;invalid:0;missing:","0","0","41","8","https://www.trugreen.com/lawn-care-101 | https://www.trugreen.com/lawn-care-101/learning-center | https://www.trugreen.com/newsroom | https://www.trugreen.com/pay-your-bill | https://www.trugreen.com/pests-products-and-services | https://www.trugreen.com/pga-tour | https://www.trugreen.com/products-and-services | https://www.trugreen.com/why-choose-trugreen/testimonials-and-ratings","","missing-h1|missing-main|internal-links-missing-from-sitemap",""
"chromium","2026-08-31T14:31:41.742Z","prod-release-2-7-2026-08-28","450-800","","https://www.trugreen.com/lawn-care-101/learning-center/broadleaf-weeds/lespedeza","https://www.trugreen.com/lawn-care-101/learning-center/broadleaf-weeds/lespedeza","200","200:https://www.trugreen.com/lawn-care-101/learning-center/broadleaf-weeds/lespedeza","Lespedeza | TruGreen","Lespedeza | TruGreen","https://www.trugreen.com/lawn-care-101/learning-center/broadleaf-weeds/lespedeza","1","https://www.trugreen.com/lawn-care-101/learning-center/broadleaf-weeds/lespedeza","1","","200","https://www.trugreen.com/lawn-care-101/learning-center/broadleaf-weeds/lespedeza","","","","0","0","","0","header|footer","jsonld:0;types:;invalid:0;missing:","0","0","41","8","https://www.trugreen.com/lawn-care-101 | https://www.trugreen.com/lawn-care-101/learning-center | https://www.trugreen.com/newsroom | https://www.trugreen.com/pay-your-bill | https://www.trugreen.com/pests-products-and-services | https://www.trugreen.com/pga-tour | https://www.trugreen.com/products-and-services | https://www.trugreen.com/why-choose-trugreen/testimonials-and-ratings","","missing-h1|missing-main|internal-links-missing-from-sitemap",""
"chromium","2026-08-31T14:31:41.742Z","prod-release-2-7-2026-08-28","450-800","","https://www.trugreen.com/lawn-care-101/learning-center/broadleaf-weeds/marsh-parsley","https://www.trugreen.com/lawn-care-101/learning-center/broadleaf-weeds/marsh-parsley","200","200:https://www.trugreen.com/lawn-care-101/learning-center/broadleaf-weeds/marsh-parsley","Marsh Parsley | TruGreen","Marsh Parsley | TruGreen","https://www.trugreen.com/lawn-care-101/learning-center/broadleaf-weeds/marsh-parsley","1","https://www.trugreen.com/lawn-care-101/learning-center/broadleaf-weeds/marsh-parsley","1","","200","https://www.trugreen.com/lawn-care-101/learning-center/broadleaf-weeds/marsh-parsley","","","","0","0","","0","header|footer","jsonld:0;types:;invalid:0;missing:","0","0","41","8","https://www.trugreen.com/lawn-care-101 | https://www.trugreen.com/lawn-care-101/learning-center | https://www.trugreen.com/newsroom | https://www.trugreen.com/pay-your-bill | https://www.trugreen.com/pests-products-and-services | https://www.trugreen.com/pga-tour | https://www.trugreen.com/products-and-services | https://www.trugreen.com/why-choose-trugreen/testimonials-and-ratings","","missing-h1|missing-main|internal-links-missing-from-sitemap",""
"chromium","2026-08-31T14:31:41.742Z","prod-release-2-7-2026-08-28","450-800","","https://www.trugreen.com/lawn-care-101/learning-center/broadleaf-weeds/matchweed","https://www.trugreen.com/lawn-care-101/learning-center/broadleaf-weeds/matchweed","200","200:https://www.trugreen.com/lawn-care-101/learning-center/broadleaf-weeds/matchweed","Matchweed | TruGreen","Matchweed | TruGreen","https://www.trugreen.com/lawn-care-101/learning-center/broadleaf-weeds/matchweed","1","https://www.trugreen.com/lawn-care-101/learning-center/broadleaf-weeds/matchweed","1","","200","https://www.trugreen.com/lawn-care-101/learning-center/broadleaf-weeds/matchweed","","","","0","0","","0","header|footer","jsonld:0;types:;invalid:0;missing:","0","0","41","8","https://www.trugreen.com/lawn-care-101 | https://www.trugreen.com/lawn-care-101/learning-center | https://www.trugreen.com/newsroom | https://www.trugreen.com/pay-your-bill | https://www.trugreen.com/pests-products-and-services | https://www.trugreen.com/pga-tour | https://www.trugreen.com/products-and-services | https://www.trugreen.com/why-choose-trugreen/testimonials-and-ratings","","missing-h1|missing-main|internal-links-missing-from-sitemap",""
"chromium","2026-08-31T14:31:41.742Z","prod-release-2-7-2026-08-28","450-800","","https://www.trugreen.com/lawn-care-101/learning-center/broadleaf-weeds/moneywort","https://www.trugreen.com/lawn-care-101/learning-center/broadleaf-weeds/moneywort","200","200:https://www.trugreen.com/lawn-care-101/learning-center/broadleaf-weeds/moneywort","Moneywort | TruGreen","Moneywort | TruGreen","https://www.trugreen.com/lawn-care-101/learning-center/broadleaf-weeds/moneywort","1","https://www.trugreen.com/lawn-care-101/learning-center/broadleaf-weeds/moneywort","1","","200","https://www.trugreen.com/lawn-care-101/learning-center/broadleaf-weeds/moneywort","","","","0","0","","0","header|footer","jsonld:0;types:;invalid:0;missing:","0","0","41","8","https://www.trugreen.com/lawn-care-101 | https://www.trugreen.com/lawn-care-101/learning-center | https://www.trugreen.com/newsroom | https://www.trugreen.com/pay-your-bill | https://www.trugreen.com/pests-products-and-services | https://www.trugreen.com/pga-tour | https://www.trugreen.com/products-and-services | https://www.trugreen.com/why-choose-trugreen/testimonials-and-ratings","","missing-h1|missing-main|internal-links-missing-from-sitemap",""
"chromium","2026-08-31T14:31:41.742Z","prod-release-2-7-2026-08-28","450-800","","https://www.trugreen.com/lawn-care-101/learning-center/broadleaf-weeds/mouse-ear-chickweed","https://www.trugreen.com/lawn-care-101/learning-center/broadleaf-weeds/mouse-ear-chickweed","200","200:https://www.trugreen.com/lawn-care-101/learning-center/broadleaf-weeds/mouse-ear-chickweed","Mouse-ear Chickweed | TruGreen","Mouse-ear Chickweed | TruGreen","https://www.trugreen.com/lawn-care-101/learning-center/broadleaf-weeds/mouse-ear-chickweed","1","https://www.trugreen.com/lawn-care-101/learning-center/broadleaf-weeds/mouse-ear-chickweed","1","","200","https://www.trugreen.com/lawn-care-101/learning-center/broadleaf-weeds/mouse-ear-chickweed","","","","0","1","Mouse-ear Chickweed","0","header|footer","jsonld:0;types:;invalid:0;missing:","0","0","41","8","https://www.trugreen.com/lawn-care-101 | https://www.trugreen.com/lawn-care-101/learning-center | https://www.trugreen.com/newsroom | https://www.trugreen.com/pay-your-bill | https://www.trugreen.com/pests-products-and-services | https://www.trugreen.com/pga-tour | https://www.trugreen.com/products-and-services | https://www.trugreen.com/why-choose-trugreen/testimonials-and-ratings","","missing-main|internal-links-missing-from-sitemap",""
"chromium","2026-08-31T14:31:41.742Z","prod-release-2-7-2026-08-28","450-800","","https://www.trugreen.com/lawn-care-101/learning-center/broadleaf-weeds/mouse-ear-cress","https://www.trugreen.com/lawn-care-101/learning-center/broadleaf-weeds/mouse-ear-cress","200","200:https://www.trugreen.com/lawn-care-101/learning-center/broadleaf-weeds/mouse-ear-cress","Mouse-Ear Cress | TruGreen","Mouse-Ear Cress | TruGreen","https://www.trugreen.com/lawn-care-101/learning-center/broadleaf-weeds/mouse-ear-cress","1","https://www.trugreen.com/lawn-care-101/learning-center/broadleaf-weeds/mouse-ear-cress","1","","200","https://www.trugreen.com/lawn-care-101/learning-center/broadleaf-weeds/mouse-ear-cress","","","","0","1","Mouse-Ear Cress","0","header|footer","jsonld:0;types:;invalid:0;missing:","0","0","41","8","https://www.trugreen.com/lawn-care-101 | https://www.trugreen.com/lawn-care-101/learning-center | https://www.trugreen.com/newsroom | https://www.trugreen.com/pay-your-bill | https://www.trugreen.com/pests-products-and-services | https://www.trugreen.com/pga-tour | https://www.trugreen.com/products-and-services | https://www.trugreen.com/why-choose-trugreen/testimonials-and-ratings","","missing-main|internal-links-missing-from-sitemap",""
"chromium","2026-08-31T14:31:41.742Z","prod-release-2-7-2026-08-28","450-800","","https://www.trugreen.com/lawn-care-101/learning-center/broadleaf-weeds/narrowleaf-cudweed","https://www.trugreen.com/lawn-care-101/learning-center/broadleaf-weeds/narrowleaf-cudweed","200","200:https://www.trugreen.com/lawn-care-101/learning-center/broadleaf-weeds/narrowleaf-cudweed","Narrowleaf Cudweed | TruGreen","Narrowleaf Cudweed | TruGreen","https://www.trugreen.com/lawn-care-101/learning-center/broadleaf-weeds/narrowleaf-cudweed","1","https://www.trugreen.com/lawn-care-101/learning-center/broadleaf-weeds/narrowleaf-cudweed","1","","200","https://www.trugreen.com/lawn-care-101/learning-center/broadleaf-weeds/narrowleaf-cudweed","","","","0","0","","0","header|footer","jsonld:0;types:;invalid:0;missing:","0","0","41","8","https://www.trugreen.com/lawn-care-101 | https://www.trugreen.com/lawn-care-101/learning-center | https://www.trugreen.com/newsroom | https://www.trugreen.com/pay-your-bill | https://www.trugreen.com/pests-products-and-services | https://www.trugreen.com/pga-tour | https://www.trugreen.com/products-and-services | https://www.trugreen.com/why-choose-trugreen/testimonials-and-ratings","","missing-h1|missing-main|internal-links-missing-from-sitemap",""
"chromium","2026-08-31T14:31:41.742Z","prod-release-2-7-2026-08-28","450-800","","https://www.trugreen.com/lawn-care-101/learning-center/broadleaf-weeds/old-world-diamond-flower","https://www.trugreen.com/lawn-care-101/learning-center/broadleaf-weeds/old-world-diamond-flower","200","200:https://www.trugreen.com/lawn-care-101/learning-center/broadleaf-weeds/old-world-diamond-flower","Old World Diamond Flower | TruGreen","Old World Diamond Flower | TruGreen","https://www.trugreen.com/lawn-care-101/learning-center/broadleaf-weeds/old-world-diamond-flower","1","https://www.trugreen.com/lawn-care-101/learning-center/broadleaf-weeds/old-world-diamond-flower","1","","200","https://www.trugreen.com/lawn-care-101/learning-center/broadleaf-weeds/old-world-diamond-flower","","","","0","1","Old World Diamond Flower","0","header|footer","jsonld:0;types:;invalid:0;missing:","0","0","41","8","https://www.trugreen.com/lawn-care-101 | https://www.trugreen.com/lawn-care-101/learning-center | https://www.trugreen.com/newsroom | https://www.trugreen.com/pay-your-bill | https://www.trugreen.com/pests-products-and-services | https://www.trugreen.com/pga-tour | https://www.trugreen.com/products-and-services | https://www.trugreen.com/why-choose-trugreen/testimonials-and-ratings","","missing-main|internal-links-missing-from-sitemap",""
"chromium","2026-08-31T14:31:41.742Z","prod-release-2-7-2026-08-28","450-800","","https://www.trugreen.com/lawn-care-101/learning-center/broadleaf-weeds/orange-hawkweed","https://www.trugreen.com/lawn-care-101/learning-center/broadleaf-weeds/orange-hawkweed","200","200:https://www.trugreen.com/lawn-care-101/learning-center/broadleaf-weeds/orange-hawkweed","Orange Hawkweed | TruGreen","Orange Hawkweed | TruGreen","https://www.trugreen.com/lawn-care-101/learning-center/broadleaf-weeds/orange-hawkweed","1","https://www.trugreen.com/lawn-care-101/learning-center/broadleaf-weeds/orange-hawkweed","1","","200","https://www.trugreen.com/lawn-care-101/learning-center/broadleaf-weeds/orange-hawkweed","","","","0","1","Orange Hawkweed","0","header|footer","jsonld:0;types:;invalid:0;missing:","0","0","41","8","https://www.trugreen.com/lawn-care-101 | https://www.trugreen.com/lawn-care-101/learning-center | https://www.trugreen.com/newsroom | https://www.trugreen.com/pay-your-bill | https://www.trugreen.com/pests-products-and-services | https://www.trugreen.com/pga-tour | https://www.trugreen.com/products-and-services | https://www.trugreen.com/why-choose-trugreen/testimonials-and-ratings","","missing-main|internal-links-missing-from-sitemap",""
"chromium","2026-08-31T14:31:41.742Z","prod-release-2-7-2026-08-28","450-800","","https://www.trugreen.com/lawn-care-101/learning-center/broadleaf-weeds/oxalis","https://www.trugreen.com/lawn-care-101/learning-center/broadleaf-weeds/oxalis","200","200:https://www.trugreen.com/lawn-care-101/learning-center/broadleaf-weeds/oxalis","Oxalis | TruGreen","Oxalis | TruGreen","https://www.trugreen.com/lawn-care-101/learning-center/broadleaf-weeds/oxalis","1","https://www.trugreen.com/lawn-care-101/learning-center/broadleaf-weeds/oxalis","1","","200","https://www.trugreen.com/lawn-care-101/learning-center/broadleaf-weeds/oxalis","","","","0","0","","0","header|footer","jsonld:0;types:;invalid:0;missing:","0","0","41","8","https://www.trugreen.com/lawn-care-101 | https://www.trugreen.com/lawn-care-101/learning-center | https://www.trugreen.com/newsroom | https://www.trugreen.com/pay-your-bill | https://www.trugreen.com/pests-products-and-services | https://www.trugreen.com/pga-tour | https://www.trugreen.com/products-and-services | https://www.trugreen.com/why-choose-trugreen/testimonials-and-ratings","","missing-h1|missing-main|internal-links-missing-from-sitemap",""
"chromium","2026-08-31T14:31:41.742Z","prod-release-2-7-2026-08-28","450-800","","https://www.trugreen.com/lawn-care-101/learning-center/broadleaf-weeds/oxeye-daisy","https://www.trugreen.com/lawn-care-101/learning-center/broadleaf-weeds/oxeye-daisy","200","200:https://www.trugreen.com/lawn-care-101/learning-center/broadleaf-weeds/oxeye-daisy","Oxeye Daisy | TruGreen","Oxeye Daisy | TruGreen","https://www.trugreen.com/lawn-care-101/learning-center/broadleaf-weeds/oxeye-daisy","1","https://www.trugreen.com/lawn-care-101/learning-center/broadleaf-weeds/oxeye-daisy","1","","200","https://www.trugreen.com/lawn-care-101/learning-center/broadleaf-weeds/oxeye-daisy","","","","0","1","Oxeye Daisy","0","header|footer","jsonld:0;types:;invalid:0;missing:","0","0","41","8","https://www.trugreen.com/lawn-care-101 | https://www.trugreen.com/lawn-care-101/learning-center | https://www.trugreen.com/newsroom | https://www.trugreen.com/pay-your-bill | https://www.trugreen.com/pests-products-and-services | https://www.trugreen.com/pga-tour | https://www.trugreen.com/products-and-services | https://www.trugreen.com/why-choose-trugreen/testimonials-and-ratings","","missing-main|internal-links-missing-from-sitemap",""
"chromium","2026-08-31T14:31:41.742Z","prod-release-2-7-2026-08-28","450-800","","https://www.trugreen.com/lawn-care-101/learning-center/broadleaf-weeds/paleseed-plantain","https://www.trugreen.com/lawn-care-101/learning-center/broadleaf-weeds/paleseed-plantain","200","200:https://www.trugreen.com/lawn-care-101/learning-center/broadleaf-weeds/paleseed-plantain","Paleseed Plantain | TruGreen","Paleseed Plantain | TruGreen","https://www.trugreen.com/lawn-care-101/learning-center/broadleaf-weeds/paleseed-plantain","1","https://www.trugreen.com/lawn-care-101/learning-center/broadleaf-weeds/paleseed-plantain","1","","200","https://www.trugreen.com/lawn-care-101/learning-center/broadleaf-weeds/paleseed-plantain","","","","0","1","Paleseed Plantain","0","header|footer","jsonld:0;types:;invalid:0;missing:","0","0","41","8","https://www.trugreen.com/lawn-care-101 | https://www.trugreen.com/lawn-care-101/learning-center | https://www.trugreen.com/newsroom | https://www.trugreen.com/pay-your-bill | https://www.trugreen.com/pests-products-and-services | https://www.trugreen.com/pga-tour | https://www.trugreen.com/products-and-services | https://www.trugreen.com/why-choose-trugreen/testimonials-and-ratings","","missing-main|internal-links-missing-from-sitemap",""
"chromium","2026-08-31T14:31:41.742Z","prod-release-2-7-2026-08-28","450-800","","https://www.trugreen.com/lawn-care-101/learning-center/broadleaf-weeds/parsley-piert","https://www.trugreen.com/lawn-care-101/learning-center/broadleaf-weeds/parsley-piert","200","200:https://www.trugreen.com/lawn-care-101/learning-center/broadleaf-weeds/parsley-piert","Parsley-piert | TruGreen","Parsley-piert | TruGreen","https://www.trugreen.com/lawn-care-101/learning-center/broadleaf-weeds/parsley-piert","1","https://www.trugreen.com/lawn-care-101/learning-center/broadleaf-weeds/parsley-piert","1","","200","https://www.trugreen.com/lawn-care-101/learning-center/broadleaf-weeds/parsley-piert","","","","0","1","Parsley-piert","0","header|footer","jsonld:0;types:;invalid:0;missing:","0","0","41","8","https://www.trugreen.com/lawn-care-101 | https://www.trugreen.com/lawn-care-101/learning-center | https://www.trugreen.com/newsroom | https://www.trugreen.com/pay-your-bill | https://www.trugreen.com/pests-products-and-services | https://www.trugreen.com/pga-tour | https://www.trugreen.com/products-and-services | https://www.trugreen.com/why-choose-trugreen/testimonials-and-ratings","","missing-main|internal-links-missing-from-sitemap",""
"chromium","2026-08-31T14:31:41.742Z","prod-release-2-7-2026-08-28","450-800","","https://www.trugreen.com/lawn-care-101/learning-center/broadleaf-weeds/pigweed","https://www.trugreen.com/lawn-care-101/learning-center/broadleaf-weeds/pigweed","200","200:https://www.trugreen.com/lawn-care-101/learning-center/broadleaf-weeds/pigweed","Pigweed | TruGreen","Pigweed | TruGreen","https://www.trugreen.com/lawn-care-101/learning-center/broadleaf-weeds/pigweed","1","https://www.trugreen.com/lawn-care-101/learning-center/broadleaf-weeds/pigweed","1","","200","https://www.trugreen.com/lawn-care-101/learning-center/broadleaf-weeds/pigweed","","","","0","1","Pigweed","0","header|footer","jsonld:0;types:;invalid:0;missing:","0","0","41","8","https://www.trugreen.com/lawn-care-101 | https://www.trugreen.com/lawn-care-101/learning-center | https://www.trugreen.com/newsroom | https://www.trugreen.com/pay-your-bill | https://www.trugreen.com/pests-products-and-services | https://www.trugreen.com/pga-tour | https://www.trugreen.com/products-and-services | https://www.trugreen.com/why-choose-trugreen/testimonials-and-ratings","","missing-main|internal-links-missing-from-sitemap",""
"chromium","2026-08-31T14:31:41.742Z","prod-release-2-7-2026-08-28","450-800","","https://www.trugreen.com/lawn-care-101/learning-center/broadleaf-weeds/pineapple-weed","https://www.trugreen.com/lawn-care-101/learning-center/broadleaf-weeds/pineapple-weed","200","200:https://www.trugreen.com/lawn-care-101/learning-center/broadleaf-weeds/pineapple-weed","Pineapple Weed | TruGreen","Pineapple Weed | TruGreen","https://www.trugreen.com/lawn-care-101/learning-center/broadleaf-weeds/pineapple-weed","1","https://www.trugreen.com/lawn-care-101/learning-center/broadleaf-weeds/pineapple-weed","1","","200","https://www.trugreen.com/lawn-care-101/learning-center/broadleaf-weeds/pineapple-weed","","","","0","1","Pineapple Weed","0","header|footer","jsonld:0;types:;invalid:0;missing:","0","0","41","8","https://www.trugreen.com/lawn-care-101 | https://www.trugreen.com/lawn-care-101/learning-center | https://www.trugreen.com/newsroom | https://www.trugreen.com/pay-your-bill | https://www.trugreen.com/pests-products-and-services | https://www.trugreen.com/pga-tour | https://www.trugreen.com/products-and-services | https://www.trugreen.com/why-choose-trugreen/testimonials-and-ratings","","missing-main|internal-links-missing-from-sitemap",""
"chromium","2026-08-31T14:31:41.742Z","prod-release-2-7-2026-08-28","450-800","","https://www.trugreen.com/lawn-care-101/learning-center/broadleaf-weeds/poison-ivy","https://www.trugreen.com/lawn-care-101/learning-center/broadleaf-weeds/poison-ivy","200","200:https://www.trugreen.com/lawn-care-101/learning-center/broadleaf-weeds/poison-ivy","Poison Ivy Lawn Care and Removal | TruGreen","Poison Ivy Lawn Care and Removal | TruGreen","https://www.trugreen.com/lawn-care-101/learning-center/broadleaf-weeds/poison-ivy","1","https://www.trugreen.com/lawn-care-101/learning-center/broadleaf-weeds/poison-ivy","1","","200","https://www.trugreen.com/lawn-care-101/learning-center/broadleaf-weeds/poison-ivy","","","","0","0","","0","header|footer","jsonld:0;types:;invalid:0;missing:","0","0","41","8","https://www.trugreen.com/lawn-care-101 | https://www.trugreen.com/lawn-care-101/learning-center | https://www.trugreen.com/newsroom | https://www.trugreen.com/pay-your-bill | https://www.trugreen.com/pests-products-and-services | https://www.trugreen.com/pga-tour | https://www.trugreen.com/products-and-services | https://www.trugreen.com/why-choose-trugreen/testimonials-and-ratings","","missing-h1|missing-main|internal-links-missing-from-sitemap",""
"chromium","2026-08-31T14:31:41.742Z","prod-release-2-7-2026-08-28","450-800","","https://www.trugreen.com/lawn-care-101/learning-center/broadleaf-weeds/prickly-lettuce","https://www.trugreen.com/lawn-care-101/learning-center/broadleaf-weeds/prickly-lettuce","200","200:https://www.trugreen.com/lawn-care-101/learning-center/broadleaf-weeds/prickly-lettuce","Prickly Lettuce | TruGreen","Prickly Lettuce | TruGreen","https://www.trugreen.com/lawn-care-101/learning-center/broadleaf-weeds/prickly-lettuce","1","https://www.trugreen.com/lawn-care-101/learning-center/broadleaf-weeds/prickly-lettuce","1","","200","https://www.trugreen.com/lawn-care-101/learning-center/broadleaf-weeds/prickly-lettuce","","","","0","0","","0","header|footer","jsonld:0;types:;invalid:0;missing:","0","0","41","8","https://www.trugreen.com/lawn-care-101 | https://www.trugreen.com/lawn-care-101/learning-center | https://www.trugreen.com/newsroom | https://www.trugreen.com/pay-your-bill | https://www.trugreen.com/pests-products-and-services | https://www.trugreen.com/pga-tour | https://www.trugreen.com/products-and-services | https://www.trugreen.com/why-choose-trugreen/testimonials-and-ratings","","missing-h1|missing-main|internal-links-missing-from-sitemap",""
"chromium","2026-08-31T14:31:41.742Z","prod-release-2-7-2026-08-28","450-800","","https://www.trugreen.com/lawn-care-101/learning-center/broadleaf-weeds/prostrate-spurge","https://www.trugreen.com/lawn-care-101/learning-center/broadleaf-weeds/prostrate-spurge","200","200:https://www.trugreen.com/lawn-care-101/learning-center/broadleaf-weeds/prostrate-spurge","Prostrate Spurge | TruGreen","Prostrate Spurge | TruGreen","https://www.trugreen.com/lawn-care-101/learning-center/broadleaf-weeds/prostrate-spurge","1","https://www.trugreen.com/lawn-care-101/learning-center/broadleaf-weeds/prostrate-spurge","1","","200","https://www.trugreen.com/lawn-care-101/learning-center/broadleaf-weeds/prostrate-spurge","","","","0","1","Prostrate Spurge","0","header|footer","jsonld:0;types:;invalid:0;missing:","0","0","41","8","https://www.trugreen.com/lawn-care-101 | https://www.trugreen.com/lawn-care-101/learning-center | https://www.trugreen.com/newsroom | https://www.trugreen.com/pay-your-bill | https://www.trugreen.com/pests-products-and-services | https://www.trugreen.com/pga-tour | https://www.trugreen.com/products-and-services | https://www.trugreen.com/why-choose-trugreen/testimonials-and-ratings","","missing-main|internal-links-missing-from-sitemap",""
"chromium","2026-08-31T14:31:41.742Z","prod-release-2-7-2026-08-28","450-800","","https://www.trugreen.com/lawn-care-101/learning-center/broadleaf-weeds/purple-cudweed","https://www.trugreen.com/lawn-care-101/learning-center/broadleaf-weeds/purple-cudweed","200","200:https://www.trugreen.com/lawn-care-101/learning-center/broadleaf-weeds/purple-cudweed","Purple Cudweed | TruGreen","Purple Cudweed | TruGreen","https://www.trugreen.com/lawn-care-101/learning-center/broadleaf-weeds/purple-cudweed","1","https://www.trugreen.com/lawn-care-101/learning-center/broadleaf-weeds/purple-cudweed","1","","200","https://www.trugreen.com/lawn-care-101/learning-center/broadleaf-weeds/purple-cudweed","","","","0","1","Purple Cudweed","0","header|footer","jsonld:0;types:;invalid:0;missing:","0","0","41","8","https://www.trugreen.com/lawn-care-101 | https://www.trugreen.com/lawn-care-101/learning-center | https://www.trugreen.com/newsroom | https://www.trugreen.com/pay-your-bill | https://www.trugreen.com/pests-products-and-services | https://www.trugreen.com/pga-tour | https://www.trugreen.com/products-and-services | https://www.trugreen.com/why-choose-trugreen/testimonials-and-ratings","","missing-main|internal-links-missing-from-sitemap",""
"chromium","2026-08-31T14:31:41.742Z","prod-release-2-7-2026-08-28","450-800","","https://www.trugreen.com/lawn-care-101/learning-center/broadleaf-weeds/purple-deadnettle","https://www.trugreen.com/lawn-care-101/learning-center/broadleaf-weeds/purple-deadnettle","200","200:https://www.trugreen.com/lawn-care-101/learning-center/broadleaf-weeds/purple-deadnettle","Purple Deadnettle | TruGreen","Purple Deadnettle | TruGreen","https://www.trugreen.com/lawn-care-101/learning-center/broadleaf-weeds/purple-deadnettle","1","https://www.trugreen.com/lawn-care-101/learning-center/broadleaf-weeds/purple-deadnettle","1","","200","https://www.trugreen.com/lawn-care-101/learning-center/broadleaf-weeds/purple-deadnettle","","","","0","1","Purple Deadnettle","0","header|footer","jsonld:0;types:;invalid:0;missing:","0","0","41","8","https://www.trugreen.com/lawn-care-101 | https://www.trugreen.com/lawn-care-101/learning-center | https://www.trugreen.com/newsroom | https://www.trugreen.com/pay-your-bill | https://www.trugreen.com/pests-products-and-services | https://www.trugreen.com/pga-tour | https://www.trugreen.com/products-and-services | https://www.trugreen.com/why-choose-trugreen/testimonials-and-ratings","","missing-main|internal-links-missing-from-sitemap",""
"chromium","2026-08-31T14:31:41.742Z","prod-release-2-7-2026-08-28","450-800","","https://www.trugreen.com/lawn-care-101/learning-center/broadleaf-weeds/purslane","https://www.trugreen.com/lawn-care-101/learning-center/broadleaf-weeds/purslane","200","200:https://www.trugreen.com/lawn-care-101/learning-center/broadleaf-weeds/purslane","Purslane | TruGreen","Purslane | TruGreen","https://www.trugreen.com/lawn-care-101/learning-center/broadleaf-weeds/purslane","1","https://www.trugreen.com/lawn-care-101/learning-center/broadleaf-weeds/purslane","1","","200","https://www.trugreen.com/lawn-care-101/learning-center/broadleaf-weeds/purslane","","","","0","1","Purslane","0","header|footer","jsonld:0;types:;invalid:0;missing:","0","0","41","8","https://www.trugreen.com/lawn-care-101 | https://www.trugreen.com/lawn-care-101/learning-center | https://www.trugreen.com/newsroom | https://www.trugreen.com/pay-your-bill | https://www.trugreen.com/pests-products-and-services | https://www.trugreen.com/pga-tour | https://www.trugreen.com/products-and-services | https://www.trugreen.com/why-choose-trugreen/testimonials-and-ratings","","missing-main|internal-links-missing-from-sitemap",""
"chromium","2026-08-31T14:31:41.742Z","prod-release-2-7-2026-08-28","450-800","","https://www.trugreen.com/lawn-care-101/learning-center/broadleaf-weeds/purslane-speedwell","https://www.trugreen.com/lawn-care-101/learning-center/broadleaf-weeds/purslane-speedwell","200","200:https://www.trugreen.com/lawn-care-101/learning-center/broadleaf-weeds/purslane-speedwell","Purslane Speedwell | TruGreen","Purslane Speedwell | TruGreen","https://www.trugreen.com/lawn-care-101/learning-center/broadleaf-weeds/purslane-speedwell","1","https://www.trugreen.com/lawn-care-101/learning-center/broadleaf-weeds/purslane-speedwell","1","","200","https://www.trugreen.com/lawn-care-101/learning-center/broadleaf-weeds/purslane-speedwell","","","","0","0","","0","header|footer","jsonld:0;types:;invalid:0;missing:","0","0","41","8","https://www.trugreen.com/lawn-care-101 | https://www.trugreen.com/lawn-care-101/learning-center | https://www.trugreen.com/newsroom | https://www.trugreen.com/pay-your-bill | https://www.trugreen.com/pests-products-and-services | https://www.trugreen.com/pga-tour | https://www.trugreen.com/products-and-services | https://www.trugreen.com/why-choose-trugreen/testimonials-and-ratings","","missing-h1|missing-main|internal-links-missing-from-sitemap",""
"chromium","2026-08-31T14:31:41.742Z","prod-release-2-7-2026-08-28","450-800","","https://www.trugreen.com/lawn-care-101/learning-center/broadleaf-weeds/red-clover","https://www.trugreen.com/lawn-care-101/learning-center/broadleaf-weeds/red-clover","200","200:https://www.trugreen.com/lawn-care-101/learning-center/broadleaf-weeds/red-clover","Red Clover | TruGreen","Red Clover | TruGreen","https://www.trugreen.com/lawn-care-101/learning-center/broadleaf-weeds/red-clover","1","https://www.trugreen.com/lawn-care-101/learning-center/broadleaf-weeds/red-clover","1","","200","https://www.trugreen.com/lawn-care-101/learning-center/broadleaf-weeds/red-clover","","","","0","1","Red Clover","0","header|footer","jsonld:0;types:;invalid:0;missing:","0","0","41","8","https://www.trugreen.com/lawn-care-101 | https://www.trugreen.com/lawn-care-101/learning-center | https://www.trugreen.com/newsroom | https://www.trugreen.com/pay-your-bill | https://www.trugreen.com/pests-products-and-services | https://www.trugreen.com/pga-tour | https://www.trugreen.com/products-and-services | https://www.trugreen.com/why-choose-trugreen/testimonials-and-ratings","","missing-main|internal-links-missing-from-sitemap",""
"chromium","2026-08-31T14:31:41.742Z","prod-release-2-7-2026-08-28","450-800","","https://www.trugreen.com/lawn-care-101/learning-center/broadleaf-weeds/roundleaf-spurge","https://www.trugreen.com/lawn-care-101/learning-center/broadleaf-weeds/roundleaf-spurge","200","200:https://www.trugreen.com/lawn-care-101/learning-center/broadleaf-weeds/roundleaf-spurge","Roundleaf Spurge | TruGreen","Roundleaf Spurge | TruGreen","https://www.trugreen.com/lawn-care-101/learning-center/broadleaf-weeds/roundleaf-spurge","1","https://www.trugreen.com/lawn-care-101/learning-center/broadleaf-weeds/roundleaf-spurge","1","","200","https://www.trugreen.com/lawn-care-101/learning-center/broadleaf-weeds/roundleaf-spurge","","","","0","1","Roundleaf Spurge","0","header|footer","jsonld:0;types:;invalid:0;missing:","0","0","41","8","https://www.trugreen.com/lawn-care-101 | https://www.trugreen.com/lawn-care-101/learning-center | https://www.trugreen.com/newsroom | https://www.trugreen.com/pay-your-bill | https://www.trugreen.com/pests-products-and-services | https://www.trugreen.com/pga-tour | https://www.trugreen.com/products-and-services | https://www.trugreen.com/why-choose-trugreen/testimonials-and-ratings","","missing-main|internal-links-missing-from-sitemap",""
"chromium","2026-08-31T14:31:41.742Z","prod-release-2-7-2026-08-28","450-800","","https://www.trugreen.com/lawn-care-101/learning-center/broadleaf-weeds/sheep-sorrel","https://www.trugreen.com/lawn-care-101/learning-center/broadleaf-weeds/sheep-sorrel","200","200:https://www.trugreen.com/lawn-care-101/learning-center/broadleaf-weeds/sheep-sorrel","Sheep Sorrel | TruGreen","Sheep Sorrel | TruGreen","https://www.trugreen.com/lawn-care-101/learning-center/broadleaf-weeds/sheep-sorrel","1","https://www.trugreen.com/lawn-care-101/learning-center/broadleaf-weeds/sheep-sorrel","1","","200","https://www.trugreen.com/lawn-care-101/learning-center/broadleaf-weeds/sheep-sorrel","","","","0","1","Sheep Sorrel","0","header|footer","jsonld:0;types:;invalid:0;missing:","0","0","41","8","https://www.trugreen.com/lawn-care-101 | https://www.trugreen.com/lawn-care-101/learning-center | https://www.trugreen.com/newsroom | https://www.trugreen.com/pay-your-bill | https://www.trugreen.com/pests-products-and-services | https://www.trugreen.com/pga-tour | https://www.trugreen.com/products-and-services | https://www.trugreen.com/why-choose-trugreen/testimonials-and-ratings","","missing-main|internal-links-missing-from-sitemap",""
"chromium","2026-08-31T14:31:41.742Z","prod-release-2-7-2026-08-28","450-800","","https://www.trugreen.com/lawn-care-101/learning-center/broadleaf-weeds/shepherd-s-purse","https://www.trugreen.com/lawn-care-101/learning-center/broadleaf-weeds/shepherd-s-purse","200","200:https://www.trugreen.com/lawn-care-101/learning-center/broadleaf-weeds/shepherd-s-purse","Shepherd&#x27;s Purse | TruGreen","Shepherd's Purse | TruGreen","https://www.trugreen.com/lawn-care-101/learning-center/broadleaf-weeds/shepherd-s-purse","1","https://www.trugreen.com/lawn-care-101/learning-center/broadleaf-weeds/shepherd-s-purse","1","","200","https://www.trugreen.com/lawn-care-101/learning-center/broadleaf-weeds/shepherd-s-purse","","","","0","1","Shepherd's Purse","0","header|footer","jsonld:0;types:;invalid:0;missing:","0","0","41","8","https://www.trugreen.com/lawn-care-101 | https://www.trugreen.com/lawn-care-101/learning-center | https://www.trugreen.com/newsroom | https://www.trugreen.com/pay-your-bill | https://www.trugreen.com/pests-products-and-services | https://www.trugreen.com/pga-tour | https://www.trugreen.com/products-and-services | https://www.trugreen.com/why-choose-trugreen/testimonials-and-ratings","","missing-main|internal-links-missing-from-sitemap",""
"chromium","2026-08-31T14:31:41.742Z","prod-release-2-7-2026-08-28","450-800","","https://www.trugreen.com/lawn-care-101/learning-center/broadleaf-weeds/shiny-cudweed","https://www.trugreen.com/lawn-care-101/learning-center/broadleaf-weeds/shiny-cudweed","200","200:https://www.trugreen.com/lawn-care-101/learning-center/broadleaf-weeds/shiny-cudweed","Shiny Cudweed | TruGreen","Shiny Cudweed | TruGreen","https://www.trugreen.com/lawn-care-101/learning-center/broadleaf-weeds/shiny-cudweed","1","https://www.trugreen.com/lawn-care-101/learning-center/broadleaf-weeds/shiny-cudweed","1","","200","https://www.trugreen.com/lawn-care-101/learning-center/broadleaf-weeds/shiny-cudweed","","","","0","0","","0","header|footer","jsonld:0;types:;invalid:0;missing:","0","0","41","8","https://www.trugreen.com/lawn-care-101 | https://www.trugreen.com/lawn-care-101/learning-center | https://www.trugreen.com/newsroom | https://www.trugreen.com/pay-your-bill | https://www.trugreen.com/pests-products-and-services | https://www.trugreen.com/pga-tour | https://www.trugreen.com/products-and-services | https://www.trugreen.com/why-choose-trugreen/testimonials-and-ratings","","missing-h1|missing-main|internal-links-missing-from-sitemap",""
"chromium","2026-08-31T14:31:41.742Z","prod-release-2-7-2026-08-28","450-800","","https://www.trugreen.com/lawn-care-101/learning-center/broadleaf-weeds/smartweed","https://www.trugreen.com/lawn-care-101/learning-center/broadleaf-weeds/smartweed","200","200:https://www.trugreen.com/lawn-care-101/learning-center/broadleaf-weeds/smartweed","Smartweed | TruGreen","Smartweed | TruGreen","https://www.trugreen.com/lawn-care-101/learning-center/broadleaf-weeds/smartweed","1","https://www.trugreen.com/lawn-care-101/learning-center/broadleaf-weeds/smartweed","1","","200","https://www.trugreen.com/lawn-care-101/learning-center/broadleaf-weeds/smartweed","","","","0","1","Smartweed","0","header|footer","jsonld:0;types:;invalid:0;missing:","0","0","41","8","https://www.trugreen.com/lawn-care-101 | https://www.trugreen.com/lawn-care-101/learning-center | https://www.trugreen.com/newsroom | https://www.trugreen.com/pay-your-bill | https://www.trugreen.com/pests-products-and-services | https://www.trugreen.com/pga-tour | https://www.trugreen.com/products-and-services | https://www.trugreen.com/why-choose-trugreen/testimonials-and-ratings","","missing-main|internal-links-missing-from-sitemap",""
"chromium","2026-08-31T14:31:41.742Z","prod-release-2-7-2026-08-28","450-800","","https://www.trugreen.com/lawn-care-101/learning-center/broadleaf-weeds/sprawling-horseweed","https://www.trugreen.com/lawn-care-101/learning-center/broadleaf-weeds/sprawling-horseweed","200","200:https://www.trugreen.com/lawn-care-101/learning-center/broadleaf-weeds/sprawling-horseweed","Sprawling Horseweed | TruGreen","Sprawling Horseweed | TruGreen","https://www.trugreen.com/lawn-care-101/learning-center/broadleaf-weeds/sprawling-horseweed","1","https://www.trugreen.com/lawn-care-101/learning-center/broadleaf-weeds/sprawling-horseweed","1","","200","https://www.trugreen.com/lawn-care-101/learning-center/broadleaf-weeds/sprawling-horseweed","","","","0","0","","0","header|footer","jsonld:0;types:;invalid:0;missing:","0","0","41","8","https://www.trugreen.com/lawn-care-101 | https://www.trugreen.com/lawn-care-101/learning-center | https://www.trugreen.com/newsroom | https://www.trugreen.com/pay-your-bill | https://www.trugreen.com/pests-products-and-services | https://www.trugreen.com/pga-tour | https://www.trugreen.com/products-and-services | https://www.trugreen.com/why-choose-trugreen/testimonials-and-ratings","","missing-h1|missing-main|internal-links-missing-from-sitemap",""
"chromium","2026-08-31T14:31:41.742Z","prod-release-2-7-2026-08-28","450-800","","https://www.trugreen.com/lawn-care-101/learning-center/broadleaf-weeds/spring-beauty","https://www.trugreen.com/lawn-care-101/learning-center/broadleaf-weeds/spring-beauty","200","200:https://www.trugreen.com/lawn-care-101/learning-center/broadleaf-weeds/spring-beauty","Spring Beauty | TruGreen","Spring Beauty | TruGreen","https://www.trugreen.com/lawn-care-101/learning-center/broadleaf-weeds/spring-beauty","1","https://www.trugreen.com/lawn-care-101/learning-center/broadleaf-weeds/spring-beauty","1","","200","https://www.trugreen.com/lawn-care-101/learning-center/broadleaf-weeds/spring-beauty","","","","0","1","Spring Beauty","0","header|footer","jsonld:0;types:;invalid:0;missing:","0","0","41","8","https://www.trugreen.com/lawn-care-101 | https://www.trugreen.com/lawn-care-101/learning-center | https://www.trugreen.com/newsroom | https://www.trugreen.com/pay-your-bill | https://www.trugreen.com/pests-products-and-services | https://www.trugreen.com/pga-tour | https://www.trugreen.com/products-and-services | https://www.trugreen.com/why-choose-trugreen/testimonials-and-ratings","","missing-main|internal-links-missing-from-sitemap",""
"chromium","2026-08-31T14:31:41.742Z","prod-release-2-7-2026-08-28","450-800","","https://www.trugreen.com/lawn-care-101/learning-center/broadleaf-weeds/swinecress","https://www.trugreen.com/lawn-care-101/learning-center/broadleaf-weeds/swinecress","200","200:https://www.trugreen.com/lawn-care-101/learning-center/broadleaf-weeds/swinecress","Swinecress | TruGreen","Swinecress | TruGreen","https://www.trugreen.com/lawn-care-101/learning-center/broadleaf-weeds/swinecress","1","https://www.trugreen.com/lawn-care-101/learning-center/broadleaf-weeds/swinecress","1","","200","https://www.trugreen.com/lawn-care-101/learning-center/broadleaf-weeds/swinecress","","","","0","0","","0","header|footer","jsonld:0;types:;invalid:0;missing:","0","0","41","8","https://www.trugreen.com/lawn-care-101 | https://www.trugreen.com/lawn-care-101/learning-center | https://www.trugreen.com/newsroom | https://www.trugreen.com/pay-your-bill | https://www.trugreen.com/pests-products-and-services | https://www.trugreen.com/pga-tour | https://www.trugreen.com/products-and-services | https://www.trugreen.com/why-choose-trugreen/testimonials-and-ratings","","missing-h1|missing-main|internal-links-missing-from-sitemap",""
"chromium","2026-08-31T14:31:41.742Z","prod-release-2-7-2026-08-28","450-800","","https://www.trugreen.com/lawn-care-101/learning-center/broadleaf-weeds/three-seeded-mercury","https://www.trugreen.com/lawn-care-101/learning-center/broadleaf-weeds/three-seeded-mercury","200","200:https://www.trugreen.com/lawn-care-101/learning-center/broadleaf-weeds/three-seeded-mercury","Three-seeded Mercury | TruGreen","Three-seeded Mercury | TruGreen","https://www.trugreen.com/lawn-care-101/learning-center/broadleaf-weeds/three-seeded-mercury","1","https://www.trugreen.com/lawn-care-101/learning-center/broadleaf-weeds/three-seeded-mercury","1","","200","https://www.trugreen.com/lawn-care-101/learning-center/broadleaf-weeds/three-seeded-mercury","","","","0","1","Three-seeded Mercury","0","header|footer","jsonld:0;types:;invalid:0;missing:","0","0","41","8","https://www.trugreen.com/lawn-care-101 | https://www.trugreen.com/lawn-care-101/learning-center | https://www.trugreen.com/newsroom | https://www.trugreen.com/pay-your-bill | https://www.trugreen.com/pests-products-and-services | https://www.trugreen.com/pga-tour | https://www.trugreen.com/products-and-services | https://www.trugreen.com/why-choose-trugreen/testimonials-and-ratings","","missing-main|internal-links-missing-from-sitemap",""
"chromium","2026-08-31T14:31:41.742Z","prod-release-2-7-2026-08-28","450-800","","https://www.trugreen.com/lawn-care-101/learning-center/broadleaf-weeds/threeflower-beggarweed","https://www.trugreen.com/lawn-care-101/learning-center/broadleaf-weeds/threeflower-beggarweed","200","200:https://www.trugreen.com/lawn-care-101/learning-center/broadleaf-weeds/threeflower-beggarweed","Threeflower Beggarweed | TruGreen","Threeflower Beggarweed | TruGreen","https://www.trugreen.com/lawn-care-101/learning-center/broadleaf-weeds/threeflower-beggarweed","1","https://www.trugreen.com/lawn-care-101/learning-center/broadleaf-weeds/threeflower-beggarweed","1","","200","https://www.trugreen.com/lawn-care-101/learning-center/broadleaf-weeds/threeflower-beggarweed","","","","0","1","Threeflower Beggarweed","0","header|footer","jsonld:0;types:;invalid:0;missing:","0","0","41","8","https://www.trugreen.com/lawn-care-101 | https://www.trugreen.com/lawn-care-101/learning-center | https://www.trugreen.com/newsroom | https://www.trugreen.com/pay-your-bill | https://www.trugreen.com/pests-products-and-services | https://www.trugreen.com/pga-tour | https://www.trugreen.com/products-and-services | https://www.trugreen.com/why-choose-trugreen/testimonials-and-ratings","","missing-main|internal-links-missing-from-sitemap",""
"chromium","2026-08-31T14:31:41.742Z","prod-release-2-7-2026-08-28","450-800","","https://www.trugreen.com/lawn-care-101/learning-center/broadleaf-weeds/thymeleaf-speedwell","https://www.trugreen.com/lawn-care-101/learning-center/broadleaf-weeds/thymeleaf-speedwell","200","200:https://www.trugreen.com/lawn-care-101/learning-center/broadleaf-weeds/thymeleaf-speedwell","Thymeleaf Speedwell | TruGreen","Thymeleaf Speedwell | TruGreen","https://www.trugreen.com/lawn-care-101/learning-center/broadleaf-weeds/thymeleaf-speedwell","1","https://www.trugreen.com/lawn-care-101/learning-center/broadleaf-weeds/thymeleaf-speedwell","1","","200","https://www.trugreen.com/lawn-care-101/learning-center/broadleaf-weeds/thymeleaf-speedwell","","","","0","1","Thymeleaf Speedwell","0","header|footer","jsonld:0;types:;invalid:0;missing:","0","0","41","8","https://www.trugreen.com/lawn-care-101 | https://www.trugreen.com/lawn-care-101/learning-center | https://www.trugreen.com/newsroom | https://www.trugreen.com/pay-your-bill | https://www.trugreen.com/pests-products-and-services | https://www.trugreen.com/pga-tour | https://www.trugreen.com/products-and-services | https://www.trugreen.com/why-choose-trugreen/testimonials-and-ratings","","missing-main|internal-links-missing-from-sitemap",""
"chromium","2026-08-31T14:31:41.742Z","prod-release-2-7-2026-08-28","450-800","","https://www.trugreen.com/lawn-care-101/learning-center/broadleaf-weeds/tropical-chickweed","https://www.trugreen.com/lawn-care-101/learning-center/broadleaf-weeds/tropical-chickweed","200","200:https://www.trugreen.com/lawn-care-101/learning-center/broadleaf-weeds/tropical-chickweed","Broadleaf Weeds: Tropical Chickweed | TruGreen","Broadleaf Weeds: Tropical Chickweed | TruGreen","https://www.trugreen.com/lawn-care-101/learning-center/broadleaf-weeds/tropical-chickweed","1","https://www.trugreen.com/lawn-care-101/learning-center/broadleaf-weeds/tropical-chickweed","1","","200","https://www.trugreen.com/lawn-care-101/learning-center/broadleaf-weeds/tropical-chickweed","","","","0","0","","0","header|footer","jsonld:0;types:;invalid:0;missing:","0","0","41","8","https://www.trugreen.com/lawn-care-101 | https://www.trugreen.com/lawn-care-101/learning-center | https://www.trugreen.com/newsroom | https://www.trugreen.com/pay-your-bill | https://www.trugreen.com/pests-products-and-services | https://www.trugreen.com/pga-tour | https://www.trugreen.com/products-and-services | https://www.trugreen.com/why-choose-trugreen/testimonials-and-ratings","","missing-h1|missing-main|internal-links-missing-from-sitemap",""
"chromium","2026-08-31T14:31:41.742Z","prod-release-2-7-2026-08-28","450-800","","https://www.trugreen.com/lawn-care-101/learning-center/broadleaf-weeds/venice-mallow","https://www.trugreen.com/lawn-care-101/learning-center/broadleaf-weeds/venice-mallow","200","200:https://www.trugreen.com/lawn-care-101/learning-center/broadleaf-weeds/venice-mallow","Venice Mallow | TruGreen","Venice Mallow | TruGreen","https://www.trugreen.com/lawn-care-101/learning-center/broadleaf-weeds/venice-mallow","1","https://www.trugreen.com/lawn-care-101/learning-center/broadleaf-weeds/venice-mallow","1","","200","https://www.trugreen.com/lawn-care-101/learning-center/broadleaf-weeds/venice-mallow","","","","0","1","Venice Mallow","0","header|footer","jsonld:0;types:;invalid:0;missing:","0","0","41","8","https://www.trugreen.com/lawn-care-101 | https://www.trugreen.com/lawn-care-101/learning-center | https://www.trugreen.com/newsroom | https://www.trugreen.com/pay-your-bill | https://www.trugreen.com/pests-products-and-services | https://www.trugreen.com/pga-tour | https://www.trugreen.com/products-and-services | https://www.trugreen.com/why-choose-trugreen/testimonials-and-ratings","","missing-main|internal-links-missing-from-sitemap",""
"chromium","2026-08-31T14:31:41.742Z","prod-release-2-7-2026-08-28","450-800","","https://www.trugreen.com/lawn-care-101/learning-center/broadleaf-weeds/venus-looking-glass","https://www.trugreen.com/lawn-care-101/learning-center/broadleaf-weeds/venus-looking-glass","200","200:https://www.trugreen.com/lawn-care-101/learning-center/broadleaf-weeds/venus-looking-glass","Venus&#x27; Looking Glass | TruGreen","Venus' Looking Glass | TruGreen","https://www.trugreen.com/lawn-care-101/learning-center/broadleaf-weeds/venus-looking-glass","1","https://www.trugreen.com/lawn-care-101/learning-center/broadleaf-weeds/venus-looking-glass","1","","200","https://www.trugreen.com/lawn-care-101/learning-center/broadleaf-weeds/venus-looking-glass","","","","0","1","Venus' Looking Glass","0","header|footer","jsonld:0;types:;invalid:0;missing:","0","0","41","8","https://www.trugreen.com/lawn-care-101 | https://www.trugreen.com/lawn-care-101/learning-center | https://www.trugreen.com/newsroom | https://www.trugreen.com/pay-your-bill | https://www.trugreen.com/pests-products-and-services | https://www.trugreen.com/pga-tour | https://www.trugreen.com/products-and-services | https://www.trugreen.com/why-choose-trugreen/testimonials-and-ratings","","missing-main|internal-links-missing-from-sitemap",""
"chromium","2026-08-31T14:31:41.742Z","prod-release-2-7-2026-08-28","450-800","","https://www.trugreen.com/lawn-care-101/learning-center/broadleaf-weeds/virginia-buttonwood","https://www.trugreen.com/lawn-care-101/learning-center/broadleaf-weeds/virginia-buttonwood","200","200:https://www.trugreen.com/lawn-care-101/learning-center/broadleaf-weeds/virginia-buttonwood","Virginia Buttonwood | TruGreen","Virginia Buttonwood | TruGreen","https://www.trugreen.com/lawn-care-101/learning-center/broadleaf-weeds/virginia-buttonwood","1","https://www.trugreen.com/lawn-care-101/learning-center/broadleaf-weeds/virginia-buttonwood","1","","200","https://www.trugreen.com/lawn-care-101/learning-center/broadleaf-weeds/virginia-buttonwood","","","","0","1","Virginia Buttonwood","0","header|footer","jsonld:0;types:;invalid:0;missing:","0","0","41","8","https://www.trugreen.com/lawn-care-101 | https://www.trugreen.com/lawn-care-101/learning-center | https://www.trugreen.com/newsroom | https://www.trugreen.com/pay-your-bill | https://www.trugreen.com/pests-products-and-services | https://www.trugreen.com/pga-tour | https://www.trugreen.com/products-and-services | https://www.trugreen.com/why-choose-trugreen/testimonials-and-ratings","","missing-main|internal-links-missing-from-sitemap",""
"chromium","2026-08-31T14:31:41.742Z","prod-release-2-7-2026-08-28","450-800","","https://www.trugreen.com/lawn-care-101/learning-center/broadleaf-weeds/virginia-dwarf-dandelion","https://www.trugreen.com/lawn-care-101/learning-center/broadleaf-weeds/virginia-dwarf-dandelion","200","200:https://www.trugreen.com/lawn-care-101/learning-center/broadleaf-weeds/virginia-dwarf-dandelion","Virginia Dwarf Dandelion | TruGreen","Virginia Dwarf Dandelion | TruGreen","https://www.trugreen.com/lawn-care-101/learning-center/broadleaf-weeds/virginia-dwarf-dandelion","1","https://www.trugreen.com/lawn-care-101/learning-center/broadleaf-weeds/virginia-dwarf-dandelion","1","","200","https://www.trugreen.com/lawn-care-101/learning-center/broadleaf-weeds/virginia-dwarf-dandelion","","","","0","1","Virginia Dwarf Dandelion","0","header|footer","jsonld:0;types:;invalid:0;missing:","0","0","41","8","https://www.trugreen.com/lawn-care-101 | https://www.trugreen.com/lawn-care-101/learning-center | https://www.trugreen.com/newsroom | https://www.trugreen.com/pay-your-bill | https://www.trugreen.com/pests-products-and-services | https://www.trugreen.com/pga-tour | https://www.trugreen.com/products-and-services | https://www.trugreen.com/why-choose-trugreen/testimonials-and-ratings","","missing-main|internal-links-missing-from-sitemap",""
"chromium","2026-08-31T14:31:41.742Z","prod-release-2-7-2026-08-28","450-800","","https://www.trugreen.com/lawn-care-101/learning-center/broadleaf-weeds/virginia-peppergrass","https://www.trugreen.com/lawn-care-101/learning-center/broadleaf-weeds/virginia-peppergrass","200","200:https://www.trugreen.com/lawn-care-101/learning-center/broadleaf-weeds/virginia-peppergrass","Virginia Peppergrass | TruGreen","Virginia Peppergrass | TruGreen","https://www.trugreen.com/lawn-care-101/learning-center/broadleaf-weeds/virginia-peppergrass","1","https://www.trugreen.com/lawn-care-101/learning-center/broadleaf-weeds/virginia-peppergrass","1","","200","https://www.trugreen.com/lawn-care-101/learning-center/broadleaf-weeds/virginia-peppergrass","","","","0","1","Virginia Peppergrass","0","header|footer","jsonld:0;types:;invalid:0;missing:","0","0","41","8","https://www.trugreen.com/lawn-care-101 | https://www.trugreen.com/lawn-care-101/learning-center | https://www.trugreen.com/newsroom | https://www.trugreen.com/pay-your-bill | https://www.trugreen.com/pests-products-and-services | https://www.trugreen.com/pga-tour | https://www.trugreen.com/products-and-services | https://www.trugreen.com/why-choose-trugreen/testimonials-and-ratings","","missing-main|internal-links-missing-from-sitemap",""
"chromium","2026-08-31T14:31:41.742Z","prod-release-2-7-2026-08-28","450-800","","https://www.trugreen.com/lawn-care-101/learning-center/broadleaf-weeds/white-clover","https://www.trugreen.com/lawn-care-101/learning-center/broadleaf-weeds/white-clover","200","200:https://www.trugreen.com/lawn-care-101/learning-center/broadleaf-weeds/white-clover","White Clover | TruGreen","White Clover | TruGreen","https://www.trugreen.com/lawn-care-101/learning-center/broadleaf-weeds/white-clover","1","https://www.trugreen.com/lawn-care-101/learning-center/broadleaf-weeds/white-clover","1","","200","https://www.trugreen.com/lawn-care-101/learning-center/broadleaf-weeds/white-clover","","","","0","1","White Clover","0","header|footer","jsonld:0;types:;invalid:0;missing:","0","0","41","8","https://www.trugreen.com/lawn-care-101 | https://www.trugreen.com/lawn-care-101/learning-center | https://www.trugreen.com/newsroom | https://www.trugreen.com/pay-your-bill | https://www.trugreen.com/pests-products-and-services | https://www.trugreen.com/pga-tour | https://www.trugreen.com/products-and-services | https://www.trugreen.com/why-choose-trugreen/testimonials-and-ratings","","missing-main|internal-links-missing-from-sitemap",""
"chromium","2026-08-31T14:31:41.742Z","prod-release-2-7-2026-08-28","450-800","","https://www.trugreen.com/lawn-care-101/learning-center/broadleaf-weeds/white-heath-aster","https://www.trugreen.com/lawn-care-101/learning-center/broadleaf-weeds/white-heath-aster","200","200:https://www.trugreen.com/lawn-care-101/learning-center/broadleaf-weeds/white-heath-aster","White Heath Aster | TruGreen","White Heath Aster | TruGreen","https://www.trugreen.com/lawn-care-101/learning-center/broadleaf-weeds/white-heath-aster","1","https://www.trugreen.com/lawn-care-101/learning-center/broadleaf-weeds/white-heath-aster","1","","200","https://www.trugreen.com/lawn-care-101/learning-center/broadleaf-weeds/white-heath-aster","","","","0","1","White Heath Aster","0","header|footer","jsonld:0;types:;invalid:0;missing:","0","0","41","8","https://www.trugreen.com/lawn-care-101 | https://www.trugreen.com/lawn-care-101/learning-center | https://www.trugreen.com/newsroom | https://www.trugreen.com/pay-your-bill | https://www.trugreen.com/pests-products-and-services | https://www.trugreen.com/pga-tour | https://www.trugreen.com/products-and-services | https://www.trugreen.com/why-choose-trugreen/testimonials-and-ratings","","missing-main|internal-links-missing-from-sitemap",""
"chromium","2026-08-31T14:31:41.742Z","prod-release-2-7-2026-08-28","450-800","","https://www.trugreen.com/lawn-care-101/learning-center/broadleaf-weeds/whitehead-broom","https://www.trugreen.com/lawn-care-101/learning-center/broadleaf-weeds/whitehead-broom","200","200:https://www.trugreen.com/lawn-care-101/learning-center/broadleaf-weeds/whitehead-broom","Whitehead Broom | TruGreen","Whitehead Broom | TruGreen","https://www.trugreen.com/lawn-care-101/learning-center/broadleaf-weeds/whitehead-broom","1","https://www.trugreen.com/lawn-care-101/learning-center/broadleaf-weeds/whitehead-broom","1","","200","https://www.trugreen.com/lawn-care-101/learning-center/broadleaf-weeds/whitehead-broom","","","","0","1","Whitehead Broom","0","header|footer","jsonld:0;types:;invalid:0;missing:","0","0","41","8","https://www.trugreen.com/lawn-care-101 | https://www.trugreen.com/lawn-care-101/learning-center | https://www.trugreen.com/newsroom | https://www.trugreen.com/pay-your-bill | https://www.trugreen.com/pests-products-and-services | https://www.trugreen.com/pga-tour | https://www.trugreen.com/products-and-services | https://www.trugreen.com/why-choose-trugreen/testimonials-and-ratings","","missing-main|internal-links-missing-from-sitemap",""
"chromium","2026-08-31T14:31:41.742Z","prod-release-2-7-2026-08-28","450-800","","https://www.trugreen.com/lawn-care-101/learning-center/broadleaf-weeds/wild-carrot","https://www.trugreen.com/lawn-care-101/learning-center/broadleaf-weeds/wild-carrot","200","200:https://www.trugreen.com/lawn-care-101/learning-center/broadleaf-weeds/wild-carrot","Wild Carrot | TruGreen","Wild Carrot | TruGreen","https://www.trugreen.com/lawn-care-101/learning-center/broadleaf-weeds/wild-carrot","1","https://www.trugreen.com/lawn-care-101/learning-center/broadleaf-weeds/wild-carrot","1","","200","https://www.trugreen.com/lawn-care-101/learning-center/broadleaf-weeds/wild-carrot","","","","0","1","Wild Carrot","0","header|footer","jsonld:0;types:;invalid:0;missing:","0","0","41","8","https://www.trugreen.com/lawn-care-101 | https://www.trugreen.com/lawn-care-101/learning-center | https://www.trugreen.com/newsroom | https://www.trugreen.com/pay-your-bill | https://www.trugreen.com/pests-products-and-services | https://www.trugreen.com/pga-tour | https://www.trugreen.com/products-and-services | https://www.trugreen.com/why-choose-trugreen/testimonials-and-ratings","","missing-main|internal-links-missing-from-sitemap",""
"chromium","2026-08-31T14:31:41.742Z","prod-release-2-7-2026-08-28","450-800","","https://www.trugreen.com/lawn-care-101/learning-center/broadleaf-weeds/wild-violet","https://www.trugreen.com/lawn-care-101/learning-center/broadleaf-weeds/wild-violet","200","200:https://www.trugreen.com/lawn-care-101/learning-center/broadleaf-weeds/wild-violet","Wild Violet | TruGreen","Wild Violet | TruGreen","https://www.trugreen.com/lawn-care-101/learning-center/broadleaf-weeds/wild-violet","1","https://www.trugreen.com/lawn-care-101/learning-center/broadleaf-weeds/wild-violet","1","","200","https://www.trugreen.com/lawn-care-101/learning-center/broadleaf-weeds/wild-violet","","","","0","1","Wild Violet","0","header|footer","jsonld:0;types:;invalid:0;missing:","0","0","41","8","https://www.trugreen.com/lawn-care-101 | https://www.trugreen.com/lawn-care-101/learning-center | https://www.trugreen.com/newsroom | https://www.trugreen.com/pay-your-bill | https://www.trugreen.com/pests-products-and-services | https://www.trugreen.com/pga-tour | https://www.trugreen.com/products-and-services | https://www.trugreen.com/why-choose-trugreen/testimonials-and-ratings","","missing-main|internal-links-missing-from-sitemap",""
"chromium","2026-08-31T14:31:41.742Z","prod-release-2-7-2026-08-28","450-800","","https://www.trugreen.com/lawn-care-101/learning-center/broadleaf-weeds/yarrow","https://www.trugreen.com/lawn-care-101/learning-center/broadleaf-weeds/yarrow","200","200:https://www.trugreen.com/lawn-care-101/learning-center/broadleaf-weeds/yarrow","Yarrow | TruGreen","Yarrow | TruGreen","https://www.trugreen.com/lawn-care-101/learning-center/broadleaf-weeds/yarrow","1","https://www.trugreen.com/lawn-care-101/learning-center/broadleaf-weeds/yarrow","1","","200","https://www.trugreen.com/lawn-care-101/learning-center/broadleaf-weeds/yarrow","","","","0","1","Yarrow","0","header|footer","jsonld:0;types:;invalid:0;missing:","0","0","41","8","https://www.trugreen.com/lawn-care-101 | https://www.trugreen.com/lawn-care-101/learning-center | https://www.trugreen.com/newsroom | https://www.trugreen.com/pay-your-bill | https://www.trugreen.com/pests-products-and-services | https://www.trugreen.com/pga-tour | https://www.trugreen.com/products-and-services | https://www.trugreen.com/why-choose-trugreen/testimonials-and-ratings","","missing-main|internal-links-missing-from-sitemap",""
"chromium","2026-08-31T14:31:41.742Z","prod-release-2-7-2026-08-28","450-800","","https://www.trugreen.com/lawn-care-101/learning-center/broadleaf-weeds/yellow-hawkweed","https://www.trugreen.com/lawn-care-101/learning-center/broadleaf-weeds/yellow-hawkweed","200","200:https://www.trugreen.com/lawn-care-101/learning-center/broadleaf-weeds/yellow-hawkweed","Yellow Hawkweed | TruGreen","Yellow Hawkweed | TruGreen","https://www.trugreen.com/lawn-care-101/learning-center/broadleaf-weeds/yellow-hawkweed","1","https://www.trugreen.com/lawn-care-101/learning-center/broadleaf-weeds/yellow-hawkweed","1","","200","https://www.trugreen.com/lawn-care-101/learning-center/broadleaf-weeds/yellow-hawkweed","","","","0","0","","0","header|footer","jsonld:0;types:;invalid:0;missing:","0","0","41","8","https://www.trugreen.com/lawn-care-101 | https://www.trugreen.com/lawn-care-101/learning-center | https://www.trugreen.com/newsroom | https://www.trugreen.com/pay-your-bill | https://www.trugreen.com/pests-products-and-services | https://www.trugreen.com/pga-tour | https://www.trugreen.com/products-and-services | https://www.trugreen.com/why-choose-trugreen/testimonials-and-ratings","","missing-h1|missing-main|internal-links-missing-from-sitemap",""
"chromium","2026-08-31T14:31:41.742Z","prod-release-2-7-2026-08-28","450-800","","https://www.trugreen.com/lawn-care-101/learning-center/broadleaf-weeds/yellow-rocket","https://www.trugreen.com/lawn-care-101/learning-center/broadleaf-weeds/yellow-rocket","200","200:https://www.trugreen.com/lawn-care-101/learning-center/broadleaf-weeds/yellow-rocket","Yellow Rocket | TruGreen","Yellow Rocket | TruGreen","https://www.trugreen.com/lawn-care-101/learning-center/broadleaf-weeds/yellow-rocket","1","https://www.trugreen.com/lawn-care-101/learning-center/broadleaf-weeds/yellow-rocket","1","","200","https://www.trugreen.com/lawn-care-101/learning-center/broadleaf-weeds/yellow-rocket","","","","0","1","Yellow Rocket","0","header|footer","jsonld:0;types:;invalid:0;missing:","0","0","41","8","https://www.trugreen.com/lawn-care-101 | https://www.trugreen.com/lawn-care-101/learning-center | https://www.trugreen.com/newsroom | https://www.trugreen.com/pay-your-bill | https://www.trugreen.com/pests-products-and-services | https://www.trugreen.com/pga-tour | https://www.trugreen.com/products-and-services | https://www.trugreen.com/why-choose-trugreen/testimonials-and-ratings","","missing-main|internal-links-missing-from-sitemap",""
"chromium","2026-08-31T14:31:41.742Z","prod-release-2-7-2026-08-28","450-800","","https://www.trugreen.com/lawn-care-101/learning-center/grass-basics","https://www.trugreen.com/lawn-care-101/learning-center/grass-basics","200","200:https://www.trugreen.com/lawn-care-101/learning-center/grass-basics","Lawn Maintenance Tips for a Healthy Yard | TruGreen","Lawn Maintenance Tips for a Healthy Yard | TruGreen","https://www.trugreen.com/lawn-care-101/learning-center/grass-basics","1","https://www.trugreen.com/lawn-care-101/learning-center/grass-basics","1","","200","https://www.trugreen.com/lawn-care-101/learning-center/grass-basics","","","","0","1","What are Grass Basics?","0","main|header|nav|footer","jsonld:1;types:WebSite;invalid:0;missing:jsonld_0_missing_@context","0","0","52","15","https://www.trugreen.com/chat/organic-promo | https://www.trugreen.com/lawn-care-101 | https://www.trugreen.com/lawn-care-101/learning-center | https://www.trugreen.com/my-account/account-settings | https://www.trugreen.com/my-account/account-summary | https://www.trugreen.com/my-account/my-documents | https://www.trugreen.com/my-account/my-services | https://www.trugreen.com/my-account/payments | https://www.trugreen.com/newsroom | https://www.trugreen.com/pay-your-bill | https://www.trugreen.com/pests-products-and-services | https://www.trugreen.com/pga-tour | https://www.trugreen.com/products-and-services | https://www.trugreen.com/products-and-services/tree-and-shrub-service | https://www.trugreen.com/why-choose-trugreen/testimonials-and-ratings","","internal-links-missing-from-sitemap",""
"chromium","2026-08-31T14:31:41.742Z","prod-release-2-7-2026-08-28","450-800","","https://www.trugreen.com/lawn-care-101/learning-center/grass-basics/dig-deeper/4-stages-of-drought-stress","https://www.trugreen.com/lawn-care-101/learning-center/grass-basics/dig-deeper/4-stages-of-drought-stress","200","200:https://www.trugreen.com/lawn-care-101/learning-center/grass-basics/dig-deeper/4-stages-of-drought-stress","Spotting the 4 Stages of Drought Stress | TruGreen","Spotting the 4 Stages of Drought Stress | TruGreen","https://www.trugreen.com/lawn-care-101/learning-center/grass-basics/dig-deeper/4-stages-of-drought-stress","1","https://www.trugreen.com/lawn-care-101/learning-center/grass-basics/dig-deeper/4-stages-of-drought-stress","1","","200","https://www.trugreen.com/lawn-care-101/learning-center/grass-basics/dig-deeper/4-stages-of-drought-stress","","","","0","1","Lawn Maintenance: The 4 Stages of Drought Stress","0","main|header|nav|footer","jsonld:0;types:;invalid:0;missing:","0","0","47","15","https://www.trugreen.com/chat/organic-promo | https://www.trugreen.com/lawn-care-101 | https://www.trugreen.com/lawn-care-101/learning-center | https://www.trugreen.com/my-account/account-settings | https://www.trugreen.com/my-account/account-summary | https://www.trugreen.com/my-account/my-documents | https://www.trugreen.com/my-account/my-services | https://www.trugreen.com/my-account/payments | https://www.trugreen.com/newsroom | https://www.trugreen.com/pay-your-bill | https://www.trugreen.com/pests-products-and-services | https://www.trugreen.com/pga-tour | https://www.trugreen.com/products-and-services | https://www.trugreen.com/products-and-services/tree-and-shrub-service | https://www.trugreen.com/why-choose-trugreen/testimonials-and-ratings","","internal-links-missing-from-sitemap",""
"chromium","2026-08-31T14:31:41.742Z","prod-release-2-7-2026-08-28","450-800","","https://www.trugreen.com/lawn-care-101/learning-center/grass-basics/dig-deeper/advanced-soil-basics","https://www.trugreen.com/lawn-care-101/learning-center/grass-basics/dig-deeper/advanced-soil-basics","200","200:https://www.trugreen.com/lawn-care-101/learning-center/grass-basics/dig-deeper/advanced-soil-basics","Complete Guide to Healthy Lawn Soil | TruGreen","Complete Guide to Healthy Lawn Soil | TruGreen","https://www.trugreen.com/lawn-care-101/learning-center/grass-basics/dig-deeper/advanced-soil-basics","1","https://www.trugreen.com/lawn-care-101/learning-center/grass-basics/dig-deeper/advanced-soil-basics","1","","200","https://www.trugreen.com/lawn-care-101/learning-center/grass-basics/dig-deeper/advanced-soil-basics","","","","0","1","Advanced Soil Basics for Better Lawn Maintenance","0","main|header|nav|footer","jsonld:0;types:;invalid:0;missing:","0","0","47","15","https://www.trugreen.com/chat/organic-promo | https://www.trugreen.com/lawn-care-101 | https://www.trugreen.com/lawn-care-101/learning-center | https://www.trugreen.com/my-account/account-settings | https://www.trugreen.com/my-account/account-summary | https://www.trugreen.com/my-account/my-documents | https://www.trugreen.com/my-account/my-services | https://www.trugreen.com/my-account/payments | https://www.trugreen.com/newsroom | https://www.trugreen.com/pay-your-bill | https://www.trugreen.com/pests-products-and-services | https://www.trugreen.com/pga-tour | https://www.trugreen.com/products-and-services | https://www.trugreen.com/products-and-services/tree-and-shrub-service | https://www.trugreen.com/why-choose-trugreen/testimonials-and-ratings","","internal-links-missing-from-sitemap",""
"chromium","2026-08-31T14:31:41.742Z","prod-release-2-7-2026-08-28","450-800","","https://www.trugreen.com/lawn-care-101/learning-center/grass-basics/dig-deeper/automatic-irrigation-systems","https://www.trugreen.com/lawn-care-101/blog","200","301:https://www.trugreen.com/lawn-care-101/learning-center/grass-basics/dig-deeper/automatic-irrigation-systems -> 301:https://www.trugreen.com/lawn-care-101/blog/trugreen-lawn-care-services/lawn-sprinkler-system-repair -> 200:https://www.trugreen.com/lawn-care-101/blog","TruGreen Blog | TruGreen","TruGreen Blog | TruGreen","https://www.trugreen.com/lawn-care-101/blog","1","https://www.trugreen.com/lawn-care-101/blog","1","","200","https://www.trugreen.com/lawn-care-101/blog","","","","0","1","Looking for advice?Turn to the experts.","0","main|header|footer","jsonld:1;types:Blog|BreadcrumbList|CollectionPage;invalid:0;missing:","0","0","86","22","https://www.trugreen.com/lawn-care-101 | https://www.trugreen.com/lawn-care-101/blog/beyond-lawn/hosting-backyard-party | https://www.trugreen.com/lawn-care-101/blog/consistent-lawn-care | https://www.trugreen.com/lawn-care-101/blog/lawn-care/lawn-care-myths | https://www.trugreen.com/lawn-care-101/blog/lawn-care/lawn-care-vs-landscaping | https://www.trugreen.com/lawn-care-101/blog/lawn-care/lawn-mowing-spread-weeds | https://www.trugreen.com/lawn-care-101/blog/lawn-care/what-lawn-need-thrive | https://www.trugreen.com/lawn-care-101/blog/lawn-care/what-my-lawn-need | https://www.trugreen.com/lawn-care-101/blog/lawn-care/when-aerate-and-overseed-northeast | https://www.trugreen.com/lawn-care-101/blog/lawn-damage/lawn-care-signs-stress | https://www.trugreen.com/lawn-care-101/blog/pest-control/how-control-fleas-yard | https://www.trugreen.com/lawn-care-101/blog/tree-shrub-care/tree-disease-treatment | https://www.trugreen.com/lawn-care-101/blog/weed-control/control-wild-violets | https://www.trugreen.com/lawn-care-101/blog/weed-control/how-control-clover-lawn | https://www.trugreen.com/lawn-care-101/blog/weed-control/weeds-from-coming-back | https://www.trugreen.com/lawn-care-101/learning-center | https://www.trugreen.com/newsroom | https://www.trugreen.com/pay-your-bill | https://www.trugreen.com/pests-products-and-services | https://www.trugreen.com/pga-tour | https://www.trugreen.com/products-and-services | https://www.trugreen.com/why-choose-trugreen/testimonials-and-ratings","","internal-links-missing-from-sitemap|duplicate-title",""
"chromium","2026-08-31T14:31:41.742Z","prod-release-2-7-2026-08-28","450-800","","https://www.trugreen.com/lawn-care-101/learning-center/grass-basics/dig-deeper/core-aeration","https://www.trugreen.com/lawn-care-101/blog/aeration-service/what-to-expect-with-lawn-aeration-services","200","301:https://www.trugreen.com/lawn-care-101/learning-center/grass-basics/dig-deeper/core-aeration -> 301:https://www.trugreen.com/lawn-care-101/blog/aeration-service/benefits-of-spring-aeration-trugreen -> 200:https://www.trugreen.com/lawn-care-101/blog/aeration-service/what-to-expect-with-lawn-aeration-services","What to Expect With Lawn Aeration Services | TruGreen","What to Expect With Lawn Aeration Services | TruGreen","https://www.trugreen.com/lawn-care-101/blog/aeration-service/what-to-expect-with-lawn-aeration-services","1","https://www.trugreen.com/lawn-care-101/blog/aeration-service/what-to-expect-with-lawn-aeration-services","1","","200","https://www.trugreen.com/lawn-care-101/blog/aeration-service/what-to-expect-with-lawn-aeration-services","","","","0","1","What to Expect When You Aerate with TruGreen","0","header|nav|footer","jsonld:1;types:Article;invalid:0;missing:jsonld_0_missing_@context","0","0","49","18","https://www.trugreen.com/lawn-care-101 | https://www.trugreen.com/lawn-care-101/blog?topic=Lawn+Care | https://www.trugreen.com/lawn-care-101/blog?type=Blog | https://www.trugreen.com/lawn-care-101/blog/lawn-care/lawn-care-myths | https://www.trugreen.com/lawn-care-101/blog/lawn-care/lawn-care-vs-landscaping | https://www.trugreen.com/lawn-care-101/blog/lawn-care/lawn-mowing-spread-weeds | https://www.trugreen.com/lawn-care-101/learning-center | https://www.trugreen.com/my-account/account-settings | https://www.trugreen.com/my-account/account-summary | https://www.trugreen.com/my-account/my-documents | https://www.trugreen.com/my-account/my-services | https://www.trugreen.com/my-account/payments | https://www.trugreen.com/newsroom | https://www.trugreen.com/pay-your-bill | https://www.trugreen.com/pests-products-and-services | https://www.trugreen.com/pga-tour | https://www.trugreen.com/products-and-services | https://www.trugreen.com/why-choose-trugreen/testimonials-and-ratings","","missing-main|internal-links-missing-from-sitemap",""
"chromium","2026-08-31T14:31:41.742Z","prod-release-2-7-2026-08-28","450-800","","https://www.trugreen.com/lawn-care-101/learning-center/grass-basics/dig-deeper/grass-clippings-and-thatch","https://www.trugreen.com/lawn-care-101/learning-center/grass-basics/dig-deeper/grass-clippings-and-thatch","200","200:https://www.trugreen.com/lawn-care-101/learning-center/grass-basics/dig-deeper/grass-clippings-and-thatch","What to Do With Your Grass Clippings | TruGreen","What to Do With Your Grass Clippings | TruGreen","https://www.trugreen.com/lawn-care-101/learning-center/grass-basics/dig-deeper/grass-clippings-and-thatch","1","https://www.trugreen.com/lawn-care-101/learning-center/grass-basics/dig-deeper/grass-clippings-and-thatch","1","","200","https://www.trugreen.com/lawn-care-101/learning-center/grass-basics/dig-deeper/grass-clippings-and-thatch","","","","0","1","Lawn Care Tips: What to Do With Grass Clippings","0","main|header|nav|footer","jsonld:1;types:;invalid:0;missing:jsonld_0_missing_@context|jsonld_0_missing_@type","0","0","47","15","https://www.trugreen.com/chat/organic-promo | https://www.trugreen.com/lawn-care-101 | https://www.trugreen.com/lawn-care-101/learning-center | https://www.trugreen.com/my-account/account-settings | https://www.trugreen.com/my-account/account-summary | https://www.trugreen.com/my-account/my-documents | https://www.trugreen.com/my-account/my-services | https://www.trugreen.com/my-account/payments | https://www.trugreen.com/newsroom | https://www.trugreen.com/pay-your-bill | https://www.trugreen.com/pests-products-and-services | https://www.trugreen.com/pga-tour | https://www.trugreen.com/products-and-services | https://www.trugreen.com/products-and-services/tree-and-shrub-service | https://www.trugreen.com/why-choose-trugreen/testimonials-and-ratings","","internal-links-missing-from-sitemap",""
"chromium","2026-08-31T14:31:41.742Z","prod-release-2-7-2026-08-28","450-800","","https://www.trugreen.com/lawn-care-101/learning-center/grass-basics/dig-deeper/lawn-mowing-tips","https://www.trugreen.com/lawn-care-101/learning-center/grass-basics/dig-deeper/lawn-mowing-tips","200","200:https://www.trugreen.com/lawn-care-101/learning-center/grass-basics/dig-deeper/lawn-mowing-tips","Professional Lawn Mowing Tips For Home Lawns | TruGreen","Professional Lawn Mowing Tips For Home Lawns | TruGreen","https://www.trugreen.com/lawn-care-101/learning-center/grass-basics/dig-deeper/lawn-mowing-tips","1","https://www.trugreen.com/lawn-care-101/learning-center/grass-basics/dig-deeper/lawn-mowing-tips","1","","200","https://www.trugreen.com/lawn-care-101/learning-center/grass-basics/dig-deeper/lawn-mowing-tips","","","","0","1","Lawn Mowing Tips From the Pros","0","main|header|nav|footer","jsonld:1;types:;invalid:0;missing:jsonld_0_missing_@context|jsonld_0_missing_@type","0","0","47","15","https://www.trugreen.com/chat/organic-promo | https://www.trugreen.com/lawn-care-101 | https://www.trugreen.com/lawn-care-101/learning-center | https://www.trugreen.com/my-account/account-settings | https://www.trugreen.com/my-account/account-summary | https://www.trugreen.com/my-account/my-documents | https://www.trugreen.com/my-account/my-services | https://www.trugreen.com/my-account/payments | https://www.trugreen.com/newsroom | https://www.trugreen.com/pay-your-bill | https://www.trugreen.com/pests-products-and-services | https://www.trugreen.com/pga-tour | https://www.trugreen.com/products-and-services | https://www.trugreen.com/products-and-services/tree-and-shrub-service | https://www.trugreen.com/why-choose-trugreen/testimonials-and-ratings","","internal-links-missing-from-sitemap|duplicate-title",""
"chromium","2026-08-31T14:31:41.742Z","prod-release-2-7-2026-08-28","450-800","","https://www.trugreen.com/lawn-care-101/learning-center/grass-basics/dig-deeper/mowing-warm-vs-cool-season-grass","https://www.trugreen.com/lawn-care-101/learning-center/grass-basics/dig-deeper/mowing-warm-vs-cool-season-grass","200","200:https://www.trugreen.com/lawn-care-101/learning-center/grass-basics/dig-deeper/mowing-warm-vs-cool-season-grass","Mowing Tips for Warm- and Cool-season Grasses | TruGreen","Mowing Tips for Warm- and Cool-season Grasses | TruGreen","https://www.trugreen.com/lawn-care-101/learning-center/grass-basics/dig-deeper/mowing-warm-vs-cool-season-grass","1","https://www.trugreen.com/lawn-care-101/learning-center/grass-basics/dig-deeper/mowing-warm-vs-cool-season-grass","1","","200","https://www.trugreen.com/lawn-care-101/learning-center/grass-basics/dig-deeper/mowing-warm-vs-cool-season-grass","","","","0","1","Lawn Mowing Tips: Warm- vs. Cool-season Grasses","0","main|header|nav|footer","jsonld:0;types:;invalid:0;missing:","0","0","47","15","https://www.trugreen.com/chat/organic-promo | https://www.trugreen.com/lawn-care-101 | https://www.trugreen.com/lawn-care-101/learning-center | https://www.trugreen.com/my-account/account-settings | https://www.trugreen.com/my-account/account-summary | https://www.trugreen.com/my-account/my-documents | https://www.trugreen.com/my-account/my-services | https://www.trugreen.com/my-account/payments | https://www.trugreen.com/newsroom | https://www.trugreen.com/pay-your-bill | https://www.trugreen.com/pests-products-and-services | https://www.trugreen.com/pga-tour | https://www.trugreen.com/products-and-services | https://www.trugreen.com/products-and-services/tree-and-shrub-service | https://www.trugreen.com/why-choose-trugreen/testimonials-and-ratings","","internal-links-missing-from-sitemap",""
"chromium","2026-08-31T14:31:41.742Z","prod-release-2-7-2026-08-28","450-800","","https://www.trugreen.com/lawn-care-101/learning-center/grass-basics/dig-deeper/soil-chemistry","https://www.trugreen.com/lawn-care-101/learning-center/grass-basics/dig-deeper/soil-chemistry","200","200:https://www.trugreen.com/lawn-care-101/learning-center/grass-basics/dig-deeper/soil-chemistry","Soil Chemistry: The Science Beneath Your Lawn | TruGreen","Soil Chemistry: The Science Beneath Your Lawn | TruGreen","https://www.trugreen.com/lawn-care-101/learning-center/grass-basics/dig-deeper/soil-chemistry","1","https://www.trugreen.com/lawn-care-101/learning-center/grass-basics/dig-deeper/soil-chemistry","1","","200","https://www.trugreen.com/lawn-care-101/learning-center/grass-basics/dig-deeper/soil-chemistry","","","","0","1","Lawn Care Tips: Adjusting Soil Chemistry","0","main|header|nav|footer","jsonld:0;types:;invalid:0;missing:","0","0","47","15","https://www.trugreen.com/chat/organic-promo | https://www.trugreen.com/lawn-care-101 | https://www.trugreen.com/lawn-care-101/learning-center | https://www.trugreen.com/my-account/account-settings | https://www.trugreen.com/my-account/account-summary | https://www.trugreen.com/my-account/my-documents | https://www.trugreen.com/my-account/my-services | https://www.trugreen.com/my-account/payments | https://www.trugreen.com/newsroom | https://www.trugreen.com/pay-your-bill | https://www.trugreen.com/pests-products-and-services | https://www.trugreen.com/pga-tour | https://www.trugreen.com/products-and-services | https://www.trugreen.com/products-and-services/tree-and-shrub-service | https://www.trugreen.com/why-choose-trugreen/testimonials-and-ratings","","internal-links-missing-from-sitemap",""
"chromium","2026-08-31T14:31:41.742Z","prod-release-2-7-2026-08-28","450-800","","https://www.trugreen.com/lawn-care-101/learning-center/grass-basics/dig-deeper/soil-texture","https://www.trugreen.com/lawn-care-101/learning-center/grass-basics/dig-deeper/soil-texture","200","200:https://www.trugreen.com/lawn-care-101/learning-center/grass-basics/dig-deeper/soil-texture","How to Determine Your Soil Texture | TruGreen","How to Determine Your Soil Texture | TruGreen","https://www.trugreen.com/lawn-care-101/learning-center/grass-basics/dig-deeper/soil-texture","1","https://www.trugreen.com/lawn-care-101/learning-center/grass-basics/dig-deeper/soil-texture","1","","200","https://www.trugreen.com/lawn-care-101/learning-center/grass-basics/dig-deeper/soil-texture","","","","0","1","Lawn Care Tips: Get to Know Your Soil Texture","0","main|header|nav|footer","jsonld:0;types:;invalid:0;missing:","0","0","47","15","https://www.trugreen.com/chat/organic-promo | https://www.trugreen.com/lawn-care-101 | https://www.trugreen.com/lawn-care-101/learning-center | https://www.trugreen.com/my-account/account-settings | https://www.trugreen.com/my-account/account-summary | https://www.trugreen.com/my-account/my-documents | https://www.trugreen.com/my-account/my-services | https://www.trugreen.com/my-account/payments | https://www.trugreen.com/newsroom | https://www.trugreen.com/pay-your-bill | https://www.trugreen.com/pests-products-and-services | https://www.trugreen.com/pga-tour | https://www.trugreen.com/products-and-services | https://www.trugreen.com/products-and-services/tree-and-shrub-service | https://www.trugreen.com/why-choose-trugreen/testimonials-and-ratings","","internal-links-missing-from-sitemap",""
"chromium","2026-08-31T14:31:41.742Z","prod-release-2-7-2026-08-28","450-800","","https://www.trugreen.com/lawn-care-101/learning-center/grass-basics/dig-deeper/thatch-and-diagnosing-soil-problems","https://www.trugreen.com/lawn-care-101/blog/lawn-care-tips/thatch-101","200","301:https://www.trugreen.com/lawn-care-101/learning-center/grass-basics/dig-deeper/thatch-and-diagnosing-soil-problems -> 200:https://www.trugreen.com/lawn-care-101/blog/lawn-care-tips/thatch-101","Thatch 101 | TruGreen","Thatch 101 | TruGreen","https://www.trugreen.com/lawn-care-101/blog/lawn-care-tips/thatch-101","1","https://www.trugreen.com/lawn-care-101/blog/lawn-care-tips/thatch-101","1","","200","https://www.trugreen.com/lawn-care-101/blog/lawn-care-tips/thatch-101","","","","0","1","Dealing with Thatch: Your First Step to a Lush Spring Lawn","0","header|footer","jsonld:1;types:Article;invalid:0;missing:jsonld_0_missing_@context","0","0","46","13","https://www.trugreen.com/get-a-quote/custom-services | https://www.trugreen.com/lawn-care-101 | https://www.trugreen.com/lawn-care-101/blog?topic=Lawn+Care | https://www.trugreen.com/lawn-care-101/blog?type=Blog | https://www.trugreen.com/lawn-care-101/learning-center | https://www.trugreen.com/newsroom | https://www.trugreen.com/node/38466 | https://www.trugreen.com/node/38468 | https://www.trugreen.com/pay-your-bill | https://www.trugreen.com/pests-products-and-services | https://www.trugreen.com/pga-tour | https://www.trugreen.com/products-and-services | https://www.trugreen.com/why-choose-trugreen/testimonials-and-ratings","","missing-main|internal-links-missing-from-sitemap",""
"chromium","2026-08-31T14:31:41.742Z","prod-release-2-7-2026-08-28","450-800","","https://www.trugreen.com/lawn-care-101/learning-center/grassy-weeds","https://www.trugreen.com/lawn-care-101/learning-center/grassy-weeds","200","200:https://www.trugreen.com/lawn-care-101/learning-center/grassy-weeds","Identifying and Controlling Grassy Weeds | TruGreen","Identifying and Controlling Grassy Weeds | TruGreen","https://www.trugreen.com/lawn-care-101/learning-center/grassy-weeds","1","https://www.trugreen.com/lawn-care-101/learning-center/grassy-weeds","1","","200","https://www.trugreen.com/lawn-care-101/learning-center/grassy-weeds","","","","0","1","Grassy Weeds","0","main|header|nav|footer","jsonld:1;types:WebSite;invalid:0;missing:jsonld_0_missing_@context","0","0","52","15","https://www.trugreen.com/chat/organic-promo | https://www.trugreen.com/lawn-care-101 | https://www.trugreen.com/lawn-care-101/learning-center | https://www.trugreen.com/my-account/account-settings | https://www.trugreen.com/my-account/account-summary | https://www.trugreen.com/my-account/my-documents | https://www.trugreen.com/my-account/my-services | https://www.trugreen.com/my-account/payments | https://www.trugreen.com/newsroom | https://www.trugreen.com/pay-your-bill | https://www.trugreen.com/pests-products-and-services | https://www.trugreen.com/pga-tour | https://www.trugreen.com/products-and-services | https://www.trugreen.com/products-and-services/tree-and-shrub-service | https://www.trugreen.com/why-choose-trugreen/testimonials-and-ratings","","internal-links-missing-from-sitemap",""
"chromium","2026-08-31T14:31:41.742Z","prod-release-2-7-2026-08-28","450-800","","https://www.trugreen.com/lawn-care-101/learning-center/grassy-weeds/annual-bluegrass","https://www.trugreen.com/lawn-care-101/learning-center/grassy-weeds/annual-bluegrass","200","200:https://www.trugreen.com/lawn-care-101/learning-center/grassy-weeds/annual-bluegrass","Annual Bluegrass Grassy Weeds | TruGreen","Annual Bluegrass Grassy Weeds | TruGreen","https://www.trugreen.com/lawn-care-101/learning-center/grassy-weeds/annual-bluegrass","1","https://www.trugreen.com/lawn-care-101/learning-center/grassy-weeds/annual-bluegrass","1","","200","https://www.trugreen.com/lawn-care-101/learning-center/grassy-weeds/annual-bluegrass","","","","0","0","","0","header|footer","jsonld:0;types:;invalid:0;missing:","0","0","41","8","https://www.trugreen.com/lawn-care-101 | https://www.trugreen.com/lawn-care-101/learning-center | https://www.trugreen.com/newsroom | https://www.trugreen.com/pay-your-bill | https://www.trugreen.com/pests-products-and-services | https://www.trugreen.com/pga-tour | https://www.trugreen.com/products-and-services | https://www.trugreen.com/why-choose-trugreen/testimonials-and-ratings","","missing-h1|missing-main|internal-links-missing-from-sitemap",""
"chromium","2026-08-31T14:31:41.742Z","prod-release-2-7-2026-08-28","450-800","","https://www.trugreen.com/lawn-care-101/learning-center/grassy-weeds/annual-kyllinga","https://www.trugreen.com/lawn-care-101/learning-center/grassy-weeds/annual-kyllinga","200","200:https://www.trugreen.com/lawn-care-101/learning-center/grassy-weeds/annual-kyllinga","Annual Kyllinga | TruGreen","Annual Kyllinga | TruGreen","https://www.trugreen.com/lawn-care-101/learning-center/grassy-weeds/annual-kyllinga","1","https://www.trugreen.com/lawn-care-101/learning-center/grassy-weeds/annual-kyllinga","1","","200","https://www.trugreen.com/lawn-care-101/learning-center/grassy-weeds/annual-kyllinga","","","","0","0","","0","header|footer","jsonld:0;types:;invalid:0;missing:","0","0","41","8","https://www.trugreen.com/lawn-care-101 | https://www.trugreen.com/lawn-care-101/learning-center | https://www.trugreen.com/newsroom | https://www.trugreen.com/pay-your-bill | https://www.trugreen.com/pests-products-and-services | https://www.trugreen.com/pga-tour | https://www.trugreen.com/products-and-services | https://www.trugreen.com/why-choose-trugreen/testimonials-and-ratings","","missing-h1|missing-main|internal-links-missing-from-sitemap",""
"chromium","2026-08-31T14:31:41.742Z","prod-release-2-7-2026-08-28","450-800","","https://www.trugreen.com/lawn-care-101/learning-center/grassy-weeds/annual-ryegrass","https://www.trugreen.com/lawn-care-101/learning-center/grassy-weeds/annual-ryegrass","200","200:https://www.trugreen.com/lawn-care-101/learning-center/grassy-weeds/annual-ryegrass","Annual Ryegrass | TruGreen","Annual Ryegrass | TruGreen","https://www.trugreen.com/lawn-care-101/learning-center/grassy-weeds/annual-ryegrass","1","https://www.trugreen.com/lawn-care-101/learning-center/grassy-weeds/annual-ryegrass","1","","200","https://www.trugreen.com/lawn-care-101/learning-center/grassy-weeds/annual-ryegrass","","","","0","0","","0","header|footer","jsonld:0;types:;invalid:0;missing:","0","0","41","8","https://www.trugreen.com/lawn-care-101 | https://www.trugreen.com/lawn-care-101/learning-center | https://www.trugreen.com/newsroom | https://www.trugreen.com/pay-your-bill | https://www.trugreen.com/pests-products-and-services | https://www.trugreen.com/pga-tour | https://www.trugreen.com/products-and-services | https://www.trugreen.com/why-choose-trugreen/testimonials-and-ratings","","missing-h1|missing-main|internal-links-missing-from-sitemap",""
"chromium","2026-08-31T14:31:41.742Z","prod-release-2-7-2026-08-28","450-800","","https://www.trugreen.com/lawn-care-101/learning-center/grassy-weeds/barnyardgrass","https://www.trugreen.com/lawn-care-101/learning-center/grassy-weeds/barnyardgrass","200","200:https://www.trugreen.com/lawn-care-101/learning-center/grassy-weeds/barnyardgrass","Barnyardgrass | TruGreen","Barnyardgrass | TruGreen","https://www.trugreen.com/lawn-care-101/learning-center/grassy-weeds/barnyardgrass","1","https://www.trugreen.com/lawn-care-101/learning-center/grassy-weeds/barnyardgrass","1","","200","https://www.trugreen.com/lawn-care-101/learning-center/grassy-weeds/barnyardgrass","","","","0","0","","0","header|footer","jsonld:0;types:;invalid:0;missing:","0","0","41","8","https://www.trugreen.com/lawn-care-101 | https://www.trugreen.com/lawn-care-101/learning-center | https://www.trugreen.com/newsroom | https://www.trugreen.com/pay-your-bill | https://www.trugreen.com/pests-products-and-services | https://www.trugreen.com/pga-tour | https://www.trugreen.com/products-and-services | https://www.trugreen.com/why-choose-trugreen/testimonials-and-ratings","","missing-h1|missing-main|internal-links-missing-from-sitemap",""
"chromium","2026-08-31T14:31:41.742Z","prod-release-2-7-2026-08-28","450-800","","https://www.trugreen.com/lawn-care-101/learning-center/grassy-weeds/bermudagrass","https://www.trugreen.com/lawn-care-101/learning-center/grassy-weeds/bermudagrass","200","200:https://www.trugreen.com/lawn-care-101/learning-center/grassy-weeds/bermudagrass","Bermudagrass | TruGreen","Bermudagrass | TruGreen","https://www.trugreen.com/lawn-care-101/learning-center/grassy-weeds/bermudagrass","1","https://www.trugreen.com/lawn-care-101/learning-center/grassy-weeds/bermudagrass","1","","200","https://www.trugreen.com/lawn-care-101/learning-center/grassy-weeds/bermudagrass","","","","0","0","","0","header|footer","jsonld:0;types:;invalid:0;missing:","0","0","41","8","https://www.trugreen.com/lawn-care-101 | https://www.trugreen.com/lawn-care-101/learning-center | https://www.trugreen.com/newsroom | https://www.trugreen.com/pay-your-bill | https://www.trugreen.com/pests-products-and-services | https://www.trugreen.com/pga-tour | https://www.trugreen.com/products-and-services | https://www.trugreen.com/why-choose-trugreen/testimonials-and-ratings","","missing-h1|missing-main|internal-links-missing-from-sitemap|duplicate-title",""
"chromium","2026-08-31T14:31:41.742Z","prod-release-2-7-2026-08-28","450-800","","https://www.trugreen.com/lawn-care-101/learning-center/grassy-weeds/blanket-crabgrass","https://www.trugreen.com/lawn-care-101/learning-center/grassy-weeds/blanket-crabgrass","200","200:https://www.trugreen.com/lawn-care-101/learning-center/grassy-weeds/blanket-crabgrass","Blanket Crabgrass | TruGreen","Blanket Crabgrass | TruGreen","https://www.trugreen.com/lawn-care-101/learning-center/grassy-weeds/blanket-crabgrass","1","https://www.trugreen.com/lawn-care-101/learning-center/grassy-weeds/blanket-crabgrass","1","","200","https://www.trugreen.com/lawn-care-101/learning-center/grassy-weeds/blanket-crabgrass","","","","0","0","","0","header|footer","jsonld:0;types:;invalid:0;missing:","0","0","41","8","https://www.trugreen.com/lawn-care-101 | https://www.trugreen.com/lawn-care-101/learning-center | https://www.trugreen.com/newsroom | https://www.trugreen.com/pay-your-bill | https://www.trugreen.com/pests-products-and-services | https://www.trugreen.com/pga-tour | https://www.trugreen.com/products-and-services | https://www.trugreen.com/why-choose-trugreen/testimonials-and-ratings","","missing-h1|missing-main|internal-links-missing-from-sitemap",""
"chromium","2026-08-31T14:31:41.742Z","prod-release-2-7-2026-08-28","450-800","","https://www.trugreen.com/lawn-care-101/learning-center/grassy-weeds/blue-eyed-grass","https://www.trugreen.com/lawn-care-101/learning-center/grassy-weeds/blue-eyed-grass","200","200:https://www.trugreen.com/lawn-care-101/learning-center/grassy-weeds/blue-eyed-grass","Blue-eyed Grass | TruGreen","Blue-eyed Grass | TruGreen","https://www.trugreen.com/lawn-care-101/learning-center/grassy-weeds/blue-eyed-grass","1","https://www.trugreen.com/lawn-care-101/learning-center/grassy-weeds/blue-eyed-grass","1","","200","https://www.trugreen.com/lawn-care-101/learning-center/grassy-weeds/blue-eyed-grass","","","","0","0","","0","header|footer","jsonld:0;types:;invalid:0;missing:","0","0","41","8","https://www.trugreen.com/lawn-care-101 | https://www.trugreen.com/lawn-care-101/learning-center | https://www.trugreen.com/newsroom | https://www.trugreen.com/pay-your-bill | https://www.trugreen.com/pests-products-and-services | https://www.trugreen.com/pga-tour | https://www.trugreen.com/products-and-services | https://www.trugreen.com/why-choose-trugreen/testimonials-and-ratings","","missing-h1|missing-main|internal-links-missing-from-sitemap",""
"chromium","2026-08-31T14:31:41.742Z","prod-release-2-7-2026-08-28","450-800","","https://www.trugreen.com/lawn-care-101/learning-center/grassy-weeds/broadleaf-panicum","https://www.trugreen.com/lawn-care-101/learning-center/grassy-weeds/broadleaf-panicum","200","200:https://www.trugreen.com/lawn-care-101/learning-center/grassy-weeds/broadleaf-panicum","Broadleaf Panicum | TruGreen","Broadleaf Panicum | TruGreen","https://www.trugreen.com/lawn-care-101/learning-center/grassy-weeds/broadleaf-panicum","1","https://www.trugreen.com/lawn-care-101/learning-center/grassy-weeds/broadleaf-panicum","1","","200","https://www.trugreen.com/lawn-care-101/learning-center/grassy-weeds/broadleaf-panicum","","","","0","0","","0","header|footer","jsonld:0;types:;invalid:0;missing:","0","0","41","8","https://www.trugreen.com/lawn-care-101 | https://www.trugreen.com/lawn-care-101/learning-center | https://www.trugreen.com/newsroom | https://www.trugreen.com/pay-your-bill | https://www.trugreen.com/pests-products-and-services | https://www.trugreen.com/pga-tour | https://www.trugreen.com/products-and-services | https://www.trugreen.com/why-choose-trugreen/testimonials-and-ratings","","missing-h1|missing-main|internal-links-missing-from-sitemap",""
"chromium","2026-08-31T14:31:41.742Z","prod-release-2-7-2026-08-28","450-800","","https://www.trugreen.com/lawn-care-101/learning-center/grassy-weeds/broomsedge","https://www.trugreen.com/lawn-care-101/learning-center/grassy-weeds/broomsedge","200","200:https://www.trugreen.com/lawn-care-101/learning-center/grassy-weeds/broomsedge","Broomsedge | TruGreen","Broomsedge | TruGreen","https://www.trugreen.com/lawn-care-101/learning-center/grassy-weeds/broomsedge","1","https://www.trugreen.com/lawn-care-101/learning-center/grassy-weeds/broomsedge","1","","200","https://www.trugreen.com/lawn-care-101/learning-center/grassy-weeds/broomsedge","","","","0","0","","0","header|footer","jsonld:0;types:;invalid:0;missing:","0","0","41","8","https://www.trugreen.com/lawn-care-101 | https://www.trugreen.com/lawn-care-101/learning-center | https://www.trugreen.com/newsroom | https://www.trugreen.com/pay-your-bill | https://www.trugreen.com/pests-products-and-services | https://www.trugreen.com/pga-tour | https://www.trugreen.com/products-and-services | https://www.trugreen.com/why-choose-trugreen/testimonials-and-ratings","","missing-h1|missing-main|internal-links-missing-from-sitemap",""
"chromium","2026-08-31T14:31:41.742Z","prod-release-2-7-2026-08-28","450-800","","https://www.trugreen.com/lawn-care-101/learning-center/grassy-weeds/bull-paspalum","https://www.trugreen.com/lawn-care-101/learning-center/grassy-weeds/bull-paspalum","200","200:https://www.trugreen.com/lawn-care-101/learning-center/grassy-weeds/bull-paspalum","Bull Paspalum | TruGreen","Bull Paspalum | TruGreen","https://www.trugreen.com/lawn-care-101/learning-center/grassy-weeds/bull-paspalum","1","https://www.trugreen.com/lawn-care-101/learning-center/grassy-weeds/bull-paspalum","1","","200","https://www.trugreen.com/lawn-care-101/learning-center/grassy-weeds/bull-paspalum","","","","0","0","","0","header|footer","jsonld:0;types:;invalid:0;missing:","0","0","41","8","https://www.trugreen.com/lawn-care-101 | https://www.trugreen.com/lawn-care-101/learning-center | https://www.trugreen.com/newsroom | https://www.trugreen.com/pay-your-bill | https://www.trugreen.com/pests-products-and-services | https://www.trugreen.com/pga-tour | https://www.trugreen.com/products-and-services | https://www.trugreen.com/why-choose-trugreen/testimonials-and-ratings","","missing-h1|missing-main|internal-links-missing-from-sitemap",""
"chromium","2026-08-31T14:31:41.742Z","prod-release-2-7-2026-08-28","450-800","","https://www.trugreen.com/lawn-care-101/learning-center/grassy-weeds/carpetgrass","https://www.trugreen.com/lawn-care-101/learning-center/grassy-weeds/carpetgrass","200","200:https://www.trugreen.com/lawn-care-101/learning-center/grassy-weeds/carpetgrass","Carpetgrass | TruGreen","Carpetgrass | TruGreen","https://www.trugreen.com/lawn-care-101/learning-center/grassy-weeds/carpetgrass","1","https://www.trugreen.com/lawn-care-101/learning-center/grassy-weeds/carpetgrass","1","","200","https://www.trugreen.com/lawn-care-101/learning-center/grassy-weeds/carpetgrass","","","","0","0","","0","header|footer","jsonld:0;types:;invalid:0;missing:","0","0","41","8","https://www.trugreen.com/lawn-care-101 | https://www.trugreen.com/lawn-care-101/learning-center | https://www.trugreen.com/newsroom | https://www.trugreen.com/pay-your-bill | https://www.trugreen.com/pests-products-and-services | https://www.trugreen.com/pga-tour | https://www.trugreen.com/products-and-services | https://www.trugreen.com/why-choose-trugreen/testimonials-and-ratings","","missing-h1|missing-main|internal-links-missing-from-sitemap",""
"chromium","2026-08-31T14:31:41.742Z","prod-release-2-7-2026-08-28","450-800","","https://www.trugreen.com/lawn-care-101/learning-center/grassy-weeds/creeping-bentgrass","https://www.trugreen.com/lawn-care-101/learning-center/grassy-weeds/creeping-bentgrass","200","200:https://www.trugreen.com/lawn-care-101/learning-center/grassy-weeds/creeping-bentgrass","Creeping Bentgrass (agrostis palustris) | TruGreen","Creeping Bentgrass (agrostis palustris) | TruGreen","https://www.trugreen.com/lawn-care-101/learning-center/grassy-weeds/creeping-bentgrass","1","https://www.trugreen.com/lawn-care-101/learning-center/grassy-weeds/creeping-bentgrass","1","","200","https://www.trugreen.com/lawn-care-101/learning-center/grassy-weeds/creeping-bentgrass","","","","0","0","","0","header|footer","jsonld:0;types:;invalid:0;missing:","0","0","41","8","https://www.trugreen.com/lawn-care-101 | https://www.trugreen.com/lawn-care-101/learning-center | https://www.trugreen.com/newsroom | https://www.trugreen.com/pay-your-bill | https://www.trugreen.com/pests-products-and-services | https://www.trugreen.com/pga-tour | https://www.trugreen.com/products-and-services | https://www.trugreen.com/why-choose-trugreen/testimonials-and-ratings","","missing-h1|missing-main|internal-links-missing-from-sitemap",""
"chromium","2026-08-31T14:31:41.742Z","prod-release-2-7-2026-08-28","450-800","","https://www.trugreen.com/lawn-care-101/learning-center/grassy-weeds/cylindric-sedge","https://www.trugreen.com/lawn-care-101/learning-center/grassy-weeds/cylindric-sedge","200","200:https://www.trugreen.com/lawn-care-101/learning-center/grassy-weeds/cylindric-sedge","Cylindric Sedge | TruGreen","Cylindric Sedge | TruGreen","https://www.trugreen.com/lawn-care-101/learning-center/grassy-weeds/cylindric-sedge","1","https://www.trugreen.com/lawn-care-101/learning-center/grassy-weeds/cylindric-sedge","1","","200","https://www.trugreen.com/lawn-care-101/learning-center/grassy-weeds/cylindric-sedge","","","","0","1","Cylindric Sedge","0","header|footer","jsonld:0;types:;invalid:0;missing:","0","0","41","8","https://www.trugreen.com/lawn-care-101 | https://www.trugreen.com/lawn-care-101/learning-center | https://www.trugreen.com/newsroom | https://www.trugreen.com/pay-your-bill | https://www.trugreen.com/pests-products-and-services | https://www.trugreen.com/pga-tour | https://www.trugreen.com/products-and-services | https://www.trugreen.com/why-choose-trugreen/testimonials-and-ratings","","missing-main|internal-links-missing-from-sitemap",""
"chromium","2026-08-31T14:31:41.742Z","prod-release-2-7-2026-08-28","450-800","","https://www.trugreen.com/lawn-care-101/learning-center/grassy-weeds/dallisgrass","https://www.trugreen.com/lawn-care-101/learning-center/grassy-weeds/dallisgrass","200","200:https://www.trugreen.com/lawn-care-101/learning-center/grassy-weeds/dallisgrass","Dallisgrass | TruGreen","Dallisgrass | TruGreen","https://www.trugreen.com/lawn-care-101/learning-center/grassy-weeds/dallisgrass","1","https://www.trugreen.com/lawn-care-101/learning-center/grassy-weeds/dallisgrass","1","","200","https://www.trugreen.com/lawn-care-101/learning-center/grassy-weeds/dallisgrass","","","","0","1","Dallisgrass","0","header|footer","jsonld:0;types:;invalid:0;missing:","0","0","41","8","https://www.trugreen.com/lawn-care-101 | https://www.trugreen.com/lawn-care-101/learning-center | https://www.trugreen.com/newsroom | https://www.trugreen.com/pay-your-bill | https://www.trugreen.com/pests-products-and-services | https://www.trugreen.com/pga-tour | https://www.trugreen.com/products-and-services | https://www.trugreen.com/why-choose-trugreen/testimonials-and-ratings","","missing-main|internal-links-missing-from-sitemap",""
"chromium","2026-08-31T14:31:41.742Z","prod-release-2-7-2026-08-28","450-800","","https://www.trugreen.com/lawn-care-101/learning-center/grassy-weeds/dig-deeper/difference-between-grass-and-sedge","https://www.trugreen.com/lawn-care-101/learning-center/grassy-weeds/dig-deeper/difference-between-grass-and-sedge","200","200:https://www.trugreen.com/lawn-care-101/learning-center/grassy-weeds/dig-deeper/difference-between-grass-and-sedge","How to Tell the Difference Between Grass and Sedge | TruGreen","How to Tell the Difference Between Grass and Sedge | TruGreen","https://www.trugreen.com/lawn-care-101/learning-center/grassy-weeds/dig-deeper/difference-between-grass-and-sedge","1","https://www.trugreen.com/lawn-care-101/learning-center/grassy-weeds/dig-deeper/difference-between-grass-and-sedge","1","","200","https://www.trugreen.com/lawn-care-101/learning-center/grassy-weeds/dig-deeper/difference-between-grass-and-sedge","","","","0","1","What’s the Difference Between Grass and Sedge?","0","main|header|nav|footer","jsonld:0;types:;invalid:0;missing:","0","0","47","15","https://www.trugreen.com/chat/organic-promo | https://www.trugreen.com/lawn-care-101 | https://www.trugreen.com/lawn-care-101/learning-center | https://www.trugreen.com/my-account/account-settings | https://www.trugreen.com/my-account/account-summary | https://www.trugreen.com/my-account/my-documents | https://www.trugreen.com/my-account/my-services | https://www.trugreen.com/my-account/payments | https://www.trugreen.com/newsroom | https://www.trugreen.com/pay-your-bill | https://www.trugreen.com/pests-products-and-services | https://www.trugreen.com/pga-tour | https://www.trugreen.com/products-and-services | https://www.trugreen.com/products-and-services/tree-and-shrub-service | https://www.trugreen.com/why-choose-trugreen/testimonials-and-ratings","","internal-links-missing-from-sitemap",""
"chromium","2026-08-31T14:31:41.742Z","prod-release-2-7-2026-08-28","450-800","","https://www.trugreen.com/lawn-care-101/learning-center/grassy-weeds/doveweed","https://www.trugreen.com/lawn-care-101/learning-center/grassy-weeds/doveweed","200","200:https://www.trugreen.com/lawn-care-101/learning-center/grassy-weeds/doveweed","Doveweed Identification, Control, &amp; Overall Life Cycle | TruGreen","Doveweed Identification, Control, & Overall Life Cycle | TruGreen","https://www.trugreen.com/lawn-care-101/learning-center/grassy-weeds/doveweed","1","https://www.trugreen.com/lawn-care-101/learning-center/grassy-weeds/doveweed","1","","200","https://www.trugreen.com/lawn-care-101/learning-center/grassy-weeds/doveweed","","","","0","0","","0","header|footer","jsonld:0;types:;invalid:0;missing:","0","0","41","8","https://www.trugreen.com/lawn-care-101 | https://www.trugreen.com/lawn-care-101/learning-center | https://www.trugreen.com/newsroom | https://www.trugreen.com/pay-your-bill | https://www.trugreen.com/pests-products-and-services | https://www.trugreen.com/pga-tour | https://www.trugreen.com/products-and-services | https://www.trugreen.com/why-choose-trugreen/testimonials-and-ratings","","missing-h1|missing-main|internal-links-missing-from-sitemap",""
"chromium","2026-08-31T14:31:41.742Z","prod-release-2-7-2026-08-28","450-800","","https://www.trugreen.com/lawn-care-101/learning-center/grassy-weeds/downy-brome","https://www.trugreen.com/lawn-care-101/learning-center/grassy-weeds/downy-brome","200","200:https://www.trugreen.com/lawn-care-101/learning-center/grassy-weeds/downy-brome","Downy Brome | TruGreen","Downy Brome | TruGreen","https://www.trugreen.com/lawn-care-101/learning-center/grassy-weeds/downy-brome","1","https://www.trugreen.com/lawn-care-101/learning-center/grassy-weeds/downy-brome","1","","200","https://www.trugreen.com/lawn-care-101/learning-center/grassy-weeds/downy-brome","","","","0","1","Downy Brome","0","header|footer","jsonld:0;types:;invalid:0;missing:","0","0","41","8","https://www.trugreen.com/lawn-care-101 | https://www.trugreen.com/lawn-care-101/learning-center | https://www.trugreen.com/newsroom | https://www.trugreen.com/pay-your-bill | https://www.trugreen.com/pests-products-and-services | https://www.trugreen.com/pga-tour | https://www.trugreen.com/products-and-services | https://www.trugreen.com/why-choose-trugreen/testimonials-and-ratings","","missing-main|internal-links-missing-from-sitemap",""
"chromium","2026-08-31T14:31:41.742Z","prod-release-2-7-2026-08-28","450-800","","https://www.trugreen.com/lawn-care-101/learning-center/grassy-weeds/egyptian-crabgrass","https://www.trugreen.com/lawn-care-101/learning-center/grassy-weeds/egyptian-crabgrass","200","200:https://www.trugreen.com/lawn-care-101/learning-center/grassy-weeds/egyptian-crabgrass","Egyptian Crabgrass | TruGreen","Egyptian Crabgrass | TruGreen","https://www.trugreen.com/lawn-care-101/learning-center/grassy-weeds/egyptian-crabgrass","1","https://www.trugreen.com/lawn-care-101/learning-center/grassy-weeds/egyptian-crabgrass","1","","200","https://www.trugreen.com/lawn-care-101/learning-center/grassy-weeds/egyptian-crabgrass","","","","0","0","","0","header|footer","jsonld:0;types:;invalid:0;missing:","0","0","41","8","https://www.trugreen.com/lawn-care-101 | https://www.trugreen.com/lawn-care-101/learning-center | https://www.trugreen.com/newsroom | https://www.trugreen.com/pay-your-bill | https://www.trugreen.com/pests-products-and-services | https://www.trugreen.com/pga-tour | https://www.trugreen.com/products-and-services | https://www.trugreen.com/why-choose-trugreen/testimonials-and-ratings","","missing-h1|missing-main|internal-links-missing-from-sitemap",""
"chromium","2026-08-31T14:31:41.742Z","prod-release-2-7-2026-08-28","450-800","","https://www.trugreen.com/lawn-care-101/learning-center/grassy-weeds/fall-panicum","https://www.trugreen.com/lawn-care-101/learning-center/grassy-weeds/fall-panicum","200","200:https://www.trugreen.com/lawn-care-101/learning-center/grassy-weeds/fall-panicum","Fall Panicum | TruGreen","Fall Panicum | TruGreen","https://www.trugreen.com/lawn-care-101/learning-center/grassy-weeds/fall-panicum","1","https://www.trugreen.com/lawn-care-101/learning-center/grassy-weeds/fall-panicum","1","","200","https://www.trugreen.com/lawn-care-101/learning-center/grassy-weeds/fall-panicum","","","","0","0","","0","header|footer","jsonld:0;types:;invalid:0;missing:","0","0","41","8","https://www.trugreen.com/lawn-care-101 | https://www.trugreen.com/lawn-care-101/learning-center | https://www.trugreen.com/newsroom | https://www.trugreen.com/pay-your-bill | https://www.trugreen.com/pests-products-and-services | https://www.trugreen.com/pga-tour | https://www.trugreen.com/products-and-services | https://www.trugreen.com/why-choose-trugreen/testimonials-and-ratings","","missing-h1|missing-main|internal-links-missing-from-sitemap",""
"chromium","2026-08-31T14:31:41.742Z","prod-release-2-7-2026-08-28","450-800","","https://www.trugreen.com/lawn-care-101/learning-center/grassy-weeds/globe-sedge","https://www.trugreen.com/lawn-care-101/learning-center/grassy-weeds/globe-sedge","200","200:https://www.trugreen.com/lawn-care-101/learning-center/grassy-weeds/globe-sedge","Globe Sedge | TruGreen","Globe Sedge | TruGreen","https://www.trugreen.com/lawn-care-101/learning-center/grassy-weeds/globe-sedge","1","https://www.trugreen.com/lawn-care-101/learning-center/grassy-weeds/globe-sedge","1","","200","https://www.trugreen.com/lawn-care-101/learning-center/grassy-weeds/globe-sedge","","","","0","0","","0","header|footer","jsonld:0;types:;invalid:0;missing:","0","0","41","8","https://www.trugreen.com/lawn-care-101 | https://www.trugreen.com/lawn-care-101/learning-center | https://www.trugreen.com/newsroom | https://www.trugreen.com/pay-your-bill | https://www.trugreen.com/pests-products-and-services | https://www.trugreen.com/pga-tour | https://www.trugreen.com/products-and-services | https://www.trugreen.com/why-choose-trugreen/testimonials-and-ratings","","missing-h1|missing-main|internal-links-missing-from-sitemap",""
"chromium","2026-08-31T14:31:41.742Z","prod-release-2-7-2026-08-28","450-800","","https://www.trugreen.com/lawn-care-101/learning-center/grassy-weeds/goosegrass","https://www.trugreen.com/lawn-care-101/learning-center/grassy-weeds/goosegrass","200","200:https://www.trugreen.com/lawn-care-101/learning-center/grassy-weeds/goosegrass","Goosegrass | TruGreen","Goosegrass | TruGreen","https://www.trugreen.com/lawn-care-101/learning-center/grassy-weeds/goosegrass","1","https://www.trugreen.com/lawn-care-101/learning-center/grassy-weeds/goosegrass","1","","200","https://www.trugreen.com/lawn-care-101/learning-center/grassy-weeds/goosegrass","","","","0","1","Goosegrass","0","header|footer","jsonld:0;types:;invalid:0;missing:","0","0","41","8","https://www.trugreen.com/lawn-care-101 | https://www.trugreen.com/lawn-care-101/learning-center | https://www.trugreen.com/newsroom | https://www.trugreen.com/pay-your-bill | https://www.trugreen.com/pests-products-and-services | https://www.trugreen.com/pga-tour | https://www.trugreen.com/products-and-services | https://www.trugreen.com/why-choose-trugreen/testimonials-and-ratings","","missing-main|internal-links-missing-from-sitemap",""
"chromium","2026-08-31T14:31:41.742Z","prod-release-2-7-2026-08-28","450-800","","https://www.trugreen.com/lawn-care-101/learning-center/grassy-weeds/green-foxtail","https://www.trugreen.com/lawn-care-101/learning-center/grassy-weeds/green-foxtail","200","200:https://www.trugreen.com/lawn-care-101/learning-center/grassy-weeds/green-foxtail","Green Foxtail | TruGreen","Green Foxtail | TruGreen","https://www.trugreen.com/lawn-care-101/learning-center/grassy-weeds/green-foxtail","1","https://www.trugreen.com/lawn-care-101/learning-center/grassy-weeds/green-foxtail","1","","200","https://www.trugreen.com/lawn-care-101/learning-center/grassy-weeds/green-foxtail","","","","0","1","Green Foxtail","0","header|footer","jsonld:0;types:;invalid:0;missing:","0","0","41","8","https://www.trugreen.com/lawn-care-101 | https://www.trugreen.com/lawn-care-101/learning-center | https://www.trugreen.com/newsroom | https://www.trugreen.com/pay-your-bill | https://www.trugreen.com/pests-products-and-services | https://www.trugreen.com/pga-tour | https://www.trugreen.com/products-and-services | https://www.trugreen.com/why-choose-trugreen/testimonials-and-ratings","","missing-main|internal-links-missing-from-sitemap",""
"chromium","2026-08-31T14:31:41.742Z","prod-release-2-7-2026-08-28","450-800","","https://www.trugreen.com/lawn-care-101/learning-center/grassy-weeds/green-kyllinga","https://www.trugreen.com/lawn-care-101/learning-center/grassy-weeds/green-kyllinga","200","200:https://www.trugreen.com/lawn-care-101/learning-center/grassy-weeds/green-kyllinga","Green Kyllinga | TruGreen","Green Kyllinga | TruGreen","https://www.trugreen.com/lawn-care-101/learning-center/grassy-weeds/green-kyllinga","1","https://www.trugreen.com/lawn-care-101/learning-center/grassy-weeds/green-kyllinga","1","","200","https://www.trugreen.com/lawn-care-101/learning-center/grassy-weeds/green-kyllinga","","","","0","1","Green Kyllinga","0","header|footer","jsonld:0;types:;invalid:0;missing:","0","0","41","8","https://www.trugreen.com/lawn-care-101 | https://www.trugreen.com/lawn-care-101/learning-center | https://www.trugreen.com/newsroom | https://www.trugreen.com/pay-your-bill | https://www.trugreen.com/pests-products-and-services | https://www.trugreen.com/pga-tour | https://www.trugreen.com/products-and-services | https://www.trugreen.com/why-choose-trugreen/testimonials-and-ratings","","missing-main|internal-links-missing-from-sitemap",""
"chromium","2026-08-31T14:31:41.742Z","prod-release-2-7-2026-08-28","450-800","","https://www.trugreen.com/lawn-care-101/learning-center/grassy-weeds/hairy-crabgrass","https://www.trugreen.com/lawn-care-101/learning-center/grassy-weeds/hairy-crabgrass","200","200:https://www.trugreen.com/lawn-care-101/learning-center/grassy-weeds/hairy-crabgrass","Hairy Crabgrass | TruGreen","Hairy Crabgrass | TruGreen","https://www.trugreen.com/lawn-care-101/learning-center/grassy-weeds/hairy-crabgrass","1","https://www.trugreen.com/lawn-care-101/learning-center/grassy-weeds/hairy-crabgrass","1","","200","https://www.trugreen.com/lawn-care-101/learning-center/grassy-weeds/hairy-crabgrass","","","","0","0","","0","header|footer","jsonld:0;types:;invalid:0;missing:","0","0","41","8","https://www.trugreen.com/lawn-care-101 | https://www.trugreen.com/lawn-care-101/learning-center | https://www.trugreen.com/newsroom | https://www.trugreen.com/pay-your-bill | https://www.trugreen.com/pests-products-and-services | https://www.trugreen.com/pga-tour | https://www.trugreen.com/products-and-services | https://www.trugreen.com/why-choose-trugreen/testimonials-and-ratings","","missing-h1|missing-main|internal-links-missing-from-sitemap",""
"chromium","2026-08-31T14:31:41.742Z","prod-release-2-7-2026-08-28","450-800","","https://www.trugreen.com/lawn-care-101/learning-center/grassy-weeds/johnsongrass","https://www.trugreen.com/lawn-care-101/learning-center/grassy-weeds/johnsongrass","200","200:https://www.trugreen.com/lawn-care-101/learning-center/grassy-weeds/johnsongrass","Johnsongrass | TruGreen","Johnsongrass | TruGreen","https://www.trugreen.com/lawn-care-101/learning-center/grassy-weeds/johnsongrass","1","https://www.trugreen.com/lawn-care-101/learning-center/grassy-weeds/johnsongrass","1","","200","https://www.trugreen.com/lawn-care-101/learning-center/grassy-weeds/johnsongrass","","","","0","0","","0","header|footer","jsonld:0;types:;invalid:0;missing:","0","0","41","8","https://www.trugreen.com/lawn-care-101 | https://www.trugreen.com/lawn-care-101/learning-center | https://www.trugreen.com/newsroom | https://www.trugreen.com/pay-your-bill | https://www.trugreen.com/pests-products-and-services | https://www.trugreen.com/pga-tour | https://www.trugreen.com/products-and-services | https://www.trugreen.com/why-choose-trugreen/testimonials-and-ratings","","missing-h1|missing-main|internal-links-missing-from-sitemap",""
"chromium","2026-08-31T14:31:41.742Z","prod-release-2-7-2026-08-28","450-800","","https://www.trugreen.com/lawn-care-101/learning-center/grassy-weeds/nimblewill","https://www.trugreen.com/lawn-care-101/learning-center/grassy-weeds/nimblewill","200","200:https://www.trugreen.com/lawn-care-101/learning-center/grassy-weeds/nimblewill","What is Nimblewill (Muhlenbergia Schreberi)? | TruGreen","What is Nimblewill (Muhlenbergia Schreberi)? | TruGreen","https://www.trugreen.com/lawn-care-101/learning-center/grassy-weeds/nimblewill","1","https://www.trugreen.com/lawn-care-101/learning-center/grassy-weeds/nimblewill","1","","200","https://www.trugreen.com/lawn-care-101/learning-center/grassy-weeds/nimblewill","","","","0","1","Nimblewill","0","header|footer","jsonld:0;types:;invalid:0;missing:","0","0","41","8","https://www.trugreen.com/lawn-care-101 | https://www.trugreen.com/lawn-care-101/learning-center | https://www.trugreen.com/newsroom | https://www.trugreen.com/pay-your-bill | https://www.trugreen.com/pests-products-and-services | https://www.trugreen.com/pga-tour | https://www.trugreen.com/products-and-services | https://www.trugreen.com/why-choose-trugreen/testimonials-and-ratings","","missing-main|internal-links-missing-from-sitemap",""
"chromium","2026-08-31T14:31:41.742Z","prod-release-2-7-2026-08-28","450-800","","https://www.trugreen.com/lawn-care-101/learning-center/grassy-weeds/orchardgrass","https://www.trugreen.com/lawn-care-101/learning-center/grassy-weeds/orchardgrass","200","200:https://www.trugreen.com/lawn-care-101/learning-center/grassy-weeds/orchardgrass","Orchardgrass | TruGreen","Orchardgrass | TruGreen","https://www.trugreen.com/lawn-care-101/learning-center/grassy-weeds/orchardgrass","1","https://www.trugreen.com/lawn-care-101/learning-center/grassy-weeds/orchardgrass","1","","200","https://www.trugreen.com/lawn-care-101/learning-center/grassy-weeds/orchardgrass","","","","0","0","","0","header|footer","jsonld:0;types:;invalid:0;missing:","0","0","41","8","https://www.trugreen.com/lawn-care-101 | https://www.trugreen.com/lawn-care-101/learning-center | https://www.trugreen.com/newsroom | https://www.trugreen.com/pay-your-bill | https://www.trugreen.com/pests-products-and-services | https://www.trugreen.com/pga-tour | https://www.trugreen.com/products-and-services | https://www.trugreen.com/why-choose-trugreen/testimonials-and-ratings","","missing-h1|missing-main|internal-links-missing-from-sitemap",""
"chromium","2026-08-31T14:31:41.742Z","prod-release-2-7-2026-08-28","450-800","","https://www.trugreen.com/lawn-care-101/learning-center/grassy-weeds/purple-nutsedge","https://www.trugreen.com/lawn-care-101/learning-center/grassy-weeds/purple-nutsedge","200","200:https://www.trugreen.com/lawn-care-101/learning-center/grassy-weeds/purple-nutsedge","Purple Nutsedge | TruGreen","Purple Nutsedge | TruGreen","https://www.trugreen.com/lawn-care-101/learning-center/grassy-weeds/purple-nutsedge","1","https://www.trugreen.com/lawn-care-101/learning-center/grassy-weeds/purple-nutsedge","1","","200","https://www.trugreen.com/lawn-care-101/learning-center/grassy-weeds/purple-nutsedge","","","","0","0","","0","header|footer","jsonld:0;types:;invalid:0;missing:","0","0","41","8","https://www.trugreen.com/lawn-care-101 | https://www.trugreen.com/lawn-care-101/learning-center | https://www.trugreen.com/newsroom | https://www.trugreen.com/pay-your-bill | https://www.trugreen.com/pests-products-and-services | https://www.trugreen.com/pga-tour | https://www.trugreen.com/products-and-services | https://www.trugreen.com/why-choose-trugreen/testimonials-and-ratings","","missing-h1|missing-main|internal-links-missing-from-sitemap",""
"chromium","2026-08-31T14:31:41.742Z","prod-release-2-7-2026-08-28","450-800","","https://www.trugreen.com/lawn-care-101/learning-center/grassy-weeds/quackgrass","https://www.trugreen.com/lawn-care-101/learning-center/grassy-weeds/quackgrass","200","200:https://www.trugreen.com/lawn-care-101/learning-center/grassy-weeds/quackgrass","Quackgrass | TruGreen","Quackgrass | TruGreen","https://www.trugreen.com/lawn-care-101/learning-center/grassy-weeds/quackgrass","1","https://www.trugreen.com/lawn-care-101/learning-center/grassy-weeds/quackgrass","1","","200","https://www.trugreen.com/lawn-care-101/learning-center/grassy-weeds/quackgrass","","","","0","0","","0","header|footer","jsonld:0;types:;invalid:0;missing:","0","0","41","8","https://www.trugreen.com/lawn-care-101 | https://www.trugreen.com/lawn-care-101/learning-center | https://www.trugreen.com/newsroom | https://www.trugreen.com/pay-your-bill | https://www.trugreen.com/pests-products-and-services | https://www.trugreen.com/pga-tour | https://www.trugreen.com/products-and-services | https://www.trugreen.com/why-choose-trugreen/testimonials-and-ratings","","missing-h1|missing-main|internal-links-missing-from-sitemap",""
"chromium","2026-08-31T14:31:41.742Z","prod-release-2-7-2026-08-28","450-800","","https://www.trugreen.com/lawn-care-101/learning-center/grassy-weeds/redtop","https://www.trugreen.com/lawn-care-101/learning-center/grassy-weeds/redtop","200","200:https://www.trugreen.com/lawn-care-101/learning-center/grassy-weeds/redtop","Redtop | TruGreen","Redtop | TruGreen","https://www.trugreen.com/lawn-care-101/learning-center/grassy-weeds/redtop","1","https://www.trugreen.com/lawn-care-101/learning-center/grassy-weeds/redtop","1","","200","https://www.trugreen.com/lawn-care-101/learning-center/grassy-weeds/redtop","","","","0","0","","0","header|footer","jsonld:0;types:;invalid:0;missing:","0","0","41","8","https://www.trugreen.com/lawn-care-101 | https://www.trugreen.com/lawn-care-101/learning-center | https://www.trugreen.com/newsroom | https://www.trugreen.com/pay-your-bill | https://www.trugreen.com/pests-products-and-services | https://www.trugreen.com/pga-tour | https://www.trugreen.com/products-and-services | https://www.trugreen.com/why-choose-trugreen/testimonials-and-ratings","","missing-h1|missing-main|internal-links-missing-from-sitemap",""
"chromium","2026-08-31T14:31:41.742Z","prod-release-2-7-2026-08-28","450-800","","https://www.trugreen.com/lawn-care-101/learning-center/grassy-weeds/rescuegrass","https://www.trugreen.com/lawn-care-101/learning-center/grassy-weeds/rescuegrass","200","200:https://www.trugreen.com/lawn-care-101/learning-center/grassy-weeds/rescuegrass","Rescuegrass | TruGreen","Rescuegrass | TruGreen","https://www.trugreen.com/lawn-care-101/learning-center/grassy-weeds/rescuegrass","1","https://www.trugreen.com/lawn-care-101/learning-center/grassy-weeds/rescuegrass","1","","200","https://www.trugreen.com/lawn-care-101/learning-center/grassy-weeds/rescuegrass","","","","0","0","","0","header|footer","jsonld:0;types:;invalid:0;missing:","0","0","41","8","https://www.trugreen.com/lawn-care-101 | https://www.trugreen.com/lawn-care-101/learning-center | https://www.trugreen.com/newsroom | https://www.trugreen.com/pay-your-bill | https://www.trugreen.com/pests-products-and-services | https://www.trugreen.com/pga-tour | https://www.trugreen.com/products-and-services | https://www.trugreen.com/why-choose-trugreen/testimonials-and-ratings","","missing-h1|missing-main|internal-links-missing-from-sitemap",""
"chromium","2026-08-31T14:31:41.742Z","prod-release-2-7-2026-08-28","450-800","","https://www.trugreen.com/lawn-care-101/learning-center/grassy-weeds/rough-bluegrass","https://www.trugreen.com/lawn-care-101/learning-center/grassy-weeds/rough-bluegrass","200","200:https://www.trugreen.com/lawn-care-101/learning-center/grassy-weeds/rough-bluegrass","Rough Bluegrass | TruGreen","Rough Bluegrass | TruGreen","https://www.trugreen.com/lawn-care-101/learning-center/grassy-weeds/rough-bluegrass","1","https://www.trugreen.com/lawn-care-101/learning-center/grassy-weeds/rough-bluegrass","1","","200","https://www.trugreen.com/lawn-care-101/learning-center/grassy-weeds/rough-bluegrass","","","","0","0","","0","header|footer","jsonld:0;types:;invalid:0;missing:","0","0","41","8","https://www.trugreen.com/lawn-care-101 | https://www.trugreen.com/lawn-care-101/learning-center | https://www.trugreen.com/newsroom | https://www.trugreen.com/pay-your-bill | https://www.trugreen.com/pests-products-and-services | https://www.trugreen.com/pga-tour | https://www.trugreen.com/products-and-services | https://www.trugreen.com/why-choose-trugreen/testimonials-and-ratings","","missing-h1|missing-main|internal-links-missing-from-sitemap",""
"chromium","2026-08-31T14:31:41.742Z","prod-release-2-7-2026-08-28","450-800","","https://www.trugreen.com/lawn-care-101/learning-center/grassy-weeds/saltgrass","https://www.trugreen.com/lawn-care-101/learning-center/grassy-weeds/saltgrass","200","200:https://www.trugreen.com/lawn-care-101/learning-center/grassy-weeds/saltgrass","Saltgrass | TruGreen","Saltgrass | TruGreen","https://www.trugreen.com/lawn-care-101/learning-center/grassy-weeds/saltgrass","1","https://www.trugreen.com/lawn-care-101/learning-center/grassy-weeds/saltgrass","1","","200","https://www.trugreen.com/lawn-care-101/learning-center/grassy-weeds/saltgrass","","","","0","0","","0","header|footer","jsonld:0;types:;invalid:0;missing:","0","0","41","8","https://www.trugreen.com/lawn-care-101 | https://www.trugreen.com/lawn-care-101/learning-center | https://www.trugreen.com/newsroom | https://www.trugreen.com/pay-your-bill | https://www.trugreen.com/pests-products-and-services | https://www.trugreen.com/pga-tour | https://www.trugreen.com/products-and-services | https://www.trugreen.com/why-choose-trugreen/testimonials-and-ratings","","missing-h1|missing-main|internal-links-missing-from-sitemap",""
"chromium","2026-08-31T14:31:41.742Z","prod-release-2-7-2026-08-28","450-800","","https://www.trugreen.com/lawn-care-101/learning-center/grassy-weeds/sandbur","https://www.trugreen.com/lawn-care-101/learning-center/grassy-weeds/sandbur","200","200:https://www.trugreen.com/lawn-care-101/learning-center/grassy-weeds/sandbur","Sandbur | TruGreen","Sandbur | TruGreen","https://www.trugreen.com/lawn-care-101/learning-center/grassy-weeds/sandbur","1","https://www.trugreen.com/lawn-care-101/learning-center/grassy-weeds/sandbur","1","","200","https://www.trugreen.com/lawn-care-101/learning-center/grassy-weeds/sandbur","","","","0","0","","0","header|footer","jsonld:0;types:;invalid:0;missing:","0","0","41","8","https://www.trugreen.com/lawn-care-101 | https://www.trugreen.com/lawn-care-101/learning-center | https://www.trugreen.com/newsroom | https://www.trugreen.com/pay-your-bill | https://www.trugreen.com/pests-products-and-services | https://www.trugreen.com/pga-tour | https://www.trugreen.com/products-and-services | https://www.trugreen.com/why-choose-trugreen/testimonials-and-ratings","","missing-h1|missing-main|internal-links-missing-from-sitemap",""
"chromium","2026-08-31T14:31:41.742Z","prod-release-2-7-2026-08-28","450-800","","https://www.trugreen.com/lawn-care-101/learning-center/grassy-weeds/signalgrass","https://www.trugreen.com/lawn-care-101/learning-center/grassy-weeds/signalgrass","200","200:https://www.trugreen.com/lawn-care-101/learning-center/grassy-weeds/signalgrass","Signalgrass | TruGreen","Signalgrass | TruGreen","https://www.trugreen.com/lawn-care-101/learning-center/grassy-weeds/signalgrass","1","https://www.trugreen.com/lawn-care-101/learning-center/grassy-weeds/signalgrass","1","","200","https://www.trugreen.com/lawn-care-101/learning-center/grassy-weeds/signalgrass","","","","0","0","","0","header|footer","jsonld:0;types:;invalid:0;missing:","0","0","41","8","https://www.trugreen.com/lawn-care-101 | https://www.trugreen.com/lawn-care-101/learning-center | https://www.trugreen.com/newsroom | https://www.trugreen.com/pay-your-bill | https://www.trugreen.com/pests-products-and-services | https://www.trugreen.com/pga-tour | https://www.trugreen.com/products-and-services | https://www.trugreen.com/why-choose-trugreen/testimonials-and-ratings","","missing-h1|missing-main|internal-links-missing-from-sitemap",""
"chromium","2026-08-31T14:31:41.742Z","prod-release-2-7-2026-08-28","450-800","","https://www.trugreen.com/lawn-care-101/learning-center/grassy-weeds/slender-rush","https://www.trugreen.com/lawn-care-101/learning-center/grassy-weeds/slender-rush","200","200:https://www.trugreen.com/lawn-care-101/learning-center/grassy-weeds/slender-rush","Slender Rush | TruGreen","Slender Rush | TruGreen","https://www.trugreen.com/lawn-care-101/learning-center/grassy-weeds/slender-rush","1","https://www.trugreen.com/lawn-care-101/learning-center/grassy-weeds/slender-rush","1","","200","https://www.trugreen.com/lawn-care-101/learning-center/grassy-weeds/slender-rush","","","","0","0","","0","header|footer","jsonld:0;types:;invalid:0;missing:","0","0","41","8","https://www.trugreen.com/lawn-care-101 | https://www.trugreen.com/lawn-care-101/learning-center | https://www.trugreen.com/newsroom | https://www.trugreen.com/pay-your-bill | https://www.trugreen.com/pests-products-and-services | https://www.trugreen.com/pga-tour | https://www.trugreen.com/products-and-services | https://www.trugreen.com/why-choose-trugreen/testimonials-and-ratings","","missing-h1|missing-main|internal-links-missing-from-sitemap",""
"chromium","2026-08-31T14:31:41.742Z","prod-release-2-7-2026-08-28","450-800","","https://www.trugreen.com/lawn-care-101/learning-center/grassy-weeds/smooth-crabgrass","https://www.trugreen.com/lawn-care-101/learning-center/grassy-weeds/smooth-crabgrass","200","200:https://www.trugreen.com/lawn-care-101/learning-center/grassy-weeds/smooth-crabgrass","Smooth Crabgrass | TruGreen","Smooth Crabgrass | TruGreen","https://www.trugreen.com/lawn-care-101/learning-center/grassy-weeds/smooth-crabgrass","1","https://www.trugreen.com/lawn-care-101/learning-center/grassy-weeds/smooth-crabgrass","1","","200","https://www.trugreen.com/lawn-care-101/learning-center/grassy-weeds/smooth-crabgrass","","","","0","0","","0","header|footer","jsonld:0;types:;invalid:0;missing:","0","0","41","8","https://www.trugreen.com/lawn-care-101 | https://www.trugreen.com/lawn-care-101/learning-center | https://www.trugreen.com/newsroom | https://www.trugreen.com/pay-your-bill | https://www.trugreen.com/pests-products-and-services | https://www.trugreen.com/pga-tour | https://www.trugreen.com/products-and-services | https://www.trugreen.com/why-choose-trugreen/testimonials-and-ratings","","missing-h1|missing-main|internal-links-missing-from-sitemap",""
"chromium","2026-08-31T14:31:41.742Z","prod-release-2-7-2026-08-28","450-800","","https://www.trugreen.com/lawn-care-101/learning-center/grassy-weeds/smutgrass","https://www.trugreen.com/lawn-care-101/learning-center/grassy-weeds/smutgrass","200","200:https://www.trugreen.com/lawn-care-101/learning-center/grassy-weeds/smutgrass","Smutgrass | TruGreen","Smutgrass | TruGreen","https://www.trugreen.com/lawn-care-101/learning-center/grassy-weeds/smutgrass","1","https://www.trugreen.com/lawn-care-101/learning-center/grassy-weeds/smutgrass","1","","200","https://www.trugreen.com/lawn-care-101/learning-center/grassy-weeds/smutgrass","","","","0","0","","0","header|footer","jsonld:0;types:;invalid:0;missing:","0","0","41","8","https://www.trugreen.com/lawn-care-101 | https://www.trugreen.com/lawn-care-101/learning-center | https://www.trugreen.com/newsroom | https://www.trugreen.com/pay-your-bill | https://www.trugreen.com/pests-products-and-services | https://www.trugreen.com/pga-tour | https://www.trugreen.com/products-and-services | https://www.trugreen.com/why-choose-trugreen/testimonials-and-ratings","","missing-h1|missing-main|internal-links-missing-from-sitemap",""
"chromium","2026-08-31T14:31:41.742Z","prod-release-2-7-2026-08-28","450-800","","https://www.trugreen.com/lawn-care-101/learning-center/grassy-weeds/star-of-bethlehem","https://www.trugreen.com/lawn-care-101/learning-center/grassy-weeds/star-of-bethlehem","200","200:https://www.trugreen.com/lawn-care-101/learning-center/grassy-weeds/star-of-bethlehem","Star of Bethlehem | TruGreen","Star of Bethlehem | TruGreen","https://www.trugreen.com/lawn-care-101/learning-center/grassy-weeds/star-of-bethlehem","1","https://www.trugreen.com/lawn-care-101/learning-center/grassy-weeds/star-of-bethlehem","1","","200","https://www.trugreen.com/lawn-care-101/learning-center/grassy-weeds/star-of-bethlehem","","","","0","0","","0","header|footer","jsonld:0;types:;invalid:0;missing:","0","0","41","8","https://www.trugreen.com/lawn-care-101 | https://www.trugreen.com/lawn-care-101/learning-center | https://www.trugreen.com/newsroom | https://www.trugreen.com/pay-your-bill | https://www.trugreen.com/pests-products-and-services | https://www.trugreen.com/pga-tour | https://www.trugreen.com/products-and-services | https://www.trugreen.com/why-choose-trugreen/testimonials-and-ratings","","missing-h1|missing-main|internal-links-missing-from-sitemap",""
"chromium","2026-08-31T14:31:41.742Z","prod-release-2-7-2026-08-28","450-800","","https://www.trugreen.com/lawn-care-101/learning-center/grassy-weeds/stinkgrass","https://www.trugreen.com/lawn-care-101/learning-center/grassy-weeds/stinkgrass","200","200:https://www.trugreen.com/lawn-care-101/learning-center/grassy-weeds/stinkgrass","Stinkgrass | TruGreen","Stinkgrass | TruGreen","https://www.trugreen.com/lawn-care-101/learning-center/grassy-weeds/stinkgrass","1","https://www.trugreen.com/lawn-care-101/learning-center/grassy-weeds/stinkgrass","1","","200","https://www.trugreen.com/lawn-care-101/learning-center/grassy-weeds/stinkgrass","","","","0","0","","0","header|footer","jsonld:0;types:;invalid:0;missing:","0","0","41","8","https://www.trugreen.com/lawn-care-101 | https://www.trugreen.com/lawn-care-101/learning-center | https://www.trugreen.com/newsroom | https://www.trugreen.com/pay-your-bill | https://www.trugreen.com/pests-products-and-services | https://www.trugreen.com/pga-tour | https://www.trugreen.com/products-and-services | https://www.trugreen.com/why-choose-trugreen/testimonials-and-ratings","","missing-h1|missing-main|internal-links-missing-from-sitemap",""
"chromium","2026-08-31T14:31:41.742Z","prod-release-2-7-2026-08-28","450-800","","https://www.trugreen.com/lawn-care-101/learning-center/grassy-weeds/surinam-sedge","https://www.trugreen.com/lawn-care-101/learning-center/grassy-weeds/surinam-sedge","200","200:https://www.trugreen.com/lawn-care-101/learning-center/grassy-weeds/surinam-sedge","Surinam Sedge | TruGreen","Surinam Sedge | TruGreen","https://www.trugreen.com/lawn-care-101/learning-center/grassy-weeds/surinam-sedge","1","https://www.trugreen.com/lawn-care-101/learning-center/grassy-weeds/surinam-sedge","1","","200","https://www.trugreen.com/lawn-care-101/learning-center/grassy-weeds/surinam-sedge","","","","0","0","","0","header|footer","jsonld:0;types:;invalid:0;missing:","0","0","41","8","https://www.trugreen.com/lawn-care-101 | https://www.trugreen.com/lawn-care-101/learning-center | https://www.trugreen.com/newsroom | https://www.trugreen.com/pay-your-bill | https://www.trugreen.com/pests-products-and-services | https://www.trugreen.com/pga-tour | https://www.trugreen.com/products-and-services | https://www.trugreen.com/why-choose-trugreen/testimonials-and-ratings","","missing-h1|missing-main|internal-links-missing-from-sitemap",""
"chromium","2026-08-31T14:31:41.742Z","prod-release-2-7-2026-08-28","450-800","","https://www.trugreen.com/lawn-care-101/learning-center/grassy-weeds/texas-sedge","https://www.trugreen.com/lawn-care-101/learning-center/grassy-weeds/texas-sedge","200","200:https://www.trugreen.com/lawn-care-101/learning-center/grassy-weeds/texas-sedge","Texas Sedge | TruGreen","Texas Sedge | TruGreen","https://www.trugreen.com/lawn-care-101/learning-center/grassy-weeds/texas-sedge","1","https://www.trugreen.com/lawn-care-101/learning-center/grassy-weeds/texas-sedge","1","","200","https://www.trugreen.com/lawn-care-101/learning-center/grassy-weeds/texas-sedge","","","","0","0","","0","header|footer","jsonld:0;types:;invalid:0;missing:","0","0","41","8","https://www.trugreen.com/lawn-care-101 | https://www.trugreen.com/lawn-care-101/learning-center | https://www.trugreen.com/newsroom | https://www.trugreen.com/pay-your-bill | https://www.trugreen.com/pests-products-and-services | https://www.trugreen.com/pga-tour | https://www.trugreen.com/products-and-services | https://www.trugreen.com/why-choose-trugreen/testimonials-and-ratings","","missing-h1|missing-main|internal-links-missing-from-sitemap",""
"chromium","2026-08-31T14:31:41.742Z","prod-release-2-7-2026-08-28","450-800","","https://www.trugreen.com/lawn-care-101/learning-center/grassy-weeds/timothy","https://www.trugreen.com/lawn-care-101/learning-center/grassy-weeds/timothy","200","200:https://www.trugreen.com/lawn-care-101/learning-center/grassy-weeds/timothy","Timothy | TruGreen","Timothy | TruGreen","https://www.trugreen.com/lawn-care-101/learning-center/grassy-weeds/timothy","1","https://www.trugreen.com/lawn-care-101/learning-center/grassy-weeds/timothy","1","","200","https://www.trugreen.com/lawn-care-101/learning-center/grassy-weeds/timothy","","","","0","0","","0","header|footer","jsonld:0;types:;invalid:0;missing:","0","0","41","8","https://www.trugreen.com/lawn-care-101 | https://www.trugreen.com/lawn-care-101/learning-center | https://www.trugreen.com/newsroom | https://www.trugreen.com/pay-your-bill | https://www.trugreen.com/pests-products-and-services | https://www.trugreen.com/pga-tour | https://www.trugreen.com/products-and-services | https://www.trugreen.com/why-choose-trugreen/testimonials-and-ratings","","missing-h1|missing-main|internal-links-missing-from-sitemap",""
"chromium","2026-08-31T14:31:41.742Z","prod-release-2-7-2026-08-28","450-800","","https://www.trugreen.com/lawn-care-101/learning-center/grassy-weeds/torpedograss","https://www.trugreen.com/lawn-care-101/learning-center/grassy-weeds/torpedograss","200","200:https://www.trugreen.com/lawn-care-101/learning-center/grassy-weeds/torpedograss","Torpedograss | TruGreen","Torpedograss | TruGreen","https://www.trugreen.com/lawn-care-101/learning-center/grassy-weeds/torpedograss","1","https://www.trugreen.com/lawn-care-101/learning-center/grassy-weeds/torpedograss","1","","200","https://www.trugreen.com/lawn-care-101/learning-center/grassy-weeds/torpedograss","","","","0","0","","0","header|footer","jsonld:0;types:;invalid:0;missing:","0","0","41","8","https://www.trugreen.com/lawn-care-101 | https://www.trugreen.com/lawn-care-101/learning-center | https://www.trugreen.com/newsroom | https://www.trugreen.com/pay-your-bill | https://www.trugreen.com/pests-products-and-services | https://www.trugreen.com/pga-tour | https://www.trugreen.com/products-and-services | https://www.trugreen.com/why-choose-trugreen/testimonials-and-ratings","","missing-h1|missing-main|internal-links-missing-from-sitemap",""
"chromium","2026-08-31T14:31:41.742Z","prod-release-2-7-2026-08-28","450-800","","https://www.trugreen.com/lawn-care-101/learning-center/grassy-weeds/tropical-crabgrass","https://www.trugreen.com/lawn-care-101/learning-center/grassy-weeds/tropical-crabgrass","200","200:https://www.trugreen.com/lawn-care-101/learning-center/grassy-weeds/tropical-crabgrass","Tropical Crabgrass | TruGreen","Tropical Crabgrass | TruGreen","https://www.trugreen.com/lawn-care-101/learning-center/grassy-weeds/tropical-crabgrass","1","https://www.trugreen.com/lawn-care-101/learning-center/grassy-weeds/tropical-crabgrass","1","","200","https://www.trugreen.com/lawn-care-101/learning-center/grassy-weeds/tropical-crabgrass","","","","0","0","","0","header|footer","jsonld:0;types:;invalid:0;missing:","0","0","41","8","https://www.trugreen.com/lawn-care-101 | https://www.trugreen.com/lawn-care-101/learning-center | https://www.trugreen.com/newsroom | https://www.trugreen.com/pay-your-bill | https://www.trugreen.com/pests-products-and-services | https://www.trugreen.com/pga-tour | https://www.trugreen.com/products-and-services | https://www.trugreen.com/why-choose-trugreen/testimonials-and-ratings","","missing-h1|missing-main|internal-links-missing-from-sitemap",""
"chromium","2026-08-31T14:31:41.742Z","prod-release-2-7-2026-08-28","450-800","","https://www.trugreen.com/lawn-care-101/learning-center/grassy-weeds/velvetgrass","https://www.trugreen.com/lawn-care-101/learning-center/grassy-weeds/velvetgrass","200","200:https://www.trugreen.com/lawn-care-101/learning-center/grassy-weeds/velvetgrass","Velvetgrass | TruGreen","Velvetgrass | TruGreen","https://www.trugreen.com/lawn-care-101/learning-center/grassy-weeds/velvetgrass","1","https://www.trugreen.com/lawn-care-101/learning-center/grassy-weeds/velvetgrass","1","","200","https://www.trugreen.com/lawn-care-101/learning-center/grassy-weeds/velvetgrass","","","","0","0","","0","header|footer","jsonld:0;types:;invalid:0;missing:","0","0","41","8","https://www.trugreen.com/lawn-care-101 | https://www.trugreen.com/lawn-care-101/learning-center | https://www.trugreen.com/newsroom | https://www.trugreen.com/pay-your-bill | https://www.trugreen.com/pests-products-and-services | https://www.trugreen.com/pga-tour | https://www.trugreen.com/products-and-services | https://www.trugreen.com/why-choose-trugreen/testimonials-and-ratings","","missing-h1|missing-main|internal-links-missing-from-sitemap",""
"chromium","2026-08-31T14:31:41.742Z","prod-release-2-7-2026-08-28","450-800","","https://www.trugreen.com/lawn-care-101/learning-center/grassy-weeds/wild-barley","https://www.trugreen.com/lawn-care-101/learning-center/grassy-weeds/wild-barley","200","200:https://www.trugreen.com/lawn-care-101/learning-center/grassy-weeds/wild-barley","Wild Barley | TruGreen","Wild Barley | TruGreen","https://www.trugreen.com/lawn-care-101/learning-center/grassy-weeds/wild-barley","1","https://www.trugreen.com/lawn-care-101/learning-center/grassy-weeds/wild-barley","1","","200","https://www.trugreen.com/lawn-care-101/learning-center/grassy-weeds/wild-barley","","","","0","0","","0","header|footer","jsonld:0;types:;invalid:0;missing:","0","0","41","8","https://www.trugreen.com/lawn-care-101 | https://www.trugreen.com/lawn-care-101/learning-center | https://www.trugreen.com/newsroom | https://www.trugreen.com/pay-your-bill | https://www.trugreen.com/pests-products-and-services | https://www.trugreen.com/pga-tour | https://www.trugreen.com/products-and-services | https://www.trugreen.com/why-choose-trugreen/testimonials-and-ratings","","missing-h1|missing-main|internal-links-missing-from-sitemap",""
"chromium","2026-08-31T14:31:41.742Z","prod-release-2-7-2026-08-28","450-800","","https://www.trugreen.com/lawn-care-101/learning-center/grassy-weeds/wild-garlic","https://www.trugreen.com/lawn-care-101/learning-center/grassy-weeds/wild-garlic","200","200:https://www.trugreen.com/lawn-care-101/learning-center/grassy-weeds/wild-garlic","Wild Garlic | TruGreen","Wild Garlic | TruGreen","https://www.trugreen.com/lawn-care-101/learning-center/grassy-weeds/wild-garlic","1","https://www.trugreen.com/lawn-care-101/learning-center/grassy-weeds/wild-garlic","1","","200","https://www.trugreen.com/lawn-care-101/learning-center/grassy-weeds/wild-garlic","","","","0","0","","0","header|footer","jsonld:0;types:;invalid:0;missing:","0","0","41","8","https://www.trugreen.com/lawn-care-101 | https://www.trugreen.com/lawn-care-101/learning-center | https://www.trugreen.com/newsroom | https://www.trugreen.com/pay-your-bill | https://www.trugreen.com/pests-products-and-services | https://www.trugreen.com/pga-tour | https://www.trugreen.com/products-and-services | https://www.trugreen.com/why-choose-trugreen/testimonials-and-ratings","","missing-h1|missing-main|internal-links-missing-from-sitemap",""
"chromium","2026-08-31T14:31:41.742Z","prod-release-2-7-2026-08-28","450-800","","https://www.trugreen.com/lawn-care-101/learning-center/grassy-weeds/witchgrass","https://www.trugreen.com/lawn-care-101/learning-center/grassy-weeds/witchgrass","200","200:https://www.trugreen.com/lawn-care-101/learning-center/grassy-weeds/witchgrass","Witchgrass | TruGreen","Witchgrass | TruGreen","https://www.trugreen.com/lawn-care-101/learning-center/grassy-weeds/witchgrass","1","https://www.trugreen.com/lawn-care-101/learning-center/grassy-weeds/witchgrass","1","","200","https://www.trugreen.com/lawn-care-101/learning-center/grassy-weeds/witchgrass","","","","0","0","","0","header|footer","jsonld:0;types:;invalid:0;missing:","0","0","41","8","https://www.trugreen.com/lawn-care-101 | https://www.trugreen.com/lawn-care-101/learning-center | https://www.trugreen.com/newsroom | https://www.trugreen.com/pay-your-bill | https://www.trugreen.com/pests-products-and-services | https://www.trugreen.com/pga-tour | https://www.trugreen.com/products-and-services | https://www.trugreen.com/why-choose-trugreen/testimonials-and-ratings","","missing-h1|missing-main|internal-links-missing-from-sitemap",""
"chromium","2026-08-31T14:31:41.742Z","prod-release-2-7-2026-08-28","450-800","","https://www.trugreen.com/lawn-care-101/learning-center/grassy-weeds/yellow-foxtail","https://www.trugreen.com/lawn-care-101/learning-center/grassy-weeds/yellow-foxtail","200","200:https://www.trugreen.com/lawn-care-101/learning-center/grassy-weeds/yellow-foxtail","Yellow Foxtail | TruGreen","Yellow Foxtail | TruGreen","https://www.trugreen.com/lawn-care-101/learning-center/grassy-weeds/yellow-foxtail","1","https://www.trugreen.com/lawn-care-101/learning-center/grassy-weeds/yellow-foxtail","1","","200","https://www.trugreen.com/lawn-care-101/learning-center/grassy-weeds/yellow-foxtail","","","","0","1","Yellow Foxtail","0","header|footer","jsonld:0;types:;invalid:0;missing:","0","0","41","8","https://www.trugreen.com/lawn-care-101 | https://www.trugreen.com/lawn-care-101/learning-center | https://www.trugreen.com/newsroom | https://www.trugreen.com/pay-your-bill | https://www.trugreen.com/pests-products-and-services | https://www.trugreen.com/pga-tour | https://www.trugreen.com/products-and-services | https://www.trugreen.com/why-choose-trugreen/testimonials-and-ratings","","missing-main|internal-links-missing-from-sitemap",""
"chromium","2026-08-31T14:31:41.742Z","prod-release-2-7-2026-08-28","450-800","","https://www.trugreen.com/lawn-care-101/learning-center/grassy-weeds/yellow-nutsedge","https://www.trugreen.com/lawn-care-101/learning-center/grassy-weeds/yellow-nutsedge","200","200:https://www.trugreen.com/lawn-care-101/learning-center/grassy-weeds/yellow-nutsedge","Yellow Nutsedge | TruGreen","Yellow Nutsedge | TruGreen","https://www.trugreen.com/lawn-care-101/learning-center/grassy-weeds/yellow-nutsedge","1","https://www.trugreen.com/lawn-care-101/learning-center/grassy-weeds/yellow-nutsedge","1","","200","https://www.trugreen.com/lawn-care-101/learning-center/grassy-weeds/yellow-nutsedge","","","","0","0","","0","header|footer","jsonld:0;types:;invalid:0;missing:","0","0","41","8","https://www.trugreen.com/lawn-care-101 | https://www.trugreen.com/lawn-care-101/learning-center | https://www.trugreen.com/newsroom | https://www.trugreen.com/pay-your-bill | https://www.trugreen.com/pests-products-and-services | https://www.trugreen.com/pga-tour | https://www.trugreen.com/products-and-services | https://www.trugreen.com/why-choose-trugreen/testimonials-and-ratings","","missing-h1|missing-main|internal-links-missing-from-sitemap",""
"chromium","2026-08-31T14:31:41.742Z","prod-release-2-7-2026-08-28","450-800","","https://www.trugreen.com/lawn-care-101/learning-center/lawn-diseases","https://www.trugreen.com/lawn-care-101/learning-center","200","301:https://www.trugreen.com/lawn-care-101/learning-center/lawn-diseases -> 200:https://www.trugreen.com/lawn-care-101/learning-center","Learning Center Page | TruGreen","Learning Center Page | TruGreen","https://www.trugreen.com/","1","https://www.trugreen.com/","1","","200","https://www.trugreen.com/","","","","0","0","","0","main|header|footer","jsonld:1;types:BreadcrumbList|ItemList|WebPage;invalid:0;missing:","0","0","41","8","https://www.trugreen.com/lawn-care-101 | https://www.trugreen.com/lawn-care-101/learning-center | https://www.trugreen.com/newsroom | https://www.trugreen.com/pay-your-bill | https://www.trugreen.com/pests-products-and-services | https://www.trugreen.com/pga-tour | https://www.trugreen.com/products-and-services | https://www.trugreen.com/why-choose-trugreen/testimonials-and-ratings","","missing-h1|internal-links-missing-from-sitemap",""
"chromium","2026-08-31T14:31:41.742Z","prod-release-2-7-2026-08-28","450-800","","https://www.trugreen.com/lawn-care-101/learning-center/lawn-diseases/anthracnose","https://www.trugreen.com/lawn-care-101/learning-center/lawn-diseases/anthracnose","200","200:https://www.trugreen.com/lawn-care-101/learning-center/lawn-diseases/anthracnose","Anthracnose | TruGreen","Anthracnose | TruGreen","https://www.trugreen.com/lawn-care-101/learning-center/lawn-diseases/anthracnose","1","https://www.trugreen.com/lawn-care-101/learning-center/lawn-diseases/anthracnose","1","","200","https://www.trugreen.com/lawn-care-101/learning-center/lawn-diseases/anthracnose","","","","0","0","","0","header|footer","jsonld:0;types:;invalid:0;missing:","0","0","41","8","https://www.trugreen.com/lawn-care-101 | https://www.trugreen.com/lawn-care-101/learning-center | https://www.trugreen.com/newsroom | https://www.trugreen.com/pay-your-bill | https://www.trugreen.com/pests-products-and-services | https://www.trugreen.com/pga-tour | https://www.trugreen.com/products-and-services | https://www.trugreen.com/why-choose-trugreen/testimonials-and-ratings","","missing-h1|missing-main|internal-links-missing-from-sitemap",""
"chromium","2026-08-31T14:31:41.742Z","prod-release-2-7-2026-08-28","450-800","","https://www.trugreen.com/lawn-care-101/learning-center/lawn-diseases/ascochyta","https://www.trugreen.com/lawn-care-101/learning-center/lawn-diseases/ascochyta","200","200:https://www.trugreen.com/lawn-care-101/learning-center/lawn-diseases/ascochyta","Ascochyta | TruGreen","Ascochyta | TruGreen","https://www.trugreen.com/lawn-care-101/learning-center/lawn-diseases/ascochyta","1","https://www.trugreen.com/lawn-care-101/learning-center/lawn-diseases/ascochyta","1","","200","https://www.trugreen.com/lawn-care-101/learning-center/lawn-diseases/ascochyta","","","","0","0","","0","header|footer","jsonld:0;types:;invalid:0;missing:","0","0","41","8","https://www.trugreen.com/lawn-care-101 | https://www.trugreen.com/lawn-care-101/learning-center | https://www.trugreen.com/newsroom | https://www.trugreen.com/pay-your-bill | https://www.trugreen.com/pests-products-and-services | https://www.trugreen.com/pga-tour | https://www.trugreen.com/products-and-services | https://www.trugreen.com/why-choose-trugreen/testimonials-and-ratings","","missing-h1|missing-main|internal-links-missing-from-sitemap",""
"chromium","2026-08-31T14:31:41.742Z","prod-release-2-7-2026-08-28","450-800","","https://www.trugreen.com/lawn-care-101/learning-center/lawn-diseases/brown-patch","https://www.trugreen.com/lawn-care-101/learning-center/lawn-diseases/brown-patch","200","200:https://www.trugreen.com/lawn-care-101/learning-center/lawn-diseases/brown-patch","Brown Patch | TruGreen","Brown Patch | TruGreen","https://www.trugreen.com/lawn-care-101/learning-center/lawn-diseases/brown-patch","1","https://www.trugreen.com/lawn-care-101/learning-center/lawn-diseases/brown-patch","1","","200","https://www.trugreen.com/lawn-care-101/learning-center/lawn-diseases/brown-patch","","","","0","0","","0","header|footer","jsonld:0;types:;invalid:0;missing:","0","0","41","8","https://www.trugreen.com/lawn-care-101 | https://www.trugreen.com/lawn-care-101/learning-center | https://www.trugreen.com/newsroom | https://www.trugreen.com/pay-your-bill | https://www.trugreen.com/pests-products-and-services | https://www.trugreen.com/pga-tour | https://www.trugreen.com/products-and-services | https://www.trugreen.com/why-choose-trugreen/testimonials-and-ratings","","missing-h1|missing-main|internal-links-missing-from-sitemap",""
"chromium","2026-08-31T14:31:41.742Z","prod-release-2-7-2026-08-28","450-800","","https://www.trugreen.com/lawn-care-101/learning-center/lawn-diseases/dollar-spot","https://www.trugreen.com/lawn-care-101/learning-center/lawn-diseases/dollar-spot","200","200:https://www.trugreen.com/lawn-care-101/learning-center/lawn-diseases/dollar-spot","Dollar Spot | TruGreen","Dollar Spot | TruGreen","https://www.trugreen.com/lawn-care-101/learning-center/lawn-diseases/dollar-spot","1","https://www.trugreen.com/lawn-care-101/learning-center/lawn-diseases/dollar-spot","1","","200","https://www.trugreen.com/lawn-care-101/learning-center/lawn-diseases/dollar-spot","","","","0","1","Dollar Spot","0","header|footer","jsonld:0;types:;invalid:0;missing:","0","0","41","8","https://www.trugreen.com/lawn-care-101 | https://www.trugreen.com/lawn-care-101/learning-center | https://www.trugreen.com/newsroom | https://www.trugreen.com/pay-your-bill | https://www.trugreen.com/pests-products-and-services | https://www.trugreen.com/pga-tour | https://www.trugreen.com/products-and-services | https://www.trugreen.com/why-choose-trugreen/testimonials-and-ratings","","missing-main|internal-links-missing-from-sitemap",""
"chromium","2026-08-31T14:31:41.742Z","prod-release-2-7-2026-08-28","450-800","","https://www.trugreen.com/lawn-care-101/learning-center/lawn-diseases/fairy-ring","https://www.trugreen.com/lawn-care-101/learning-center/lawn-diseases/fairy-ring","200","200:https://www.trugreen.com/lawn-care-101/learning-center/lawn-diseases/fairy-ring","Fairy Ring | TruGreen","Fairy Ring | TruGreen","https://www.trugreen.com/lawn-care-101/learning-center/lawn-diseases/fairy-ring","1","https://www.trugreen.com/lawn-care-101/learning-center/lawn-diseases/fairy-ring","1","","200","https://www.trugreen.com/lawn-care-101/learning-center/lawn-diseases/fairy-ring","","","","0","1","Fairy Ring","0","header|footer","jsonld:0;types:;invalid:0;missing:","0","0","41","8","https://www.trugreen.com/lawn-care-101 | https://www.trugreen.com/lawn-care-101/learning-center | https://www.trugreen.com/newsroom | https://www.trugreen.com/pay-your-bill | https://www.trugreen.com/pests-products-and-services | https://www.trugreen.com/pga-tour | https://www.trugreen.com/products-and-services | https://www.trugreen.com/why-choose-trugreen/testimonials-and-ratings","","missing-main|internal-links-missing-from-sitemap",""
"chromium","2026-08-31T14:31:41.742Z","prod-release-2-7-2026-08-28","450-800","","https://www.trugreen.com/lawn-care-101/learning-center/lawn-diseases/gray-leaf-spot","https://www.trugreen.com/lawn-care-101/learning-center/lawn-diseases/gray-leaf-spot","200","200:https://www.trugreen.com/lawn-care-101/learning-center/lawn-diseases/gray-leaf-spot","Gray Leaf Spot | TruGreen","Gray Leaf Spot | TruGreen","https://www.trugreen.com/lawn-care-101/learning-center/lawn-diseases/gray-leaf-spot","1","https://www.trugreen.com/lawn-care-101/learning-center/lawn-diseases/gray-leaf-spot","1","","200","https://www.trugreen.com/lawn-care-101/learning-center/lawn-diseases/gray-leaf-spot","","","","0","1","Gray Leaf Spot","0","header|footer","jsonld:0;types:;invalid:0;missing:","0","0","41","8","https://www.trugreen.com/lawn-care-101 | https://www.trugreen.com/lawn-care-101/learning-center | https://www.trugreen.com/newsroom | https://www.trugreen.com/pay-your-bill | https://www.trugreen.com/pests-products-and-services | https://www.trugreen.com/pga-tour | https://www.trugreen.com/products-and-services | https://www.trugreen.com/why-choose-trugreen/testimonials-and-ratings","","missing-main|internal-links-missing-from-sitemap",""
"chromium","2026-08-31T14:31:41.742Z","prod-release-2-7-2026-08-28","450-800","","https://www.trugreen.com/lawn-care-101/learning-center/lawn-diseases/leaf-spot","https://www.trugreen.com/lawn-care-101/learning-center/lawn-diseases/leaf-spot","200","200:https://www.trugreen.com/lawn-care-101/learning-center/lawn-diseases/leaf-spot","Leaf Spot | TruGreen","Leaf Spot | TruGreen","https://www.trugreen.com/lawn-care-101/learning-center/lawn-diseases/leaf-spot","1","https://www.trugreen.com/lawn-care-101/learning-center/lawn-diseases/leaf-spot","1","","200","https://www.trugreen.com/lawn-care-101/learning-center/lawn-diseases/leaf-spot","","","","0","1","Leaf Spot","0","header|footer","jsonld:0;types:;invalid:0;missing:","0","0","41","8","https://www.trugreen.com/lawn-care-101 | https://www.trugreen.com/lawn-care-101/learning-center | https://www.trugreen.com/newsroom | https://www.trugreen.com/pay-your-bill | https://www.trugreen.com/pests-products-and-services | https://www.trugreen.com/pga-tour | https://www.trugreen.com/products-and-services | https://www.trugreen.com/why-choose-trugreen/testimonials-and-ratings","","missing-main|internal-links-missing-from-sitemap",""
"chromium","2026-08-31T14:31:41.742Z","prod-release-2-7-2026-08-28","450-800","","https://www.trugreen.com/lawn-care-101/learning-center/lawn-diseases/necrotic-ring-spot","https://www.trugreen.com/lawn-care-101/learning-center/lawn-diseases/necrotic-ring-spot","200","200:https://www.trugreen.com/lawn-care-101/learning-center/lawn-diseases/necrotic-ring-spot","Necrotic Ring Spot Lawn Care Treatment &amp; Control Tips | TruGreen","Necrotic Ring Spot Lawn Care Treatment & Control Tips | TruGreen","https://www.trugreen.com/lawn-care-101/learning-center/lawn-diseases/necrotic-ring-spot","1","https://www.trugreen.com/lawn-care-101/learning-center/lawn-diseases/necrotic-ring-spot","1","","200","https://www.trugreen.com/lawn-care-101/learning-center/lawn-diseases/necrotic-ring-spot","","","","0","1","Necrotic Ring Spot","0","header|footer","jsonld:0;types:;invalid:0;missing:","0","0","41","8","https://www.trugreen.com/lawn-care-101 | https://www.trugreen.com/lawn-care-101/learning-center | https://www.trugreen.com/newsroom | https://www.trugreen.com/pay-your-bill | https://www.trugreen.com/pests-products-and-services | https://www.trugreen.com/pga-tour | https://www.trugreen.com/products-and-services | https://www.trugreen.com/why-choose-trugreen/testimonials-and-ratings","","missing-main|internal-links-missing-from-sitemap",""
"chromium","2026-08-31T14:31:41.742Z","prod-release-2-7-2026-08-28","450-800","","https://www.trugreen.com/lawn-care-101/learning-center/lawn-diseases/pink-snow-mold","https://www.trugreen.com/lawn-care-101/learning-center/lawn-diseases/pink-snow-mold","200","200:https://www.trugreen.com/lawn-care-101/learning-center/lawn-diseases/pink-snow-mold","Pink Snow Mold | TruGreen","Pink Snow Mold | TruGreen","https://www.trugreen.com/lawn-care-101/learning-center/lawn-diseases/pink-snow-mold","1","https://www.trugreen.com/lawn-care-101/learning-center/lawn-diseases/pink-snow-mold","1","","200","https://www.trugreen.com/lawn-care-101/learning-center/lawn-diseases/pink-snow-mold","","","","0","1","Pink Snow Mold","0","header|footer","jsonld:0;types:;invalid:0;missing:","0","0","41","8","https://www.trugreen.com/lawn-care-101 | https://www.trugreen.com/lawn-care-101/learning-center | https://www.trugreen.com/newsroom | https://www.trugreen.com/pay-your-bill | https://www.trugreen.com/pests-products-and-services | https://www.trugreen.com/pga-tour | https://www.trugreen.com/products-and-services | https://www.trugreen.com/why-choose-trugreen/testimonials-and-ratings","","missing-main|internal-links-missing-from-sitemap",""
"chromium","2026-08-31T14:31:41.742Z","prod-release-2-7-2026-08-28","450-800","","https://www.trugreen.com/lawn-care-101/learning-center/lawn-diseases/powdery-mildew","https://www.trugreen.com/lawn-care-101/learning-center/lawn-diseases/powdery-mildew","200","200:https://www.trugreen.com/lawn-care-101/learning-center/lawn-diseases/powdery-mildew","Powdery Mildew | TruGreen","Powdery Mildew | TruGreen","https://www.trugreen.com/lawn-care-101/learning-center/lawn-diseases/powdery-mildew","1","https://www.trugreen.com/lawn-care-101/learning-center/lawn-diseases/powdery-mildew","1","","200","https://www.trugreen.com/lawn-care-101/learning-center/lawn-diseases/powdery-mildew","","","","0","0","","0","header|footer","jsonld:0;types:;invalid:0;missing:","0","0","41","8","https://www.trugreen.com/lawn-care-101 | https://www.trugreen.com/lawn-care-101/learning-center | https://www.trugreen.com/newsroom | https://www.trugreen.com/pay-your-bill | https://www.trugreen.com/pests-products-and-services | https://www.trugreen.com/pga-tour | https://www.trugreen.com/products-and-services | https://www.trugreen.com/why-choose-trugreen/testimonials-and-ratings","","missing-h1|missing-main|internal-links-missing-from-sitemap",""
"chromium","2026-08-31T14:31:41.742Z","prod-release-2-7-2026-08-28","450-800","","https://www.trugreen.com/lawn-care-101/learning-center/lawn-diseases/pythium-blight","https://www.trugreen.com/lawn-care-101/learning-center/lawn-diseases/pythium-blight","200","200:https://www.trugreen.com/lawn-care-101/learning-center/lawn-diseases/pythium-blight","Pythium Blight | TruGreen","Pythium Blight | TruGreen","https://www.trugreen.com/lawn-care-101/learning-center/lawn-diseases/pythium-blight","1","https://www.trugreen.com/lawn-care-101/learning-center/lawn-diseases/pythium-blight","1","","200","https://www.trugreen.com/lawn-care-101/learning-center/lawn-diseases/pythium-blight","","","","0","0","","0","header|footer","jsonld:0;types:;invalid:0;missing:","0","0","41","8","https://www.trugreen.com/lawn-care-101 | https://www.trugreen.com/lawn-care-101/learning-center | https://www.trugreen.com/newsroom | https://www.trugreen.com/pay-your-bill | https://www.trugreen.com/pests-products-and-services | https://www.trugreen.com/pga-tour | https://www.trugreen.com/products-and-services | https://www.trugreen.com/why-choose-trugreen/testimonials-and-ratings","","missing-h1|missing-main|internal-links-missing-from-sitemap",""
"chromium","2026-08-31T14:31:41.742Z","prod-release-2-7-2026-08-28","450-800","","https://www.trugreen.com/lawn-care-101/learning-center/lawn-diseases/red-thread","https://www.trugreen.com/lawn-care-101/learning-center/lawn-diseases/red-thread","200","200:https://www.trugreen.com/lawn-care-101/learning-center/lawn-diseases/red-thread","Red Thread | TruGreen","Red Thread | TruGreen","https://www.trugreen.com/lawn-care-101/learning-center/lawn-diseases/red-thread","1","https://www.trugreen.com/lawn-care-101/learning-center/lawn-diseases/red-thread","1","","200","https://www.trugreen.com/lawn-care-101/learning-center/lawn-diseases/red-thread","","","","0","0","","0","header|footer","jsonld:0;types:;invalid:0;missing:","0","0","41","8","https://www.trugreen.com/lawn-care-101 | https://www.trugreen.com/lawn-care-101/learning-center | https://www.trugreen.com/newsroom | https://www.trugreen.com/pay-your-bill | https://www.trugreen.com/pests-products-and-services | https://www.trugreen.com/pga-tour | https://www.trugreen.com/products-and-services | https://www.trugreen.com/why-choose-trugreen/testimonials-and-ratings","","missing-h1|missing-main|internal-links-missing-from-sitemap",""
"chromium","2026-08-31T14:31:41.742Z","prod-release-2-7-2026-08-28","450-800","","https://www.trugreen.com/lawn-care-101/learning-center/lawn-diseases/rust","https://www.trugreen.com/lawn-care-101/learning-center/lawn-diseases/rust","200","200:https://www.trugreen.com/lawn-care-101/learning-center/lawn-diseases/rust","Rust | TruGreen","Rust | TruGreen","https://www.trugreen.com/lawn-care-101/learning-center/lawn-diseases/rust","1","https://www.trugreen.com/lawn-care-101/learning-center/lawn-diseases/rust","1","","200","https://www.trugreen.com/lawn-care-101/learning-center/lawn-diseases/rust","","","","0","1","Rust","0","header|footer","jsonld:0;types:;invalid:0;missing:","0","0","41","8","https://www.trugreen.com/lawn-care-101 | https://www.trugreen.com/lawn-care-101/learning-center | https://www.trugreen.com/newsroom | https://www.trugreen.com/pay-your-bill | https://www.trugreen.com/pests-products-and-services | https://www.trugreen.com/pga-tour | https://www.trugreen.com/products-and-services | https://www.trugreen.com/why-choose-trugreen/testimonials-and-ratings","","missing-main|internal-links-missing-from-sitemap",""
"chromium","2026-08-31T14:31:41.742Z","prod-release-2-7-2026-08-28","450-800","","https://www.trugreen.com/lawn-care-101/learning-center/lawn-diseases/slime-mold","https://www.trugreen.com/lawn-care-101/learning-center/lawn-diseases/slime-mold","200","200:https://www.trugreen.com/lawn-care-101/learning-center/lawn-diseases/slime-mold","Slime Mold | TruGreen","Slime Mold | TruGreen","https://www.trugreen.com/lawn-care-101/learning-center/lawn-diseases/slime-mold","1","https://www.trugreen.com/lawn-care-101/learning-center/lawn-diseases/slime-mold","1","","200","https://www.trugreen.com/lawn-care-101/learning-center/lawn-diseases/slime-mold","","","","0","1","Slime Mold","0","header|footer","jsonld:0;types:;invalid:0;missing:","0","0","41","8","https://www.trugreen.com/lawn-care-101 | https://www.trugreen.com/lawn-care-101/learning-center | https://www.trugreen.com/newsroom | https://www.trugreen.com/pay-your-bill | https://www.trugreen.com/pests-products-and-services | https://www.trugreen.com/pga-tour | https://www.trugreen.com/products-and-services | https://www.trugreen.com/why-choose-trugreen/testimonials-and-ratings","","missing-main|internal-links-missing-from-sitemap",""
"chromium","2026-08-31T14:31:41.742Z","prod-release-2-7-2026-08-28","450-800","","https://www.trugreen.com/lawn-care-101/learning-center/lawn-diseases/spring-dead-spot","https://www.trugreen.com/lawn-care-101/learning-center/lawn-diseases/spring-dead-spot","200","200:https://www.trugreen.com/lawn-care-101/learning-center/lawn-diseases/spring-dead-spot","Spring Dead Spot | TruGreen","Spring Dead Spot | TruGreen","https://www.trugreen.com/lawn-care-101/learning-center/lawn-diseases/spring-dead-spot","1","https://www.trugreen.com/lawn-care-101/learning-center/lawn-diseases/spring-dead-spot","1","","200","https://www.trugreen.com/lawn-care-101/learning-center/lawn-diseases/spring-dead-spot","","","","0","0","","0","header|footer","jsonld:0;types:;invalid:0;missing:","0","0","41","8","https://www.trugreen.com/lawn-care-101 | https://www.trugreen.com/lawn-care-101/learning-center | https://www.trugreen.com/newsroom | https://www.trugreen.com/pay-your-bill | https://www.trugreen.com/pests-products-and-services | https://www.trugreen.com/pga-tour | https://www.trugreen.com/products-and-services | https://www.trugreen.com/why-choose-trugreen/testimonials-and-ratings","","missing-h1|missing-main|internal-links-missing-from-sitemap",""
"chromium","2026-08-31T14:31:41.742Z","prod-release-2-7-2026-08-28","450-800","","https://www.trugreen.com/lawn-care-101/learning-center/lawn-diseases/st-augustine-decline","https://www.trugreen.com/lawn-care-101/learning-center/lawn-diseases/st-augustine-decline","200","200:https://www.trugreen.com/lawn-care-101/learning-center/lawn-diseases/st-augustine-decline","St. Augustine Decline | TruGreen","St. Augustine Decline | TruGreen","https://www.trugreen.com/lawn-care-101/learning-center/lawn-diseases/st-augustine-decline","1","https://www.trugreen.com/lawn-care-101/learning-center/lawn-diseases/st-augustine-decline","1","","200","https://www.trugreen.com/lawn-care-101/learning-center/lawn-diseases/st-augustine-decline","","","","0","0","","0","header|footer","jsonld:0;types:;invalid:0;missing:","0","0","41","8","https://www.trugreen.com/lawn-care-101 | https://www.trugreen.com/lawn-care-101/learning-center | https://www.trugreen.com/newsroom | https://www.trugreen.com/pay-your-bill | https://www.trugreen.com/pests-products-and-services | https://www.trugreen.com/pga-tour | https://www.trugreen.com/products-and-services | https://www.trugreen.com/why-choose-trugreen/testimonials-and-ratings","","missing-h1|missing-main|internal-links-missing-from-sitemap",""
"chromium","2026-08-31T14:31:41.742Z","prod-release-2-7-2026-08-28","450-800","","https://www.trugreen.com/lawn-care-101/learning-center/lawn-diseases/stripe-smut","https://www.trugreen.com/lawn-care-101/learning-center/lawn-diseases/stripe-smut","200","200:https://www.trugreen.com/lawn-care-101/learning-center/lawn-diseases/stripe-smut","Stripe Smut | TruGreen","Stripe Smut | TruGreen","https://www.trugreen.com/lawn-care-101/learning-center/lawn-diseases/stripe-smut","1","https://www.trugreen.com/lawn-care-101/learning-center/lawn-diseases/stripe-smut","1","","200","https://www.trugreen.com/lawn-care-101/learning-center/lawn-diseases/stripe-smut","","","","0","0","","0","header|footer","jsonld:0;types:;invalid:0;missing:","0","0","41","8","https://www.trugreen.com/lawn-care-101 | https://www.trugreen.com/lawn-care-101/learning-center | https://www.trugreen.com/newsroom | https://www.trugreen.com/pay-your-bill | https://www.trugreen.com/pests-products-and-services | https://www.trugreen.com/pga-tour | https://www.trugreen.com/products-and-services | https://www.trugreen.com/why-choose-trugreen/testimonials-and-ratings","","missing-h1|missing-main|internal-links-missing-from-sitemap",""
"chromium","2026-08-31T14:31:41.742Z","prod-release-2-7-2026-08-28","450-800","","https://www.trugreen.com/lawn-care-101/learning-center/lawn-diseases/summer-patch","https://www.trugreen.com/lawn-care-101/learning-center/lawn-diseases/summer-patch","200","200:https://www.trugreen.com/lawn-care-101/learning-center/lawn-diseases/summer-patch","Summer Patch | TruGreen","Summer Patch | TruGreen","https://www.trugreen.com/lawn-care-101/learning-center/lawn-diseases/summer-patch","1","https://www.trugreen.com/lawn-care-101/learning-center/lawn-diseases/summer-patch","1","","200","https://www.trugreen.com/lawn-care-101/learning-center/lawn-diseases/summer-patch","","","","0","0","","0","header|footer","jsonld:0;types:;invalid:0;missing:","0","0","41","8","https://www.trugreen.com/lawn-care-101 | https://www.trugreen.com/lawn-care-101/learning-center | https://www.trugreen.com/newsroom | https://www.trugreen.com/pay-your-bill | https://www.trugreen.com/pests-products-and-services | https://www.trugreen.com/pga-tour | https://www.trugreen.com/products-and-services | https://www.trugreen.com/why-choose-trugreen/testimonials-and-ratings","","missing-h1|missing-main|internal-links-missing-from-sitemap",""
"chromium","2026-08-31T14:31:41.742Z","prod-release-2-7-2026-08-28","450-800","","https://www.trugreen.com/lawn-care-101/learning-center/lawn-diseases/take-all-root-rot","https://www.trugreen.com/lawn-care-101/learning-center/lawn-diseases/take-all-root-rot","200","200:https://www.trugreen.com/lawn-care-101/learning-center/lawn-diseases/take-all-root-rot","Take-all Root Rot | TruGreen","Take-all Root Rot | TruGreen","https://www.trugreen.com/lawn-care-101/learning-center/lawn-diseases/take-all-root-rot","1","https://www.trugreen.com/lawn-care-101/learning-center/lawn-diseases/take-all-root-rot","1","","200","https://www.trugreen.com/lawn-care-101/learning-center/lawn-diseases/take-all-root-rot","","","","0","1","Take-all Root Rot","0","header|footer","jsonld:0;types:;invalid:0;missing:","0","0","41","8","https://www.trugreen.com/lawn-care-101 | https://www.trugreen.com/lawn-care-101/learning-center | https://www.trugreen.com/newsroom | https://www.trugreen.com/pay-your-bill | https://www.trugreen.com/pests-products-and-services | https://www.trugreen.com/pga-tour | https://www.trugreen.com/products-and-services | https://www.trugreen.com/why-choose-trugreen/testimonials-and-ratings","","missing-main|internal-links-missing-from-sitemap",""
"chromium","2026-08-31T14:31:41.742Z","prod-release-2-7-2026-08-28","450-800","","https://www.trugreen.com/lawn-care-101/learning-center/lawn-pests","https://www.trugreen.com/lawn-care-101/learning-center/lawn-pests","200","200:https://www.trugreen.com/lawn-care-101/learning-center/lawn-pests","Protect Your Yard Against Lawn Insects | TruGreen","Protect Your Yard Against Lawn Insects | TruGreen","https://www.trugreen.com/lawn-care-101/learning-center/lawn-pests","1","https://www.trugreen.com/lawn-care-101/learning-center/lawn-pests","1","","200","https://www.trugreen.com/lawn-care-101/learning-center/lawn-pests","","","","0","1","What are Lawn Pests?","0","main|header|nav|footer","jsonld:1;types:WebSite;invalid:0;missing:jsonld_0_missing_@context","0","0","52","15","https://www.trugreen.com/chat/organic-promo | https://www.trugreen.com/lawn-care-101 | https://www.trugreen.com/lawn-care-101/learning-center | https://www.trugreen.com/my-account/account-settings | https://www.trugreen.com/my-account/account-summary | https://www.trugreen.com/my-account/my-documents | https://www.trugreen.com/my-account/my-services | https://www.trugreen.com/my-account/payments | https://www.trugreen.com/newsroom | https://www.trugreen.com/pay-your-bill | https://www.trugreen.com/pests-products-and-services | https://www.trugreen.com/pga-tour | https://www.trugreen.com/products-and-services | https://www.trugreen.com/products-and-services/tree-and-shrub-service | https://www.trugreen.com/why-choose-trugreen/testimonials-and-ratings","","internal-links-missing-from-sitemap",""
"chromium","2026-08-31T14:31:41.742Z","prod-release-2-7-2026-08-28","450-800","","https://www.trugreen.com/lawn-care-101/learning-center/lawn-pests/asiatic-garden-beetle","https://www.trugreen.com/lawn-care-101/learning-center/lawn-pests/asiatic-garden-beetle","200","200:https://www.trugreen.com/lawn-care-101/learning-center/lawn-pests/asiatic-garden-beetle","Asiatic Garden Beetle | TruGreen","Asiatic Garden Beetle | TruGreen","https://www.trugreen.com/lawn-care-101/learning-center/lawn-pests/asiatic-garden-beetle","1","https://www.trugreen.com/lawn-care-101/learning-center/lawn-pests/asiatic-garden-beetle","1","","200","https://www.trugreen.com/lawn-care-101/learning-center/lawn-pests/asiatic-garden-beetle","","","","0","1","Asiatic Garden Beetle","0","header|footer","jsonld:0;types:;invalid:0;missing:","0","0","41","8","https://www.trugreen.com/lawn-care-101 | https://www.trugreen.com/lawn-care-101/learning-center | https://www.trugreen.com/newsroom | https://www.trugreen.com/pay-your-bill | https://www.trugreen.com/pests-products-and-services | https://www.trugreen.com/pga-tour | https://www.trugreen.com/products-and-services | https://www.trugreen.com/why-choose-trugreen/testimonials-and-ratings","","missing-main|internal-links-missing-from-sitemap",""
"chromium","2026-08-31T14:31:41.742Z","prod-release-2-7-2026-08-28","450-800","","https://www.trugreen.com/lawn-care-101/learning-center/lawn-pests/bermudagrass-mite","https://www.trugreen.com/lawn-care-101/learning-center/lawn-pests/bermudagrass-mite","200","200:https://www.trugreen.com/lawn-care-101/learning-center/lawn-pests/bermudagrass-mite","Bermudagrass Mite | TruGreen","Bermudagrass Mite | TruGreen","https://www.trugreen.com/lawn-care-101/learning-center/lawn-pests/bermudagrass-mite","1","https://www.trugreen.com/lawn-care-101/learning-center/lawn-pests/bermudagrass-mite","1","","200","https://www.trugreen.com/lawn-care-101/learning-center/lawn-pests/bermudagrass-mite","","","","0","1","Bermudagrass Mite","0","header|footer","jsonld:0;types:;invalid:0;missing:","0","0","41","8","https://www.trugreen.com/lawn-care-101 | https://www.trugreen.com/lawn-care-101/learning-center | https://www.trugreen.com/newsroom | https://www.trugreen.com/pay-your-bill | https://www.trugreen.com/pests-products-and-services | https://www.trugreen.com/pga-tour | https://www.trugreen.com/products-and-services | https://www.trugreen.com/why-choose-trugreen/testimonials-and-ratings","","missing-main|internal-links-missing-from-sitemap",""
"chromium","2026-08-31T14:31:41.742Z","prod-release-2-7-2026-08-28","450-800","","https://www.trugreen.com/lawn-care-101/learning-center/lawn-pests/bermudagrass-scale","https://www.trugreen.com/lawn-care-101/learning-center/lawn-pests/bermudagrass-scale","200","200:https://www.trugreen.com/lawn-care-101/learning-center/lawn-pests/bermudagrass-scale","Bermudagrass Scale | TruGreen","Bermudagrass Scale | TruGreen","https://www.trugreen.com/lawn-care-101/learning-center/lawn-pests/bermudagrass-scale","1","https://www.trugreen.com/lawn-care-101/learning-center/lawn-pests/bermudagrass-scale","1","","200","https://www.trugreen.com/lawn-care-101/learning-center/lawn-pests/bermudagrass-scale","","","","0","0","","0","header|footer","jsonld:0;types:;invalid:0;missing:","0","0","41","8","https://www.trugreen.com/lawn-care-101 | https://www.trugreen.com/lawn-care-101/learning-center | https://www.trugreen.com/newsroom | https://www.trugreen.com/pay-your-bill | https://www.trugreen.com/pests-products-and-services | https://www.trugreen.com/pga-tour | https://www.trugreen.com/products-and-services | https://www.trugreen.com/why-choose-trugreen/testimonials-and-ratings","","missing-h1|missing-main|internal-links-missing-from-sitemap",""
"chromium","2026-08-31T14:31:41.742Z","prod-release-2-7-2026-08-28","450-800","","https://www.trugreen.com/lawn-care-101/learning-center/lawn-pests/big-eyed-bug","https://www.trugreen.com/lawn-care-101/learning-center/lawn-pests/big-eyed-bug","200","200:https://www.trugreen.com/lawn-care-101/learning-center/lawn-pests/big-eyed-bug","Big-Eyed Bug | TruGreen","Big-Eyed Bug | TruGreen","https://www.trugreen.com/lawn-care-101/learning-center/lawn-pests/big-eyed-bug","1","https://www.trugreen.com/lawn-care-101/learning-center/lawn-pests/big-eyed-bug","1","","200","https://www.trugreen.com/lawn-care-101/learning-center/lawn-pests/big-eyed-bug","","","","0","1","Big-Eyed Bug","0","header|footer","jsonld:0;types:;invalid:0;missing:","0","0","41","8","https://www.trugreen.com/lawn-care-101 | https://www.trugreen.com/lawn-care-101/learning-center | https://www.trugreen.com/newsroom | https://www.trugreen.com/pay-your-bill | https://www.trugreen.com/pests-products-and-services | https://www.trugreen.com/pga-tour | https://www.trugreen.com/products-and-services | https://www.trugreen.com/why-choose-trugreen/testimonials-and-ratings","","missing-main|internal-links-missing-from-sitemap",""
"chromium","2026-08-31T14:31:41.742Z","prod-release-2-7-2026-08-28","450-800","","https://www.trugreen.com/lawn-care-101/learning-center/lawn-pests/bluegrass-billbug","https://www.trugreen.com/lawn-care-101/learning-center/lawn-pests/bluegrass-billbug","200","200:https://www.trugreen.com/lawn-care-101/learning-center/lawn-pests/bluegrass-billbug","Bluegrass Billbug | TruGreen","Bluegrass Billbug | TruGreen","https://www.trugreen.com/lawn-care-101/learning-center/lawn-pests/bluegrass-billbug","1","https://www.trugreen.com/lawn-care-101/learning-center/lawn-pests/bluegrass-billbug","1","","200","https://www.trugreen.com/lawn-care-101/learning-center/lawn-pests/bluegrass-billbug","","","","0","1","Bluegrass Billbug","0","header|footer","jsonld:0;types:;invalid:0;missing:","0","0","41","8","https://www.trugreen.com/lawn-care-101 | https://www.trugreen.com/lawn-care-101/learning-center | https://www.trugreen.com/newsroom | https://www.trugreen.com/pay-your-bill | https://www.trugreen.com/pests-products-and-services | https://www.trugreen.com/pga-tour | https://www.trugreen.com/products-and-services | https://www.trugreen.com/why-choose-trugreen/testimonials-and-ratings","","missing-main|internal-links-missing-from-sitemap",""
"chromium","2026-08-31T14:31:41.742Z","prod-release-2-7-2026-08-28","450-800","","https://www.trugreen.com/lawn-care-101/learning-center/lawn-pests/bluegrass-sod-webworm","https://www.trugreen.com/lawn-care-101/learning-center/lawn-pests/bluegrass-sod-webworm","200","200:https://www.trugreen.com/lawn-care-101/learning-center/lawn-pests/bluegrass-sod-webworm","Bluegrass Sod Webworm | TruGreen","Bluegrass Sod Webworm | TruGreen","https://www.trugreen.com/lawn-care-101/learning-center/lawn-pests/bluegrass-sod-webworm","1","https://www.trugreen.com/lawn-care-101/learning-center/lawn-pests/bluegrass-sod-webworm","1","","200","https://www.trugreen.com/lawn-care-101/learning-center/lawn-pests/bluegrass-sod-webworm","","","","0","0","","0","header|footer","jsonld:0;types:;invalid:0;missing:","0","0","41","8","https://www.trugreen.com/lawn-care-101 | https://www.trugreen.com/lawn-care-101/learning-center | https://www.trugreen.com/newsroom | https://www.trugreen.com/pay-your-bill | https://www.trugreen.com/pests-products-and-services | https://www.trugreen.com/pga-tour | https://www.trugreen.com/products-and-services | https://www.trugreen.com/why-choose-trugreen/testimonials-and-ratings","","missing-h1|missing-main|internal-links-missing-from-sitemap",""
"chromium","2026-08-31T14:31:41.742Z","prod-release-2-7-2026-08-28","450-800","","https://www.trugreen.com/lawn-care-101/learning-center/lawn-pests/bronze-cutworm","https://www.trugreen.com/lawn-care-101/learning-center/lawn-pests/bronze-cutworm","200","200:https://www.trugreen.com/lawn-care-101/learning-center/lawn-pests/bronze-cutworm","Bronze Cutworm | TruGreen","Bronze Cutworm | TruGreen","https://www.trugreen.com/lawn-care-101/learning-center/lawn-pests/bronze-cutworm","1","https://www.trugreen.com/lawn-care-101/learning-center/lawn-pests/bronze-cutworm","1","","200","https://www.trugreen.com/lawn-care-101/learning-center/lawn-pests/bronze-cutworm","","","","0","0","","0","header|footer","jsonld:0;types:;invalid:0;missing:","0","0","41","8","https://www.trugreen.com/lawn-care-101 | https://www.trugreen.com/lawn-care-101/learning-center | https://www.trugreen.com/newsroom | https://www.trugreen.com/pay-your-bill | https://www.trugreen.com/pests-products-and-services | https://www.trugreen.com/pga-tour | https://www.trugreen.com/products-and-services | https://www.trugreen.com/why-choose-trugreen/testimonials-and-ratings","","missing-h1|missing-main|internal-links-missing-from-sitemap",""
"chromium","2026-08-31T14:31:41.742Z","prod-release-2-7-2026-08-28","450-800","","https://www.trugreen.com/lawn-care-101/learning-center/lawn-pests/brood-x-cicadas","https://www.trugreen.com/lawn-care-101/learning-center/lawn-pests/brood-x-cicadas","200","200:https://www.trugreen.com/lawn-care-101/learning-center/lawn-pests/brood-x-cicadas","Brood X Cicadas | TruGreen","Brood X Cicadas | TruGreen","https://www.trugreen.com/lawn-care-101/learning-center/lawn-pests/brood-x-cicadas","1","https://www.trugreen.com/lawn-care-101/learning-center/lawn-pests/brood-x-cicadas","1","","200","https://www.trugreen.com/lawn-care-101/learning-center/lawn-pests/brood-x-cicadas","","","","0","1","Brood X Cicadas","0","header|footer","jsonld:0;types:;invalid:0;missing:","0","0","41","8","https://www.trugreen.com/lawn-care-101 | https://www.trugreen.com/lawn-care-101/learning-center | https://www.trugreen.com/newsroom | https://www.trugreen.com/pay-your-bill | https://www.trugreen.com/pests-products-and-services | https://www.trugreen.com/pga-tour | https://www.trugreen.com/products-and-services | https://www.trugreen.com/why-choose-trugreen/testimonials-and-ratings","","missing-main|internal-links-missing-from-sitemap",""
"chromium","2026-08-31T14:31:41.742Z","prod-release-2-7-2026-08-28","450-800","","https://www.trugreen.com/lawn-care-101/learning-center/lawn-pests/clover-mite","https://www.trugreen.com/lawn-care-101/learning-center/lawn-pests/clover-mite","200","200:https://www.trugreen.com/lawn-care-101/learning-center/lawn-pests/clover-mite","Clover Mite | TruGreen","Clover Mite | TruGreen","https://www.trugreen.com/lawn-care-101/learning-center/lawn-pests/clover-mite","1","https://www.trugreen.com/lawn-care-101/learning-center/lawn-pests/clover-mite","1","","200","https://www.trugreen.com/lawn-care-101/learning-center/lawn-pests/clover-mite","","","","0","0","","0","header|footer","jsonld:0;types:;invalid:0;missing:","0","0","41","8","https://www.trugreen.com/lawn-care-101 | https://www.trugreen.com/lawn-care-101/learning-center | https://www.trugreen.com/newsroom | https://www.trugreen.com/pay-your-bill | https://www.trugreen.com/pests-products-and-services | https://www.trugreen.com/pga-tour | https://www.trugreen.com/products-and-services | https://www.trugreen.com/why-choose-trugreen/testimonials-and-ratings","","missing-h1|missing-main|internal-links-missing-from-sitemap",""
"chromium","2026-08-31T14:31:41.742Z","prod-release-2-7-2026-08-28","450-800","","https://www.trugreen.com/lawn-care-101/learning-center/lawn-pests/cranberry-girdler","https://www.trugreen.com/lawn-care-101/learning-center/lawn-pests/cranberry-girdler","200","200:https://www.trugreen.com/lawn-care-101/learning-center/lawn-pests/cranberry-girdler","Cranberry Girdler | TruGreen","Cranberry Girdler | TruGreen","https://www.trugreen.com/lawn-care-101/learning-center/lawn-pests/cranberry-girdler","1","https://www.trugreen.com/lawn-care-101/learning-center/lawn-pests/cranberry-girdler","1","","200","https://www.trugreen.com/lawn-care-101/learning-center/lawn-pests/cranberry-girdler","","","","0","0","","0","header|footer","jsonld:0;types:;invalid:0;missing:","0","0","41","8","https://www.trugreen.com/lawn-care-101 | https://www.trugreen.com/lawn-care-101/learning-center | https://www.trugreen.com/newsroom | https://www.trugreen.com/pay-your-bill | https://www.trugreen.com/pests-products-and-services | https://www.trugreen.com/pga-tour | https://www.trugreen.com/products-and-services | https://www.trugreen.com/why-choose-trugreen/testimonials-and-ratings","","missing-h1|missing-main|internal-links-missing-from-sitemap",""
"chromium","2026-08-31T14:31:41.742Z","prod-release-2-7-2026-08-28","450-800","","https://www.trugreen.com/lawn-care-101/learning-center/lawn-pests/crane-fly","https://www.trugreen.com/lawn-care-101/learning-center/lawn-pests/crane-fly","200","200:https://www.trugreen.com/lawn-care-101/learning-center/lawn-pests/crane-fly","Crane Fly | TruGreen","Crane Fly | TruGreen","https://www.trugreen.com/lawn-care-101/learning-center/lawn-pests/crane-fly","1","https://www.trugreen.com/lawn-care-101/learning-center/lawn-pests/crane-fly","1","","200","https://www.trugreen.com/lawn-care-101/learning-center/lawn-pests/crane-fly","","","","0","0","","0","header|footer","jsonld:0;types:;invalid:0;missing:","0","0","41","8","https://www.trugreen.com/lawn-care-101 | https://www.trugreen.com/lawn-care-101/learning-center | https://www.trugreen.com/newsroom | https://www.trugreen.com/pay-your-bill | https://www.trugreen.com/pests-products-and-services | https://www.trugreen.com/pga-tour | https://www.trugreen.com/products-and-services | https://www.trugreen.com/why-choose-trugreen/testimonials-and-ratings","","missing-h1|missing-main|internal-links-missing-from-sitemap",""
"chromium","2026-08-31T14:31:41.742Z","prod-release-2-7-2026-08-28","450-800","","https://www.trugreen.com/lawn-care-101/learning-center/lawn-pests/european-chafer","https://www.trugreen.com/lawn-care-101/learning-center/lawn-pests/european-chafer","200","200:https://www.trugreen.com/lawn-care-101/learning-center/lawn-pests/european-chafer","European Chafer | TruGreen","European Chafer | TruGreen","https://www.trugreen.com/lawn-care-101/learning-center/lawn-pests/european-chafer","1","https://www.trugreen.com/lawn-care-101/learning-center/lawn-pests/european-chafer","1","","200","https://www.trugreen.com/lawn-care-101/learning-center/lawn-pests/european-chafer","","","","0","0","","0","header|footer","jsonld:0;types:;invalid:0;missing:","0","0","41","8","https://www.trugreen.com/lawn-care-101 | https://www.trugreen.com/lawn-care-101/learning-center | https://www.trugreen.com/newsroom | https://www.trugreen.com/pay-your-bill | https://www.trugreen.com/pests-products-and-services | https://www.trugreen.com/pga-tour | https://www.trugreen.com/products-and-services | https://www.trugreen.com/why-choose-trugreen/testimonials-and-ratings","","missing-h1|missing-main|internal-links-missing-from-sitemap",""
"chromium","2026-08-31T14:31:41.742Z","prod-release-2-7-2026-08-28","450-800","","https://www.trugreen.com/lawn-care-101/learning-center/lawn-pests/fall-armyworm","https://www.trugreen.com/lawn-care-101/learning-center/lawn-pests/fall-armyworm","200","200:https://www.trugreen.com/lawn-care-101/learning-center/lawn-pests/fall-armyworm","Fall Armyworm | TruGreen","Fall Armyworm | TruGreen","https://www.trugreen.com/lawn-care-101/learning-center/lawn-pests/fall-armyworm","1","https://www.trugreen.com/lawn-care-101/learning-center/lawn-pests/fall-armyworm","1","","200","https://www.trugreen.com/lawn-care-101/learning-center/lawn-pests/fall-armyworm","","","","0","0","","0","header|footer","jsonld:0;types:;invalid:0;missing:","0","0","41","8","https://www.trugreen.com/lawn-care-101 | https://www.trugreen.com/lawn-care-101/learning-center | https://www.trugreen.com/newsroom | https://www.trugreen.com/pay-your-bill | https://www.trugreen.com/pests-products-and-services | https://www.trugreen.com/pga-tour | https://www.trugreen.com/products-and-services | https://www.trugreen.com/why-choose-trugreen/testimonials-and-ratings","","missing-h1|missing-main|internal-links-missing-from-sitemap",""
"chromium","2026-08-31T14:31:41.742Z","prod-release-2-7-2026-08-28","450-800","","https://www.trugreen.com/lawn-care-101/learning-center/lawn-pests/green-june-beetle","https://www.trugreen.com/lawn-care-101/learning-center/lawn-pests/green-june-beetle","200","200:https://www.trugreen.com/lawn-care-101/learning-center/lawn-pests/green-june-beetle","Green June Beetle | TruGreen","Green June Beetle | TruGreen","https://www.trugreen.com/lawn-care-101/learning-center/lawn-pests/green-june-beetle","1","https://www.trugreen.com/lawn-care-101/learning-center/lawn-pests/green-june-beetle","1","","200","https://www.trugreen.com/lawn-care-101/learning-center/lawn-pests/green-june-beetle","","","","0","0","","0","header|footer","jsonld:0;types:;invalid:0;missing:","0","0","41","8","https://www.trugreen.com/lawn-care-101 | https://www.trugreen.com/lawn-care-101/learning-center | https://www.trugreen.com/newsroom | https://www.trugreen.com/pay-your-bill | https://www.trugreen.com/pests-products-and-services | https://www.trugreen.com/pga-tour | https://www.trugreen.com/products-and-services | https://www.trugreen.com/why-choose-trugreen/testimonials-and-ratings","","missing-h1|missing-main|internal-links-missing-from-sitemap",""
"chromium","2026-08-31T14:31:41.742Z","prod-release-2-7-2026-08-28","450-800","","https://www.trugreen.com/lawn-care-101/learning-center/lawn-pests/greenbug-aphid","https://www.trugreen.com/lawn-care-101/learning-center/lawn-pests/greenbug-aphid","200","200:https://www.trugreen.com/lawn-care-101/learning-center/lawn-pests/greenbug-aphid","Greenbug Aphid | TruGreen","Greenbug Aphid | TruGreen","https://www.trugreen.com/lawn-care-101/learning-center/lawn-pests/greenbug-aphid","1","https://www.trugreen.com/lawn-care-101/learning-center/lawn-pests/greenbug-aphid","1","","200","https://www.trugreen.com/lawn-care-101/learning-center/lawn-pests/greenbug-aphid","","","","0","0","","0","header|footer","jsonld:0;types:;invalid:0;missing:","0","0","41","8","https://www.trugreen.com/lawn-care-101 | https://www.trugreen.com/lawn-care-101/learning-center | https://www.trugreen.com/newsroom | https://www.trugreen.com/pay-your-bill | https://www.trugreen.com/pests-products-and-services | https://www.trugreen.com/pga-tour | https://www.trugreen.com/products-and-services | https://www.trugreen.com/why-choose-trugreen/testimonials-and-ratings","","missing-h1|missing-main|internal-links-missing-from-sitemap",""
"chromium","2026-08-31T14:31:41.742Z","prod-release-2-7-2026-08-28","450-800","","https://www.trugreen.com/lawn-care-101/learning-center/lawn-pests/ground-pearls","https://www.trugreen.com/lawn-care-101/learning-center/lawn-pests/ground-pearls","200","200:https://www.trugreen.com/lawn-care-101/learning-center/lawn-pests/ground-pearls","Ground Pearls | TruGreen","Ground Pearls | TruGreen","https://www.trugreen.com/lawn-care-101/learning-center/lawn-pests/ground-pearls","1","https://www.trugreen.com/lawn-care-101/learning-center/lawn-pests/ground-pearls","1","","200","https://www.trugreen.com/lawn-care-101/learning-center/lawn-pests/ground-pearls","","","","0","0","","0","header|footer","jsonld:0;types:;invalid:0;missing:","0","0","41","8","https://www.trugreen.com/lawn-care-101 | https://www.trugreen.com/lawn-care-101/learning-center | https://www.trugreen.com/newsroom | https://www.trugreen.com/pay-your-bill | https://www.trugreen.com/pests-products-and-services | https://www.trugreen.com/pga-tour | https://www.trugreen.com/products-and-services | https://www.trugreen.com/why-choose-trugreen/testimonials-and-ratings","","missing-h1|missing-main|internal-links-missing-from-sitemap",""
"chromium","2026-08-31T14:31:41.742Z","prod-release-2-7-2026-08-28","450-800","","https://www.trugreen.com/lawn-care-101/learning-center/lawn-pests/hairy-chinch-bug","https://www.trugreen.com/lawn-care-101/learning-center/lawn-pests/hairy-chinch-bug","200","200:https://www.trugreen.com/lawn-care-101/learning-center/lawn-pests/hairy-chinch-bug","Hairy Chinch Bug | TruGreen","Hairy Chinch Bug | TruGreen","https://www.trugreen.com/lawn-care-101/learning-center/lawn-pests/hairy-chinch-bug","1","https://www.trugreen.com/lawn-care-101/learning-center/lawn-pests/hairy-chinch-bug","1","","200","https://www.trugreen.com/lawn-care-101/learning-center/lawn-pests/hairy-chinch-bug","","","","0","0","","0","header|footer","jsonld:0;types:;invalid:0;missing:","0","0","41","8","https://www.trugreen.com/lawn-care-101 | https://www.trugreen.com/lawn-care-101/learning-center | https://www.trugreen.com/newsroom | https://www.trugreen.com/pay-your-bill | https://www.trugreen.com/pests-products-and-services | https://www.trugreen.com/pga-tour | https://www.trugreen.com/products-and-services | https://www.trugreen.com/why-choose-trugreen/testimonials-and-ratings","","missing-h1|missing-main|internal-links-missing-from-sitemap",""
"chromium","2026-08-31T14:31:41.742Z","prod-release-2-7-2026-08-28","450-800","","https://www.trugreen.com/lawn-care-101/learning-center/lawn-pests/japanese-beetle","https://www.trugreen.com/lawn-care-101/learning-center/lawn-pests/japanese-beetle","200","200:https://www.trugreen.com/lawn-care-101/learning-center/lawn-pests/japanese-beetle","Japanese Beetle | TruGreen","Japanese Beetle | TruGreen","https://www.trugreen.com/lawn-care-101/learning-center/lawn-pests/japanese-beetle","1","https://www.trugreen.com/lawn-care-101/learning-center/lawn-pests/japanese-beetle","1","","200","https://www.trugreen.com/lawn-care-101/learning-center/lawn-pests/japanese-beetle","","","","0","0","","0","header|footer","jsonld:0;types:;invalid:0;missing:","0","0","41","8","https://www.trugreen.com/lawn-care-101 | https://www.trugreen.com/lawn-care-101/learning-center | https://www.trugreen.com/newsroom | https://www.trugreen.com/pay-your-bill | https://www.trugreen.com/pests-products-and-services | https://www.trugreen.com/pga-tour | https://www.trugreen.com/products-and-services | https://www.trugreen.com/why-choose-trugreen/testimonials-and-ratings","","missing-h1|missing-main|internal-links-missing-from-sitemap",""
"chromium","2026-08-31T14:31:41.742Z","prod-release-2-7-2026-08-28","450-800","","https://www.trugreen.com/lawn-care-101/learning-center/lawn-pests/masked-chafer","https://www.trugreen.com/lawn-care-101/learning-center/lawn-pests/masked-chafer","200","200:https://www.trugreen.com/lawn-care-101/learning-center/lawn-pests/masked-chafer","Masked Chafer | TruGreen","Masked Chafer | TruGreen","https://www.trugreen.com/lawn-care-101/learning-center/lawn-pests/masked-chafer","1","https://www.trugreen.com/lawn-care-101/learning-center/lawn-pests/masked-chafer","1","","200","https://www.trugreen.com/lawn-care-101/learning-center/lawn-pests/masked-chafer","","","","0","0","","0","header|footer","jsonld:0;types:;invalid:0;missing:","0","0","41","8","https://www.trugreen.com/lawn-care-101 | https://www.trugreen.com/lawn-care-101/learning-center | https://www.trugreen.com/newsroom | https://www.trugreen.com/pay-your-bill | https://www.trugreen.com/pests-products-and-services | https://www.trugreen.com/pga-tour | https://www.trugreen.com/products-and-services | https://www.trugreen.com/why-choose-trugreen/testimonials-and-ratings","","missing-h1|missing-main|internal-links-missing-from-sitemap",""
"chromium","2026-08-31T14:31:41.742Z","prod-release-2-7-2026-08-28","450-800","","https://www.trugreen.com/lawn-care-101/learning-center/lawn-pests/may-june-beetle","https://www.trugreen.com/lawn-care-101/learning-center/lawn-pests/may-june-beetle","200","200:https://www.trugreen.com/lawn-care-101/learning-center/lawn-pests/may-june-beetle","May/June Beetle | TruGreen","May/June Beetle | TruGreen","https://www.trugreen.com/lawn-care-101/learning-center/lawn-pests/may-june-beetle","1","https://www.trugreen.com/lawn-care-101/learning-center/lawn-pests/may-june-beetle","1","","200","https://www.trugreen.com/lawn-care-101/learning-center/lawn-pests/may-june-beetle","","","","0","0","","0","header|footer","jsonld:0;types:;invalid:0;missing:","0","0","41","8","https://www.trugreen.com/lawn-care-101 | https://www.trugreen.com/lawn-care-101/learning-center | https://www.trugreen.com/newsroom | https://www.trugreen.com/pay-your-bill | https://www.trugreen.com/pests-products-and-services | https://www.trugreen.com/pga-tour | https://www.trugreen.com/products-and-services | https://www.trugreen.com/why-choose-trugreen/testimonials-and-ratings","","missing-h1|missing-main|internal-links-missing-from-sitemap",""
"chromium","2026-08-31T14:31:41.742Z","prod-release-2-7-2026-08-28","450-800","","https://www.trugreen.com/lawn-care-101/learning-center/lawn-pests/oriental-beetle","https://www.trugreen.com/lawn-care-101/learning-center/lawn-pests/oriental-beetle","200","200:https://www.trugreen.com/lawn-care-101/learning-center/lawn-pests/oriental-beetle","Oriental Beetle | TruGreen","Oriental Beetle | TruGreen","https://www.trugreen.com/lawn-care-101/learning-center/lawn-pests/oriental-beetle","1","https://www.trugreen.com/lawn-care-101/learning-center/lawn-pests/oriental-beetle","1","","200","https://www.trugreen.com/lawn-care-101/learning-center/lawn-pests/oriental-beetle","","","","0","0","","0","header|footer","jsonld:0;types:;invalid:0;missing:","0","0","41","8","https://www.trugreen.com/lawn-care-101 | https://www.trugreen.com/lawn-care-101/learning-center | https://www.trugreen.com/newsroom | https://www.trugreen.com/pay-your-bill | https://www.trugreen.com/pests-products-and-services | https://www.trugreen.com/pga-tour | https://www.trugreen.com/products-and-services | https://www.trugreen.com/why-choose-trugreen/testimonials-and-ratings","","missing-h1|missing-main|internal-links-missing-from-sitemap",""
"chromium","2026-08-31T14:31:41.742Z","prod-release-2-7-2026-08-28","450-800","","https://www.trugreen.com/lawn-care-101/learning-center/lawn-pests/red-imported-fire-ant","https://www.trugreen.com/lawn-care-101/learning-center/lawn-pests/red-imported-fire-ant","200","200:https://www.trugreen.com/lawn-care-101/learning-center/lawn-pests/red-imported-fire-ant","Red Imported Fire Ant | TruGreen","Red Imported Fire Ant | TruGreen","https://www.trugreen.com/lawn-care-101/learning-center/lawn-pests/red-imported-fire-ant","1","https://www.trugreen.com/lawn-care-101/learning-center/lawn-pests/red-imported-fire-ant","1","","200","https://www.trugreen.com/lawn-care-101/learning-center/lawn-pests/red-imported-fire-ant","","","","0","0","","0","header|footer","jsonld:0;types:;invalid:0;missing:","0","0","41","8","https://www.trugreen.com/lawn-care-101 | https://www.trugreen.com/lawn-care-101/learning-center | https://www.trugreen.com/newsroom | https://www.trugreen.com/pay-your-bill | https://www.trugreen.com/pests-products-and-services | https://www.trugreen.com/pga-tour | https://www.trugreen.com/products-and-services | https://www.trugreen.com/why-choose-trugreen/testimonials-and-ratings","","missing-h1|missing-main|internal-links-missing-from-sitemap",""
"chromium","2026-08-31T14:31:41.742Z","prod-release-2-7-2026-08-28","450-800","","https://www.trugreen.com/lawn-care-101/learning-center/lawn-pests/short-winged-mole-cricket","https://www.trugreen.com/lawn-care-101/learning-center/lawn-pests/short-winged-mole-cricket","200","200:https://www.trugreen.com/lawn-care-101/learning-center/lawn-pests/short-winged-mole-cricket","Short-Winged Mole Cricket | TruGreen","Short-Winged Mole Cricket | TruGreen","https://www.trugreen.com/lawn-care-101/learning-center/lawn-pests/short-winged-mole-cricket","1","https://www.trugreen.com/lawn-care-101/learning-center/lawn-pests/short-winged-mole-cricket","1","","200","https://www.trugreen.com/lawn-care-101/learning-center/lawn-pests/short-winged-mole-cricket","","","","0","0","","0","header|footer","jsonld:0;types:;invalid:0;missing:","0","0","41","8","https://www.trugreen.com/lawn-care-101 | https://www.trugreen.com/lawn-care-101/learning-center | https://www.trugreen.com/newsroom | https://www.trugreen.com/pay-your-bill | https://www.trugreen.com/pests-products-and-services | https://www.trugreen.com/pga-tour | https://www.trugreen.com/products-and-services | https://www.trugreen.com/why-choose-trugreen/testimonials-and-ratings","","missing-h1|missing-main|internal-links-missing-from-sitemap",""
"chromium","2026-08-31T14:31:41.742Z","prod-release-2-7-2026-08-28","450-800","","https://www.trugreen.com/lawn-care-101/learning-center/lawn-pests/southern-chinch-bug","https://www.trugreen.com/lawn-care-101/learning-center/lawn-pests/southern-chinch-bug","200","200:https://www.trugreen.com/lawn-care-101/learning-center/lawn-pests/southern-chinch-bug","Southern Chinch Bug | TruGreen","Southern Chinch Bug | TruGreen","https://www.trugreen.com/lawn-care-101/learning-center/lawn-pests/southern-chinch-bug","1","https://www.trugreen.com/lawn-care-101/learning-center/lawn-pests/southern-chinch-bug","1","","200","https://www.trugreen.com/lawn-care-101/learning-center/lawn-pests/southern-chinch-bug","","","","0","0","","0","header|footer","jsonld:0;types:;invalid:0;missing:","0","0","41","8","https://www.trugreen.com/lawn-care-101 | https://www.trugreen.com/lawn-care-101/learning-center | https://www.trugreen.com/newsroom | https://www.trugreen.com/pay-your-bill | https://www.trugreen.com/pests-products-and-services | https://www.trugreen.com/pga-tour | https://www.trugreen.com/products-and-services | https://www.trugreen.com/why-choose-trugreen/testimonials-and-ratings","","missing-h1|missing-main|internal-links-missing-from-sitemap",""
"chromium","2026-08-31T14:31:41.742Z","prod-release-2-7-2026-08-28","450-800","","https://www.trugreen.com/lawn-care-101/learning-center/lawn-pests/southern-mole-cricket","https://www.trugreen.com/lawn-care-101/learning-center/lawn-pests/southern-mole-cricket","200","200:https://www.trugreen.com/lawn-care-101/learning-center/lawn-pests/southern-mole-cricket","Southern Mole Cricket | TruGreen","Southern Mole Cricket | TruGreen","https://www.trugreen.com/lawn-care-101/learning-center/lawn-pests/southern-mole-cricket","1","https://www.trugreen.com/lawn-care-101/learning-center/lawn-pests/southern-mole-cricket","1","","200","https://www.trugreen.com/lawn-care-101/learning-center/lawn-pests/southern-mole-cricket","","","","0","0","","0","header|footer","jsonld:0;types:;invalid:0;missing:","0","0","41","8","https://www.trugreen.com/lawn-care-101 | https://www.trugreen.com/lawn-care-101/learning-center | https://www.trugreen.com/newsroom | https://www.trugreen.com/pay-your-bill | https://www.trugreen.com/pests-products-and-services | https://www.trugreen.com/pga-tour | https://www.trugreen.com/products-and-services | https://www.trugreen.com/why-choose-trugreen/testimonials-and-ratings","","missing-h1|missing-main|internal-links-missing-from-sitemap",""
"chromium","2026-08-31T14:31:41.742Z","prod-release-2-7-2026-08-28","450-800","","https://www.trugreen.com/lawn-care-101/learning-center/lawn-pests/spotted-lanternfly","https://www.trugreen.com/lawn-care-101/learning-center/lawn-pests/spotted-lanternfly","200","200:https://www.trugreen.com/lawn-care-101/learning-center/lawn-pests/spotted-lanternfly","Spotted Lanternfly | TruGreen","Spotted Lanternfly | TruGreen","https://www.trugreen.com/lawn-care-101/learning-center/lawn-pests/spotted-lanternfly","1","https://www.trugreen.com/lawn-care-101/learning-center/lawn-pests/spotted-lanternfly","1","","200","https://www.trugreen.com/lawn-care-101/learning-center/lawn-pests/spotted-lanternfly","","","","0","1","Spotted Lanternfly","0","header|footer","jsonld:0;types:;invalid:0;missing:","0","0","41","8","https://www.trugreen.com/lawn-care-101 | https://www.trugreen.com/lawn-care-101/learning-center | https://www.trugreen.com/newsroom | https://www.trugreen.com/pay-your-bill | https://www.trugreen.com/pests-products-and-services | https://www.trugreen.com/pga-tour | https://www.trugreen.com/products-and-services | https://www.trugreen.com/why-choose-trugreen/testimonials-and-ratings","","missing-main|internal-links-missing-from-sitemap",""
"chromium","2026-08-31T14:31:41.742Z","prod-release-2-7-2026-08-28","450-800","","https://www.trugreen.com/lawn-care-101/learning-center/lawn-pests/sting-nematode","https://www.trugreen.com/lawn-care-101/learning-center/lawn-pests/sting-nematode","200","200:https://www.trugreen.com/lawn-care-101/learning-center/lawn-pests/sting-nematode","Sting Nematode | TruGreen","Sting Nematode | TruGreen","https://www.trugreen.com/lawn-care-101/learning-center/lawn-pests/sting-nematode","1","https://www.trugreen.com/lawn-care-101/learning-center/lawn-pests/sting-nematode","1","","200","https://www.trugreen.com/lawn-care-101/learning-center/lawn-pests/sting-nematode","","","","0","0","","0","header|footer","jsonld:0;types:;invalid:0;missing:","0","0","41","8","https://www.trugreen.com/lawn-care-101 | https://www.trugreen.com/lawn-care-101/learning-center | https://www.trugreen.com/newsroom | https://www.trugreen.com/pay-your-bill | https://www.trugreen.com/pests-products-and-services | https://www.trugreen.com/pga-tour | https://www.trugreen.com/products-and-services | https://www.trugreen.com/why-choose-trugreen/testimonials-and-ratings","","missing-h1|missing-main|internal-links-missing-from-sitemap",""
"chromium","2026-08-31T14:31:41.742Z","prod-release-2-7-2026-08-28","450-800","","https://www.trugreen.com/lawn-care-101/learning-center/lawn-pests/sugar-cane-beetle","https://www.trugreen.com/lawn-care-101/learning-center/lawn-pests/sugar-cane-beetle","200","200:https://www.trugreen.com/lawn-care-101/learning-center/lawn-pests/sugar-cane-beetle","Sugar Cane Beetle | TruGreen","Sugar Cane Beetle | TruGreen","https://www.trugreen.com/lawn-care-101/learning-center/lawn-pests/sugar-cane-beetle","1","https://www.trugreen.com/lawn-care-101/learning-center/lawn-pests/sugar-cane-beetle","1","","200","https://www.trugreen.com/lawn-care-101/learning-center/lawn-pests/sugar-cane-beetle","","","","0","0","","0","header|footer","jsonld:0;types:;invalid:0;missing:","0","0","41","8","https://www.trugreen.com/lawn-care-101 | https://www.trugreen.com/lawn-care-101/learning-center | https://www.trugreen.com/newsroom | https://www.trugreen.com/pay-your-bill | https://www.trugreen.com/pests-products-and-services | https://www.trugreen.com/pga-tour | https://www.trugreen.com/products-and-services | https://www.trugreen.com/why-choose-trugreen/testimonials-and-ratings","","missing-h1|missing-main|internal-links-missing-from-sitemap",""
"chromium","2026-08-31T14:31:41.742Z","prod-release-2-7-2026-08-28","450-800","","https://www.trugreen.com/lawn-care-101/learning-center/lawn-pests/tawny-mole-cricket","https://www.trugreen.com/lawn-care-101/learning-center/lawn-pests/tawny-mole-cricket","200","200:https://www.trugreen.com/lawn-care-101/learning-center/lawn-pests/tawny-mole-cricket","Tawny Mole Cricket | TruGreen","Tawny Mole Cricket | TruGreen","https://www.trugreen.com/lawn-care-101/learning-center/lawn-pests/tawny-mole-cricket","1","https://www.trugreen.com/lawn-care-101/learning-center/lawn-pests/tawny-mole-cricket","1","","200","https://www.trugreen.com/lawn-care-101/learning-center/lawn-pests/tawny-mole-cricket","","","","0","0","","0","header|footer","jsonld:0;types:;invalid:0;missing:","0","0","41","8","https://www.trugreen.com/lawn-care-101 | https://www.trugreen.com/lawn-care-101/learning-center | https://www.trugreen.com/newsroom | https://www.trugreen.com/pay-your-bill | https://www.trugreen.com/pests-products-and-services | https://www.trugreen.com/pga-tour | https://www.trugreen.com/products-and-services | https://www.trugreen.com/why-choose-trugreen/testimonials-and-ratings","","missing-h1|missing-main|internal-links-missing-from-sitemap",""
"chromium","2026-08-31T14:31:41.742Z","prod-release-2-7-2026-08-28","450-800","","https://www.trugreen.com/lawn-care-101/learning-center/lawn-pests/tropical-sod-webworm","https://www.trugreen.com/lawn-care-101/learning-center/lawn-pests/tropical-sod-webworm","200","200:https://www.trugreen.com/lawn-care-101/learning-center/lawn-pests/tropical-sod-webworm","Tropical Sod Webworm | TruGreen","Tropical Sod Webworm | TruGreen","https://www.trugreen.com/lawn-care-101/learning-center/lawn-pests/tropical-sod-webworm","1","https://www.trugreen.com/lawn-care-101/learning-center/lawn-pests/tropical-sod-webworm","1","","200","https://www.trugreen.com/lawn-care-101/learning-center/lawn-pests/tropical-sod-webworm","","","","0","0","","0","header|footer","jsonld:0;types:;invalid:0;missing:","0","0","41","8","https://www.trugreen.com/lawn-care-101 | https://www.trugreen.com/lawn-care-101/learning-center | https://www.trugreen.com/newsroom | https://www.trugreen.com/pay-your-bill | https://www.trugreen.com/pests-products-and-services | https://www.trugreen.com/pga-tour | https://www.trugreen.com/products-and-services | https://www.trugreen.com/why-choose-trugreen/testimonials-and-ratings","","missing-h1|missing-main|internal-links-missing-from-sitemap",""
"chromium","2026-08-31T14:31:41.742Z","prod-release-2-7-2026-08-28","450-800","","https://www.trugreen.com/lawn-care-101/learning-center/lawn-pests/two-lined-spittlebug","https://www.trugreen.com/lawn-care-101/learning-center/lawn-pests/two-lined-spittlebug","200","200:https://www.trugreen.com/lawn-care-101/learning-center/lawn-pests/two-lined-spittlebug","Two-Lined Spittlebug | TruGreen","Two-Lined Spittlebug | TruGreen","https://www.trugreen.com/lawn-care-101/learning-center/lawn-pests/two-lined-spittlebug","1","https://www.trugreen.com/lawn-care-101/learning-center/lawn-pests/two-lined-spittlebug","1","","200","https://www.trugreen.com/lawn-care-101/learning-center/lawn-pests/two-lined-spittlebug","","","","0","0","","0","header|footer","jsonld:0;types:;invalid:0;missing:","0","0","41","8","https://www.trugreen.com/lawn-care-101 | https://www.trugreen.com/lawn-care-101/learning-center | https://www.trugreen.com/newsroom | https://www.trugreen.com/pay-your-bill | https://www.trugreen.com/pests-products-and-services | https://www.trugreen.com/pga-tour | https://www.trugreen.com/products-and-services | https://www.trugreen.com/why-choose-trugreen/testimonials-and-ratings","","missing-h1|missing-main|internal-links-missing-from-sitemap",""
"chromium","2026-08-31T14:31:41.742Z","prod-release-2-7-2026-08-28","450-800","","https://www.trugreen.com/lawn-care-101/learning-center/lawn-pests/white-grubs","https://www.trugreen.com/lawn-care-101/learning-center/lawn-pests/white-grubs","200","200:https://www.trugreen.com/lawn-care-101/learning-center/lawn-pests/white-grubs","White Grubs | TruGreen","White Grubs | TruGreen","https://www.trugreen.com/lawn-care-101/learning-center/lawn-pests/white-grubs","1","https://www.trugreen.com/lawn-care-101/learning-center/lawn-pests/white-grubs","1","","200","https://www.trugreen.com/lawn-care-101/learning-center/lawn-pests/white-grubs","","","","0","0","","0","header|footer","jsonld:0;types:;invalid:0;missing:","0","0","41","8","https://www.trugreen.com/lawn-care-101 | https://www.trugreen.com/lawn-care-101/learning-center | https://www.trugreen.com/newsroom | https://www.trugreen.com/pay-your-bill | https://www.trugreen.com/pests-products-and-services | https://www.trugreen.com/pga-tour | https://www.trugreen.com/products-and-services | https://www.trugreen.com/why-choose-trugreen/testimonials-and-ratings","","missing-h1|missing-main|internal-links-missing-from-sitemap",""
"chromium","2026-08-31T14:31:41.742Z","prod-release-2-7-2026-08-28","450-800","","https://www.trugreen.com/lawn-care-101/learning-center/lawn-pests/winter-grain-mite","https://www.trugreen.com/lawn-care-101/learning-center/lawn-pests/winter-grain-mite","200","200:https://www.trugreen.com/lawn-care-101/learning-center/lawn-pests/winter-grain-mite","Winter Grain Mite | TruGreen","Winter Grain Mite | TruGreen","https://www.trugreen.com/lawn-care-101/learning-center/lawn-pests/winter-grain-mite","1","https://www.trugreen.com/lawn-care-101/learning-center/lawn-pests/winter-grain-mite","1","","200","https://www.trugreen.com/lawn-care-101/learning-center/lawn-pests/winter-grain-mite","","","","0","0","","0","header|footer","jsonld:0;types:;invalid:0;missing:","0","0","41","8","https://www.trugreen.com/lawn-care-101 | https://www.trugreen.com/lawn-care-101/learning-center | https://www.trugreen.com/newsroom | https://www.trugreen.com/pay-your-bill | https://www.trugreen.com/pests-products-and-services | https://www.trugreen.com/pga-tour | https://www.trugreen.com/products-and-services | https://www.trugreen.com/why-choose-trugreen/testimonials-and-ratings","","missing-h1|missing-main|internal-links-missing-from-sitemap",""
"chromium","2026-08-31T14:31:41.742Z","prod-release-2-7-2026-08-28","450-800","","https://www.trugreen.com/lawn-care-101/learning-center/turf-grasses","https://www.trugreen.com/lawn-care-101/learning-center/turf-grasses","200","200:https://www.trugreen.com/lawn-care-101/learning-center/turf-grasses","Turf Grass Selection and Management | TruGreen","Turf Grass Selection and Management | TruGreen","https://www.trugreen.com/lawn-care-101/learning-center/turf-grasses","1","https://www.trugreen.com/lawn-care-101/learning-center/turf-grasses","1","","200","https://www.trugreen.com/lawn-care-101/learning-center/turf-grasses","","","","0","1","What are Turf Grasses?","0","main|header|nav|footer","jsonld:1;types:WebSite;invalid:0;missing:jsonld_0_missing_@context","0","0","52","15","https://www.trugreen.com/chat/organic-promo | https://www.trugreen.com/lawn-care-101 | https://www.trugreen.com/lawn-care-101/learning-center | https://www.trugreen.com/my-account/account-settings | https://www.trugreen.com/my-account/account-summary | https://www.trugreen.com/my-account/my-documents | https://www.trugreen.com/my-account/my-services | https://www.trugreen.com/my-account/payments | https://www.trugreen.com/newsroom | https://www.trugreen.com/pay-your-bill | https://www.trugreen.com/pests-products-and-services | https://www.trugreen.com/pga-tour | https://www.trugreen.com/products-and-services | https://www.trugreen.com/products-and-services/tree-and-shrub-service | https://www.trugreen.com/why-choose-trugreen/testimonials-and-ratings","","internal-links-missing-from-sitemap",""
"chromium","2026-08-31T14:31:41.742Z","prod-release-2-7-2026-08-28","450-800","","https://www.trugreen.com/lawn-care-101/learning-center/turf-grasses/bahiagrass","https://www.trugreen.com/lawn-care-101/learning-center/turf-grasses/bahiagrass","200","200:https://www.trugreen.com/lawn-care-101/learning-center/turf-grasses/bahiagrass","Bahiagrass | TruGreen","Bahiagrass | TruGreen","https://www.trugreen.com/lawn-care-101/learning-center/turf-grasses/bahiagrass","1","https://www.trugreen.com/lawn-care-101/learning-center/turf-grasses/bahiagrass","1","","200","https://www.trugreen.com/lawn-care-101/learning-center/turf-grasses/bahiagrass","","","","0","0","","0","header|footer","jsonld:0;types:;invalid:0;missing:","0","0","41","8","https://www.trugreen.com/lawn-care-101 | https://www.trugreen.com/lawn-care-101/learning-center | https://www.trugreen.com/newsroom | https://www.trugreen.com/pay-your-bill | https://www.trugreen.com/pests-products-and-services | https://www.trugreen.com/pga-tour | https://www.trugreen.com/products-and-services | https://www.trugreen.com/why-choose-trugreen/testimonials-and-ratings","","missing-h1|missing-main|internal-links-missing-from-sitemap",""
"chromium","2026-08-31T14:31:41.742Z","prod-release-2-7-2026-08-28","450-800","","https://www.trugreen.com/lawn-care-101/learning-center/turf-grasses/bermudagrass","https://www.trugreen.com/lawn-care-101/learning-center/turf-grasses/bermudagrass","200","200:https://www.trugreen.com/lawn-care-101/learning-center/turf-grasses/bermudagrass","Bermudagrass | TruGreen","Bermudagrass | TruGreen","https://www.trugreen.com/lawn-care-101/learning-center/turf-grasses/bermudagrass","1","https://www.trugreen.com/lawn-care-101/learning-center/turf-grasses/bermudagrass","1","","200","https://www.trugreen.com/lawn-care-101/learning-center/turf-grasses/bermudagrass","","","","0","0","","0","header|footer","jsonld:0;types:;invalid:0;missing:","0","0","41","8","https://www.trugreen.com/lawn-care-101 | https://www.trugreen.com/lawn-care-101/learning-center | https://www.trugreen.com/newsroom | https://www.trugreen.com/pay-your-bill | https://www.trugreen.com/pests-products-and-services | https://www.trugreen.com/pga-tour | https://www.trugreen.com/products-and-services | https://www.trugreen.com/why-choose-trugreen/testimonials-and-ratings","","missing-h1|missing-main|internal-links-missing-from-sitemap|duplicate-title",""
"chromium","2026-08-31T14:31:41.742Z","prod-release-2-7-2026-08-28","450-800","","https://www.trugreen.com/lawn-care-101/learning-center/turf-grasses/centipedegrass","https://www.trugreen.com/lawn-care-101/learning-center/turf-grasses/centipedegrass","200","200:https://www.trugreen.com/lawn-care-101/learning-center/turf-grasses/centipedegrass","Centipedegrass | TruGreen","Centipedegrass | TruGreen","https://www.trugreen.com/lawn-care-101/learning-center/turf-grasses/centipedegrass","1","https://www.trugreen.com/lawn-care-101/learning-center/turf-grasses/centipedegrass","1","","200","https://www.trugreen.com/lawn-care-101/learning-center/turf-grasses/centipedegrass","","","","0","0","","0","header|footer","jsonld:0;types:;invalid:0;missing:","0","0","41","8","https://www.trugreen.com/lawn-care-101 | https://www.trugreen.com/lawn-care-101/learning-center | https://www.trugreen.com/newsroom | https://www.trugreen.com/pay-your-bill | https://www.trugreen.com/pests-products-and-services | https://www.trugreen.com/pga-tour | https://www.trugreen.com/products-and-services | https://www.trugreen.com/why-choose-trugreen/testimonials-and-ratings","","missing-h1|missing-main|internal-links-missing-from-sitemap",""
"chromium","2026-08-31T14:31:41.742Z","prod-release-2-7-2026-08-28","450-800","","https://www.trugreen.com/lawn-care-101/learning-center/turf-grasses/creeping-bentgrass","https://www.trugreen.com/lawn-care-101/learning-center/turf-grasses/creeping-bentgrass","200","200:https://www.trugreen.com/lawn-care-101/learning-center/turf-grasses/creeping-bentgrass","Creeping Bentgrass | TruGreen","Creeping Bentgrass | TruGreen","https://www.trugreen.com/lawn-care-101/learning-center/turf-grasses/creeping-bentgrass","1","https://www.trugreen.com/lawn-care-101/learning-center/turf-grasses/creeping-bentgrass","1","","200","https://www.trugreen.com/lawn-care-101/learning-center/turf-grasses/creeping-bentgrass","","","","0","0","","0","header|footer","jsonld:0;types:;invalid:0;missing:","0","0","41","8","https://www.trugreen.com/lawn-care-101 | https://www.trugreen.com/lawn-care-101/learning-center | https://www.trugreen.com/newsroom | https://www.trugreen.com/pay-your-bill | https://www.trugreen.com/pests-products-and-services | https://www.trugreen.com/pga-tour | https://www.trugreen.com/products-and-services | https://www.trugreen.com/why-choose-trugreen/testimonials-and-ratings","","missing-h1|missing-main|internal-links-missing-from-sitemap",""
"chromium","2026-08-31T14:31:41.742Z","prod-release-2-7-2026-08-28","450-800","","https://www.trugreen.com/lawn-care-101/learning-center/turf-grasses/dig-deeper/benefits-of-turf-grass","https://www.trugreen.com/lawn-care-101/learning-center/turf-grasses/dig-deeper/benefits-of-turf-grass","200","200:https://www.trugreen.com/lawn-care-101/learning-center/turf-grasses/dig-deeper/benefits-of-turf-grass","10 Essential Benefits of Turf Grass | TruGreen","10 Essential Benefits of Turf Grass | TruGreen","https://www.trugreen.com/lawn-care-101/learning-center/turf-grasses/dig-deeper/benefits-of-turf-grass","1","https://www.trugreen.com/lawn-care-101/learning-center/turf-grasses/dig-deeper/benefits-of-turf-grass","1","","200","https://www.trugreen.com/lawn-care-101/learning-center/turf-grasses/dig-deeper/benefits-of-turf-grass","","","","0","1","The Benefits of Turf Grass","0","main|header|nav|footer","jsonld:0;types:;invalid:0;missing:","0","0","47","15","https://www.trugreen.com/chat/organic-promo | https://www.trugreen.com/lawn-care-101 | https://www.trugreen.com/lawn-care-101/learning-center | https://www.trugreen.com/my-account/account-settings | https://www.trugreen.com/my-account/account-summary | https://www.trugreen.com/my-account/my-documents | https://www.trugreen.com/my-account/my-services | https://www.trugreen.com/my-account/payments | https://www.trugreen.com/newsroom | https://www.trugreen.com/pay-your-bill | https://www.trugreen.com/pests-products-and-services | https://www.trugreen.com/pga-tour | https://www.trugreen.com/products-and-services | https://www.trugreen.com/products-and-services/tree-and-shrub-service | https://www.trugreen.com/why-choose-trugreen/testimonials-and-ratings","","internal-links-missing-from-sitemap",""
"chromium","2026-08-31T14:31:41.742Z","prod-release-2-7-2026-08-28","450-800","","https://www.trugreen.com/lawn-care-101/learning-center/turf-grasses/dig-deeper/cool-season-grasses","https://www.trugreen.com/lawn-care-101/learning-center/turf-grasses/dig-deeper/cool-season-grasses","200","200:https://www.trugreen.com/lawn-care-101/learning-center/turf-grasses/dig-deeper/cool-season-grasses","Quick Guide to Cool-season Grasses | TruGreen","Quick Guide to Cool-season Grasses | TruGreen","https://www.trugreen.com/lawn-care-101/learning-center/turf-grasses/dig-deeper/cool-season-grasses","1","https://www.trugreen.com/lawn-care-101/learning-center/turf-grasses/dig-deeper/cool-season-grasses","1","","200","https://www.trugreen.com/lawn-care-101/learning-center/turf-grasses/dig-deeper/cool-season-grasses","","","","0","1","Cool-season Turf Grass 101","0","main|header|nav|footer","jsonld:0;types:;invalid:0;missing:","0","0","47","15","https://www.trugreen.com/chat/organic-promo | https://www.trugreen.com/lawn-care-101 | https://www.trugreen.com/lawn-care-101/learning-center | https://www.trugreen.com/my-account/account-settings | https://www.trugreen.com/my-account/account-summary | https://www.trugreen.com/my-account/my-documents | https://www.trugreen.com/my-account/my-services | https://www.trugreen.com/my-account/payments | https://www.trugreen.com/newsroom | https://www.trugreen.com/pay-your-bill | https://www.trugreen.com/pests-products-and-services | https://www.trugreen.com/pga-tour | https://www.trugreen.com/products-and-services | https://www.trugreen.com/products-and-services/tree-and-shrub-service | https://www.trugreen.com/why-choose-trugreen/testimonials-and-ratings","","internal-links-missing-from-sitemap",""
"chromium","2026-08-31T14:31:41.742Z","prod-release-2-7-2026-08-28","450-800","","https://www.trugreen.com/lawn-care-101/learning-center/turf-grasses/dig-deeper/macronutrients","https://www.trugreen.com/lawn-care-101/learning-center/turf-grasses/dig-deeper/macronutrients","200","200:https://www.trugreen.com/lawn-care-101/learning-center/turf-grasses/dig-deeper/macronutrients","Why and How to Deliver Macronutrients to Your Lawn | TruGreen","Why and How to Deliver Macronutrients to Your Lawn | TruGreen","https://www.trugreen.com/lawn-care-101/learning-center/turf-grasses/dig-deeper/macronutrients","1","https://www.trugreen.com/lawn-care-101/learning-center/turf-grasses/dig-deeper/macronutrients","1","","200","https://www.trugreen.com/lawn-care-101/learning-center/turf-grasses/dig-deeper/macronutrients","","","","0","1","Lawn Management: Macronutrients","0","main|header|nav|footer","jsonld:0;types:;invalid:0;missing:","0","0","47","15","https://www.trugreen.com/chat/organic-promo | https://www.trugreen.com/lawn-care-101 | https://www.trugreen.com/lawn-care-101/learning-center | https://www.trugreen.com/my-account/account-settings | https://www.trugreen.com/my-account/account-summary | https://www.trugreen.com/my-account/my-documents | https://www.trugreen.com/my-account/my-services | https://www.trugreen.com/my-account/payments | https://www.trugreen.com/newsroom | https://www.trugreen.com/pay-your-bill | https://www.trugreen.com/pests-products-and-services | https://www.trugreen.com/pga-tour | https://www.trugreen.com/products-and-services | https://www.trugreen.com/products-and-services/tree-and-shrub-service | https://www.trugreen.com/why-choose-trugreen/testimonials-and-ratings","","internal-links-missing-from-sitemap|duplicate-title",""
"chromium","2026-08-31T14:31:41.742Z","prod-release-2-7-2026-08-28","450-800","","https://www.trugreen.com/lawn-care-101/learning-center/turf-grasses/dig-deeper/micronutrients","https://www.trugreen.com/lawn-care-101/learning-center/turf-grasses/dig-deeper/micronutrients","200","200:https://www.trugreen.com/lawn-care-101/learning-center/turf-grasses/dig-deeper/micronutrients","Why and How to Deliver Macronutrients to Your Lawn | TruGreen","Why and How to Deliver Macronutrients to Your Lawn | TruGreen","https://www.trugreen.com/lawn-care-101/learning-center/turf-grasses/dig-deeper/micronutrients","1","https://www.trugreen.com/lawn-care-101/learning-center/turf-grasses/dig-deeper/micronutrients","1","","200","https://www.trugreen.com/lawn-care-101/learning-center/turf-grasses/dig-deeper/micronutrients","","","","0","1","What Are Micronutrients for Turf Grass?","0","main|header|nav|footer","jsonld:0;types:;invalid:0;missing:","0","0","47","15","https://www.trugreen.com/chat/organic-promo | https://www.trugreen.com/lawn-care-101 | https://www.trugreen.com/lawn-care-101/learning-center | https://www.trugreen.com/my-account/account-settings | https://www.trugreen.com/my-account/account-summary | https://www.trugreen.com/my-account/my-documents | https://www.trugreen.com/my-account/my-services | https://www.trugreen.com/my-account/payments | https://www.trugreen.com/newsroom | https://www.trugreen.com/pay-your-bill | https://www.trugreen.com/pests-products-and-services | https://www.trugreen.com/pga-tour | https://www.trugreen.com/products-and-services | https://www.trugreen.com/products-and-services/tree-and-shrub-service | https://www.trugreen.com/why-choose-trugreen/testimonials-and-ratings","","internal-links-missing-from-sitemap|duplicate-title",""
"chromium","2026-08-31T14:31:41.742Z","prod-release-2-7-2026-08-28","450-800","","https://www.trugreen.com/lawn-care-101/learning-center/turf-grasses/dig-deeper/secondary-nutrients","https://www.trugreen.com/lawn-care-101/lawn-care-guides/the-easy-guide-to-growing-healthy%2C-green-grass","200","301:https://www.trugreen.com/lawn-care-101/learning-center/turf-grasses/dig-deeper/secondary-nutrients -> 200:https://www.trugreen.com/lawn-care-101/lawn-care-guides/the-easy-guide-to-growing-healthy%2C-green-grass","How to Get Greener Grass | TruGreen","How to Get Greener Grass | TruGreen","https://www.trugreen.com/lawn-care-101/lawn-care-guides/the-easy-guide-to-growing-healthy%2C-green-grass","1","https://www.trugreen.com/lawn-care-101/lawn-care-guides/the-easy-guide-to-growing-healthy%2C-green-grass","1","","200","https://www.trugreen.com/lawn-care-101/lawn-care-guides/the-easy-guide-to-growing-healthy%2C-green-grass","","","","0","1","The Comprehensive Guide to Planting, Growing and Getting Healthy, Green Grass","0","header|nav|footer","jsonld:1;types:LawnCareGuide;invalid:0;missing:jsonld_0_missing_@context","0","0","46","15","https://www.trugreen.com/chat/organic-promo | https://www.trugreen.com/lawn-care-101 | https://www.trugreen.com/lawn-care-101/learning-center | https://www.trugreen.com/my-account/account-settings | https://www.trugreen.com/my-account/account-summary | https://www.trugreen.com/my-account/my-documents | https://www.trugreen.com/my-account/my-services | https://www.trugreen.com/my-account/payments | https://www.trugreen.com/newsroom | https://www.trugreen.com/pay-your-bill | https://www.trugreen.com/pests-products-and-services | https://www.trugreen.com/pga-tour | https://www.trugreen.com/products-and-services | https://www.trugreen.com/products-and-services/tree-and-shrub-service | https://www.trugreen.com/why-choose-trugreen/testimonials-and-ratings","","missing-main|internal-links-missing-from-sitemap|duplicate-title",""
"chromium","2026-08-31T14:31:41.742Z","prod-release-2-7-2026-08-28","450-800","","https://www.trugreen.com/lawn-care-101/learning-center/turf-grasses/dig-deeper/turf-grass-and-soil-type","https://www.trugreen.com/lawn-care-101/learning-center/turf-grasses/dig-deeper/turf-grass-and-soil-type","200","200:https://www.trugreen.com/lawn-care-101/learning-center/turf-grasses/dig-deeper/turf-grass-and-soil-type","How to Improve and Take Care of Lawn Soil | TruGreen","How to Improve and Take Care of Lawn Soil | TruGreen","https://www.trugreen.com/lawn-care-101/learning-center/turf-grasses/dig-deeper/turf-grass-and-soil-type","1","https://www.trugreen.com/lawn-care-101/learning-center/turf-grasses/dig-deeper/turf-grass-and-soil-type","1","","200","https://www.trugreen.com/lawn-care-101/learning-center/turf-grasses/dig-deeper/turf-grass-and-soil-type","","","","0","1","How to Enhance Soil for Your Turf Grass","0","main|header|nav|footer","jsonld:0;types:;invalid:0;missing:","0","0","47","15","https://www.trugreen.com/chat/organic-promo | https://www.trugreen.com/lawn-care-101 | https://www.trugreen.com/lawn-care-101/learning-center | https://www.trugreen.com/my-account/account-settings | https://www.trugreen.com/my-account/account-summary | https://www.trugreen.com/my-account/my-documents | https://www.trugreen.com/my-account/my-services | https://www.trugreen.com/my-account/payments | https://www.trugreen.com/newsroom | https://www.trugreen.com/pay-your-bill | https://www.trugreen.com/pests-products-and-services | https://www.trugreen.com/pga-tour | https://www.trugreen.com/products-and-services | https://www.trugreen.com/products-and-services/tree-and-shrub-service | https://www.trugreen.com/why-choose-trugreen/testimonials-and-ratings","","internal-links-missing-from-sitemap",""
"chromium","2026-08-31T14:31:41.742Z","prod-release-2-7-2026-08-28","450-800","","https://www.trugreen.com/lawn-care-101/learning-center/turf-grasses/dig-deeper/turf-grass-and-sunlight","https://www.trugreen.com/lawn-care-101/learning-center/turf-grasses/dig-deeper/turf-grass-and-sunlight","200","200:https://www.trugreen.com/lawn-care-101/learning-center/turf-grasses/dig-deeper/turf-grass-and-sunlight","How Much Sunlight Should Your Lawn Get?| TruGreen","How Much Sunlight Should Your Lawn Get?| TruGreen","https://www.trugreen.com/lawn-care-101/learning-center/turf-grasses/dig-deeper/turf-grass-and-sunlight","1","https://www.trugreen.com/lawn-care-101/learning-center/turf-grasses/dig-deeper/turf-grass-and-sunlight","1","","200","https://www.trugreen.com/lawn-care-101/learning-center/turf-grasses/dig-deeper/turf-grass-and-sunlight","","","","0","1","How Much Sunlight Does Turf Grass Need?","0","main|header|nav|footer","jsonld:0;types:;invalid:0;missing:","0","0","47","15","https://www.trugreen.com/chat/organic-promo | https://www.trugreen.com/lawn-care-101 | https://www.trugreen.com/lawn-care-101/learning-center | https://www.trugreen.com/my-account/account-settings | https://www.trugreen.com/my-account/account-summary | https://www.trugreen.com/my-account/my-documents | https://www.trugreen.com/my-account/my-services | https://www.trugreen.com/my-account/payments | https://www.trugreen.com/newsroom | https://www.trugreen.com/pay-your-bill | https://www.trugreen.com/pests-products-and-services | https://www.trugreen.com/pga-tour | https://www.trugreen.com/products-and-services | https://www.trugreen.com/products-and-services/tree-and-shrub-service | https://www.trugreen.com/why-choose-trugreen/testimonials-and-ratings","","internal-links-missing-from-sitemap",""
"chromium","2026-08-31T14:31:41.742Z","prod-release-2-7-2026-08-28","450-800","","https://www.trugreen.com/lawn-care-101/learning-center/turf-grasses/dig-deeper/turf-grass-growth-101","https://www.trugreen.com/lawn-care-101/learning-center/turf-grasses/dig-deeper/turf-grass-growth-101","200","200:https://www.trugreen.com/lawn-care-101/learning-center/turf-grasses/dig-deeper/turf-grass-growth-101","What Makes Grass Grow Into a Healthy Lawn? | TruGreen","What Makes Grass Grow Into a Healthy Lawn? | TruGreen","https://www.trugreen.com/lawn-care-101/learning-center/turf-grasses/dig-deeper/turf-grass-growth-101","1","https://www.trugreen.com/lawn-care-101/learning-center/turf-grasses/dig-deeper/turf-grass-growth-101","1","","200","https://www.trugreen.com/lawn-care-101/learning-center/turf-grasses/dig-deeper/turf-grass-growth-101","","","","0","1","Turf Grass Growth 101","0","main|header|nav|footer","jsonld:0;types:;invalid:0;missing:","0","0","47","15","https://www.trugreen.com/chat/organic-promo | https://www.trugreen.com/lawn-care-101 | https://www.trugreen.com/lawn-care-101/learning-center | https://www.trugreen.com/my-account/account-settings | https://www.trugreen.com/my-account/account-summary | https://www.trugreen.com/my-account/my-documents | https://www.trugreen.com/my-account/my-services | https://www.trugreen.com/my-account/payments | https://www.trugreen.com/newsroom | https://www.trugreen.com/pay-your-bill | https://www.trugreen.com/pests-products-and-services | https://www.trugreen.com/pga-tour | https://www.trugreen.com/products-and-services | https://www.trugreen.com/products-and-services/tree-and-shrub-service | https://www.trugreen.com/why-choose-trugreen/testimonials-and-ratings","","internal-links-missing-from-sitemap",""
"chromium","2026-08-31T14:31:41.742Z","prod-release-2-7-2026-08-28","450-800","","https://www.trugreen.com/lawn-care-101/learning-center/turf-grasses/dig-deeper/warm-season-grasses","https://www.trugreen.com/lawn-care-101/learning-center/turf-grasses/dig-deeper/warm-season-grasses","200","200:https://www.trugreen.com/lawn-care-101/learning-center/turf-grasses/dig-deeper/warm-season-grasses","Quick Guide to Warm-season Grasses | TruGreen","Quick Guide to Warm-season Grasses | TruGreen","https://www.trugreen.com/lawn-care-101/learning-center/turf-grasses/dig-deeper/warm-season-grasses","1","https://www.trugreen.com/lawn-care-101/learning-center/turf-grasses/dig-deeper/warm-season-grasses","1","","200","https://www.trugreen.com/lawn-care-101/learning-center/turf-grasses/dig-deeper/warm-season-grasses","","","","0","1","Warm-season Turf Grass 101","0","main|header|nav|footer","jsonld:0;types:;invalid:0;missing:","0","0","47","15","https://www.trugreen.com/chat/organic-promo | https://www.trugreen.com/lawn-care-101 | https://www.trugreen.com/lawn-care-101/learning-center | https://www.trugreen.com/my-account/account-settings | https://www.trugreen.com/my-account/account-summary | https://www.trugreen.com/my-account/my-documents | https://www.trugreen.com/my-account/my-services | https://www.trugreen.com/my-account/payments | https://www.trugreen.com/newsroom | https://www.trugreen.com/pay-your-bill | https://www.trugreen.com/pests-products-and-services | https://www.trugreen.com/pga-tour | https://www.trugreen.com/products-and-services | https://www.trugreen.com/products-and-services/tree-and-shrub-service | https://www.trugreen.com/why-choose-trugreen/testimonials-and-ratings","","internal-links-missing-from-sitemap",""
"chromium","2026-08-31T14:31:41.742Z","prod-release-2-7-2026-08-28","450-800","","https://www.trugreen.com/lawn-care-101/learning-center/turf-grasses/fine-fescue","https://www.trugreen.com/lawn-care-101/learning-center/turf-grasses/fine-fescue","200","200:https://www.trugreen.com/lawn-care-101/learning-center/turf-grasses/fine-fescue","Fine Fescue | TruGreen","Fine Fescue | TruGreen","https://www.trugreen.com/lawn-care-101/learning-center/turf-grasses/fine-fescue","1","https://www.trugreen.com/lawn-care-101/learning-center/turf-grasses/fine-fescue","1","","200","https://www.trugreen.com/lawn-care-101/learning-center/turf-grasses/fine-fescue","","","","0","0","","0","header|footer","jsonld:0;types:;invalid:0;missing:","0","0","41","8","https://www.trugreen.com/lawn-care-101 | https://www.trugreen.com/lawn-care-101/learning-center | https://www.trugreen.com/newsroom | https://www.trugreen.com/pay-your-bill | https://www.trugreen.com/pests-products-and-services | https://www.trugreen.com/pga-tour | https://www.trugreen.com/products-and-services | https://www.trugreen.com/why-choose-trugreen/testimonials-and-ratings","","missing-h1|missing-main|internal-links-missing-from-sitemap",""
"chromium","2026-08-31T14:31:41.742Z","prod-release-2-7-2026-08-28","450-800","","https://www.trugreen.com/lawn-care-101/learning-center/turf-grasses/kentucky-bluegrass","https://www.trugreen.com/lawn-care-101/learning-center/turf-grasses/kentucky-bluegrass","200","200:https://www.trugreen.com/lawn-care-101/learning-center/turf-grasses/kentucky-bluegrass","Kentucky Bluegrass | TruGreen","Kentucky Bluegrass | TruGreen","https://www.trugreen.com/lawn-care-101/learning-center/turf-grasses/kentucky-bluegrass","1","https://www.trugreen.com/lawn-care-101/learning-center/turf-grasses/kentucky-bluegrass","1","","200","https://www.trugreen.com/lawn-care-101/learning-center/turf-grasses/kentucky-bluegrass","","","","0","0","","0","header|footer","jsonld:0;types:;invalid:0;missing:","0","0","41","8","https://www.trugreen.com/lawn-care-101 | https://www.trugreen.com/lawn-care-101/learning-center | https://www.trugreen.com/newsroom | https://www.trugreen.com/pay-your-bill | https://www.trugreen.com/pests-products-and-services | https://www.trugreen.com/pga-tour | https://www.trugreen.com/products-and-services | https://www.trugreen.com/why-choose-trugreen/testimonials-and-ratings","","missing-h1|missing-main|internal-links-missing-from-sitemap",""
"chromium","2026-08-31T14:31:41.742Z","prod-release-2-7-2026-08-28","450-800","","https://www.trugreen.com/lawn-care-101/learning-center/turf-grasses/perennial-ryegrass","https://www.trugreen.com/lawn-care-101/learning-center/turf-grasses/perennial-ryegrass","200","200:https://www.trugreen.com/lawn-care-101/learning-center/turf-grasses/perennial-ryegrass","Perennial Ryegrass | TruGreen","Perennial Ryegrass | TruGreen","https://www.trugreen.com/lawn-care-101/learning-center/turf-grasses/perennial-ryegrass","1","https://www.trugreen.com/lawn-care-101/learning-center/turf-grasses/perennial-ryegrass","1","","200","https://www.trugreen.com/lawn-care-101/learning-center/turf-grasses/perennial-ryegrass","","","","0","0","","0","header|footer","jsonld:0;types:;invalid:0;missing:","0","0","41","8","https://www.trugreen.com/lawn-care-101 | https://www.trugreen.com/lawn-care-101/learning-center | https://www.trugreen.com/newsroom | https://www.trugreen.com/pay-your-bill | https://www.trugreen.com/pests-products-and-services | https://www.trugreen.com/pga-tour | https://www.trugreen.com/products-and-services | https://www.trugreen.com/why-choose-trugreen/testimonials-and-ratings","","missing-h1|missing-main|internal-links-missing-from-sitemap",""
"chromium","2026-08-31T14:31:41.742Z","prod-release-2-7-2026-08-28","450-800","","https://www.trugreen.com/lawn-care-101/learning-center/turf-grasses/seashore-paspalum","https://www.trugreen.com/lawn-care-101/learning-center/turf-grasses/seashore-paspalum","200","200:https://www.trugreen.com/lawn-care-101/learning-center/turf-grasses/seashore-paspalum","Seashore Paspalum | TruGreen","Seashore Paspalum | TruGreen","https://www.trugreen.com/lawn-care-101/learning-center/turf-grasses/seashore-paspalum","1","https://www.trugreen.com/lawn-care-101/learning-center/turf-grasses/seashore-paspalum","1","","200","https://www.trugreen.com/lawn-care-101/learning-center/turf-grasses/seashore-paspalum","","","","0","0","","0","header|footer","jsonld:0;types:;invalid:0;missing:","0","0","41","8","https://www.trugreen.com/lawn-care-101 | https://www.trugreen.com/lawn-care-101/learning-center | https://www.trugreen.com/newsroom | https://www.trugreen.com/pay-your-bill | https://www.trugreen.com/pests-products-and-services | https://www.trugreen.com/pga-tour | https://www.trugreen.com/products-and-services | https://www.trugreen.com/why-choose-trugreen/testimonials-and-ratings","","missing-h1|missing-main|internal-links-missing-from-sitemap",""
"chromium","2026-08-31T14:31:41.742Z","prod-release-2-7-2026-08-28","450-800","","https://www.trugreen.com/lawn-care-101/learning-center/turf-grasses/st-augustinegrass","https://www.trugreen.com/lawn-care-101/learning-center/turf-grasses/st-augustinegrass","200","200:https://www.trugreen.com/lawn-care-101/learning-center/turf-grasses/st-augustinegrass","St. Augustinegrass | TruGreen","St. Augustinegrass | TruGreen","https://www.trugreen.com/lawn-care-101/learning-center/turf-grasses/st-augustinegrass","1","https://www.trugreen.com/lawn-care-101/learning-center/turf-grasses/st-augustinegrass","1","","200","https://www.trugreen.com/lawn-care-101/learning-center/turf-grasses/st-augustinegrass","","","","0","0","","0","header|footer","jsonld:0;types:;invalid:0;missing:","0","0","41","8","https://www.trugreen.com/lawn-care-101 | https://www.trugreen.com/lawn-care-101/learning-center | https://www.trugreen.com/newsroom | https://www.trugreen.com/pay-your-bill | https://www.trugreen.com/pests-products-and-services | https://www.trugreen.com/pga-tour | https://www.trugreen.com/products-and-services | https://www.trugreen.com/why-choose-trugreen/testimonials-and-ratings","","missing-h1|missing-main|internal-links-missing-from-sitemap",""
"chromium","2026-08-31T14:31:41.742Z","prod-release-2-7-2026-08-28","450-800","","https://www.trugreen.com/lawn-care-101/learning-center/turf-grasses/tall-fescue","https://www.trugreen.com/lawn-care-101/learning-center/turf-grasses/tall-fescue","200","200:https://www.trugreen.com/lawn-care-101/learning-center/turf-grasses/tall-fescue","Tall Fescue | TruGreen","Tall Fescue | TruGreen","https://www.trugreen.com/lawn-care-101/learning-center/turf-grasses/tall-fescue","1","https://www.trugreen.com/lawn-care-101/learning-center/turf-grasses/tall-fescue","1","","200","https://www.trugreen.com/lawn-care-101/learning-center/turf-grasses/tall-fescue","","","","0","0","","0","header|footer","jsonld:0;types:;invalid:0;missing:","0","0","41","8","https://www.trugreen.com/lawn-care-101 | https://www.trugreen.com/lawn-care-101/learning-center | https://www.trugreen.com/newsroom | https://www.trugreen.com/pay-your-bill | https://www.trugreen.com/pests-products-and-services | https://www.trugreen.com/pga-tour | https://www.trugreen.com/products-and-services | https://www.trugreen.com/why-choose-trugreen/testimonials-and-ratings","","missing-h1|missing-main|internal-links-missing-from-sitemap",""
"chromium","2026-08-31T14:31:41.742Z","prod-release-2-7-2026-08-28","450-800","","https://www.trugreen.com/lawn-care-101/learning-center/turf-grasses/zoysiagrass","https://www.trugreen.com/lawn-care-101/learning-center/turf-grasses/zoysiagrass","200","200:https://www.trugreen.com/lawn-care-101/learning-center/turf-grasses/zoysiagrass","Zoysiagrass | TruGreen","Zoysiagrass | TruGreen","https://www.trugreen.com/lawn-care-101/learning-center/turf-grasses/zoysiagrass","1","https://www.trugreen.com/lawn-care-101/learning-center/turf-grasses/zoysiagrass","1","","200","https://www.trugreen.com/lawn-care-101/learning-center/turf-grasses/zoysiagrass","","","","0","0","","0","header|footer","jsonld:0;types:;invalid:0;missing:","0","0","41","8","https://www.trugreen.com/lawn-care-101 | https://www.trugreen.com/lawn-care-101/learning-center | https://www.trugreen.com/newsroom | https://www.trugreen.com/pay-your-bill | https://www.trugreen.com/pests-products-and-services | https://www.trugreen.com/pga-tour | https://www.trugreen.com/products-and-services | https://www.trugreen.com/why-choose-trugreen/testimonials-and-ratings","","missing-h1|missing-main|internal-links-missing-from-sitemap",""
"chromium","2026-08-31T14:31:41.742Z","prod-release-2-7-2026-08-28","450-800","","https://www.trugreen.com/lawncareone","https://www.trugreen.com/lawncareone","200","200:https://www.trugreen.com/lawncareone","Lawn Care 101 | TruGreen","Lawn Care 101 | TruGreen","https://www.trugreen.com/lawncareone","1","https://www.trugreen.com/lawncareone","1","","200","https://www.trugreen.com/lawncareone","","","","0","0","","0","header|nav|footer","jsonld:0;types:;invalid:0;missing:","0","0","46","15","https://www.trugreen.com/chat/organic-promo | https://www.trugreen.com/lawn-care-101 | https://www.trugreen.com/lawn-care-101/learning-center | https://www.trugreen.com/my-account/account-settings | https://www.trugreen.com/my-account/account-summary | https://www.trugreen.com/my-account/my-documents | https://www.trugreen.com/my-account/my-services | https://www.trugreen.com/my-account/payments | https://www.trugreen.com/newsroom | https://www.trugreen.com/pay-your-bill | https://www.trugreen.com/pests-products-and-services | https://www.trugreen.com/pga-tour | https://www.trugreen.com/products-and-services | https://www.trugreen.com/products-and-services/tree-and-shrub-service | https://www.trugreen.com/why-choose-trugreen/testimonials-and-ratings","","missing-h1|missing-main|internal-links-missing-from-sitemap",""
"chromium","2026-08-31T14:31:41.742Z","prod-release-2-7-2026-08-28","450-800","","https://www.trugreen.com/local-lawn-care","https://www.trugreen.com/local-lawn-care","200","200:https://www.trugreen.com/local-lawn-care","TruGreen Local Lawn Care Service Company Near Me| TruGreen","TruGreen Local Lawn Care Service Company Near Me| TruGreen","https://www.trugreen.com/local-lawn-care","1","https://www.trugreen.com/local-lawn-care","1","","200","https://www.trugreen.com/local-lawn-care","","","","0","1","Find your local branch.","0","header|footer","jsonld:1;types:BreadcrumbList|ItemList;invalid:0;missing:jsonld_0_missing_@context|jsonld_1_missing_@context","0","0","88","8","https://www.trugreen.com/lawn-care-101 | https://www.trugreen.com/lawn-care-101/learning-center | https://www.trugreen.com/newsroom | https://www.trugreen.com/pay-your-bill | https://www.trugreen.com/pests-products-and-services | https://www.trugreen.com/pga-tour | https://www.trugreen.com/products-and-services | https://www.trugreen.com/why-choose-trugreen/testimonials-and-ratings","","missing-main|internal-links-missing-from-sitemap",""
"chromium","2026-08-31T14:31:41.742Z","prod-release-2-7-2026-08-28","450-800","","https://www.trugreen.com/local-lawn-care/alabama","https://www.trugreen.com/local-lawn-care/alabama","200","200:https://www.trugreen.com/local-lawn-care/alabama","TruGreen Alabama: Local Lawn Care Service Near Me | TruGreen","TruGreen Alabama: Local Lawn Care Service Near Me | TruGreen","https://www.trugreen.com/local-lawn-care/alabama","1","https://www.trugreen.com/local-lawn-care/alabama","1","","200","https://www.trugreen.com/local-lawn-care/alabama","","","","0","1","Find your local branch in Alabama.","0","header|footer","jsonld:1;types:BreadcrumbList|CollectionPage|ItemList;invalid:0;missing:jsonld_0_missing_@context|jsonld_1_missing_@context|jsonld_2_missing_@context","0","0","44","8","https://www.trugreen.com/lawn-care-101 | https://www.trugreen.com/lawn-care-101/learning-center | https://www.trugreen.com/newsroom | https://www.trugreen.com/pay-your-bill | https://www.trugreen.com/pests-products-and-services | https://www.trugreen.com/pga-tour | https://www.trugreen.com/products-and-services | https://www.trugreen.com/why-choose-trugreen/testimonials-and-ratings","","missing-main|internal-links-missing-from-sitemap",""
"chromium","2026-08-31T14:31:41.742Z","prod-release-2-7-2026-08-28","450-800","","https://www.trugreen.com/local-lawn-care/alabama/birmingham","https://www.trugreen.com/local-lawn-care/alabama/birmingham","200","200:https://www.trugreen.com/local-lawn-care/alabama/birmingham","Lawn Care and Outdoor Services in Birmingham, AL | TruGreen","Lawn Care and Outdoor Services in Birmingham, AL | TruGreen","https://www.trugreen.com/local-lawn-care/alabama/birmingham","1","https://www.trugreen.com/local-lawn-care/alabama/birmingham","1","","200","https://www.trugreen.com/local-lawn-care/alabama/birmingham","","","","0","1","Meet your local experts.","0","header|footer","jsonld:1;types:WebPage;invalid:0;missing:","0","0","45","8","https://www.trugreen.com/lawn-care-101 | https://www.trugreen.com/lawn-care-101/learning-center | https://www.trugreen.com/newsroom | https://www.trugreen.com/pay-your-bill | https://www.trugreen.com/pests-products-and-services | https://www.trugreen.com/pga-tour | https://www.trugreen.com/products-and-services | https://www.trugreen.com/why-choose-trugreen/testimonials-and-ratings","","missing-main|internal-links-missing-from-sitemap|duplicate-title",""
"chromium","2026-08-31T14:31:41.742Z","prod-release-2-7-2026-08-28","450-800","","https://www.trugreen.com/local-lawn-care/alabama/birmingham/lawn-care","https://www.trugreen.com/local-lawn-care/alabama/birmingham/lawn-care","200","200:https://www.trugreen.com/local-lawn-care/alabama/birmingham/lawn-care","Lawn Care and Outdoor Services in Birmingham, AL | TruGreen","Lawn Care and Outdoor Services in Birmingham, AL | TruGreen","https://www.trugreen.com/local-lawn-care/alabama/birmingham","1","https://www.trugreen.com/local-lawn-care/alabama/birmingham","1","","200","https://www.trugreen.com/local-lawn-care/alabama/birmingham","","","","0","2","We put the ""care"" in ""lawn care."" | Explore our plans.","0","header|footer","jsonld:1;types:BreadcrumbList|WebPage;invalid:0;missing:jsonld_0_missing_@context|jsonld_1_missing_@context","0","0","44","8","https://www.trugreen.com/lawn-care-101 | https://www.trugreen.com/lawn-care-101/learning-center | https://www.trugreen.com/newsroom | https://www.trugreen.com/pay-your-bill | https://www.trugreen.com/pests-products-and-services | https://www.trugreen.com/pga-tour | https://www.trugreen.com/products-and-services | https://www.trugreen.com/why-choose-trugreen/testimonials-and-ratings","","multiple-h1|missing-main|internal-links-missing-from-sitemap|duplicate-title",""
"chromium","2026-08-31T14:31:41.742Z","prod-release-2-7-2026-08-28","450-800","","https://www.trugreen.com/local-lawn-care/alabama/huntsville","https://www.trugreen.com/local-lawn-care/alabama/huntsville","200","200:https://www.trugreen.com/local-lawn-care/alabama/huntsville","Lawn Care and Outdoor Services in Huntsville, AL | TruGreen","Lawn Care and Outdoor Services in Huntsville, AL | TruGreen","https://www.trugreen.com/local-lawn-care/alabama/huntsville","1","https://www.trugreen.com/local-lawn-care/alabama/huntsville","1","","200","https://www.trugreen.com/local-lawn-care/alabama/huntsville","","","","0","1","Meet your local experts.","0","header|footer","jsonld:1;types:WebPage;invalid:0;missing:","0","0","45","8","https://www.trugreen.com/lawn-care-101 | https://www.trugreen.com/lawn-care-101/learning-center | https://www.trugreen.com/newsroom | https://www.trugreen.com/pay-your-bill | https://www.trugreen.com/pests-products-and-services | https://www.trugreen.com/pga-tour | https://www.trugreen.com/products-and-services | https://www.trugreen.com/why-choose-trugreen/testimonials-and-ratings","","missing-main|internal-links-missing-from-sitemap|duplicate-title",""
"chromium","2026-08-31T14:31:41.742Z","prod-release-2-7-2026-08-28","450-800","","https://www.trugreen.com/local-lawn-care/alabama/huntsville/lawn-care","https://www.trugreen.com/local-lawn-care/alabama/huntsville/lawn-care","200","200:https://www.trugreen.com/local-lawn-care/alabama/huntsville/lawn-care","Lawn Care and Outdoor Services in Huntsville, AL | TruGreen","Lawn Care and Outdoor Services in Huntsville, AL | TruGreen","https://www.trugreen.com/local-lawn-care/alabama/huntsville","1","https://www.trugreen.com/local-lawn-care/alabama/huntsville","1","","200","https://www.trugreen.com/local-lawn-care/alabama/huntsville","","","","0","2","We put the ""care"" in ""lawn care."" | Explore our plans.","0","header|footer","jsonld:1;types:BreadcrumbList|WebPage;invalid:0;missing:jsonld_0_missing_@context|jsonld_1_missing_@context","0","0","44","8","https://www.trugreen.com/lawn-care-101 | https://www.trugreen.com/lawn-care-101/learning-center | https://www.trugreen.com/newsroom | https://www.trugreen.com/pay-your-bill | https://www.trugreen.com/pests-products-and-services | https://www.trugreen.com/pga-tour | https://www.trugreen.com/products-and-services | https://www.trugreen.com/why-choose-trugreen/testimonials-and-ratings","","multiple-h1|missing-main|internal-links-missing-from-sitemap|duplicate-title",""
"chromium","2026-08-31T14:31:41.742Z","prod-release-2-7-2026-08-28","450-800","","https://www.trugreen.com/local-lawn-care/alabama/montgomery","https://www.trugreen.com/local-lawn-care/alabama/montgomery","200","200:https://www.trugreen.com/local-lawn-care/alabama/montgomery","Lawn Care and Outdoor Services in Montgomery, AL | TruGreen","Lawn Care and Outdoor Services in Montgomery, AL | TruGreen","https://www.trugreen.com/local-lawn-care/alabama/montgomery","1","https://www.trugreen.com/local-lawn-care/alabama/montgomery","1","","200","https://www.trugreen.com/local-lawn-care/alabama/montgomery","","","","0","1","Meet your local experts.","0","header|footer","jsonld:1;types:WebPage;invalid:0;missing:","0","0","45","8","https://www.trugreen.com/lawn-care-101 | https://www.trugreen.com/lawn-care-101/learning-center | https://www.trugreen.com/newsroom | https://www.trugreen.com/pay-your-bill | https://www.trugreen.com/pests-products-and-services | https://www.trugreen.com/pga-tour | https://www.trugreen.com/products-and-services | https://www.trugreen.com/why-choose-trugreen/testimonials-and-ratings","","missing-main|internal-links-missing-from-sitemap|duplicate-title",""
"chromium","2026-08-31T14:31:41.742Z","prod-release-2-7-2026-08-28","450-800","","https://www.trugreen.com/local-lawn-care/alabama/montgomery/lawn-care","https://www.trugreen.com/local-lawn-care/alabama/montgomery/lawn-care","200","200:https://www.trugreen.com/local-lawn-care/alabama/montgomery/lawn-care","Lawn Care and Outdoor Services in Montgomery, AL | TruGreen","Lawn Care and Outdoor Services in Montgomery, AL | TruGreen","https://www.trugreen.com/local-lawn-care/alabama/montgomery","1","https://www.trugreen.com/local-lawn-care/alabama/montgomery","1","","200","https://www.trugreen.com/local-lawn-care/alabama/montgomery","","","","0","2","We put the ""care"" in ""lawn care."" | Explore our plans.","0","header|footer","jsonld:1;types:BreadcrumbList|WebPage;invalid:0;missing:jsonld_0_missing_@context|jsonld_1_missing_@context","0","0","44","8","https://www.trugreen.com/lawn-care-101 | https://www.trugreen.com/lawn-care-101/learning-center | https://www.trugreen.com/newsroom | https://www.trugreen.com/pay-your-bill | https://www.trugreen.com/pests-products-and-services | https://www.trugreen.com/pga-tour | https://www.trugreen.com/products-and-services | https://www.trugreen.com/why-choose-trugreen/testimonials-and-ratings","","multiple-h1|missing-main|internal-links-missing-from-sitemap|duplicate-title",""
"chromium","2026-08-31T14:31:41.742Z","prod-release-2-7-2026-08-28","450-800","","https://www.trugreen.com/local-lawn-care/alabama/theodore","https://www.trugreen.com/local-lawn-care/alabama/theodore","200","200:https://www.trugreen.com/local-lawn-care/alabama/theodore","TruGreen Mobile: Lawn Care Maintenance Services in Mobile, AL | TruGreen","TruGreen Mobile: Lawn Care Maintenance Services in Mobile, AL | TruGreen","https://www.trugreen.com/local-lawn-care/alabama/theodore","1","https://www.trugreen.com/local-lawn-care/alabama/theodore","1","","200","https://www.trugreen.com/local-lawn-care/alabama/theodore","","","","0","1","Meet your local experts.","0","header|footer","jsonld:1;types:WebPage;invalid:0;missing:","0","0","45","8","https://www.trugreen.com/lawn-care-101 | https://www.trugreen.com/lawn-care-101/learning-center | https://www.trugreen.com/newsroom | https://www.trugreen.com/pay-your-bill | https://www.trugreen.com/pests-products-and-services | https://www.trugreen.com/pga-tour | https://www.trugreen.com/products-and-services | https://www.trugreen.com/why-choose-trugreen/testimonials-and-ratings","","missing-main|internal-links-missing-from-sitemap|duplicate-title",""
"chromium","2026-08-31T14:31:41.742Z","prod-release-2-7-2026-08-28","450-800","","https://www.trugreen.com/local-lawn-care/alabama/theodore/lawn-care","https://www.trugreen.com/local-lawn-care/alabama/theodore/lawn-care","200","200:https://www.trugreen.com/local-lawn-care/alabama/theodore/lawn-care","TruGreen Mobile: Lawn Care Maintenance Services in Mobile, AL | TruGreen","TruGreen Mobile: Lawn Care Maintenance Services in Mobile, AL | TruGreen","https://www.trugreen.com/local-lawn-care/alabama/theodore","1","https://www.trugreen.com/local-lawn-care/alabama/theodore","1","","200","https://www.trugreen.com/local-lawn-care/alabama/theodore","","","","0","2","We put the ""care"" in ""lawn care."" | Explore our plans.","0","header|footer","jsonld:1;types:BreadcrumbList|WebPage;invalid:0;missing:jsonld_0_missing_@context|jsonld_1_missing_@context","0","0","44","8","https://www.trugreen.com/lawn-care-101 | https://www.trugreen.com/lawn-care-101/learning-center | https://www.trugreen.com/newsroom | https://www.trugreen.com/pay-your-bill | https://www.trugreen.com/pests-products-and-services | https://www.trugreen.com/pga-tour | https://www.trugreen.com/products-and-services | https://www.trugreen.com/why-choose-trugreen/testimonials-and-ratings","","multiple-h1|missing-main|internal-links-missing-from-sitemap|duplicate-title",""
"chromium","2026-08-31T14:31:41.742Z","prod-release-2-7-2026-08-28","450-800","","https://www.trugreen.com/local-lawn-care/alaska","https://www.trugreen.com/local-lawn-care/alaska","200","200:https://www.trugreen.com/local-lawn-care/alaska","TruGreen Alaska: Local Lawn Care Service Near Me | TruGreen","TruGreen Alaska: Local Lawn Care Service Near Me | TruGreen","https://www.trugreen.com/local-lawn-care/alaska","1","https://www.trugreen.com/local-lawn-care/alaska","1","","200","https://www.trugreen.com/local-lawn-care/alaska","","","","0","1","Find your local branch in Alaska.","0","header|footer","jsonld:1;types:BreadcrumbList|CollectionPage|ItemList;invalid:0;missing:jsonld_0_missing_@context|jsonld_1_missing_@context|jsonld_2_missing_@context","0","0","41","8","https://www.trugreen.com/lawn-care-101 | https://www.trugreen.com/lawn-care-101/learning-center | https://www.trugreen.com/newsroom | https://www.trugreen.com/pay-your-bill | https://www.trugreen.com/pests-products-and-services | https://www.trugreen.com/pga-tour | https://www.trugreen.com/products-and-services | https://www.trugreen.com/why-choose-trugreen/testimonials-and-ratings","","missing-main|internal-links-missing-from-sitemap",""
"chromium","2026-08-31T14:31:41.742Z","prod-release-2-7-2026-08-28","450-800","","https://www.trugreen.com/local-lawn-care/arizona","https://www.trugreen.com/local-lawn-care/arizona","200","200:https://www.trugreen.com/local-lawn-care/arizona","TruGreen Arizona: Local Lawn Care Service Near Me | TruGreen","TruGreen Arizona: Local Lawn Care Service Near Me | TruGreen","https://www.trugreen.com/local-lawn-care/arizona","1","https://www.trugreen.com/local-lawn-care/arizona","1","","200","https://www.trugreen.com/local-lawn-care/arizona","","","","0","1","Find your local branch in Arizona.","0","header|footer","jsonld:1;types:BreadcrumbList|CollectionPage|ItemList;invalid:0;missing:jsonld_0_missing_@context|jsonld_1_missing_@context|jsonld_2_missing_@context","0","0","42","8","https://www.trugreen.com/lawn-care-101 | https://www.trugreen.com/lawn-care-101/learning-center | https://www.trugreen.com/newsroom | https://www.trugreen.com/pay-your-bill | https://www.trugreen.com/pests-products-and-services | https://www.trugreen.com/pga-tour | https://www.trugreen.com/products-and-services | https://www.trugreen.com/why-choose-trugreen/testimonials-and-ratings","","missing-main|internal-links-missing-from-sitemap",""
"chromium","2026-08-31T14:31:41.742Z","prod-release-2-7-2026-08-28","450-800","","https://www.trugreen.com/local-lawn-care/arizona/maricopa","https://www.trugreen.com/local-lawn-care/arizona/maricopa","200","200:https://www.trugreen.com/local-lawn-care/arizona/maricopa","TruGreen Phoenix: Lawn Care Maintenance Services in Phoenix, AZ | TruGreen","TruGreen Phoenix: Lawn Care Maintenance Services in Phoenix, AZ | TruGreen","https://www.trugreen.com/local-lawn-care/arizona/maricopa","1","https://www.trugreen.com/local-lawn-care/arizona/maricopa","1","","200","https://www.trugreen.com/local-lawn-care/arizona/maricopa","","","","0","1","Meet your local experts.","0","header|footer","jsonld:1;types:WebPage;invalid:0;missing:","0","0","45","8","https://www.trugreen.com/lawn-care-101 | https://www.trugreen.com/lawn-care-101/learning-center | https://www.trugreen.com/newsroom | https://www.trugreen.com/pay-your-bill | https://www.trugreen.com/pests-products-and-services | https://www.trugreen.com/pga-tour | https://www.trugreen.com/products-and-services | https://www.trugreen.com/why-choose-trugreen/testimonials-and-ratings","","missing-main|internal-links-missing-from-sitemap|duplicate-title",""
"chromium","2026-08-31T14:31:41.742Z","prod-release-2-7-2026-08-28","450-800","","https://www.trugreen.com/local-lawn-care/arizona/maricopa/lawn-care","https://www.trugreen.com/local-lawn-care/arizona/maricopa/lawn-care","200","200:https://www.trugreen.com/local-lawn-care/arizona/maricopa/lawn-care","TruGreen Phoenix: Lawn Care Maintenance Services in Phoenix, AZ | TruGreen","TruGreen Phoenix: Lawn Care Maintenance Services in Phoenix, AZ | TruGreen","https://www.trugreen.com/local-lawn-care/arizona/maricopa","1","https://www.trugreen.com/local-lawn-care/arizona/maricopa","1","","200","https://www.trugreen.com/local-lawn-care/arizona/maricopa","","","","0","2","We put the ""care"" in ""lawn care."" | Explore our plans.","0","header|footer","jsonld:1;types:BreadcrumbList|WebPage;invalid:0;missing:jsonld_0_missing_@context|jsonld_1_missing_@context","0","0","44","8","https://www.trugreen.com/lawn-care-101 | https://www.trugreen.com/lawn-care-101/learning-center | https://www.trugreen.com/newsroom | https://www.trugreen.com/pay-your-bill | https://www.trugreen.com/pests-products-and-services | https://www.trugreen.com/pga-tour | https://www.trugreen.com/products-and-services | https://www.trugreen.com/why-choose-trugreen/testimonials-and-ratings","","multiple-h1|missing-main|internal-links-missing-from-sitemap|duplicate-title",""
"chromium","2026-08-31T14:31:41.742Z","prod-release-2-7-2026-08-28","450-800","","https://www.trugreen.com/local-lawn-care/arkansas","https://www.trugreen.com/local-lawn-care/arkansas","200","200:https://www.trugreen.com/local-lawn-care/arkansas","TruGreen Arkansas: Local Lawn Care Service Near Me | TruGreen","TruGreen Arkansas: Local Lawn Care Service Near Me | TruGreen","https://www.trugreen.com/local-lawn-care/arkansas","1","https://www.trugreen.com/local-lawn-care/arkansas","1","","200","https://www.trugreen.com/local-lawn-care/arkansas","","","","0","1","Find your local branch in Arkansas.","0","header|footer","jsonld:1;types:BreadcrumbList|CollectionPage|ItemList;invalid:0;missing:jsonld_0_missing_@context|jsonld_1_missing_@context|jsonld_2_missing_@context","0","0","43","8","https://www.trugreen.com/lawn-care-101 | https://www.trugreen.com/lawn-care-101/learning-center | https://www.trugreen.com/newsroom | https://www.trugreen.com/pay-your-bill | https://www.trugreen.com/pests-products-and-services | https://www.trugreen.com/pga-tour | https://www.trugreen.com/products-and-services | https://www.trugreen.com/why-choose-trugreen/testimonials-and-ratings","","missing-main|internal-links-missing-from-sitemap",""
"chromium","2026-08-31T14:31:41.742Z","prod-release-2-7-2026-08-28","450-800","","https://www.trugreen.com/local-lawn-care/arkansas/little-rock","https://www.trugreen.com/local-lawn-care/arkansas/little-rock","200","200:https://www.trugreen.com/local-lawn-care/arkansas/little-rock","TruGreen Little Rock: Lawn Care Maintenance Services in Little Rock, AR | TruGreen","TruGreen Little Rock: Lawn Care Maintenance Services in Little Rock, AR | TruGreen","https://www.trugreen.com/local-lawn-care/arkansas/little-rock","1","https://www.trugreen.com/local-lawn-care/arkansas/little-rock","1","","200","https://www.trugreen.com/local-lawn-care/arkansas/little-rock","","","","0","1","Meet your local experts.","0","header|footer","jsonld:1;types:WebPage;invalid:0;missing:","0","0","45","8","https://www.trugreen.com/lawn-care-101 | https://www.trugreen.com/lawn-care-101/learning-center | https://www.trugreen.com/newsroom | https://www.trugreen.com/pay-your-bill | https://www.trugreen.com/pests-products-and-services | https://www.trugreen.com/pga-tour | https://www.trugreen.com/products-and-services | https://www.trugreen.com/why-choose-trugreen/testimonials-and-ratings","","missing-main|internal-links-missing-from-sitemap|duplicate-title",""
"chromium","2026-08-31T14:31:41.742Z","prod-release-2-7-2026-08-28","450-800","","https://www.trugreen.com/local-lawn-care/arkansas/little-rock/lawn-care","https://www.trugreen.com/local-lawn-care/arkansas/little-rock/lawn-care","200","200:https://www.trugreen.com/local-lawn-care/arkansas/little-rock/lawn-care","TruGreen Little Rock: Lawn Care Maintenance Services in Little Rock, AR | TruGreen","TruGreen Little Rock: Lawn Care Maintenance Services in Little Rock, AR | TruGreen","https://www.trugreen.com/local-lawn-care/arkansas/little-rock","1","https://www.trugreen.com/local-lawn-care/arkansas/little-rock","1","","200","https://www.trugreen.com/local-lawn-care/arkansas/little-rock","","","","0","2","We put the ""care"" in ""lawn care."" | Explore our plans.","0","header|footer","jsonld:1;types:BreadcrumbList|WebPage;invalid:0;missing:jsonld_0_missing_@context|jsonld_1_missing_@context","0","0","44","8","https://www.trugreen.com/lawn-care-101 | https://www.trugreen.com/lawn-care-101/learning-center | https://www.trugreen.com/newsroom | https://www.trugreen.com/pay-your-bill | https://www.trugreen.com/pests-products-and-services | https://www.trugreen.com/pga-tour | https://www.trugreen.com/products-and-services | https://www.trugreen.com/why-choose-trugreen/testimonials-and-ratings","","multiple-h1|missing-main|internal-links-missing-from-sitemap|duplicate-title",""
"chromium","2026-08-31T14:31:41.742Z","prod-release-2-7-2026-08-28","450-800","","https://www.trugreen.com/local-lawn-care/arkansas/lowell","https://www.trugreen.com/local-lawn-care/arkansas/lowell","200","200:https://www.trugreen.com/local-lawn-care/arkansas/lowell","TruGreen Rogers: Lawn Care Maintenance Services in Rogers, AR | TruGreen","TruGreen Rogers: Lawn Care Maintenance Services in Rogers, AR | TruGreen","https://www.trugreen.com/local-lawn-care/arkansas/lowell","1","https://www.trugreen.com/local-lawn-care/arkansas/lowell","1","","200","https://www.trugreen.com/local-lawn-care/arkansas/lowell","","","","0","1","Meet your local experts.","0","header|footer","jsonld:1;types:WebPage;invalid:0;missing:","0","0","45","8","https://www.trugreen.com/lawn-care-101 | https://www.trugreen.com/lawn-care-101/learning-center | https://www.trugreen.com/newsroom | https://www.trugreen.com/pay-your-bill | https://www.trugreen.com/pests-products-and-services | https://www.trugreen.com/pga-tour | https://www.trugreen.com/products-and-services | https://www.trugreen.com/why-choose-trugreen/testimonials-and-ratings","","missing-main|internal-links-missing-from-sitemap|duplicate-title",""
"chromium","2026-08-31T14:31:41.742Z","prod-release-2-7-2026-08-28","450-800","","https://www.trugreen.com/local-lawn-care/arkansas/lowell/lawn-care","https://www.trugreen.com/local-lawn-care/arkansas/lowell/lawn-care","200","200:https://www.trugreen.com/local-lawn-care/arkansas/lowell/lawn-care","TruGreen Rogers: Lawn Care Maintenance Services in Rogers, AR | TruGreen","TruGreen Rogers: Lawn Care Maintenance Services in Rogers, AR | TruGreen","https://www.trugreen.com/local-lawn-care/arkansas/lowell","1","https://www.trugreen.com/local-lawn-care/arkansas/lowell","1","","200","https://www.trugreen.com/local-lawn-care/arkansas/lowell","","","","0","2","We put the ""care"" in ""lawn care."" | Explore our plans.","0","header|footer","jsonld:1;types:BreadcrumbList|WebPage;invalid:0;missing:jsonld_0_missing_@context|jsonld_1_missing_@context","0","0","44","8","https://www.trugreen.com/lawn-care-101 | https://www.trugreen.com/lawn-care-101/learning-center | https://www.trugreen.com/newsroom | https://www.trugreen.com/pay-your-bill | https://www.trugreen.com/pests-products-and-services | https://www.trugreen.com/pga-tour | https://www.trugreen.com/products-and-services | https://www.trugreen.com/why-choose-trugreen/testimonials-and-ratings","","multiple-h1|missing-main|internal-links-missing-from-sitemap|duplicate-title",""
"chromium","2026-08-31T14:31:41.742Z","prod-release-2-7-2026-08-28","450-800","","https://www.trugreen.com/local-lawn-care/california","https://www.trugreen.com/local-lawn-care/california","200","200:https://www.trugreen.com/local-lawn-care/california","TruGreen California: Local Lawn Care Service Near Me | TruGreen","TruGreen California: Local Lawn Care Service Near Me | TruGreen","https://www.trugreen.com/local-lawn-care/california","1","https://www.trugreen.com/local-lawn-care/california","1","","200","https://www.trugreen.com/local-lawn-care/california","","","","0","1","Find your local branch in California.","0","header|footer","jsonld:1;types:BreadcrumbList|CollectionPage|ItemList;invalid:0;missing:jsonld_0_missing_@context|jsonld_1_missing_@context|jsonld_2_missing_@context","0","0","46","8","https://www.trugreen.com/lawn-care-101 | https://www.trugreen.com/lawn-care-101/learning-center | https://www.trugreen.com/newsroom | https://www.trugreen.com/pay-your-bill | https://www.trugreen.com/pests-products-and-services | https://www.trugreen.com/pga-tour | https://www.trugreen.com/products-and-services | https://www.trugreen.com/why-choose-trugreen/testimonials-and-ratings","","missing-main|internal-links-missing-from-sitemap",""
"chromium","2026-08-31T14:31:41.742Z","prod-release-2-7-2026-08-28","450-800","","https://www.trugreen.com/local-lawn-care/california/anaheim","https://www.trugreen.com/local-lawn-care/california/anaheim","200","200:https://www.trugreen.com/local-lawn-care/california/anaheim","TruGreen LA Orange: Lawn Care Maintenance Services in LA Orange, CA | TruGreen","TruGreen LA Orange: Lawn Care Maintenance Services in LA Orange, CA | TruGreen","https://www.trugreen.com/local-lawn-care/california/anaheim","1","https://www.trugreen.com/local-lawn-care/california/anaheim","1","","200","https://www.trugreen.com/local-lawn-care/california/anaheim","","","","0","1","Meet your local experts.","0","header|footer","jsonld:1;types:WebPage;invalid:0;missing:","0","0","45","8","https://www.trugreen.com/lawn-care-101 | https://www.trugreen.com/lawn-care-101/learning-center | https://www.trugreen.com/newsroom | https://www.trugreen.com/pay-your-bill | https://www.trugreen.com/pests-products-and-services | https://www.trugreen.com/pga-tour | https://www.trugreen.com/products-and-services | https://www.trugreen.com/why-choose-trugreen/testimonials-and-ratings","","missing-main|internal-links-missing-from-sitemap|duplicate-title",""
"chromium","2026-08-31T14:31:41.742Z","prod-release-2-7-2026-08-28","450-800","","https://www.trugreen.com/local-lawn-care/california/anaheim/lawn-care","https://www.trugreen.com/local-lawn-care/california/anaheim/lawn-care","200","200:https://www.trugreen.com/local-lawn-care/california/anaheim/lawn-care","TruGreen LA Orange: Lawn Care Maintenance Services in LA Orange, CA | TruGreen","TruGreen LA Orange: Lawn Care Maintenance Services in LA Orange, CA | TruGreen","https://www.trugreen.com/local-lawn-care/california/anaheim","1","https://www.trugreen.com/local-lawn-care/california/anaheim","1","","200","https://www.trugreen.com/local-lawn-care/california/anaheim","","","","0","2","We put the ""care"" in ""lawn care."" | Explore our plans.","0","header|footer","jsonld:1;types:BreadcrumbList|WebPage;invalid:0;missing:jsonld_0_missing_@context|jsonld_1_missing_@context","0","0","44","8","https://www.trugreen.com/lawn-care-101 | https://www.trugreen.com/lawn-care-101/learning-center | https://www.trugreen.com/newsroom | https://www.trugreen.com/pay-your-bill | https://www.trugreen.com/pests-products-and-services | https://www.trugreen.com/pga-tour | https://www.trugreen.com/products-and-services | https://www.trugreen.com/why-choose-trugreen/testimonials-and-ratings","","multiple-h1|missing-main|internal-links-missing-from-sitemap|duplicate-title",""
"chromium","2026-08-31T14:31:41.742Z","prod-release-2-7-2026-08-28","450-800","","https://www.trugreen.com/local-lawn-care/california/irwindale","https://www.trugreen.com/local-lawn-care/california/irwindale","200","200:https://www.trugreen.com/local-lawn-care/california/irwindale","TruGreen LA Pasadena: Lawn Care Maintenance Services in LA Pasadena, CA | TruGreen","TruGreen LA Pasadena: Lawn Care Maintenance Services in LA Pasadena, CA | TruGreen","https://www.trugreen.com/local-lawn-care/california/irwindale","1","https://www.trugreen.com/local-lawn-care/california/irwindale","1","","200","https://www.trugreen.com/local-lawn-care/california/irwindale","","","","0","1","Meet your local experts.","0","header|footer","jsonld:1;types:WebPage;invalid:0;missing:","0","0","45","8","https://www.trugreen.com/lawn-care-101 | https://www.trugreen.com/lawn-care-101/learning-center | https://www.trugreen.com/newsroom | https://www.trugreen.com/pay-your-bill | https://www.trugreen.com/pests-products-and-services | https://www.trugreen.com/pga-tour | https://www.trugreen.com/products-and-services | https://www.trugreen.com/why-choose-trugreen/testimonials-and-ratings","","missing-main|internal-links-missing-from-sitemap|duplicate-title",""
"chromium","2026-08-31T14:31:41.742Z","prod-release-2-7-2026-08-28","450-800","","https://www.trugreen.com/local-lawn-care/california/irwindale/lawn-care","https://www.trugreen.com/local-lawn-care/california/irwindale/lawn-care","200","200:https://www.trugreen.com/local-lawn-care/california/irwindale/lawn-care","TruGreen LA Pasadena: Lawn Care Maintenance Services in LA Pasadena, CA | TruGreen","TruGreen LA Pasadena: Lawn Care Maintenance Services in LA Pasadena, CA | TruGreen","https://www.trugreen.com/local-lawn-care/california/irwindale","1","https://www.trugreen.com/local-lawn-care/california/irwindale","1","","200","https://www.trugreen.com/local-lawn-care/california/irwindale","","","","0","2","We put the ""care"" in ""lawn care."" | Explore our plans.","0","header|footer","jsonld:1;types:BreadcrumbList|WebPage;invalid:0;missing:jsonld_0_missing_@context|jsonld_1_missing_@context","0","0","44","8","https://www.trugreen.com/lawn-care-101 | https://www.trugreen.com/lawn-care-101/learning-center | https://www.trugreen.com/newsroom | https://www.trugreen.com/pay-your-bill | https://www.trugreen.com/pests-products-and-services | https://www.trugreen.com/pga-tour | https://www.trugreen.com/products-and-services | https://www.trugreen.com/why-choose-trugreen/testimonials-and-ratings","","multiple-h1|missing-main|internal-links-missing-from-sitemap|duplicate-title",""
"chromium","2026-08-31T14:31:41.742Z","prod-release-2-7-2026-08-28","450-800","","https://www.trugreen.com/local-lawn-care/california/martinez","https://www.trugreen.com/local-lawn-care/california/martinez","200","200:https://www.trugreen.com/local-lawn-care/california/martinez","TruGreen Concord: Lawn Care Maintenance Services in Concord, CA | TruGreen","TruGreen Concord: Lawn Care Maintenance Services in Concord, CA | TruGreen","https://www.trugreen.com/local-lawn-care/california/martinez","1","https://www.trugreen.com/local-lawn-care/california/martinez","1","","200","https://www.trugreen.com/local-lawn-care/california/martinez","","","","0","1","Meet your local experts.","0","header|footer","jsonld:1;types:WebPage;invalid:0;missing:","0","0","45","8","https://www.trugreen.com/lawn-care-101 | https://www.trugreen.com/lawn-care-101/learning-center | https://www.trugreen.com/newsroom | https://www.trugreen.com/pay-your-bill | https://www.trugreen.com/pests-products-and-services | https://www.trugreen.com/pga-tour | https://www.trugreen.com/products-and-services | https://www.trugreen.com/why-choose-trugreen/testimonials-and-ratings","","missing-main|internal-links-missing-from-sitemap|duplicate-title",""
"chromium","2026-08-31T14:31:41.742Z","prod-release-2-7-2026-08-28","450-800","","https://www.trugreen.com/local-lawn-care/california/martinez/lawn-care","https://www.trugreen.com/local-lawn-care/california/martinez/lawn-care","200","200:https://www.trugreen.com/local-lawn-care/california/martinez/lawn-care","TruGreen Concord: Lawn Care Maintenance Services in Concord, CA | TruGreen","TruGreen Concord: Lawn Care Maintenance Services in Concord, CA | TruGreen","https://www.trugreen.com/local-lawn-care/california/martinez","1","https://www.trugreen.com/local-lawn-care/california/martinez","1","","200","https://www.trugreen.com/local-lawn-care/california/martinez","","","","0","2","We put the ""care"" in ""lawn care."" | Explore our plans.","0","header|footer","jsonld:1;types:BreadcrumbList|WebPage;invalid:0;missing:jsonld_0_missing_@context|jsonld_1_missing_@context","0","0","44","8","https://www.trugreen.com/lawn-care-101 | https://www.trugreen.com/lawn-care-101/learning-center | https://www.trugreen.com/newsroom | https://www.trugreen.com/pay-your-bill | https://www.trugreen.com/pests-products-and-services | https://www.trugreen.com/pga-tour | https://www.trugreen.com/products-and-services | https://www.trugreen.com/why-choose-trugreen/testimonials-and-ratings","","multiple-h1|missing-main|internal-links-missing-from-sitemap|duplicate-title",""
"chromium","2026-08-31T14:31:41.742Z","prod-release-2-7-2026-08-28","450-800","","https://www.trugreen.com/local-lawn-care/california/riverside","https://www.trugreen.com/local-lawn-care/california/riverside","200","200:https://www.trugreen.com/local-lawn-care/california/riverside","TruGreen Riverside: Lawn Care Maintenance Services in Riverside, CA | TruGreen","TruGreen Riverside: Lawn Care Maintenance Services in Riverside, CA | TruGreen","https://www.trugreen.com/local-lawn-care/california/riverside","1","https://www.trugreen.com/local-lawn-care/california/riverside","1","","200","https://www.trugreen.com/local-lawn-care/california/riverside","","","","0","1","Meet your local experts.","0","header|footer","jsonld:1;types:WebPage;invalid:0;missing:","0","0","45","8","https://www.trugreen.com/lawn-care-101 | https://www.trugreen.com/lawn-care-101/learning-center | https://www.trugreen.com/newsroom | https://www.trugreen.com/pay-your-bill | https://www.trugreen.com/pests-products-and-services | https://www.trugreen.com/pga-tour | https://www.trugreen.com/products-and-services | https://www.trugreen.com/why-choose-trugreen/testimonials-and-ratings","","missing-main|internal-links-missing-from-sitemap|duplicate-title",""
"chromium","2026-08-31T14:31:41.742Z","prod-release-2-7-2026-08-28","450-800","","https://www.trugreen.com/local-lawn-care/california/riverside/lawn-care","https://www.trugreen.com/local-lawn-care/california/riverside/lawn-care","200","200:https://www.trugreen.com/local-lawn-care/california/riverside/lawn-care","TruGreen Riverside: Lawn Care Maintenance Services in Riverside, CA | TruGreen","TruGreen Riverside: Lawn Care Maintenance Services in Riverside, CA | TruGreen","https://www.trugreen.com/local-lawn-care/california/riverside","1","https://www.trugreen.com/local-lawn-care/california/riverside","1","","200","https://www.trugreen.com/local-lawn-care/california/riverside","","","","0","2","We put the ""care"" in ""lawn care."" | Explore our plans.","0","header|footer","jsonld:1;types:BreadcrumbList|WebPage;invalid:0;missing:jsonld_0_missing_@context|jsonld_1_missing_@context","0","0","44","8","https://www.trugreen.com/lawn-care-101 | https://www.trugreen.com/lawn-care-101/learning-center | https://www.trugreen.com/newsroom | https://www.trugreen.com/pay-your-bill | https://www.trugreen.com/pests-products-and-services | https://www.trugreen.com/pga-tour | https://www.trugreen.com/products-and-services | https://www.trugreen.com/why-choose-trugreen/testimonials-and-ratings","","multiple-h1|missing-main|internal-links-missing-from-sitemap|duplicate-title",""
"chromium","2026-08-31T14:31:41.742Z","prod-release-2-7-2026-08-28","450-800","","https://www.trugreen.com/local-lawn-care/california/sacramento","https://www.trugreen.com/local-lawn-care/california/sacramento","200","200:https://www.trugreen.com/local-lawn-care/california/sacramento","TruGreen Sacramento: Lawn Care Maintenance Services in Sacramento, CA | TruGreen","TruGreen Sacramento: Lawn Care Maintenance Services in Sacramento, CA | TruGreen","https://www.trugreen.com/local-lawn-care/california/sacramento","1","https://www.trugreen.com/local-lawn-care/california/sacramento","1","","200","https://www.trugreen.com/local-lawn-care/california/sacramento","","","","0","1","Meet your local experts.","0","header|footer","jsonld:1;types:WebPage;invalid:0;missing:","0","0","45","8","https://www.trugreen.com/lawn-care-101 | https://www.trugreen.com/lawn-care-101/learning-center | https://www.trugreen.com/newsroom | https://www.trugreen.com/pay-your-bill | https://www.trugreen.com/pests-products-and-services | https://www.trugreen.com/pga-tour | https://www.trugreen.com/products-and-services | https://www.trugreen.com/why-choose-trugreen/testimonials-and-ratings","","missing-main|internal-links-missing-from-sitemap|duplicate-title",""
"chromium","2026-08-31T14:31:41.742Z","prod-release-2-7-2026-08-28","450-800","","https://www.trugreen.com/local-lawn-care/california/sacramento/lawn-care","https://www.trugreen.com/local-lawn-care/california/sacramento/lawn-care","200","200:https://www.trugreen.com/local-lawn-care/california/sacramento/lawn-care","TruGreen Sacramento: Lawn Care Maintenance Services in Sacramento, CA | TruGreen","TruGreen Sacramento: Lawn Care Maintenance Services in Sacramento, CA | TruGreen","https://www.trugreen.com/local-lawn-care/california/sacramento","1","https://www.trugreen.com/local-lawn-care/california/sacramento","1","","200","https://www.trugreen.com/local-lawn-care/california/sacramento","","","","0","2","We put the ""care"" in ""lawn care."" | Explore our plans.","0","header|footer","jsonld:1;types:BreadcrumbList|WebPage;invalid:0;missing:jsonld_0_missing_@context|jsonld_1_missing_@context","0","0","44","8","https://www.trugreen.com/lawn-care-101 | https://www.trugreen.com/lawn-care-101/learning-center | https://www.trugreen.com/newsroom | https://www.trugreen.com/pay-your-bill | https://www.trugreen.com/pests-products-and-services | https://www.trugreen.com/pga-tour | https://www.trugreen.com/products-and-services | https://www.trugreen.com/why-choose-trugreen/testimonials-and-ratings","","multiple-h1|missing-main|internal-links-missing-from-sitemap|duplicate-title",""
"chromium","2026-08-31T14:31:41.742Z","prod-release-2-7-2026-08-28","450-800","","https://www.trugreen.com/local-lawn-care/colorado","https://www.trugreen.com/local-lawn-care/colorado","200","200:https://www.trugreen.com/local-lawn-care/colorado","TruGreen Colorado: Local Lawn Care Service Near Me | TruGreen","TruGreen Colorado: Local Lawn Care Service Near Me | TruGreen","https://www.trugreen.com/local-lawn-care/colorado","1","https://www.trugreen.com/local-lawn-care/colorado","1","","200","https://www.trugreen.com/local-lawn-care/colorado","","","","0","1","Find your local branch in Colorado.","0","header|footer","jsonld:1;types:BreadcrumbList|CollectionPage|ItemList;invalid:0;missing:jsonld_0_missing_@context|jsonld_1_missing_@context|jsonld_2_missing_@context","0","0","45","8","https://www.trugreen.com/lawn-care-101 | https://www.trugreen.com/lawn-care-101/learning-center | https://www.trugreen.com/newsroom | https://www.trugreen.com/pay-your-bill | https://www.trugreen.com/pests-products-and-services | https://www.trugreen.com/pga-tour | https://www.trugreen.com/products-and-services | https://www.trugreen.com/why-choose-trugreen/testimonials-and-ratings","","missing-main|internal-links-missing-from-sitemap",""
"chromium","2026-08-31T14:31:41.742Z","prod-release-2-7-2026-08-28","450-800","","https://www.trugreen.com/local-lawn-care/colorado/colorado-springs","https://www.trugreen.com/local-lawn-care/colorado/colorado-springs","200","200:https://www.trugreen.com/local-lawn-care/colorado/colorado-springs","TruGreen Colorado Springs: Lawn Care Maintenance Services in Colorado Springs, CO | TruGreen","TruGreen Colorado Springs: Lawn Care Maintenance Services in Colorado Springs, CO | TruGreen","https://www.trugreen.com/local-lawn-care/colorado/colorado-springs","1","https://www.trugreen.com/local-lawn-care/colorado/colorado-springs","1","","200","https://www.trugreen.com/local-lawn-care/colorado/colorado-springs","","","","0","1","Meet your local experts.","0","header|footer","jsonld:1;types:WebPage;invalid:0;missing:","0","0","45","8","https://www.trugreen.com/lawn-care-101 | https://www.trugreen.com/lawn-care-101/learning-center | https://www.trugreen.com/newsroom | https://www.trugreen.com/pay-your-bill | https://www.trugreen.com/pests-products-and-services | https://www.trugreen.com/pga-tour | https://www.trugreen.com/products-and-services | https://www.trugreen.com/why-choose-trugreen/testimonials-and-ratings","","missing-main|internal-links-missing-from-sitemap|duplicate-title",""
"chromium","2026-08-31T14:31:41.742Z","prod-release-2-7-2026-08-28","450-800","","https://www.trugreen.com/local-lawn-care/colorado/colorado-springs/lawn-care","https://www.trugreen.com/local-lawn-care/colorado/colorado-springs/lawn-care","200","200:https://www.trugreen.com/local-lawn-care/colorado/colorado-springs/lawn-care","TruGreen Colorado Springs: Lawn Care Maintenance Services in Colorado Springs, CO | TruGreen","TruGreen Colorado Springs: Lawn Care Maintenance Services in Colorado Springs, CO | TruGreen","https://www.trugreen.com/local-lawn-care/colorado/colorado-springs","1","https://www.trugreen.com/local-lawn-care/colorado/colorado-springs","1","","200","https://www.trugreen.com/local-lawn-care/colorado/colorado-springs","","","","0","2","We put the ""care"" in ""lawn care."" | Explore our plans.","0","header|footer","jsonld:1;types:BreadcrumbList|WebPage;invalid:0;missing:jsonld_0_missing_@context|jsonld_1_missing_@context","0","0","44","8","https://www.trugreen.com/lawn-care-101 | https://www.trugreen.com/lawn-care-101/learning-center | https://www.trugreen.com/newsroom | https://www.trugreen.com/pay-your-bill | https://www.trugreen.com/pests-products-and-services | https://www.trugreen.com/pga-tour | https://www.trugreen.com/products-and-services | https://www.trugreen.com/why-choose-trugreen/testimonials-and-ratings","","multiple-h1|missing-main|internal-links-missing-from-sitemap|duplicate-title",""
"chromium","2026-08-31T14:31:41.742Z","prod-release-2-7-2026-08-28","450-800","","https://www.trugreen.com/local-lawn-care/colorado/littleton","https://www.trugreen.com/local-lawn-care/colorado/littleton","200","200:https://www.trugreen.com/local-lawn-care/colorado/littleton","TruGreen Denver South: Lawn Care Maintenance Services in Denver South, CO | TruGreen","TruGreen Denver South: Lawn Care Maintenance Services in Denver South, CO | TruGreen","https://www.trugreen.com/local-lawn-care/colorado/littleton","1","https://www.trugreen.com/local-lawn-care/colorado/littleton","1","","200","https://www.trugreen.com/local-lawn-care/colorado/littleton","","","","0","1","Meet your local experts.","0","header|footer","jsonld:1;types:WebPage;invalid:0;missing:","0","0","45","8","https://www.trugreen.com/lawn-care-101 | https://www.trugreen.com/lawn-care-101/learning-center | https://www.trugreen.com/newsroom | https://www.trugreen.com/pay-your-bill | https://www.trugreen.com/pests-products-and-services | https://www.trugreen.com/pga-tour | https://www.trugreen.com/products-and-services | https://www.trugreen.com/why-choose-trugreen/testimonials-and-ratings","","missing-main|internal-links-missing-from-sitemap|duplicate-title",""
"chromium","2026-08-31T14:31:41.742Z","prod-release-2-7-2026-08-28","450-800","","https://www.trugreen.com/local-lawn-care/colorado/littleton/lawn-care","https://www.trugreen.com/local-lawn-care/colorado/littleton/lawn-care","200","200:https://www.trugreen.com/local-lawn-care/colorado/littleton/lawn-care","TruGreen Denver South: Lawn Care Maintenance Services in Denver South, CO | TruGreen","TruGreen Denver South: Lawn Care Maintenance Services in Denver South, CO | TruGreen","https://www.trugreen.com/local-lawn-care/colorado/littleton","1","https://www.trugreen.com/local-lawn-care/colorado/littleton","1","","200","https://www.trugreen.com/local-lawn-care/colorado/littleton","","","","0","2","We put the ""care"" in ""lawn care."" | Explore our plans.","0","header|footer","jsonld:1;types:BreadcrumbList|WebPage;invalid:0;missing:jsonld_0_missing_@context|jsonld_1_missing_@context","0","0","44","8","https://www.trugreen.com/lawn-care-101 | https://www.trugreen.com/lawn-care-101/learning-center | https://www.trugreen.com/newsroom | https://www.trugreen.com/pay-your-bill | https://www.trugreen.com/pests-products-and-services | https://www.trugreen.com/pga-tour | https://www.trugreen.com/products-and-services | https://www.trugreen.com/why-choose-trugreen/testimonials-and-ratings","","multiple-h1|missing-main|internal-links-missing-from-sitemap|duplicate-title",""
"chromium","2026-08-31T14:31:41.742Z","prod-release-2-7-2026-08-28","450-800","","https://www.trugreen.com/local-lawn-care/colorado/loveland","https://www.trugreen.com/local-lawn-care/colorado/loveland","200","200:https://www.trugreen.com/local-lawn-care/colorado/loveland","TruGreen Ft. Collins: Lawn Care Maintenance Services in Ft. Collins, CO | TruGreen","TruGreen Ft. Collins: Lawn Care Maintenance Services in Ft. Collins, CO | TruGreen","https://www.trugreen.com/local-lawn-care/colorado/loveland","1","https://www.trugreen.com/local-lawn-care/colorado/loveland","1","","200","https://www.trugreen.com/local-lawn-care/colorado/loveland","","","","0","1","Meet your local experts.","0","header|footer","jsonld:1;types:WebPage;invalid:0;missing:","0","0","45","8","https://www.trugreen.com/lawn-care-101 | https://www.trugreen.com/lawn-care-101/learning-center | https://www.trugreen.com/newsroom | https://www.trugreen.com/pay-your-bill | https://www.trugreen.com/pests-products-and-services | https://www.trugreen.com/pga-tour | https://www.trugreen.com/products-and-services | https://www.trugreen.com/why-choose-trugreen/testimonials-and-ratings","","missing-main|internal-links-missing-from-sitemap|duplicate-title",""
"chromium","2026-08-31T14:31:41.742Z","prod-release-2-7-2026-08-28","450-800","","https://www.trugreen.com/local-lawn-care/colorado/loveland/lawn-care","https://www.trugreen.com/local-lawn-care/colorado/loveland/lawn-care","200","200:https://www.trugreen.com/local-lawn-care/colorado/loveland/lawn-care","TruGreen Ft. Collins: Lawn Care Maintenance Services in Ft. Collins, CO | TruGreen","TruGreen Ft. Collins: Lawn Care Maintenance Services in Ft. Collins, CO | TruGreen","https://www.trugreen.com/local-lawn-care/colorado/loveland","1","https://www.trugreen.com/local-lawn-care/colorado/loveland","1","","200","https://www.trugreen.com/local-lawn-care/colorado/loveland","","","","0","2","We put the ""care"" in ""lawn care."" | Explore our plans.","0","header|footer","jsonld:1;types:BreadcrumbList|WebPage;invalid:0;missing:jsonld_0_missing_@context|jsonld_1_missing_@context","0","0","44","8","https://www.trugreen.com/lawn-care-101 | https://www.trugreen.com/lawn-care-101/learning-center | https://www.trugreen.com/newsroom | https://www.trugreen.com/pay-your-bill | https://www.trugreen.com/pests-products-and-services | https://www.trugreen.com/pga-tour | https://www.trugreen.com/products-and-services | https://www.trugreen.com/why-choose-trugreen/testimonials-and-ratings","","multiple-h1|missing-main|internal-links-missing-from-sitemap|duplicate-title",""
"chromium","2026-08-31T14:31:41.742Z","prod-release-2-7-2026-08-28","450-800","","https://www.trugreen.com/local-lawn-care/colorado/wheat-ridge","https://www.trugreen.com/local-lawn-care/colorado/wheat-ridge","200","200:https://www.trugreen.com/local-lawn-care/colorado/wheat-ridge","TruGreen Denver North: Lawn Care Maintenance Services in Denver North, CO | TruGreen","TruGreen Denver North: Lawn Care Maintenance Services in Denver North, CO | TruGreen","https://www.trugreen.com/local-lawn-care/colorado/wheat-ridge","1","https://www.trugreen.com/local-lawn-care/colorado/wheat-ridge","1","","200","https://www.trugreen.com/local-lawn-care/colorado/wheat-ridge","","","","0","1","Meet your local experts.","0","header|footer","jsonld:1;types:WebPage;invalid:0;missing:","0","0","45","8","https://www.trugreen.com/lawn-care-101 | https://www.trugreen.com/lawn-care-101/learning-center | https://www.trugreen.com/newsroom | https://www.trugreen.com/pay-your-bill | https://www.trugreen.com/pests-products-and-services | https://www.trugreen.com/pga-tour | https://www.trugreen.com/products-and-services | https://www.trugreen.com/why-choose-trugreen/testimonials-and-ratings","","missing-main|internal-links-missing-from-sitemap|duplicate-title",""
"chromium","2026-08-31T14:31:41.742Z","prod-release-2-7-2026-08-28","450-800","","https://www.trugreen.com/local-lawn-care/colorado/wheat-ridge/lawn-care","https://www.trugreen.com/local-lawn-care/colorado/wheat-ridge/lawn-care","200","200:https://www.trugreen.com/local-lawn-care/colorado/wheat-ridge/lawn-care","TruGreen Denver North: Lawn Care Maintenance Services in Denver North, CO | TruGreen","TruGreen Denver North: Lawn Care Maintenance Services in Denver North, CO | TruGreen","https://www.trugreen.com/local-lawn-care/colorado/wheat-ridge","1","https://www.trugreen.com/local-lawn-care/colorado/wheat-ridge","1","","200","https://www.trugreen.com/local-lawn-care/colorado/wheat-ridge","","","","0","2","We put the ""care"" in ""lawn care."" | Explore our plans.","0","header|footer","jsonld:1;types:BreadcrumbList|WebPage;invalid:0;missing:jsonld_0_missing_@context|jsonld_1_missing_@context","0","0","44","8","https://www.trugreen.com/lawn-care-101 | https://www.trugreen.com/lawn-care-101/learning-center | https://www.trugreen.com/newsroom | https://www.trugreen.com/pay-your-bill | https://www.trugreen.com/pests-products-and-services | https://www.trugreen.com/pga-tour | https://www.trugreen.com/products-and-services | https://www.trugreen.com/why-choose-trugreen/testimonials-and-ratings","","multiple-h1|missing-main|internal-links-missing-from-sitemap|duplicate-title",""
"chromium","2026-08-31T14:31:41.742Z","prod-release-2-7-2026-08-28","450-800","","https://www.trugreen.com/local-lawn-care/connecticut","https://www.trugreen.com/local-lawn-care/connecticut","200","200:https://www.trugreen.com/local-lawn-care/connecticut","TruGreen Connecticut: Local Lawn Care Service Near Me | TruGreen","TruGreen Connecticut: Local Lawn Care Service Near Me | TruGreen","https://www.trugreen.com/local-lawn-care/connecticut","1","https://www.trugreen.com/local-lawn-care/connecticut","1","","200","https://www.trugreen.com/local-lawn-care/connecticut","","","","0","1","Find your local branch in Connecticut.","0","header|footer","jsonld:1;types:BreadcrumbList|CollectionPage|ItemList;invalid:0;missing:jsonld_0_missing_@context|jsonld_1_missing_@context|jsonld_2_missing_@context","0","0","44","8","https://www.trugreen.com/lawn-care-101 | https://www.trugreen.com/lawn-care-101/learning-center | https://www.trugreen.com/newsroom | https://www.trugreen.com/pay-your-bill | https://www.trugreen.com/pests-products-and-services | https://www.trugreen.com/pga-tour | https://www.trugreen.com/products-and-services | https://www.trugreen.com/why-choose-trugreen/testimonials-and-ratings","","missing-main|internal-links-missing-from-sitemap",""
"chromium","2026-08-31T14:31:41.742Z","prod-release-2-7-2026-08-28","450-800","","https://www.trugreen.com/local-lawn-care/connecticut/danbury","https://www.trugreen.com/local-lawn-care/connecticut/danbury","200","200:https://www.trugreen.com/local-lawn-care/connecticut/danbury","TruGreen Danbury: Lawn Care Maintenance Services in Danbury, CT | TruGreen","TruGreen Danbury: Lawn Care Maintenance Services in Danbury, CT | TruGreen","https://www.trugreen.com/local-lawn-care/connecticut/danbury","1","https://www.trugreen.com/local-lawn-care/connecticut/danbury","1","","200","https://www.trugreen.com/local-lawn-care/connecticut/danbury","","","","0","1","Meet your local experts.","0","header|footer","jsonld:1;types:WebPage;invalid:0;missing:","0","0","45","8","https://www.trugreen.com/lawn-care-101 | https://www.trugreen.com/lawn-care-101/learning-center | https://www.trugreen.com/newsroom | https://www.trugreen.com/pay-your-bill | https://www.trugreen.com/pests-products-and-services | https://www.trugreen.com/pga-tour | https://www.trugreen.com/products-and-services | https://www.trugreen.com/why-choose-trugreen/testimonials-and-ratings","","missing-main|internal-links-missing-from-sitemap|duplicate-title",""
"chromium","2026-08-31T14:31:41.742Z","prod-release-2-7-2026-08-28","450-800","","https://www.trugreen.com/local-lawn-care/connecticut/danbury/lawn-care","https://www.trugreen.com/local-lawn-care/connecticut/danbury/lawn-care","200","200:https://www.trugreen.com/local-lawn-care/connecticut/danbury/lawn-care","TruGreen Danbury: Lawn Care Maintenance Services in Danbury, CT | TruGreen","TruGreen Danbury: Lawn Care Maintenance Services in Danbury, CT | TruGreen","https://www.trugreen.com/local-lawn-care/connecticut/danbury","1","https://www.trugreen.com/local-lawn-care/connecticut/danbury","1","","200","https://www.trugreen.com/local-lawn-care/connecticut/danbury","","","","0","2","We put the ""care"" in ""lawn care."" | Explore our plans.","0","header|footer","jsonld:1;types:BreadcrumbList|WebPage;invalid:0;missing:jsonld_0_missing_@context|jsonld_1_missing_@context","0","0","44","8","https://www.trugreen.com/lawn-care-101 | https://www.trugreen.com/lawn-care-101/learning-center | https://www.trugreen.com/newsroom | https://www.trugreen.com/pay-your-bill | https://www.trugreen.com/pests-products-and-services | https://www.trugreen.com/pga-tour | https://www.trugreen.com/products-and-services | https://www.trugreen.com/why-choose-trugreen/testimonials-and-ratings","","multiple-h1|missing-main|internal-links-missing-from-sitemap|duplicate-title",""
"chromium","2026-08-31T14:31:41.742Z","prod-release-2-7-2026-08-28","450-800","","https://www.trugreen.com/local-lawn-care/connecticut/rocky-hill","https://www.trugreen.com/local-lawn-care/connecticut/rocky-hill","200","200:https://www.trugreen.com/local-lawn-care/connecticut/rocky-hill","TruGreen Rocky Hill: Lawn Care Maintenance Services in Rocky Hill, CT | TruGreen","TruGreen Rocky Hill: Lawn Care Maintenance Services in Rocky Hill, CT | TruGreen","https://www.trugreen.com/local-lawn-care/connecticut/rocky-hill","1","https://www.trugreen.com/local-lawn-care/connecticut/rocky-hill","1","","200","https://www.trugreen.com/local-lawn-care/connecticut/rocky-hill","","","","0","1","Meet your local experts.","0","header|footer","jsonld:1;types:WebPage;invalid:0;missing:","0","0","45","8","https://www.trugreen.com/lawn-care-101 | https://www.trugreen.com/lawn-care-101/learning-center | https://www.trugreen.com/newsroom | https://www.trugreen.com/pay-your-bill | https://www.trugreen.com/pests-products-and-services | https://www.trugreen.com/pga-tour | https://www.trugreen.com/products-and-services | https://www.trugreen.com/why-choose-trugreen/testimonials-and-ratings","","missing-main|internal-links-missing-from-sitemap|duplicate-title",""
"chromium","2026-08-31T14:31:41.742Z","prod-release-2-7-2026-08-28","450-800","","https://www.trugreen.com/local-lawn-care/connecticut/rocky-hill/lawn-care","https://www.trugreen.com/local-lawn-care/connecticut/rocky-hill/lawn-care","200","200:https://www.trugreen.com/local-lawn-care/connecticut/rocky-hill/lawn-care","TruGreen Rocky Hill: Lawn Care Maintenance Services in Rocky Hill, CT | TruGreen","TruGreen Rocky Hill: Lawn Care Maintenance Services in Rocky Hill, CT | TruGreen","https://www.trugreen.com/local-lawn-care/connecticut/rocky-hill","1","https://www.trugreen.com/local-lawn-care/connecticut/rocky-hill","1","","200","https://www.trugreen.com/local-lawn-care/connecticut/rocky-hill","","","","0","2","We put the ""care"" in ""lawn care."" | Explore our plans.","0","header|footer","jsonld:1;types:BreadcrumbList|WebPage;invalid:0;missing:jsonld_0_missing_@context|jsonld_1_missing_@context","0","0","44","8","https://www.trugreen.com/lawn-care-101 | https://www.trugreen.com/lawn-care-101/learning-center | https://www.trugreen.com/newsroom | https://www.trugreen.com/pay-your-bill | https://www.trugreen.com/pests-products-and-services | https://www.trugreen.com/pga-tour | https://www.trugreen.com/products-and-services | https://www.trugreen.com/why-choose-trugreen/testimonials-and-ratings","","multiple-h1|missing-main|internal-links-missing-from-sitemap|duplicate-title",""
"chromium","2026-08-31T14:31:41.742Z","prod-release-2-7-2026-08-28","450-800","","https://www.trugreen.com/local-lawn-care/connecticut/windsor","https://www.trugreen.com/local-lawn-care/connecticut/windsor","200","200:https://www.trugreen.com/local-lawn-care/connecticut/windsor","TruGreen Hartford: Lawn Care Maintenance Services in Hartford, CT | TruGreen","TruGreen Hartford: Lawn Care Maintenance Services in Hartford, CT | TruGreen","https://www.trugreen.com/local-lawn-care/connecticut/windsor","1","https://www.trugreen.com/local-lawn-care/connecticut/windsor","1","","200","https://www.trugreen.com/local-lawn-care/connecticut/windsor","","","","0","1","Meet your local experts.","0","header|footer","jsonld:1;types:WebPage;invalid:0;missing:","0","0","45","8","https://www.trugreen.com/lawn-care-101 | https://www.trugreen.com/lawn-care-101/learning-center | https://www.trugreen.com/newsroom | https://www.trugreen.com/pay-your-bill | https://www.trugreen.com/pests-products-and-services | https://www.trugreen.com/pga-tour | https://www.trugreen.com/products-and-services | https://www.trugreen.com/why-choose-trugreen/testimonials-and-ratings","","missing-main|internal-links-missing-from-sitemap|duplicate-title",""
"chromium","2026-08-31T14:31:41.742Z","prod-release-2-7-2026-08-28","450-800","","https://www.trugreen.com/local-lawn-care/connecticut/windsor/lawn-care","https://www.trugreen.com/local-lawn-care/connecticut/windsor/lawn-care","200","200:https://www.trugreen.com/local-lawn-care/connecticut/windsor/lawn-care","TruGreen Hartford: Lawn Care Maintenance Services in Hartford, CT | TruGreen","TruGreen Hartford: Lawn Care Maintenance Services in Hartford, CT | TruGreen","https://www.trugreen.com/local-lawn-care/connecticut/windsor","1","https://www.trugreen.com/local-lawn-care/connecticut/windsor","1","","200","https://www.trugreen.com/local-lawn-care/connecticut/windsor","","","","0","2","We put the ""care"" in ""lawn care."" | Explore our plans.","0","header|footer","jsonld:1;types:BreadcrumbList|WebPage;invalid:0;missing:jsonld_0_missing_@context|jsonld_1_missing_@context","0","0","44","8","https://www.trugreen.com/lawn-care-101 | https://www.trugreen.com/lawn-care-101/learning-center | https://www.trugreen.com/newsroom | https://www.trugreen.com/pay-your-bill | https://www.trugreen.com/pests-products-and-services | https://www.trugreen.com/pga-tour | https://www.trugreen.com/products-and-services | https://www.trugreen.com/why-choose-trugreen/testimonials-and-ratings","","multiple-h1|missing-main|internal-links-missing-from-sitemap|duplicate-title",""
"chromium","2026-08-31T14:31:41.742Z","prod-release-2-7-2026-08-28","450-800","","https://www.trugreen.com/local-lawn-care/delaware","https://www.trugreen.com/local-lawn-care/delaware","200","200:https://www.trugreen.com/local-lawn-care/delaware","TruGreen Delaware: Local Lawn Care Service Near Me | TruGreen","TruGreen Delaware: Local Lawn Care Service Near Me | TruGreen","https://www.trugreen.com/local-lawn-care/delaware","1","https://www.trugreen.com/local-lawn-care/delaware","1","","200","https://www.trugreen.com/local-lawn-care/delaware","","","","0","1","Find your local branch in Delaware.","0","header|footer","jsonld:1;types:BreadcrumbList|CollectionPage|ItemList;invalid:0;missing:jsonld_0_missing_@context|jsonld_1_missing_@context|jsonld_2_missing_@context","0","0","43","8","https://www.trugreen.com/lawn-care-101 | https://www.trugreen.com/lawn-care-101/learning-center | https://www.trugreen.com/newsroom | https://www.trugreen.com/pay-your-bill | https://www.trugreen.com/pests-products-and-services | https://www.trugreen.com/pga-tour | https://www.trugreen.com/products-and-services | https://www.trugreen.com/why-choose-trugreen/testimonials-and-ratings","","missing-main|internal-links-missing-from-sitemap",""
"chromium","2026-08-31T14:31:41.742Z","prod-release-2-7-2026-08-28","450-800","","https://www.trugreen.com/local-lawn-care/delaware/harrington","https://www.trugreen.com/local-lawn-care/delaware/harrington","200","200:https://www.trugreen.com/local-lawn-care/delaware/harrington","TruGreen Harrington: Lawn Care Maintenance Services in Harrington, DE | TruGreen","TruGreen Harrington: Lawn Care Maintenance Services in Harrington, DE | TruGreen","https://www.trugreen.com/local-lawn-care/delaware/harrington","1","https://www.trugreen.com/local-lawn-care/delaware/harrington","1","","200","https://www.trugreen.com/local-lawn-care/delaware/harrington","","","","0","1","Meet your local experts.","0","header|footer","jsonld:1;types:WebPage;invalid:0;missing:","0","0","45","8","https://www.trugreen.com/lawn-care-101 | https://www.trugreen.com/lawn-care-101/learning-center | https://www.trugreen.com/newsroom | https://www.trugreen.com/pay-your-bill | https://www.trugreen.com/pests-products-and-services | https://www.trugreen.com/pga-tour | https://www.trugreen.com/products-and-services | https://www.trugreen.com/why-choose-trugreen/testimonials-and-ratings","","missing-main|internal-links-missing-from-sitemap|duplicate-title",""
"chromium","2026-08-31T14:31:41.742Z","prod-release-2-7-2026-08-28","450-800","","https://www.trugreen.com/local-lawn-care/delaware/harrington/lawn-care","https://www.trugreen.com/local-lawn-care/delaware/harrington/lawn-care","200","200:https://www.trugreen.com/local-lawn-care/delaware/harrington/lawn-care","TruGreen Harrington: Lawn Care Maintenance Services in Harrington, DE | TruGreen","TruGreen Harrington: Lawn Care Maintenance Services in Harrington, DE | TruGreen","https://www.trugreen.com/local-lawn-care/delaware/harrington","1","https://www.trugreen.com/local-lawn-care/delaware/harrington","1","","200","https://www.trugreen.com/local-lawn-care/delaware/harrington","","","","0","2","We put the ""care"" in ""lawn care."" | Explore our plans.","0","header|footer","jsonld:1;types:BreadcrumbList|WebPage;invalid:0;missing:jsonld_0_missing_@context|jsonld_1_missing_@context","0","0","44","8","https://www.trugreen.com/lawn-care-101 | https://www.trugreen.com/lawn-care-101/learning-center | https://www.trugreen.com/newsroom | https://www.trugreen.com/pay-your-bill | https://www.trugreen.com/pests-products-and-services | https://www.trugreen.com/pga-tour | https://www.trugreen.com/products-and-services | https://www.trugreen.com/why-choose-trugreen/testimonials-and-ratings","","multiple-h1|missing-main|internal-links-missing-from-sitemap|duplicate-title",""
"chromium","2026-08-31T14:31:41.742Z","prod-release-2-7-2026-08-28","450-800","","https://www.trugreen.com/local-lawn-care/delaware/wilmington","https://www.trugreen.com/local-lawn-care/delaware/wilmington","200","200:https://www.trugreen.com/local-lawn-care/delaware/wilmington","TruGreen Wilmington DE: Lawn Care Maintenance Services in Wilmington DE, DE | TruGreen","TruGreen Wilmington DE: Lawn Care Maintenance Services in Wilmington DE, DE | TruGreen","https://www.trugreen.com/local-lawn-care/delaware/wilmington","1","https://www.trugreen.com/local-lawn-care/delaware/wilmington","1","","200","https://www.trugreen.com/local-lawn-care/delaware/wilmington","","","","0","1","Meet your local experts.","0","header|footer","jsonld:1;types:WebPage;invalid:0;missing:","0","0","45","8","https://www.trugreen.com/lawn-care-101 | https://www.trugreen.com/lawn-care-101/learning-center | https://www.trugreen.com/newsroom | https://www.trugreen.com/pay-your-bill | https://www.trugreen.com/pests-products-and-services | https://www.trugreen.com/pga-tour | https://www.trugreen.com/products-and-services | https://www.trugreen.com/why-choose-trugreen/testimonials-and-ratings","","missing-main|internal-links-missing-from-sitemap|duplicate-title",""
"chromium","2026-08-31T14:31:41.742Z","prod-release-2-7-2026-08-28","450-800","","https://www.trugreen.com/local-lawn-care/delaware/wilmington/lawn-care","https://www.trugreen.com/local-lawn-care/delaware/wilmington/lawn-care","200","200:https://www.trugreen.com/local-lawn-care/delaware/wilmington/lawn-care","TruGreen Wilmington DE: Lawn Care Maintenance Services in Wilmington DE, DE | TruGreen","TruGreen Wilmington DE: Lawn Care Maintenance Services in Wilmington DE, DE | TruGreen","https://www.trugreen.com/local-lawn-care/delaware/wilmington","1","https://www.trugreen.com/local-lawn-care/delaware/wilmington","1","","200","https://www.trugreen.com/local-lawn-care/delaware/wilmington","","","","0","2","We put the ""care"" in ""lawn care."" | Explore our plans.","0","header|footer","jsonld:1;types:BreadcrumbList|WebPage;invalid:0;missing:jsonld_0_missing_@context|jsonld_1_missing_@context","0","0","44","8","https://www.trugreen.com/lawn-care-101 | https://www.trugreen.com/lawn-care-101/learning-center | https://www.trugreen.com/newsroom | https://www.trugreen.com/pay-your-bill | https://www.trugreen.com/pests-products-and-services | https://www.trugreen.com/pga-tour | https://www.trugreen.com/products-and-services | https://www.trugreen.com/why-choose-trugreen/testimonials-and-ratings","","multiple-h1|missing-main|internal-links-missing-from-sitemap|duplicate-title",""
"chromium","2026-08-31T14:31:41.742Z","prod-release-2-7-2026-08-28","450-800","","https://www.trugreen.com/local-lawn-care/district-of-columbia","https://www.trugreen.com/local-lawn-care/district-of-columbia","200","200:https://www.trugreen.com/local-lawn-care/district-of-columbia","TruGreen District-of-columbia: Local Lawn Care Service Near Me | TruGreen","TruGreen District-of-columbia: Local Lawn Care Service Near Me | TruGreen","https://www.trugreen.com/local-lawn-care/district-of-columbia","1","https://www.trugreen.com/local-lawn-care/district-of-columbia","1","","200","https://www.trugreen.com/local-lawn-care/district-of-columbia","","","","0","1","Find your local branch in District Of-Columbia.","0","header|footer","jsonld:1;types:BreadcrumbList|CollectionPage|ItemList;invalid:0;missing:jsonld_0_missing_@context|jsonld_1_missing_@context|jsonld_2_missing_@context","0","0","41","8","https://www.trugreen.com/lawn-care-101 | https://www.trugreen.com/lawn-care-101/learning-center | https://www.trugreen.com/newsroom | https://www.trugreen.com/pay-your-bill | https://www.trugreen.com/pests-products-and-services | https://www.trugreen.com/pga-tour | https://www.trugreen.com/products-and-services | https://www.trugreen.com/why-choose-trugreen/testimonials-and-ratings","","missing-main|internal-links-missing-from-sitemap",""
"chromium","2026-08-31T14:31:41.742Z","prod-release-2-7-2026-08-28","450-800","","https://www.trugreen.com/local-lawn-care/florida","https://www.trugreen.com/local-lawn-care/florida","200","200:https://www.trugreen.com/local-lawn-care/florida","TruGreen Florida: Local Lawn Care Service Near Me | TruGreen","TruGreen Florida: Local Lawn Care Service Near Me | TruGreen","https://www.trugreen.com/local-lawn-care/florida","1","https://www.trugreen.com/local-lawn-care/florida","1","","200","https://www.trugreen.com/local-lawn-care/florida","","","","0","1","Find your local branch in Florida.","0","header|footer","jsonld:1;types:BreadcrumbList|CollectionPage|ItemList;invalid:0;missing:jsonld_0_missing_@context|jsonld_1_missing_@context|jsonld_2_missing_@context","0","0","46","8","https://www.trugreen.com/lawn-care-101 | https://www.trugreen.com/lawn-care-101/learning-center | https://www.trugreen.com/newsroom | https://www.trugreen.com/pay-your-bill | https://www.trugreen.com/pests-products-and-services | https://www.trugreen.com/pga-tour | https://www.trugreen.com/products-and-services | https://www.trugreen.com/why-choose-trugreen/testimonials-and-ratings","","missing-main|internal-links-missing-from-sitemap",""
"chromium","2026-08-31T14:31:41.742Z","prod-release-2-7-2026-08-28","450-800","","https://www.trugreen.com/local-lawn-care/florida/brooksville","https://www.trugreen.com/local-lawn-care/florida/brooksville","200","200:https://www.trugreen.com/local-lawn-care/florida/brooksville","TruGreen Brooksville: Lawn Care Maintenance Services in Brooksville, FL | TruGreen","TruGreen Brooksville: Lawn Care Maintenance Services in Brooksville, FL | TruGreen","https://www.trugreen.com/local-lawn-care/florida/brooksville","1","https://www.trugreen.com/local-lawn-care/florida/brooksville","1","","200","https://www.trugreen.com/local-lawn-care/florida/brooksville","","","","0","1","Meet your local experts.","0","header|footer","jsonld:1;types:WebPage;invalid:0;missing:","0","0","45","8","https://www.trugreen.com/lawn-care-101 | https://www.trugreen.com/lawn-care-101/learning-center | https://www.trugreen.com/newsroom | https://www.trugreen.com/pay-your-bill | https://www.trugreen.com/pests-products-and-services | https://www.trugreen.com/pga-tour | https://www.trugreen.com/products-and-services | https://www.trugreen.com/why-choose-trugreen/testimonials-and-ratings","","missing-main|internal-links-missing-from-sitemap|duplicate-title",""
"chromium","2026-08-31T14:31:41.742Z","prod-release-2-7-2026-08-28","450-800","","https://www.trugreen.com/local-lawn-care/florida/brooksville/lawn-care","https://www.trugreen.com/local-lawn-care/florida/brooksville/lawn-care","200","200:https://www.trugreen.com/local-lawn-care/florida/brooksville/lawn-care","TruGreen Brooksville: Lawn Care Maintenance Services in Brooksville, FL | TruGreen","TruGreen Brooksville: Lawn Care Maintenance Services in Brooksville, FL | TruGreen","https://www.trugreen.com/local-lawn-care/florida/brooksville","1","https://www.trugreen.com/local-lawn-care/florida/brooksville","1","","200","https://www.trugreen.com/local-lawn-care/florida/brooksville","","","","0","2","We put the ""care"" in ""lawn care."" | Explore our plans.","0","header|footer","jsonld:1;types:BreadcrumbList|WebPage;invalid:0;missing:jsonld_0_missing_@context|jsonld_1_missing_@context","0","0","44","8","https://www.trugreen.com/lawn-care-101 | https://www.trugreen.com/lawn-care-101/learning-center | https://www.trugreen.com/newsroom | https://www.trugreen.com/pay-your-bill | https://www.trugreen.com/pests-products-and-services | https://www.trugreen.com/pga-tour | https://www.trugreen.com/products-and-services | https://www.trugreen.com/why-choose-trugreen/testimonials-and-ratings","","multiple-h1|missing-main|internal-links-missing-from-sitemap|duplicate-title",""
"chromium","2026-08-31T14:31:41.742Z","prod-release-2-7-2026-08-28","450-800","","https://www.trugreen.com/local-lawn-care/florida/daytona-beach","https://www.trugreen.com/local-lawn-care/florida/daytona-beach","200","200:https://www.trugreen.com/local-lawn-care/florida/daytona-beach","TruGreen Daytona: Lawn Care Maintenance Services in Daytona, FL | TruGreen","TruGreen Daytona: Lawn Care Maintenance Services in Daytona, FL | TruGreen","https://www.trugreen.com/local-lawn-care/florida/daytona-beach","1","https://www.trugreen.com/local-lawn-care/florida/daytona-beach","1","","200","https://www.trugreen.com/local-lawn-care/florida/daytona-beach","","","","0","1","Meet your local experts.","0","header|footer","jsonld:1;types:WebPage;invalid:0;missing:","0","0","45","8","https://www.trugreen.com/lawn-care-101 | https://www.trugreen.com/lawn-care-101/learning-center | https://www.trugreen.com/newsroom | https://www.trugreen.com/pay-your-bill | https://www.trugreen.com/pests-products-and-services | https://www.trugreen.com/pga-tour | https://www.trugreen.com/products-and-services | https://www.trugreen.com/why-choose-trugreen/testimonials-and-ratings","","missing-main|internal-links-missing-from-sitemap",""
