"project","generated_at","baseline_label","page_range","max_pages","requested_url","final_url","http_status","redirect_chain","raw_title","rendered_title","raw_canonical","raw_canonical_count","rendered_canonical","rendered_canonical_count","canonical_header","canonical_target_status","canonical_target_final_url","meta_robots_raw","meta_robots_rendered","x_robots_tag","hreflang_count","h1_count","h1_text","hidden_h1_count","landmarks","structured_data","address_count","time_datetime_count","internal_link_count","linked_internal_urls_missing_from_sitemap_count","linked_internal_urls_missing_from_sitemap","js_only_metadata","issue_summary","crawl_error"
"chromium","2026-08-31T15:02:00.104Z","prod-release-2-7-2026-08-28","800-1100","","https://www.trugreen.com/local-lawn-care/florida/daytona-beach","https://www.trugreen.com/local-lawn-care/florida/daytona-beach","200","200:https://www.trugreen.com/local-lawn-care/florida/daytona-beach","TruGreen Daytona: Lawn Care Maintenance Services in Daytona, FL | TruGreen","TruGreen Daytona: Lawn Care Maintenance Services in Daytona, FL | TruGreen","https://www.trugreen.com/local-lawn-care/florida/daytona-beach","1","https://www.trugreen.com/local-lawn-care/florida/daytona-beach","1","","200","https://www.trugreen.com/local-lawn-care/florida/daytona-beach","","","","0","1","Meet your local experts.","0","header|footer","jsonld:1;types:WebPage;invalid:0;missing:","0","0","45","8","https://www.trugreen.com/lawn-care-101 | https://www.trugreen.com/lawn-care-101/learning-center | https://www.trugreen.com/newsroom | https://www.trugreen.com/pay-your-bill | https://www.trugreen.com/pests-products-and-services | https://www.trugreen.com/pga-tour | https://www.trugreen.com/products-and-services | https://www.trugreen.com/why-choose-trugreen/testimonials-and-ratings","","missing-main|internal-links-missing-from-sitemap|duplicate-title",""
"chromium","2026-08-31T15:02:00.104Z","prod-release-2-7-2026-08-28","800-1100","","https://www.trugreen.com/local-lawn-care/florida/daytona-beach/lawn-care","https://www.trugreen.com/local-lawn-care/florida/daytona-beach/lawn-care","200","200:https://www.trugreen.com/local-lawn-care/florida/daytona-beach/lawn-care","TruGreen Daytona: Lawn Care Maintenance Services in Daytona, FL | TruGreen","TruGreen Daytona: Lawn Care Maintenance Services in Daytona, FL | TruGreen","https://www.trugreen.com/local-lawn-care/florida/daytona-beach","1","https://www.trugreen.com/local-lawn-care/florida/daytona-beach","1","","200","https://www.trugreen.com/local-lawn-care/florida/daytona-beach","","","","0","2","We put the ""care"" in ""lawn care."" | Explore our plans.","0","header|footer","jsonld:1;types:BreadcrumbList|WebPage;invalid:0;missing:jsonld_0_missing_@context|jsonld_1_missing_@context","0","0","44","8","https://www.trugreen.com/lawn-care-101 | https://www.trugreen.com/lawn-care-101/learning-center | https://www.trugreen.com/newsroom | https://www.trugreen.com/pay-your-bill | https://www.trugreen.com/pests-products-and-services | https://www.trugreen.com/pga-tour | https://www.trugreen.com/products-and-services | https://www.trugreen.com/why-choose-trugreen/testimonials-and-ratings","","multiple-h1|missing-main|internal-links-missing-from-sitemap|duplicate-title",""
"chromium","2026-08-31T15:02:00.104Z","prod-release-2-7-2026-08-28","800-1100","","https://www.trugreen.com/local-lawn-care/florida/fruitland-park","https://www.trugreen.com/local-lawn-care/florida/fruitland-park","200","200:https://www.trugreen.com/local-lawn-care/florida/fruitland-park","TruGreen Leesburg: Lawn Care Maintenance Services in Leesburg, FL | TruGreen","TruGreen Leesburg: Lawn Care Maintenance Services in Leesburg, FL | TruGreen","https://www.trugreen.com/local-lawn-care/florida/fruitland-park","1","https://www.trugreen.com/local-lawn-care/florida/fruitland-park","1","","200","https://www.trugreen.com/local-lawn-care/florida/fruitland-park","","","","0","1","Meet your local experts.","0","header|footer","jsonld:1;types:WebPage;invalid:0;missing:","0","0","45","8","https://www.trugreen.com/lawn-care-101 | https://www.trugreen.com/lawn-care-101/learning-center | https://www.trugreen.com/newsroom | https://www.trugreen.com/pay-your-bill | https://www.trugreen.com/pests-products-and-services | https://www.trugreen.com/pga-tour | https://www.trugreen.com/products-and-services | https://www.trugreen.com/why-choose-trugreen/testimonials-and-ratings","","missing-main|internal-links-missing-from-sitemap|duplicate-title",""
"chromium","2026-08-31T15:02:00.104Z","prod-release-2-7-2026-08-28","800-1100","","https://www.trugreen.com/local-lawn-care/florida/fruitland-park/lawn-care","https://www.trugreen.com/local-lawn-care/florida/fruitland-park/lawn-care","200","200:https://www.trugreen.com/local-lawn-care/florida/fruitland-park/lawn-care","TruGreen Leesburg: Lawn Care Maintenance Services in Leesburg, FL | TruGreen","TruGreen Leesburg: Lawn Care Maintenance Services in Leesburg, FL | TruGreen","https://www.trugreen.com/local-lawn-care/florida/fruitland-park","1","https://www.trugreen.com/local-lawn-care/florida/fruitland-park","1","","200","https://www.trugreen.com/local-lawn-care/florida/fruitland-park","","","","0","2","We put the ""care"" in ""lawn care."" | Explore our plans.","0","header|footer","jsonld:1;types:BreadcrumbList|WebPage;invalid:0;missing:jsonld_0_missing_@context|jsonld_1_missing_@context","0","0","44","8","https://www.trugreen.com/lawn-care-101 | https://www.trugreen.com/lawn-care-101/learning-center | https://www.trugreen.com/newsroom | https://www.trugreen.com/pay-your-bill | https://www.trugreen.com/pests-products-and-services | https://www.trugreen.com/pga-tour | https://www.trugreen.com/products-and-services | https://www.trugreen.com/why-choose-trugreen/testimonials-and-ratings","","multiple-h1|missing-main|internal-links-missing-from-sitemap|duplicate-title",""
"chromium","2026-08-31T15:02:00.104Z","prod-release-2-7-2026-08-28","800-1100","","https://www.trugreen.com/local-lawn-care/florida/ft-myers","https://www.trugreen.com/local-lawn-care/florida/ft-myers","200","200:https://www.trugreen.com/local-lawn-care/florida/ft-myers","TruGreen Ft Myers: Lawn Care Maintenance Services in Ft Myers, FL | TruGreen","TruGreen Ft Myers: Lawn Care Maintenance Services in Ft Myers, FL | TruGreen","https://www.trugreen.com/local-lawn-care/florida/ft-myers","1","https://www.trugreen.com/local-lawn-care/florida/ft-myers","1","","200","https://www.trugreen.com/local-lawn-care/florida/ft-myers","","","","0","1","Meet your local experts.","0","header|footer","jsonld:1;types:WebPage;invalid:0;missing:","0","0","45","8","https://www.trugreen.com/lawn-care-101 | https://www.trugreen.com/lawn-care-101/learning-center | https://www.trugreen.com/newsroom | https://www.trugreen.com/pay-your-bill | https://www.trugreen.com/pests-products-and-services | https://www.trugreen.com/pga-tour | https://www.trugreen.com/products-and-services | https://www.trugreen.com/why-choose-trugreen/testimonials-and-ratings","","missing-main|internal-links-missing-from-sitemap|duplicate-title",""
"chromium","2026-08-31T15:02:00.104Z","prod-release-2-7-2026-08-28","800-1100","","https://www.trugreen.com/local-lawn-care/florida/ft-myers/lawn-care","https://www.trugreen.com/local-lawn-care/florida/ft-myers/lawn-care","200","200:https://www.trugreen.com/local-lawn-care/florida/ft-myers/lawn-care","TruGreen Ft Myers: Lawn Care Maintenance Services in Ft Myers, FL | TruGreen","TruGreen Ft Myers: Lawn Care Maintenance Services in Ft Myers, FL | TruGreen","https://www.trugreen.com/local-lawn-care/florida/ft-myers","1","https://www.trugreen.com/local-lawn-care/florida/ft-myers","1","","200","https://www.trugreen.com/local-lawn-care/florida/ft-myers","","","","0","2","We put the ""care"" in ""lawn care."" | Explore our plans.","0","header|footer","jsonld:1;types:BreadcrumbList|WebPage;invalid:0;missing:jsonld_0_missing_@context|jsonld_1_missing_@context","0","0","44","8","https://www.trugreen.com/lawn-care-101 | https://www.trugreen.com/lawn-care-101/learning-center | https://www.trugreen.com/newsroom | https://www.trugreen.com/pay-your-bill | https://www.trugreen.com/pests-products-and-services | https://www.trugreen.com/pga-tour | https://www.trugreen.com/products-and-services | https://www.trugreen.com/why-choose-trugreen/testimonials-and-ratings","","multiple-h1|missing-main|internal-links-missing-from-sitemap|duplicate-title",""
"chromium","2026-08-31T15:02:00.104Z","prod-release-2-7-2026-08-28","800-1100","","https://www.trugreen.com/local-lawn-care/florida/ft-walton-beach","https://www.trugreen.com/local-lawn-care/florida/ft-walton-beach","200","200:https://www.trugreen.com/local-lawn-care/florida/ft-walton-beach","TruGreen Ft. Walton Beach: Lawn Care Maintenance Services in Ft. Walton Beach, FL | TruGreen","TruGreen Ft. Walton Beach: Lawn Care Maintenance Services in Ft. Walton Beach, FL | TruGreen","https://www.trugreen.com/local-lawn-care/florida/ft-walton-beach","1","https://www.trugreen.com/local-lawn-care/florida/ft-walton-beach","1","","200","https://www.trugreen.com/local-lawn-care/florida/ft-walton-beach","","","","0","1","Meet your local experts.","0","header|footer","jsonld:1;types:WebPage;invalid:0;missing:","0","0","45","8","https://www.trugreen.com/lawn-care-101 | https://www.trugreen.com/lawn-care-101/learning-center | https://www.trugreen.com/newsroom | https://www.trugreen.com/pay-your-bill | https://www.trugreen.com/pests-products-and-services | https://www.trugreen.com/pga-tour | https://www.trugreen.com/products-and-services | https://www.trugreen.com/why-choose-trugreen/testimonials-and-ratings","","missing-main|internal-links-missing-from-sitemap|duplicate-title",""
"chromium","2026-08-31T15:02:00.104Z","prod-release-2-7-2026-08-28","800-1100","","https://www.trugreen.com/local-lawn-care/florida/ft-walton-beach/lawn-care","https://www.trugreen.com/local-lawn-care/florida/ft-walton-beach/lawn-care","200","200:https://www.trugreen.com/local-lawn-care/florida/ft-walton-beach/lawn-care","TruGreen Ft. Walton Beach: Lawn Care Maintenance Services in Ft. Walton Beach, FL | TruGreen","TruGreen Ft. Walton Beach: Lawn Care Maintenance Services in Ft. Walton Beach, FL | TruGreen","https://www.trugreen.com/local-lawn-care/florida/ft-walton-beach","1","https://www.trugreen.com/local-lawn-care/florida/ft-walton-beach","1","","200","https://www.trugreen.com/local-lawn-care/florida/ft-walton-beach","","","","0","2","We put the ""care"" in ""lawn care."" | Explore our plans.","0","header|footer","jsonld:1;types:BreadcrumbList|WebPage;invalid:0;missing:jsonld_0_missing_@context|jsonld_1_missing_@context","0","0","44","8","https://www.trugreen.com/lawn-care-101 | https://www.trugreen.com/lawn-care-101/learning-center | https://www.trugreen.com/newsroom | https://www.trugreen.com/pay-your-bill | https://www.trugreen.com/pests-products-and-services | https://www.trugreen.com/pga-tour | https://www.trugreen.com/products-and-services | https://www.trugreen.com/why-choose-trugreen/testimonials-and-ratings","","multiple-h1|missing-main|internal-links-missing-from-sitemap|duplicate-title",""
"chromium","2026-08-31T15:02:00.104Z","prod-release-2-7-2026-08-28","800-1100","","https://www.trugreen.com/local-lawn-care/florida/jacksonville","https://www.trugreen.com/local-lawn-care/florida/jacksonville","200","200:https://www.trugreen.com/local-lawn-care/florida/jacksonville","TruGreen Jacksonville East: Lawn Care Maintenance Services in Jacksonville East, FL | TruGreen","TruGreen Jacksonville East: Lawn Care Maintenance Services in Jacksonville East, FL | TruGreen","https://www.trugreen.com/local-lawn-care/florida/jacksonville","1","https://www.trugreen.com/local-lawn-care/florida/jacksonville","1","","200","https://www.trugreen.com/local-lawn-care/florida/jacksonville","","","","0","1","Meet your local experts.","0","header|footer","jsonld:1;types:WebPage;invalid:0;missing:","0","0","45","8","https://www.trugreen.com/lawn-care-101 | https://www.trugreen.com/lawn-care-101/learning-center | https://www.trugreen.com/newsroom | https://www.trugreen.com/pay-your-bill | https://www.trugreen.com/pests-products-and-services | https://www.trugreen.com/pga-tour | https://www.trugreen.com/products-and-services | https://www.trugreen.com/why-choose-trugreen/testimonials-and-ratings","","missing-main|internal-links-missing-from-sitemap|duplicate-title",""
"chromium","2026-08-31T15:02:00.104Z","prod-release-2-7-2026-08-28","800-1100","","https://www.trugreen.com/local-lawn-care/florida/jacksonville/lawn-care","https://www.trugreen.com/local-lawn-care/florida/jacksonville/lawn-care","200","200:https://www.trugreen.com/local-lawn-care/florida/jacksonville/lawn-care","TruGreen Jacksonville East: Lawn Care Maintenance Services in Jacksonville East, FL | TruGreen","TruGreen Jacksonville East: Lawn Care Maintenance Services in Jacksonville East, FL | TruGreen","https://www.trugreen.com/local-lawn-care/florida/jacksonville","1","https://www.trugreen.com/local-lawn-care/florida/jacksonville","1","","200","https://www.trugreen.com/local-lawn-care/florida/jacksonville","","","","0","2","We put the ""care"" in ""lawn care."" | Explore our plans.","0","header|footer","jsonld:1;types:BreadcrumbList|WebPage;invalid:0;missing:jsonld_0_missing_@context|jsonld_1_missing_@context","0","0","44","8","https://www.trugreen.com/lawn-care-101 | https://www.trugreen.com/lawn-care-101/learning-center | https://www.trugreen.com/newsroom | https://www.trugreen.com/pay-your-bill | https://www.trugreen.com/pests-products-and-services | https://www.trugreen.com/pga-tour | https://www.trugreen.com/products-and-services | https://www.trugreen.com/why-choose-trugreen/testimonials-and-ratings","","multiple-h1|missing-main|internal-links-missing-from-sitemap|duplicate-title",""
"chromium","2026-08-31T15:02:00.104Z","prod-release-2-7-2026-08-28","800-1100","","https://www.trugreen.com/local-lawn-care/florida/lake-wales","https://www.trugreen.com/local-lawn-care/florida/lake-wales","200","200:https://www.trugreen.com/local-lawn-care/florida/lake-wales","TruGreen Lake Wales: Lawn Care Maintenance Services in Lake Wales, FL | TruGreen","TruGreen Lake Wales: Lawn Care Maintenance Services in Lake Wales, FL | TruGreen","https://www.trugreen.com/local-lawn-care/florida/lake-wales","1","https://www.trugreen.com/local-lawn-care/florida/lake-wales","1","","200","https://www.trugreen.com/local-lawn-care/florida/lake-wales","","","","0","1","Meet your local experts.","0","header|footer","jsonld:1;types:WebPage;invalid:0;missing:","0","0","45","8","https://www.trugreen.com/lawn-care-101 | https://www.trugreen.com/lawn-care-101/learning-center | https://www.trugreen.com/newsroom | https://www.trugreen.com/pay-your-bill | https://www.trugreen.com/pests-products-and-services | https://www.trugreen.com/pga-tour | https://www.trugreen.com/products-and-services | https://www.trugreen.com/why-choose-trugreen/testimonials-and-ratings","","missing-main|internal-links-missing-from-sitemap|duplicate-title",""
"chromium","2026-08-31T15:02:00.104Z","prod-release-2-7-2026-08-28","800-1100","","https://www.trugreen.com/local-lawn-care/florida/lake-wales/lawn-care","https://www.trugreen.com/local-lawn-care/florida/lake-wales/lawn-care","200","200:https://www.trugreen.com/local-lawn-care/florida/lake-wales/lawn-care","TruGreen Lake Wales: Lawn Care Maintenance Services in Lake Wales, FL | TruGreen","TruGreen Lake Wales: Lawn Care Maintenance Services in Lake Wales, FL | TruGreen","https://www.trugreen.com/local-lawn-care/florida/lake-wales","1","https://www.trugreen.com/local-lawn-care/florida/lake-wales","1","","200","https://www.trugreen.com/local-lawn-care/florida/lake-wales","","","","0","2","We put the ""care"" in ""lawn care."" | Explore our plans.","0","header|footer","jsonld:1;types:BreadcrumbList|WebPage;invalid:0;missing:jsonld_0_missing_@context|jsonld_1_missing_@context","0","0","44","8","https://www.trugreen.com/lawn-care-101 | https://www.trugreen.com/lawn-care-101/learning-center | https://www.trugreen.com/newsroom | https://www.trugreen.com/pay-your-bill | https://www.trugreen.com/pests-products-and-services | https://www.trugreen.com/pga-tour | https://www.trugreen.com/products-and-services | https://www.trugreen.com/why-choose-trugreen/testimonials-and-ratings","","multiple-h1|missing-main|internal-links-missing-from-sitemap|duplicate-title",""
"chromium","2026-08-31T15:02:00.104Z","prod-release-2-7-2026-08-28","800-1100","","https://www.trugreen.com/local-lawn-care/florida/melbourne","https://www.trugreen.com/local-lawn-care/florida/melbourne","200","200:https://www.trugreen.com/local-lawn-care/florida/melbourne","TruGreen Melbourne: Lawn Care Maintenance Services in Melbourne, FL | TruGreen","TruGreen Melbourne: Lawn Care Maintenance Services in Melbourne, FL | TruGreen","https://www.trugreen.com/local-lawn-care/florida/melbourne","1","https://www.trugreen.com/local-lawn-care/florida/melbourne","1","","200","https://www.trugreen.com/local-lawn-care/florida/melbourne","","","","0","1","Meet your local experts.","0","header|footer","jsonld:1;types:WebPage;invalid:0;missing:","0","0","45","8","https://www.trugreen.com/lawn-care-101 | https://www.trugreen.com/lawn-care-101/learning-center | https://www.trugreen.com/newsroom | https://www.trugreen.com/pay-your-bill | https://www.trugreen.com/pests-products-and-services | https://www.trugreen.com/pga-tour | https://www.trugreen.com/products-and-services | https://www.trugreen.com/why-choose-trugreen/testimonials-and-ratings","","missing-main|internal-links-missing-from-sitemap|duplicate-title",""
"chromium","2026-08-31T15:02:00.104Z","prod-release-2-7-2026-08-28","800-1100","","https://www.trugreen.com/local-lawn-care/florida/melbourne/lawn-care","https://www.trugreen.com/local-lawn-care/florida/melbourne/lawn-care","200","200:https://www.trugreen.com/local-lawn-care/florida/melbourne/lawn-care","TruGreen Melbourne: Lawn Care Maintenance Services in Melbourne, FL | TruGreen","TruGreen Melbourne: Lawn Care Maintenance Services in Melbourne, FL | TruGreen","https://www.trugreen.com/local-lawn-care/florida/melbourne","1","https://www.trugreen.com/local-lawn-care/florida/melbourne","1","","200","https://www.trugreen.com/local-lawn-care/florida/melbourne","","","","0","2","We put the ""care"" in ""lawn care."" | Explore our plans.","0","header|footer","jsonld:1;types:BreadcrumbList|WebPage;invalid:0;missing:jsonld_0_missing_@context|jsonld_1_missing_@context","0","0","44","8","https://www.trugreen.com/lawn-care-101 | https://www.trugreen.com/lawn-care-101/learning-center | https://www.trugreen.com/newsroom | https://www.trugreen.com/pay-your-bill | https://www.trugreen.com/pests-products-and-services | https://www.trugreen.com/pga-tour | https://www.trugreen.com/products-and-services | https://www.trugreen.com/why-choose-trugreen/testimonials-and-ratings","","multiple-h1|missing-main|internal-links-missing-from-sitemap|duplicate-title",""
"chromium","2026-08-31T15:02:00.104Z","prod-release-2-7-2026-08-28","800-1100","","https://www.trugreen.com/local-lawn-care/florida/ocala","https://www.trugreen.com/local-lawn-care/florida/ocala","200","200:https://www.trugreen.com/local-lawn-care/florida/ocala","TruGreen Ocala: Lawn Care Maintenance Services in Ocala, FL | TruGreen","TruGreen Ocala: Lawn Care Maintenance Services in Ocala, FL | TruGreen","https://www.trugreen.com/local-lawn-care/florida/ocala","1","https://www.trugreen.com/local-lawn-care/florida/ocala","1","","200","https://www.trugreen.com/local-lawn-care/florida/ocala","","","","0","1","Meet your local experts.","0","header|footer","jsonld:1;types:WebPage;invalid:0;missing:","0","0","45","8","https://www.trugreen.com/lawn-care-101 | https://www.trugreen.com/lawn-care-101/learning-center | https://www.trugreen.com/newsroom | https://www.trugreen.com/pay-your-bill | https://www.trugreen.com/pests-products-and-services | https://www.trugreen.com/pga-tour | https://www.trugreen.com/products-and-services | https://www.trugreen.com/why-choose-trugreen/testimonials-and-ratings","","missing-main|internal-links-missing-from-sitemap|duplicate-title",""
"chromium","2026-08-31T15:02:00.104Z","prod-release-2-7-2026-08-28","800-1100","","https://www.trugreen.com/local-lawn-care/florida/ocala/lawn-care","https://www.trugreen.com/local-lawn-care/florida/ocala/lawn-care","200","200:https://www.trugreen.com/local-lawn-care/florida/ocala/lawn-care","TruGreen Ocala: Lawn Care Maintenance Services in Ocala, FL | TruGreen","TruGreen Ocala: Lawn Care Maintenance Services in Ocala, FL | TruGreen","https://www.trugreen.com/local-lawn-care/florida/ocala","1","https://www.trugreen.com/local-lawn-care/florida/ocala","1","","200","https://www.trugreen.com/local-lawn-care/florida/ocala","","","","0","2","We put the ""care"" in ""lawn care."" | Explore our plans.","0","header|footer","jsonld:1;types:BreadcrumbList|WebPage;invalid:0;missing:jsonld_0_missing_@context|jsonld_1_missing_@context","0","0","44","8","https://www.trugreen.com/lawn-care-101 | https://www.trugreen.com/lawn-care-101/learning-center | https://www.trugreen.com/newsroom | https://www.trugreen.com/pay-your-bill | https://www.trugreen.com/pests-products-and-services | https://www.trugreen.com/pga-tour | https://www.trugreen.com/products-and-services | https://www.trugreen.com/why-choose-trugreen/testimonials-and-ratings","","multiple-h1|missing-main|internal-links-missing-from-sitemap|duplicate-title",""
"chromium","2026-08-31T15:02:00.104Z","prod-release-2-7-2026-08-28","800-1100","","https://www.trugreen.com/local-lawn-care/florida/oldsmar","https://www.trugreen.com/local-lawn-care/florida/oldsmar","200","200:https://www.trugreen.com/local-lawn-care/florida/oldsmar","TruGreen Tampa West: Lawn Care Maintenance Services in Tampa West, FL | TruGreen","TruGreen Tampa West: Lawn Care Maintenance Services in Tampa West, FL | TruGreen","https://www.trugreen.com/local-lawn-care/florida/oldsmar","1","https://www.trugreen.com/local-lawn-care/florida/oldsmar","1","","200","https://www.trugreen.com/local-lawn-care/florida/oldsmar","","","","0","1","Meet your local experts.","0","header|footer","jsonld:1;types:WebPage;invalid:0;missing:","0","0","45","8","https://www.trugreen.com/lawn-care-101 | https://www.trugreen.com/lawn-care-101/learning-center | https://www.trugreen.com/newsroom | https://www.trugreen.com/pay-your-bill | https://www.trugreen.com/pests-products-and-services | https://www.trugreen.com/pga-tour | https://www.trugreen.com/products-and-services | https://www.trugreen.com/why-choose-trugreen/testimonials-and-ratings","","missing-main|internal-links-missing-from-sitemap|duplicate-title",""
"chromium","2026-08-31T15:02:00.104Z","prod-release-2-7-2026-08-28","800-1100","","https://www.trugreen.com/local-lawn-care/florida/oldsmar/lawn-care","https://www.trugreen.com/local-lawn-care/florida/oldsmar/lawn-care","200","200:https://www.trugreen.com/local-lawn-care/florida/oldsmar/lawn-care","TruGreen Tampa West: Lawn Care Maintenance Services in Tampa West, FL | TruGreen","TruGreen Tampa West: Lawn Care Maintenance Services in Tampa West, FL | TruGreen","https://www.trugreen.com/local-lawn-care/florida/oldsmar","1","https://www.trugreen.com/local-lawn-care/florida/oldsmar","1","","200","https://www.trugreen.com/local-lawn-care/florida/oldsmar","","","","0","2","We put the ""care"" in ""lawn care."" | Explore our plans.","0","header|footer","jsonld:1;types:BreadcrumbList|WebPage;invalid:0;missing:jsonld_0_missing_@context|jsonld_1_missing_@context","0","0","44","8","https://www.trugreen.com/lawn-care-101 | https://www.trugreen.com/lawn-care-101/learning-center | https://www.trugreen.com/newsroom | https://www.trugreen.com/pay-your-bill | https://www.trugreen.com/pests-products-and-services | https://www.trugreen.com/pga-tour | https://www.trugreen.com/products-and-services | https://www.trugreen.com/why-choose-trugreen/testimonials-and-ratings","","multiple-h1|missing-main|internal-links-missing-from-sitemap|duplicate-title",""
"chromium","2026-08-31T15:02:00.104Z","prod-release-2-7-2026-08-28","800-1100","","https://www.trugreen.com/local-lawn-care/florida/orlando","https://www.trugreen.com/local-lawn-care/florida/orlando","200","200:https://www.trugreen.com/local-lawn-care/florida/orlando","TruGreen Orlando East: Lawn Care Maintenance Services in Orlando East, FL | TruGreen","TruGreen Orlando East: Lawn Care Maintenance Services in Orlando East, FL | TruGreen","https://www.trugreen.com/local-lawn-care/florida/orlando","1","https://www.trugreen.com/local-lawn-care/florida/orlando","1","","200","https://www.trugreen.com/local-lawn-care/florida/orlando","","","","0","1","Meet your local experts.","0","header|footer","jsonld:1;types:WebPage;invalid:0;missing:","0","0","45","8","https://www.trugreen.com/lawn-care-101 | https://www.trugreen.com/lawn-care-101/learning-center | https://www.trugreen.com/newsroom | https://www.trugreen.com/pay-your-bill | https://www.trugreen.com/pests-products-and-services | https://www.trugreen.com/pga-tour | https://www.trugreen.com/products-and-services | https://www.trugreen.com/why-choose-trugreen/testimonials-and-ratings","","missing-main|internal-links-missing-from-sitemap|duplicate-title",""
"chromium","2026-08-31T15:02:00.104Z","prod-release-2-7-2026-08-28","800-1100","","https://www.trugreen.com/local-lawn-care/florida/orlando-1","https://www.trugreen.com/local-lawn-care/florida/orlando-1","200","200:https://www.trugreen.com/local-lawn-care/florida/orlando-1","TruGreen Orlando West: Lawn Care Maintenance Services in Orlando West, FL | TruGreen","TruGreen Orlando West: Lawn Care Maintenance Services in Orlando West, FL | TruGreen","https://www.trugreen.com/local-lawn-care/florida/orlando-1","1","https://www.trugreen.com/local-lawn-care/florida/orlando-1","1","","200","https://www.trugreen.com/local-lawn-care/florida/orlando-1","","","","0","1","Meet your local experts.","0","header|footer","jsonld:1;types:WebPage;invalid:0;missing:","0","0","45","8","https://www.trugreen.com/lawn-care-101 | https://www.trugreen.com/lawn-care-101/learning-center | https://www.trugreen.com/newsroom | https://www.trugreen.com/pay-your-bill | https://www.trugreen.com/pests-products-and-services | https://www.trugreen.com/pga-tour | https://www.trugreen.com/products-and-services | https://www.trugreen.com/why-choose-trugreen/testimonials-and-ratings","","missing-main|internal-links-missing-from-sitemap|duplicate-title",""
"chromium","2026-08-31T15:02:00.104Z","prod-release-2-7-2026-08-28","800-1100","","https://www.trugreen.com/local-lawn-care/florida/orlando-1/lawn-care","https://www.trugreen.com/local-lawn-care/florida/orlando-1/lawn-care","200","200:https://www.trugreen.com/local-lawn-care/florida/orlando-1/lawn-care","TruGreen Orlando West: Lawn Care Maintenance Services in Orlando West, FL | TruGreen","TruGreen Orlando West: Lawn Care Maintenance Services in Orlando West, FL | TruGreen","https://www.trugreen.com/local-lawn-care/florida/orlando-1","1","https://www.trugreen.com/local-lawn-care/florida/orlando-1","1","","200","https://www.trugreen.com/local-lawn-care/florida/orlando-1","","","","0","2","We put the ""care"" in ""lawn care."" | Explore our plans.","0","header|footer","jsonld:1;types:BreadcrumbList|WebPage;invalid:0;missing:jsonld_0_missing_@context|jsonld_1_missing_@context","0","0","41","8","https://www.trugreen.com/lawn-care-101 | https://www.trugreen.com/lawn-care-101/learning-center | https://www.trugreen.com/newsroom | https://www.trugreen.com/pay-your-bill | https://www.trugreen.com/pests-products-and-services | https://www.trugreen.com/pga-tour | https://www.trugreen.com/products-and-services | https://www.trugreen.com/why-choose-trugreen/testimonials-and-ratings","","multiple-h1|missing-main|internal-links-missing-from-sitemap|duplicate-title",""
"chromium","2026-08-31T15:02:00.104Z","prod-release-2-7-2026-08-28","800-1100","","https://www.trugreen.com/local-lawn-care/florida/orlando/lawn-care","https://www.trugreen.com/local-lawn-care/florida/orlando/lawn-care","200","200:https://www.trugreen.com/local-lawn-care/florida/orlando/lawn-care","TruGreen Orlando East: Lawn Care Maintenance Services in Orlando East, FL | TruGreen","TruGreen Orlando East: Lawn Care Maintenance Services in Orlando East, FL | TruGreen","https://www.trugreen.com/local-lawn-care/florida/orlando","1","https://www.trugreen.com/local-lawn-care/florida/orlando","1","","200","https://www.trugreen.com/local-lawn-care/florida/orlando","","","","0","2","We put the ""care"" in ""lawn care."" | Explore our plans.","0","header|footer","jsonld:1;types:BreadcrumbList|WebPage;invalid:0;missing:jsonld_0_missing_@context|jsonld_1_missing_@context","0","0","44","8","https://www.trugreen.com/lawn-care-101 | https://www.trugreen.com/lawn-care-101/learning-center | https://www.trugreen.com/newsroom | https://www.trugreen.com/pay-your-bill | https://www.trugreen.com/pests-products-and-services | https://www.trugreen.com/pga-tour | https://www.trugreen.com/products-and-services | https://www.trugreen.com/why-choose-trugreen/testimonials-and-ratings","","multiple-h1|missing-main|internal-links-missing-from-sitemap|duplicate-title",""
"chromium","2026-08-31T15:02:00.104Z","prod-release-2-7-2026-08-28","800-1100","","https://www.trugreen.com/local-lawn-care/florida/pembroke-pines","https://www.trugreen.com/local-lawn-care/florida/pembroke-pines","200","200:https://www.trugreen.com/local-lawn-care/florida/pembroke-pines","TruGreen Ft Lauderdale: Lawn Care Maintenance Services in Ft Lauderdale, FL | TruGreen","TruGreen Ft Lauderdale: Lawn Care Maintenance Services in Ft Lauderdale, FL | TruGreen","https://www.trugreen.com/local-lawn-care/florida/pembroke-pines","1","https://www.trugreen.com/local-lawn-care/florida/pembroke-pines","1","","200","https://www.trugreen.com/local-lawn-care/florida/pembroke-pines","","","","0","1","Meet your local experts.","0","header|footer","jsonld:1;types:WebPage;invalid:0;missing:","0","0","45","8","https://www.trugreen.com/lawn-care-101 | https://www.trugreen.com/lawn-care-101/learning-center | https://www.trugreen.com/newsroom | https://www.trugreen.com/pay-your-bill | https://www.trugreen.com/pests-products-and-services | https://www.trugreen.com/pga-tour | https://www.trugreen.com/products-and-services | https://www.trugreen.com/why-choose-trugreen/testimonials-and-ratings","","missing-main|internal-links-missing-from-sitemap|duplicate-title",""
"chromium","2026-08-31T15:02:00.104Z","prod-release-2-7-2026-08-28","800-1100","","https://www.trugreen.com/local-lawn-care/florida/pembroke-pines/lawn-care","https://www.trugreen.com/local-lawn-care/florida/pembroke-pines/lawn-care","200","200:https://www.trugreen.com/local-lawn-care/florida/pembroke-pines/lawn-care","TruGreen Ft Lauderdale: Lawn Care Maintenance Services in Ft Lauderdale, FL | TruGreen","TruGreen Ft Lauderdale: Lawn Care Maintenance Services in Ft Lauderdale, FL | TruGreen","https://www.trugreen.com/local-lawn-care/florida/pembroke-pines","1","https://www.trugreen.com/local-lawn-care/florida/pembroke-pines","1","","200","https://www.trugreen.com/local-lawn-care/florida/pembroke-pines","","","","0","2","We put the ""care"" in ""lawn care."" | Explore our plans.","0","header|footer","jsonld:1;types:BreadcrumbList|WebPage;invalid:0;missing:jsonld_0_missing_@context|jsonld_1_missing_@context","0","0","44","8","https://www.trugreen.com/lawn-care-101 | https://www.trugreen.com/lawn-care-101/learning-center | https://www.trugreen.com/newsroom | https://www.trugreen.com/pay-your-bill | https://www.trugreen.com/pests-products-and-services | https://www.trugreen.com/pga-tour | https://www.trugreen.com/products-and-services | https://www.trugreen.com/why-choose-trugreen/testimonials-and-ratings","","multiple-h1|missing-main|internal-links-missing-from-sitemap|duplicate-title",""
"chromium","2026-08-31T15:02:00.104Z","prod-release-2-7-2026-08-28","800-1100","","https://www.trugreen.com/local-lawn-care/florida/pensacola","https://www.trugreen.com/local-lawn-care/florida/pensacola","200","200:https://www.trugreen.com/local-lawn-care/florida/pensacola","TruGreen Pensacola: Lawn Care Maintenance Services in Pensacola, FL | TruGreen","TruGreen Pensacola: Lawn Care Maintenance Services in Pensacola, FL | TruGreen","https://www.trugreen.com/local-lawn-care/florida/pensacola","1","https://www.trugreen.com/local-lawn-care/florida/pensacola","1","","200","https://www.trugreen.com/local-lawn-care/florida/pensacola","","","","0","1","Meet your local experts.","0","header|footer","jsonld:1;types:WebPage;invalid:0;missing:","0","0","45","8","https://www.trugreen.com/lawn-care-101 | https://www.trugreen.com/lawn-care-101/learning-center | https://www.trugreen.com/newsroom | https://www.trugreen.com/pay-your-bill | https://www.trugreen.com/pests-products-and-services | https://www.trugreen.com/pga-tour | https://www.trugreen.com/products-and-services | https://www.trugreen.com/why-choose-trugreen/testimonials-and-ratings","","missing-main|internal-links-missing-from-sitemap|duplicate-title",""
"chromium","2026-08-31T15:02:00.104Z","prod-release-2-7-2026-08-28","800-1100","","https://www.trugreen.com/local-lawn-care/florida/pensacola/lawn-care","https://www.trugreen.com/local-lawn-care/florida/pensacola/lawn-care","200","200:https://www.trugreen.com/local-lawn-care/florida/pensacola/lawn-care","TruGreen Pensacola: Lawn Care Maintenance Services in Pensacola, FL | TruGreen","TruGreen Pensacola: Lawn Care Maintenance Services in Pensacola, FL | TruGreen","https://www.trugreen.com/local-lawn-care/florida/pensacola","1","https://www.trugreen.com/local-lawn-care/florida/pensacola","1","","200","https://www.trugreen.com/local-lawn-care/florida/pensacola","","","","0","2","We put the ""care"" in ""lawn care."" | Explore our plans.","0","header|footer","jsonld:1;types:BreadcrumbList|WebPage;invalid:0;missing:jsonld_0_missing_@context|jsonld_1_missing_@context","0","0","44","8","https://www.trugreen.com/lawn-care-101 | https://www.trugreen.com/lawn-care-101/learning-center | https://www.trugreen.com/newsroom | https://www.trugreen.com/pay-your-bill | https://www.trugreen.com/pests-products-and-services | https://www.trugreen.com/pga-tour | https://www.trugreen.com/products-and-services | https://www.trugreen.com/why-choose-trugreen/testimonials-and-ratings","","multiple-h1|missing-main|internal-links-missing-from-sitemap|duplicate-title",""
"chromium","2026-08-31T15:02:00.104Z","prod-release-2-7-2026-08-28","800-1100","","https://www.trugreen.com/local-lawn-care/florida/plant-city","https://www.trugreen.com/local-lawn-care/florida/plant-city","200","200:https://www.trugreen.com/local-lawn-care/florida/plant-city","TruGreen Tampa East: Lawn Care Maintenance Services in Tampa East, FL | TruGreen","TruGreen Tampa East: Lawn Care Maintenance Services in Tampa East, FL | TruGreen","https://www.trugreen.com/local-lawn-care/florida/plant-city","1","https://www.trugreen.com/local-lawn-care/florida/plant-city","1","","200","https://www.trugreen.com/local-lawn-care/florida/plant-city","","","","0","1","Meet your local experts.","0","header|footer","jsonld:1;types:WebPage;invalid:0;missing:","0","0","45","8","https://www.trugreen.com/lawn-care-101 | https://www.trugreen.com/lawn-care-101/learning-center | https://www.trugreen.com/newsroom | https://www.trugreen.com/pay-your-bill | https://www.trugreen.com/pests-products-and-services | https://www.trugreen.com/pga-tour | https://www.trugreen.com/products-and-services | https://www.trugreen.com/why-choose-trugreen/testimonials-and-ratings","","missing-main|internal-links-missing-from-sitemap|duplicate-title",""
"chromium","2026-08-31T15:02:00.104Z","prod-release-2-7-2026-08-28","800-1100","","https://www.trugreen.com/local-lawn-care/florida/plant-city/lawn-care","https://www.trugreen.com/local-lawn-care/florida/plant-city/lawn-care","200","200:https://www.trugreen.com/local-lawn-care/florida/plant-city/lawn-care","TruGreen Tampa East: Lawn Care Maintenance Services in Tampa East, FL | TruGreen","TruGreen Tampa East: Lawn Care Maintenance Services in Tampa East, FL | TruGreen","https://www.trugreen.com/local-lawn-care/florida/plant-city","1","https://www.trugreen.com/local-lawn-care/florida/plant-city","1","","200","https://www.trugreen.com/local-lawn-care/florida/plant-city","","","","0","2","We put the ""care"" in ""lawn care."" | Explore our plans.","0","header|footer","jsonld:1;types:BreadcrumbList|WebPage;invalid:0;missing:jsonld_0_missing_@context|jsonld_1_missing_@context","0","0","44","8","https://www.trugreen.com/lawn-care-101 | https://www.trugreen.com/lawn-care-101/learning-center | https://www.trugreen.com/newsroom | https://www.trugreen.com/pay-your-bill | https://www.trugreen.com/pests-products-and-services | https://www.trugreen.com/pga-tour | https://www.trugreen.com/products-and-services | https://www.trugreen.com/why-choose-trugreen/testimonials-and-ratings","","multiple-h1|missing-main|internal-links-missing-from-sitemap|duplicate-title",""
"chromium","2026-08-31T15:02:00.104Z","prod-release-2-7-2026-08-28","800-1100","","https://www.trugreen.com/local-lawn-care/florida/pompano-beach","https://www.trugreen.com/local-lawn-care/florida/pompano-beach","200","200:https://www.trugreen.com/local-lawn-care/florida/pompano-beach","TruGreen Pompano Beach: Lawn Care Maintenance Services in Pompano Beach, FL | TruGreen","TruGreen Pompano Beach: Lawn Care Maintenance Services in Pompano Beach, FL | TruGreen","https://www.trugreen.com/local-lawn-care/florida/pompano-beach","1","https://www.trugreen.com/local-lawn-care/florida/pompano-beach","1","","200","https://www.trugreen.com/local-lawn-care/florida/pompano-beach","","","","0","1","Meet your local experts.","0","header|footer","jsonld:1;types:WebPage;invalid:0;missing:","0","0","45","8","https://www.trugreen.com/lawn-care-101 | https://www.trugreen.com/lawn-care-101/learning-center | https://www.trugreen.com/newsroom | https://www.trugreen.com/pay-your-bill | https://www.trugreen.com/pests-products-and-services | https://www.trugreen.com/pga-tour | https://www.trugreen.com/products-and-services | https://www.trugreen.com/why-choose-trugreen/testimonials-and-ratings","","missing-main|internal-links-missing-from-sitemap|duplicate-title",""
"chromium","2026-08-31T15:02:00.104Z","prod-release-2-7-2026-08-28","800-1100","","https://www.trugreen.com/local-lawn-care/florida/pompano-beach/lawn-care","https://www.trugreen.com/local-lawn-care/florida/pompano-beach/lawn-care","200","200:https://www.trugreen.com/local-lawn-care/florida/pompano-beach/lawn-care","TruGreen Pompano Beach: Lawn Care Maintenance Services in Pompano Beach, FL | TruGreen","TruGreen Pompano Beach: Lawn Care Maintenance Services in Pompano Beach, FL | TruGreen","https://www.trugreen.com/local-lawn-care/florida/pompano-beach","1","https://www.trugreen.com/local-lawn-care/florida/pompano-beach","1","","200","https://www.trugreen.com/local-lawn-care/florida/pompano-beach","","","","0","2","We put the ""care"" in ""lawn care."" | Explore our plans.","0","header|footer","jsonld:1;types:BreadcrumbList|WebPage;invalid:0;missing:jsonld_0_missing_@context|jsonld_1_missing_@context","0","0","44","8","https://www.trugreen.com/lawn-care-101 | https://www.trugreen.com/lawn-care-101/learning-center | https://www.trugreen.com/newsroom | https://www.trugreen.com/pay-your-bill | https://www.trugreen.com/pests-products-and-services | https://www.trugreen.com/pga-tour | https://www.trugreen.com/products-and-services | https://www.trugreen.com/why-choose-trugreen/testimonials-and-ratings","","multiple-h1|missing-main|internal-links-missing-from-sitemap|duplicate-title",""
"chromium","2026-08-31T15:02:00.104Z","prod-release-2-7-2026-08-28","800-1100","","https://www.trugreen.com/local-lawn-care/florida/sarasota","https://www.trugreen.com/local-lawn-care/florida/sarasota","200","200:https://www.trugreen.com/local-lawn-care/florida/sarasota","TruGreen Sarasota: Lawn Care Maintenance Services in Sarasota, FL | TruGreen","TruGreen Sarasota: Lawn Care Maintenance Services in Sarasota, FL | TruGreen","https://www.trugreen.com/local-lawn-care/florida/sarasota","1","https://www.trugreen.com/local-lawn-care/florida/sarasota","1","","200","https://www.trugreen.com/local-lawn-care/florida/sarasota","","","","0","1","Meet your local experts.","0","header|footer","jsonld:1;types:WebPage;invalid:0;missing:","0","0","45","8","https://www.trugreen.com/lawn-care-101 | https://www.trugreen.com/lawn-care-101/learning-center | https://www.trugreen.com/newsroom | https://www.trugreen.com/pay-your-bill | https://www.trugreen.com/pests-products-and-services | https://www.trugreen.com/pga-tour | https://www.trugreen.com/products-and-services | https://www.trugreen.com/why-choose-trugreen/testimonials-and-ratings","","missing-main|internal-links-missing-from-sitemap|duplicate-title",""
"chromium","2026-08-31T15:02:00.104Z","prod-release-2-7-2026-08-28","800-1100","","https://www.trugreen.com/local-lawn-care/florida/sarasota/lawn-care","https://www.trugreen.com/local-lawn-care/florida/sarasota/lawn-care","200","200:https://www.trugreen.com/local-lawn-care/florida/sarasota/lawn-care","TruGreen Sarasota: Lawn Care Maintenance Services in Sarasota, FL | TruGreen","TruGreen Sarasota: Lawn Care Maintenance Services in Sarasota, FL | TruGreen","https://www.trugreen.com/local-lawn-care/florida/sarasota","1","https://www.trugreen.com/local-lawn-care/florida/sarasota","1","","200","https://www.trugreen.com/local-lawn-care/florida/sarasota","","","","0","2","We put the ""care"" in ""lawn care."" | Explore our plans.","0","header|footer","jsonld:1;types:BreadcrumbList|WebPage;invalid:0;missing:jsonld_0_missing_@context|jsonld_1_missing_@context","0","0","44","8","https://www.trugreen.com/lawn-care-101 | https://www.trugreen.com/lawn-care-101/learning-center | https://www.trugreen.com/newsroom | https://www.trugreen.com/pay-your-bill | https://www.trugreen.com/pests-products-and-services | https://www.trugreen.com/pga-tour | https://www.trugreen.com/products-and-services | https://www.trugreen.com/why-choose-trugreen/testimonials-and-ratings","","multiple-h1|missing-main|internal-links-missing-from-sitemap|duplicate-title",""
"chromium","2026-08-31T15:02:00.104Z","prod-release-2-7-2026-08-28","800-1100","","https://www.trugreen.com/local-lawn-care/florida/vero-beach","https://www.trugreen.com/local-lawn-care/florida/vero-beach","200","200:https://www.trugreen.com/local-lawn-care/florida/vero-beach","TruGreen Vero Beach: Lawn Care Maintenance Services in Vero Beach, FL | TruGreen","TruGreen Vero Beach: Lawn Care Maintenance Services in Vero Beach, FL | TruGreen","https://www.trugreen.com/local-lawn-care/florida/vero-beach","1","https://www.trugreen.com/local-lawn-care/florida/vero-beach","1","","200","https://www.trugreen.com/local-lawn-care/florida/vero-beach","","","","0","1","Meet your local experts.","0","header|footer","jsonld:1;types:WebPage;invalid:0;missing:","0","0","45","8","https://www.trugreen.com/lawn-care-101 | https://www.trugreen.com/lawn-care-101/learning-center | https://www.trugreen.com/newsroom | https://www.trugreen.com/pay-your-bill | https://www.trugreen.com/pests-products-and-services | https://www.trugreen.com/pga-tour | https://www.trugreen.com/products-and-services | https://www.trugreen.com/why-choose-trugreen/testimonials-and-ratings","","missing-main|internal-links-missing-from-sitemap|duplicate-title",""
"chromium","2026-08-31T15:02:00.104Z","prod-release-2-7-2026-08-28","800-1100","","https://www.trugreen.com/local-lawn-care/florida/vero-beach/lawn-care","https://www.trugreen.com/local-lawn-care/florida/vero-beach/lawn-care","200","200:https://www.trugreen.com/local-lawn-care/florida/vero-beach/lawn-care","TruGreen Vero Beach: Lawn Care Maintenance Services in Vero Beach, FL | TruGreen","TruGreen Vero Beach: Lawn Care Maintenance Services in Vero Beach, FL | TruGreen","https://www.trugreen.com/local-lawn-care/florida/vero-beach","1","https://www.trugreen.com/local-lawn-care/florida/vero-beach","1","","200","https://www.trugreen.com/local-lawn-care/florida/vero-beach","","","","0","2","We put the ""care"" in ""lawn care."" | Explore our plans.","0","header|footer","jsonld:1;types:BreadcrumbList|WebPage;invalid:0;missing:jsonld_0_missing_@context|jsonld_1_missing_@context","0","0","44","8","https://www.trugreen.com/lawn-care-101 | https://www.trugreen.com/lawn-care-101/learning-center | https://www.trugreen.com/newsroom | https://www.trugreen.com/pay-your-bill | https://www.trugreen.com/pests-products-and-services | https://www.trugreen.com/pga-tour | https://www.trugreen.com/products-and-services | https://www.trugreen.com/why-choose-trugreen/testimonials-and-ratings","","multiple-h1|missing-main|internal-links-missing-from-sitemap|duplicate-title",""
"chromium","2026-08-31T15:02:00.104Z","prod-release-2-7-2026-08-28","800-1100","","https://www.trugreen.com/local-lawn-care/georgia","https://www.trugreen.com/local-lawn-care/georgia","200","200:https://www.trugreen.com/local-lawn-care/georgia","TruGreen Georgia: Local Lawn Care Service Near Me | TruGreen","TruGreen Georgia: Local Lawn Care Service Near Me | TruGreen","https://www.trugreen.com/local-lawn-care/georgia","1","https://www.trugreen.com/local-lawn-care/georgia","1","","200","https://www.trugreen.com/local-lawn-care/georgia","","","","0","1","Find your local branch in Georgia.","0","header|footer","jsonld:1;types:BreadcrumbList|CollectionPage|ItemList;invalid:0;missing:jsonld_0_missing_@context|jsonld_1_missing_@context|jsonld_2_missing_@context","0","0","46","8","https://www.trugreen.com/lawn-care-101 | https://www.trugreen.com/lawn-care-101/learning-center | https://www.trugreen.com/newsroom | https://www.trugreen.com/pay-your-bill | https://www.trugreen.com/pests-products-and-services | https://www.trugreen.com/pga-tour | https://www.trugreen.com/products-and-services | https://www.trugreen.com/why-choose-trugreen/testimonials-and-ratings","","missing-main|internal-links-missing-from-sitemap|duplicate-title",""
"chromium","2026-08-31T15:02:00.104Z","prod-release-2-7-2026-08-28","800-1100","","https://www.trugreen.com/local-lawn-care/georgia/acworth","https://www.trugreen.com/local-lawn-care/georgia/acworth","200","200:https://www.trugreen.com/local-lawn-care/georgia/acworth","Lawn Care and Outdoor Services in Acworth, GA | TruGreen","Lawn Care and Outdoor Services in Acworth, GA | TruGreen","https://www.trugreen.com/local-lawn-care/georgia/acworth","1","https://www.trugreen.com/local-lawn-care/georgia/acworth","1","","200","https://www.trugreen.com/local-lawn-care/georgia/acworth","","","","0","1","Meet your local experts.","0","header|footer","jsonld:1;types:WebPage;invalid:0;missing:","0","0","45","8","https://www.trugreen.com/lawn-care-101 | https://www.trugreen.com/lawn-care-101/learning-center | https://www.trugreen.com/newsroom | https://www.trugreen.com/pay-your-bill | https://www.trugreen.com/pests-products-and-services | https://www.trugreen.com/pga-tour | https://www.trugreen.com/products-and-services | https://www.trugreen.com/why-choose-trugreen/testimonials-and-ratings","","missing-main|internal-links-missing-from-sitemap|duplicate-title",""
"chromium","2026-08-31T15:02:00.104Z","prod-release-2-7-2026-08-28","800-1100","","https://www.trugreen.com/local-lawn-care/georgia/acworth/lawn-care","https://www.trugreen.com/local-lawn-care/georgia/acworth/lawn-care","200","200:https://www.trugreen.com/local-lawn-care/georgia/acworth/lawn-care","Lawn Care and Outdoor Services in Acworth, GA | TruGreen","Lawn Care and Outdoor Services in Acworth, GA | TruGreen","https://www.trugreen.com/local-lawn-care/georgia/acworth","1","https://www.trugreen.com/local-lawn-care/georgia/acworth","1","","200","https://www.trugreen.com/local-lawn-care/georgia/acworth","","","","0","2","We put the ""care"" in ""lawn care."" | Explore our plans.","0","header|footer","jsonld:1;types:BreadcrumbList|WebPage;invalid:0;missing:jsonld_0_missing_@context|jsonld_1_missing_@context","0","0","44","8","https://www.trugreen.com/lawn-care-101 | https://www.trugreen.com/lawn-care-101/learning-center | https://www.trugreen.com/newsroom | https://www.trugreen.com/pay-your-bill | https://www.trugreen.com/pests-products-and-services | https://www.trugreen.com/pga-tour | https://www.trugreen.com/products-and-services | https://www.trugreen.com/why-choose-trugreen/testimonials-and-ratings","","multiple-h1|missing-main|internal-links-missing-from-sitemap|duplicate-title",""
"chromium","2026-08-31T15:02:00.104Z","prod-release-2-7-2026-08-28","800-1100","","https://www.trugreen.com/local-lawn-care/georgia/austell","https://www.trugreen.com/local-lawn-care/georgia","200","308:https://www.trugreen.com/local-lawn-care/georgia/austell -> 301:http://trugreen.com/local-lawn-care/georgia/atlanta -> 301:https://trugreen.com/local-lawn-care/georgia/atlanta -> 307:https://www.trugreen.com/local-lawn-care/georgia/atlanta -> 200:https://www.trugreen.com/local-lawn-care/georgia","TruGreen Georgia: Local Lawn Care Service Near Me | TruGreen","TruGreen Georgia: Local Lawn Care Service Near Me | TruGreen","https://www.trugreen.com/local-lawn-care/georgia","1","https://www.trugreen.com/local-lawn-care/georgia","1","","200","https://www.trugreen.com/local-lawn-care/georgia","","","","0","1","Find your local branch in Georgia.","0","header|footer","jsonld:1;types:BreadcrumbList|CollectionPage|ItemList;invalid:0;missing:jsonld_0_missing_@context|jsonld_1_missing_@context|jsonld_2_missing_@context","0","0","46","8","https://www.trugreen.com/lawn-care-101 | https://www.trugreen.com/lawn-care-101/learning-center | https://www.trugreen.com/newsroom | https://www.trugreen.com/pay-your-bill | https://www.trugreen.com/pests-products-and-services | https://www.trugreen.com/pga-tour | https://www.trugreen.com/products-and-services | https://www.trugreen.com/why-choose-trugreen/testimonials-and-ratings","","missing-main|internal-links-missing-from-sitemap|duplicate-title",""
"chromium","2026-08-31T15:02:00.104Z","prod-release-2-7-2026-08-28","800-1100","","https://www.trugreen.com/local-lawn-care/georgia/austell/lawn-care","https://www.trugreen.com/local-lawn-care/georgia/austell/lawn-care","200","200:https://www.trugreen.com/local-lawn-care/georgia/austell/lawn-care","TruGreen Austell: Lawn Care Maintenance Services in Austell, GA | TruGreen","TruGreen Austell: Lawn Care Maintenance Services in Austell, GA | TruGreen","https://www.trugreen.com/local-lawn-care/georgia/austell","1","https://www.trugreen.com/local-lawn-care/georgia/austell","1","","","https://www.trugreen.com/local-lawn-care/georgia/atlanta","","","","0","2","We put the ""care"" in ""lawn care."" | Explore our plans.","0","header|footer","jsonld:1;types:BreadcrumbList|WebPage;invalid:0;missing:jsonld_0_missing_@context|jsonld_1_missing_@context","0","0","44","8","https://www.trugreen.com/lawn-care-101 | https://www.trugreen.com/lawn-care-101/learning-center | https://www.trugreen.com/newsroom | https://www.trugreen.com/pay-your-bill | https://www.trugreen.com/pests-products-and-services | https://www.trugreen.com/pga-tour | https://www.trugreen.com/products-and-services | https://www.trugreen.com/why-choose-trugreen/testimonials-and-ratings","","multiple-h1|missing-main|internal-links-missing-from-sitemap|canonical-target-invalid",""
"chromium","2026-08-31T15:02:00.104Z","prod-release-2-7-2026-08-28","800-1100","","https://www.trugreen.com/local-lawn-care/georgia/columbus","https://www.trugreen.com/local-lawn-care/georgia/columbus","200","200:https://www.trugreen.com/local-lawn-care/georgia/columbus","Lawn Care and Outdoor Services in Columbus, GA | TruGreen","Lawn Care and Outdoor Services in Columbus, GA | TruGreen","https://www.trugreen.com/local-lawn-care/georgia/columbus","1","https://www.trugreen.com/local-lawn-care/georgia/columbus","1","","200","https://www.trugreen.com/local-lawn-care/georgia/columbus","","","","0","1","Meet your local experts.","0","header|footer","jsonld:1;types:WebPage;invalid:0;missing:","0","0","45","8","https://www.trugreen.com/lawn-care-101 | https://www.trugreen.com/lawn-care-101/learning-center | https://www.trugreen.com/newsroom | https://www.trugreen.com/pay-your-bill | https://www.trugreen.com/pests-products-and-services | https://www.trugreen.com/pga-tour | https://www.trugreen.com/products-and-services | https://www.trugreen.com/why-choose-trugreen/testimonials-and-ratings","","missing-main|internal-links-missing-from-sitemap|duplicate-title",""
"chromium","2026-08-31T15:02:00.104Z","prod-release-2-7-2026-08-28","800-1100","","https://www.trugreen.com/local-lawn-care/georgia/columbus/lawn-care","https://www.trugreen.com/local-lawn-care/georgia/columbus/lawn-care","200","200:https://www.trugreen.com/local-lawn-care/georgia/columbus/lawn-care","Lawn Care and Outdoor Services in Columbus, GA | TruGreen","Lawn Care and Outdoor Services in Columbus, GA | TruGreen","https://www.trugreen.com/local-lawn-care/georgia/columbus","1","https://www.trugreen.com/local-lawn-care/georgia/columbus","1","","200","https://www.trugreen.com/local-lawn-care/georgia/columbus","","","","0","2","We put the ""care"" in ""lawn care."" | Explore our plans.","0","header|footer","jsonld:1;types:BreadcrumbList|WebPage;invalid:0;missing:jsonld_0_missing_@context|jsonld_1_missing_@context","0","0","44","8","https://www.trugreen.com/lawn-care-101 | https://www.trugreen.com/lawn-care-101/learning-center | https://www.trugreen.com/newsroom | https://www.trugreen.com/pay-your-bill | https://www.trugreen.com/pests-products-and-services | https://www.trugreen.com/pga-tour | https://www.trugreen.com/products-and-services | https://www.trugreen.com/why-choose-trugreen/testimonials-and-ratings","","multiple-h1|missing-main|internal-links-missing-from-sitemap|duplicate-title",""
"chromium","2026-08-31T15:02:00.104Z","prod-release-2-7-2026-08-28","800-1100","","https://www.trugreen.com/local-lawn-care/georgia/cumming","https://qa2.trugreen.com/local-lawn-care/georgia","200","307:https://www.trugreen.com/local-lawn-care/georgia/cumming -> 301:http://qa2.trugreen.com/local-lawn-care/georgia/atlanta-metro -> 308:https://qa2.trugreen.com/local-lawn-care/georgia/atlanta-metro -> 200:https://qa2.trugreen.com/local-lawn-care/georgia","TruGreen Georgia: Local Lawn Care Service Near Me | TruGreen","TruGreen Georgia: Local Lawn Care Service Near Me | TruGreen","https://qa-trugreen.com/local-lawn-care/georgia","1","https://qa-trugreen.com/local-lawn-care/georgia","1","","","https://qa-trugreen.com/local-lawn-care/georgia","","","","0","1","Find your local branch in Georgia.","0","header|footer","jsonld:1;types:BreadcrumbList|CollectionPage|ItemList;invalid:0;missing:jsonld_0_missing_@context|jsonld_1_missing_@context|jsonld_2_missing_@context","0","0","0","0","","","missing-main|duplicate-title|canonical-target-invalid",""
"chromium","2026-08-31T15:02:00.104Z","prod-release-2-7-2026-08-28","800-1100","","https://www.trugreen.com/local-lawn-care/georgia/cumming/lawn-care","https://www.trugreen.com/local-lawn-care/georgia/cumming/lawn-care","200","200:https://www.trugreen.com/local-lawn-care/georgia/cumming/lawn-care","Lawn Care and Outdoor Services in Cumming and Alpharetta, GA | TruGreen","Lawn Care and Outdoor Services in Cumming and Alpharetta, GA | TruGreen","https://www.trugreen.com/local-lawn-care/georgia/cumming","1","https://www.trugreen.com/local-lawn-care/georgia/cumming","1","","","https://www.trugreen.com/local-lawn-care/georgia/cumming","","","","0","2","We put the ""care"" in ""lawn care."" | Explore our plans.","0","header|footer","jsonld:1;types:BreadcrumbList|WebPage;invalid:0;missing:jsonld_0_missing_@context|jsonld_1_missing_@context","0","0","44","8","https://www.trugreen.com/lawn-care-101 | https://www.trugreen.com/lawn-care-101/learning-center | https://www.trugreen.com/newsroom | https://www.trugreen.com/pay-your-bill | https://www.trugreen.com/pests-products-and-services | https://www.trugreen.com/pga-tour | https://www.trugreen.com/products-and-services | https://www.trugreen.com/why-choose-trugreen/testimonials-and-ratings","","multiple-h1|missing-main|internal-links-missing-from-sitemap|canonical-target-invalid",""
"chromium","2026-08-31T15:02:00.104Z","prod-release-2-7-2026-08-28","800-1100","","https://www.trugreen.com/local-lawn-care/georgia/loganville","https://www.trugreen.com/local-lawn-care/georgia/loganville","200","200:https://www.trugreen.com/local-lawn-care/georgia/loganville","Lawn Care and Outdoor Services in Loganville, GA | TruGreen","Lawn Care and Outdoor Services in Loganville, GA | TruGreen","https://www.trugreen.com/local-lawn-care/georgia/loganville","1","https://www.trugreen.com/local-lawn-care/georgia/loganville","1","","200","https://www.trugreen.com/local-lawn-care/georgia/loganville","","","","0","1","Meet your local experts.","0","header|footer","jsonld:1;types:WebPage;invalid:0;missing:","0","0","45","8","https://www.trugreen.com/lawn-care-101 | https://www.trugreen.com/lawn-care-101/learning-center | https://www.trugreen.com/newsroom | https://www.trugreen.com/pay-your-bill | https://www.trugreen.com/pests-products-and-services | https://www.trugreen.com/pga-tour | https://www.trugreen.com/products-and-services | https://www.trugreen.com/why-choose-trugreen/testimonials-and-ratings","","missing-main|internal-links-missing-from-sitemap|duplicate-title",""
"chromium","2026-08-31T15:02:00.104Z","prod-release-2-7-2026-08-28","800-1100","","https://www.trugreen.com/local-lawn-care/georgia/loganville/lawn-care","https://www.trugreen.com/local-lawn-care/georgia/loganville/lawn-care","200","200:https://www.trugreen.com/local-lawn-care/georgia/loganville/lawn-care","Lawn Care and Outdoor Services in Loganville, GA | TruGreen","Lawn Care and Outdoor Services in Loganville, GA | TruGreen","https://www.trugreen.com/local-lawn-care/georgia/loganville","1","https://www.trugreen.com/local-lawn-care/georgia/loganville","1","","200","https://www.trugreen.com/local-lawn-care/georgia/loganville","","","","0","2","We put the ""care"" in ""lawn care."" | Explore our plans.","0","header|footer","jsonld:1;types:BreadcrumbList|WebPage;invalid:0;missing:jsonld_0_missing_@context|jsonld_1_missing_@context","0","0","44","8","https://www.trugreen.com/lawn-care-101 | https://www.trugreen.com/lawn-care-101/learning-center | https://www.trugreen.com/newsroom | https://www.trugreen.com/pay-your-bill | https://www.trugreen.com/pests-products-and-services | https://www.trugreen.com/pga-tour | https://www.trugreen.com/products-and-services | https://www.trugreen.com/why-choose-trugreen/testimonials-and-ratings","","multiple-h1|missing-main|internal-links-missing-from-sitemap|duplicate-title",""
"chromium","2026-08-31T15:02:00.104Z","prod-release-2-7-2026-08-28","800-1100","","https://www.trugreen.com/local-lawn-care/georgia/macon","https://www.trugreen.com/local-lawn-care/georgia/macon","200","200:https://www.trugreen.com/local-lawn-care/georgia/macon","Lawn Care and Outdoor Services in Macon, Georgia | TruGreen","Lawn Care and Outdoor Services in Macon, Georgia | TruGreen","https://www.trugreen.com/local-lawn-care/georgia/macon","1","https://www.trugreen.com/local-lawn-care/georgia/macon","1","","200","https://www.trugreen.com/local-lawn-care/georgia/macon","","","","0","1","Meet your local experts.","0","header|footer","jsonld:1;types:WebPage;invalid:0;missing:","0","0","45","8","https://www.trugreen.com/lawn-care-101 | https://www.trugreen.com/lawn-care-101/learning-center | https://www.trugreen.com/newsroom | https://www.trugreen.com/pay-your-bill | https://www.trugreen.com/pests-products-and-services | https://www.trugreen.com/pga-tour | https://www.trugreen.com/products-and-services | https://www.trugreen.com/why-choose-trugreen/testimonials-and-ratings","","missing-main|internal-links-missing-from-sitemap|duplicate-title",""
"chromium","2026-08-31T15:02:00.104Z","prod-release-2-7-2026-08-28","800-1100","","https://www.trugreen.com/local-lawn-care/georgia/macon/lawn-care","https://www.trugreen.com/local-lawn-care/georgia/macon/lawn-care","200","200:https://www.trugreen.com/local-lawn-care/georgia/macon/lawn-care","Lawn Care and Outdoor Services in Macon, Georgia | TruGreen","Lawn Care and Outdoor Services in Macon, Georgia | TruGreen","https://www.trugreen.com/local-lawn-care/georgia/macon","1","https://www.trugreen.com/local-lawn-care/georgia/macon","1","","200","https://www.trugreen.com/local-lawn-care/georgia/macon","","","","0","2","We put the ""care"" in ""lawn care."" | Explore our plans.","0","header|footer","jsonld:1;types:BreadcrumbList|WebPage;invalid:0;missing:jsonld_0_missing_@context|jsonld_1_missing_@context","0","0","44","8","https://www.trugreen.com/lawn-care-101 | https://www.trugreen.com/lawn-care-101/learning-center | https://www.trugreen.com/newsroom | https://www.trugreen.com/pay-your-bill | https://www.trugreen.com/pests-products-and-services | https://www.trugreen.com/pga-tour | https://www.trugreen.com/products-and-services | https://www.trugreen.com/why-choose-trugreen/testimonials-and-ratings","","multiple-h1|missing-main|internal-links-missing-from-sitemap|duplicate-title",""
"chromium","2026-08-31T15:02:00.104Z","prod-release-2-7-2026-08-28","800-1100","","https://www.trugreen.com/local-lawn-care/georgia/mcdonough","https://www.trugreen.com/local-lawn-care/georgia/mcdonough","200","200:https://www.trugreen.com/local-lawn-care/georgia/mcdonough","Lawn Care and Outdoor Services in McDonough, GA | TruGreen","Lawn Care and Outdoor Services in McDonough, GA | TruGreen","https://www.trugreen.com/local-lawn-care/georgia/mcdonough","1","https://www.trugreen.com/local-lawn-care/georgia/mcdonough","1","","200","https://www.trugreen.com/local-lawn-care/georgia/mcdonough","","","","0","1","Meet your local experts.","0","header|footer","jsonld:1;types:WebPage;invalid:0;missing:","0","0","45","8","https://www.trugreen.com/lawn-care-101 | https://www.trugreen.com/lawn-care-101/learning-center | https://www.trugreen.com/newsroom | https://www.trugreen.com/pay-your-bill | https://www.trugreen.com/pests-products-and-services | https://www.trugreen.com/pga-tour | https://www.trugreen.com/products-and-services | https://www.trugreen.com/why-choose-trugreen/testimonials-and-ratings","","missing-main|internal-links-missing-from-sitemap|duplicate-title",""
"chromium","2026-08-31T15:02:00.104Z","prod-release-2-7-2026-08-28","800-1100","","https://www.trugreen.com/local-lawn-care/georgia/mcdonough/lawn-care","https://www.trugreen.com/local-lawn-care/georgia/mcdonough/lawn-care","200","200:https://www.trugreen.com/local-lawn-care/georgia/mcdonough/lawn-care","Lawn Care and Outdoor Services in McDonough, GA | TruGreen","Lawn Care and Outdoor Services in McDonough, GA | TruGreen","https://www.trugreen.com/local-lawn-care/georgia/mcdonough","1","https://www.trugreen.com/local-lawn-care/georgia/mcdonough","1","","200","https://www.trugreen.com/local-lawn-care/georgia/mcdonough","","","","0","2","We put the ""care"" in ""lawn care."" | Explore our plans.","0","header|footer","jsonld:1;types:BreadcrumbList|WebPage;invalid:0;missing:jsonld_0_missing_@context|jsonld_1_missing_@context","0","0","44","8","https://www.trugreen.com/lawn-care-101 | https://www.trugreen.com/lawn-care-101/learning-center | https://www.trugreen.com/newsroom | https://www.trugreen.com/pay-your-bill | https://www.trugreen.com/pests-products-and-services | https://www.trugreen.com/pga-tour | https://www.trugreen.com/products-and-services | https://www.trugreen.com/why-choose-trugreen/testimonials-and-ratings","","multiple-h1|missing-main|internal-links-missing-from-sitemap|duplicate-title",""
"chromium","2026-08-31T15:02:00.104Z","prod-release-2-7-2026-08-28","800-1100","","https://www.trugreen.com/local-lawn-care/georgia/norcross","https://www.trugreen.com/local-lawn-care/georgia/norcross","200","200:https://www.trugreen.com/local-lawn-care/georgia/norcross","TruGreen Norcross South: Lawn Care Maintenance Services in Norcross South, GA | TruGreen","TruGreen Norcross South: Lawn Care Maintenance Services in Norcross South, GA | TruGreen","https://www.trugreen.com/local-lawn-care/georgia/norcross","1","https://www.trugreen.com/local-lawn-care/georgia/norcross","1","","200","https://www.trugreen.com/local-lawn-care/georgia/norcross","","","","0","1","Meet your local experts.","0","header|footer","jsonld:1;types:WebPage;invalid:0;missing:","0","0","45","8","https://www.trugreen.com/lawn-care-101 | https://www.trugreen.com/lawn-care-101/learning-center | https://www.trugreen.com/newsroom | https://www.trugreen.com/pay-your-bill | https://www.trugreen.com/pests-products-and-services | https://www.trugreen.com/pga-tour | https://www.trugreen.com/products-and-services | https://www.trugreen.com/why-choose-trugreen/testimonials-and-ratings","","missing-main|internal-links-missing-from-sitemap|duplicate-title",""
"chromium","2026-08-31T15:02:00.104Z","prod-release-2-7-2026-08-28","800-1100","","https://www.trugreen.com/local-lawn-care/georgia/norcross/lawn-care","https://www.trugreen.com/local-lawn-care/georgia/norcross/lawn-care","200","200:https://www.trugreen.com/local-lawn-care/georgia/norcross/lawn-care","TruGreen Norcross South: Lawn Care Maintenance Services in Norcross South, GA | TruGreen","TruGreen Norcross South: Lawn Care Maintenance Services in Norcross South, GA | TruGreen","https://www.trugreen.com/local-lawn-care/georgia/norcross","1","https://www.trugreen.com/local-lawn-care/georgia/norcross","1","","200","https://www.trugreen.com/local-lawn-care/georgia/norcross","","","","0","2","We put the ""care"" in ""lawn care."" | Explore our plans.","0","header|footer","jsonld:1;types:BreadcrumbList|WebPage;invalid:0;missing:jsonld_0_missing_@context|jsonld_1_missing_@context","0","0","44","8","https://www.trugreen.com/lawn-care-101 | https://www.trugreen.com/lawn-care-101/learning-center | https://www.trugreen.com/newsroom | https://www.trugreen.com/pay-your-bill | https://www.trugreen.com/pests-products-and-services | https://www.trugreen.com/pga-tour | https://www.trugreen.com/products-and-services | https://www.trugreen.com/why-choose-trugreen/testimonials-and-ratings","","multiple-h1|missing-main|internal-links-missing-from-sitemap|duplicate-title",""
"chromium","2026-08-31T15:02:00.104Z","prod-release-2-7-2026-08-28","800-1100","","https://www.trugreen.com/local-lawn-care/georgia/richmond-hill","https://www.trugreen.com/local-lawn-care/georgia/richmond-hill","200","200:https://www.trugreen.com/local-lawn-care/georgia/richmond-hill","Lawn Care and Outdoor Services in Richmond Hill, GA | TruGreen","Lawn Care and Outdoor Services in Richmond Hill, GA | TruGreen","https://www.trugreen.com/local-lawn-care/georgia/richmond-hill","1","https://www.trugreen.com/local-lawn-care/georgia/richmond-hill","1","","200","https://www.trugreen.com/local-lawn-care/georgia/richmond-hill","","","","0","1","Meet your local experts.","0","header|footer","jsonld:1;types:WebPage;invalid:0;missing:","0","0","45","8","https://www.trugreen.com/lawn-care-101 | https://www.trugreen.com/lawn-care-101/learning-center | https://www.trugreen.com/newsroom | https://www.trugreen.com/pay-your-bill | https://www.trugreen.com/pests-products-and-services | https://www.trugreen.com/pga-tour | https://www.trugreen.com/products-and-services | https://www.trugreen.com/why-choose-trugreen/testimonials-and-ratings","","missing-main|internal-links-missing-from-sitemap|duplicate-title",""
"chromium","2026-08-31T15:02:00.104Z","prod-release-2-7-2026-08-28","800-1100","","https://www.trugreen.com/local-lawn-care/georgia/richmond-hill/lawn-care","https://www.trugreen.com/local-lawn-care/georgia/richmond-hill/lawn-care","200","200:https://www.trugreen.com/local-lawn-care/georgia/richmond-hill/lawn-care","Lawn Care and Outdoor Services in Richmond Hill, GA | TruGreen","Lawn Care and Outdoor Services in Richmond Hill, GA | TruGreen","https://www.trugreen.com/local-lawn-care/georgia/richmond-hill","1","https://www.trugreen.com/local-lawn-care/georgia/richmond-hill","1","","200","https://www.trugreen.com/local-lawn-care/georgia/richmond-hill","","","","0","2","We put the ""care"" in ""lawn care."" | Explore our plans.","0","header|footer","jsonld:1;types:BreadcrumbList|WebPage;invalid:0;missing:jsonld_0_missing_@context|jsonld_1_missing_@context","0","0","44","8","https://www.trugreen.com/lawn-care-101 | https://www.trugreen.com/lawn-care-101/learning-center | https://www.trugreen.com/newsroom | https://www.trugreen.com/pay-your-bill | https://www.trugreen.com/pests-products-and-services | https://www.trugreen.com/pga-tour | https://www.trugreen.com/products-and-services | https://www.trugreen.com/why-choose-trugreen/testimonials-and-ratings","","multiple-h1|missing-main|internal-links-missing-from-sitemap|duplicate-title",""
"chromium","2026-08-31T15:02:00.104Z","prod-release-2-7-2026-08-28","800-1100","","https://www.trugreen.com/local-lawn-care/georgia/suwanee","https://www.trugreen.com/local-lawn-care/georgia/suwanee","200","200:https://www.trugreen.com/local-lawn-care/georgia/suwanee","Lawn Care and Outdoor Services in Suwanee, GA | TruGreen","Lawn Care and Outdoor Services in Suwanee, GA | TruGreen","https://www.trugreen.com/local-lawn-care/georgia/suwanee","1","https://www.trugreen.com/local-lawn-care/georgia/suwanee","1","","200","https://www.trugreen.com/local-lawn-care/georgia/suwanee","","","","0","1","Meet your local experts.","0","header|footer","jsonld:1;types:WebPage;invalid:0;missing:","0","0","45","8","https://www.trugreen.com/lawn-care-101 | https://www.trugreen.com/lawn-care-101/learning-center | https://www.trugreen.com/newsroom | https://www.trugreen.com/pay-your-bill | https://www.trugreen.com/pests-products-and-services | https://www.trugreen.com/pga-tour | https://www.trugreen.com/products-and-services | https://www.trugreen.com/why-choose-trugreen/testimonials-and-ratings","","missing-main|internal-links-missing-from-sitemap|duplicate-title",""
"chromium","2026-08-31T15:02:00.104Z","prod-release-2-7-2026-08-28","800-1100","","https://www.trugreen.com/local-lawn-care/georgia/suwanee/lawn-care","https://www.trugreen.com/local-lawn-care/georgia/suwanee/lawn-care","200","200:https://www.trugreen.com/local-lawn-care/georgia/suwanee/lawn-care","Lawn Care and Outdoor Services in Suwanee, GA | TruGreen","Lawn Care and Outdoor Services in Suwanee, GA | TruGreen","https://www.trugreen.com/local-lawn-care/georgia/suwanee","1","https://www.trugreen.com/local-lawn-care/georgia/suwanee","1","","200","https://www.trugreen.com/local-lawn-care/georgia/suwanee","","","","0","2","We put the ""care"" in ""lawn care."" | Explore our plans.","0","header|footer","jsonld:1;types:BreadcrumbList|WebPage;invalid:0;missing:jsonld_0_missing_@context|jsonld_1_missing_@context","0","0","44","8","https://www.trugreen.com/lawn-care-101 | https://www.trugreen.com/lawn-care-101/learning-center | https://www.trugreen.com/newsroom | https://www.trugreen.com/pay-your-bill | https://www.trugreen.com/pests-products-and-services | https://www.trugreen.com/pga-tour | https://www.trugreen.com/products-and-services | https://www.trugreen.com/why-choose-trugreen/testimonials-and-ratings","","multiple-h1|missing-main|internal-links-missing-from-sitemap|duplicate-title",""
"chromium","2026-08-31T15:02:00.104Z","prod-release-2-7-2026-08-28","800-1100","","https://www.trugreen.com/local-lawn-care/hawaii","https://www.trugreen.com/local-lawn-care/hawaii","200","200:https://www.trugreen.com/local-lawn-care/hawaii","TruGreen Hawaii: Local Lawn Care Service Near Me | TruGreen","TruGreen Hawaii: Local Lawn Care Service Near Me | TruGreen","https://www.trugreen.com/local-lawn-care/hawaii","1","https://www.trugreen.com/local-lawn-care/hawaii","1","","200","https://www.trugreen.com/local-lawn-care/hawaii","","","","0","1","Find your local branch in Hawaii.","0","header|footer","jsonld:1;types:BreadcrumbList|CollectionPage|ItemList;invalid:0;missing:jsonld_0_missing_@context|jsonld_1_missing_@context|jsonld_2_missing_@context","0","0","41","8","https://www.trugreen.com/lawn-care-101 | https://www.trugreen.com/lawn-care-101/learning-center | https://www.trugreen.com/newsroom | https://www.trugreen.com/pay-your-bill | https://www.trugreen.com/pests-products-and-services | https://www.trugreen.com/pga-tour | https://www.trugreen.com/products-and-services | https://www.trugreen.com/why-choose-trugreen/testimonials-and-ratings","","missing-main|internal-links-missing-from-sitemap",""
"chromium","2026-08-31T15:02:00.104Z","prod-release-2-7-2026-08-28","800-1100","","https://www.trugreen.com/local-lawn-care/idaho","https://www.trugreen.com/local-lawn-care/idaho","200","200:https://www.trugreen.com/local-lawn-care/idaho","TruGreen Idaho: Local Lawn Care Service Near Me | TruGreen","TruGreen Idaho: Local Lawn Care Service Near Me | TruGreen","https://www.trugreen.com/local-lawn-care/idaho","1","https://www.trugreen.com/local-lawn-care/idaho","1","","200","https://www.trugreen.com/local-lawn-care/idaho","","","","0","1","Find your local branch in Idaho.","0","header|footer","jsonld:1;types:BreadcrumbList|CollectionPage|ItemList;invalid:0;missing:jsonld_0_missing_@context|jsonld_1_missing_@context|jsonld_2_missing_@context","0","0","42","8","https://www.trugreen.com/lawn-care-101 | https://www.trugreen.com/lawn-care-101/learning-center | https://www.trugreen.com/newsroom | https://www.trugreen.com/pay-your-bill | https://www.trugreen.com/pests-products-and-services | https://www.trugreen.com/pga-tour | https://www.trugreen.com/products-and-services | https://www.trugreen.com/why-choose-trugreen/testimonials-and-ratings","","missing-main|internal-links-missing-from-sitemap",""
"chromium","2026-08-31T15:02:00.104Z","prod-release-2-7-2026-08-28","800-1100","","https://www.trugreen.com/local-lawn-care/idaho/meridian","https://www.trugreen.com/local-lawn-care/idaho/meridian","200","200:https://www.trugreen.com/local-lawn-care/idaho/meridian","TruGreen Boise: Lawn Care Maintenance Services in Boise, ID | TruGreen","TruGreen Boise: Lawn Care Maintenance Services in Boise, ID | TruGreen","https://www.trugreen.com/local-lawn-care/idaho/meridian","1","https://www.trugreen.com/local-lawn-care/idaho/meridian","1","","200","https://www.trugreen.com/local-lawn-care/idaho/meridian","","","","0","1","Meet your local experts.","0","header|footer","jsonld:1;types:WebPage;invalid:0;missing:","0","0","45","8","https://www.trugreen.com/lawn-care-101 | https://www.trugreen.com/lawn-care-101/learning-center | https://www.trugreen.com/newsroom | https://www.trugreen.com/pay-your-bill | https://www.trugreen.com/pests-products-and-services | https://www.trugreen.com/pga-tour | https://www.trugreen.com/products-and-services | https://www.trugreen.com/why-choose-trugreen/testimonials-and-ratings","","missing-main|internal-links-missing-from-sitemap|duplicate-title",""
"chromium","2026-08-31T15:02:00.104Z","prod-release-2-7-2026-08-28","800-1100","","https://www.trugreen.com/local-lawn-care/idaho/meridian/lawn-care","https://www.trugreen.com/local-lawn-care/idaho/meridian/lawn-care","200","200:https://www.trugreen.com/local-lawn-care/idaho/meridian/lawn-care","TruGreen Boise: Lawn Care Maintenance Services in Boise, ID | TruGreen","TruGreen Boise: Lawn Care Maintenance Services in Boise, ID | TruGreen","https://www.trugreen.com/local-lawn-care/idaho/meridian","1","https://www.trugreen.com/local-lawn-care/idaho/meridian","1","","200","https://www.trugreen.com/local-lawn-care/idaho/meridian","","","","0","2","We put the ""care"" in ""lawn care."" | Explore our plans.","0","header|footer","jsonld:1;types:BreadcrumbList|WebPage;invalid:0;missing:jsonld_0_missing_@context|jsonld_1_missing_@context","0","0","44","8","https://www.trugreen.com/lawn-care-101 | https://www.trugreen.com/lawn-care-101/learning-center | https://www.trugreen.com/newsroom | https://www.trugreen.com/pay-your-bill | https://www.trugreen.com/pests-products-and-services | https://www.trugreen.com/pga-tour | https://www.trugreen.com/products-and-services | https://www.trugreen.com/why-choose-trugreen/testimonials-and-ratings","","multiple-h1|missing-main|internal-links-missing-from-sitemap|duplicate-title",""
"chromium","2026-08-31T15:02:00.104Z","prod-release-2-7-2026-08-28","800-1100","","https://www.trugreen.com/local-lawn-care/illinois","https://www.trugreen.com/local-lawn-care/illinois","200","200:https://www.trugreen.com/local-lawn-care/illinois","TruGreen Illinois: Local Lawn Care Service Near Me | TruGreen","TruGreen Illinois: Local Lawn Care Service Near Me | TruGreen","https://www.trugreen.com/local-lawn-care/illinois","1","https://www.trugreen.com/local-lawn-care/illinois","1","","200","https://www.trugreen.com/local-lawn-care/illinois","","","","0","1","Find your local branch in Illinois.","0","header|footer","jsonld:1;types:BreadcrumbList|CollectionPage|ItemList;invalid:0;missing:jsonld_0_missing_@context|jsonld_1_missing_@context|jsonld_2_missing_@context","0","0","46","8","https://www.trugreen.com/lawn-care-101 | https://www.trugreen.com/lawn-care-101/learning-center | https://www.trugreen.com/newsroom | https://www.trugreen.com/pay-your-bill | https://www.trugreen.com/pests-products-and-services | https://www.trugreen.com/pga-tour | https://www.trugreen.com/products-and-services | https://www.trugreen.com/why-choose-trugreen/testimonials-and-ratings","","missing-main|internal-links-missing-from-sitemap",""
"chromium","2026-08-31T15:02:00.104Z","prod-release-2-7-2026-08-28","800-1100","","https://www.trugreen.com/local-lawn-care/illinois/carpentersville","https://www.trugreen.com/local-lawn-care/illinois/carpentersville","200","200:https://www.trugreen.com/local-lawn-care/illinois/carpentersville","Lawn Care and Outdoor Services in Cary, N.C. | TruGreen","Lawn Care and Outdoor Services in Cary, N.C. | TruGreen","https://www.trugreen.com/local-lawn-care/illinois/carpentersville","1","https://www.trugreen.com/local-lawn-care/illinois/carpentersville","1","","200","https://www.trugreen.com/local-lawn-care/illinois/carpentersville","","","","0","1","Meet your local experts.","0","header|footer","jsonld:1;types:WebPage;invalid:0;missing:","0","0","45","8","https://www.trugreen.com/lawn-care-101 | https://www.trugreen.com/lawn-care-101/learning-center | https://www.trugreen.com/newsroom | https://www.trugreen.com/pay-your-bill | https://www.trugreen.com/pests-products-and-services | https://www.trugreen.com/pga-tour | https://www.trugreen.com/products-and-services | https://www.trugreen.com/why-choose-trugreen/testimonials-and-ratings","","missing-main|internal-links-missing-from-sitemap|duplicate-title",""
"chromium","2026-08-31T15:02:00.104Z","prod-release-2-7-2026-08-28","800-1100","","https://www.trugreen.com/local-lawn-care/illinois/carpentersville/lawn-care","https://www.trugreen.com/local-lawn-care/illinois/carpentersville/lawn-care","200","200:https://www.trugreen.com/local-lawn-care/illinois/carpentersville/lawn-care","Lawn Care and Outdoor Services in Cary, N.C. | TruGreen","Lawn Care and Outdoor Services in Cary, N.C. | TruGreen","https://www.trugreen.com/local-lawn-care/illinois/carpentersville","1","https://www.trugreen.com/local-lawn-care/illinois/carpentersville","1","","200","https://www.trugreen.com/local-lawn-care/illinois/carpentersville","","","","0","2","We put the ""care"" in ""lawn care."" | Explore our plans.","0","header|footer","jsonld:1;types:BreadcrumbList|WebPage;invalid:0;missing:jsonld_0_missing_@context|jsonld_1_missing_@context","0","0","44","8","https://www.trugreen.com/lawn-care-101 | https://www.trugreen.com/lawn-care-101/learning-center | https://www.trugreen.com/newsroom | https://www.trugreen.com/pay-your-bill | https://www.trugreen.com/pests-products-and-services | https://www.trugreen.com/pga-tour | https://www.trugreen.com/products-and-services | https://www.trugreen.com/why-choose-trugreen/testimonials-and-ratings","","multiple-h1|missing-main|internal-links-missing-from-sitemap|duplicate-title",""
"chromium","2026-08-31T15:02:00.104Z","prod-release-2-7-2026-08-28","800-1100","","https://www.trugreen.com/local-lawn-care/illinois/champaign","https://www.trugreen.com/local-lawn-care/illinois/champaign","200","200:https://www.trugreen.com/local-lawn-care/illinois/champaign","TruGreen Champaign: Lawn Care Maintenance Services in Champaign, IL | TruGreen","TruGreen Champaign: Lawn Care Maintenance Services in Champaign, IL | TruGreen","https://www.trugreen.com/local-lawn-care/illinois/champaign","1","https://www.trugreen.com/local-lawn-care/illinois/champaign","1","","200","https://www.trugreen.com/local-lawn-care/illinois/champaign","","","","0","1","Meet your local experts.","0","header|footer","jsonld:1;types:WebPage;invalid:0;missing:","0","0","45","8","https://www.trugreen.com/lawn-care-101 | https://www.trugreen.com/lawn-care-101/learning-center | https://www.trugreen.com/newsroom | https://www.trugreen.com/pay-your-bill | https://www.trugreen.com/pests-products-and-services | https://www.trugreen.com/pga-tour | https://www.trugreen.com/products-and-services | https://www.trugreen.com/why-choose-trugreen/testimonials-and-ratings","","missing-main|internal-links-missing-from-sitemap|duplicate-title",""
"chromium","2026-08-31T15:02:00.104Z","prod-release-2-7-2026-08-28","800-1100","","https://www.trugreen.com/local-lawn-care/illinois/champaign/lawn-care","https://www.trugreen.com/local-lawn-care/illinois/champaign/lawn-care","200","200:https://www.trugreen.com/local-lawn-care/illinois/champaign/lawn-care","TruGreen Champaign: Lawn Care Maintenance Services in Champaign, IL | TruGreen","TruGreen Champaign: Lawn Care Maintenance Services in Champaign, IL | TruGreen","https://www.trugreen.com/local-lawn-care/illinois/champaign","1","https://www.trugreen.com/local-lawn-care/illinois/champaign","1","","200","https://www.trugreen.com/local-lawn-care/illinois/champaign","","","","0","2","We put the ""care"" in ""lawn care."" | Explore our plans.","0","header|footer","jsonld:1;types:BreadcrumbList|WebPage;invalid:0;missing:jsonld_0_missing_@context|jsonld_1_missing_@context","0","0","44","8","https://www.trugreen.com/lawn-care-101 | https://www.trugreen.com/lawn-care-101/learning-center | https://www.trugreen.com/newsroom | https://www.trugreen.com/pay-your-bill | https://www.trugreen.com/pests-products-and-services | https://www.trugreen.com/pga-tour | https://www.trugreen.com/products-and-services | https://www.trugreen.com/why-choose-trugreen/testimonials-and-ratings","","multiple-h1|missing-main|internal-links-missing-from-sitemap|duplicate-title",""
"chromium","2026-08-31T15:02:00.104Z","prod-release-2-7-2026-08-28","800-1100","","https://www.trugreen.com/local-lawn-care/illinois/collinsville","https://www.trugreen.com/local-lawn-care/illinois/collinsville","200","200:https://www.trugreen.com/local-lawn-care/illinois/collinsville","TruGreen Collinsville: Lawn Care Maintenance Services in Collinsville, IL | TruGreen","TruGreen Collinsville: Lawn Care Maintenance Services in Collinsville, IL | TruGreen","https://www.trugreen.com/local-lawn-care/illinois/collinsville","1","https://www.trugreen.com/local-lawn-care/illinois/collinsville","1","","200","https://www.trugreen.com/local-lawn-care/illinois/collinsville","","","","0","1","Meet your local experts.","0","header|footer","jsonld:1;types:WebPage;invalid:0;missing:","0","0","45","8","https://www.trugreen.com/lawn-care-101 | https://www.trugreen.com/lawn-care-101/learning-center | https://www.trugreen.com/newsroom | https://www.trugreen.com/pay-your-bill | https://www.trugreen.com/pests-products-and-services | https://www.trugreen.com/pga-tour | https://www.trugreen.com/products-and-services | https://www.trugreen.com/why-choose-trugreen/testimonials-and-ratings","","missing-main|internal-links-missing-from-sitemap|duplicate-title",""
"chromium","2026-08-31T15:02:00.104Z","prod-release-2-7-2026-08-28","800-1100","","https://www.trugreen.com/local-lawn-care/illinois/collinsville/lawn-care","https://www.trugreen.com/local-lawn-care/illinois/collinsville/lawn-care","200","200:https://www.trugreen.com/local-lawn-care/illinois/collinsville/lawn-care","TruGreen Collinsville: Lawn Care Maintenance Services in Collinsville, IL | TruGreen","TruGreen Collinsville: Lawn Care Maintenance Services in Collinsville, IL | TruGreen","https://www.trugreen.com/local-lawn-care/illinois/collinsville","1","https://www.trugreen.com/local-lawn-care/illinois/collinsville","1","","200","https://www.trugreen.com/local-lawn-care/illinois/collinsville","","","","0","2","We put the ""care"" in ""lawn care."" | Explore our plans.","0","header|footer","jsonld:1;types:BreadcrumbList|WebPage;invalid:0;missing:jsonld_0_missing_@context|jsonld_1_missing_@context","0","0","44","8","https://www.trugreen.com/lawn-care-101 | https://www.trugreen.com/lawn-care-101/learning-center | https://www.trugreen.com/newsroom | https://www.trugreen.com/pay-your-bill | https://www.trugreen.com/pests-products-and-services | https://www.trugreen.com/pga-tour | https://www.trugreen.com/products-and-services | https://www.trugreen.com/why-choose-trugreen/testimonials-and-ratings","","multiple-h1|missing-main|internal-links-missing-from-sitemap|duplicate-title",""
"chromium","2026-08-31T15:02:00.104Z","prod-release-2-7-2026-08-28","800-1100","","https://www.trugreen.com/local-lawn-care/illinois/crestwood","https://www.trugreen.com/local-lawn-care/illinois/crestwood","200","200:https://www.trugreen.com/local-lawn-care/illinois/crestwood","TruGreen Crestwood: Lawn Care Maintenance Services in Crestwood, IL | TruGreen","TruGreen Crestwood: Lawn Care Maintenance Services in Crestwood, IL | TruGreen","https://www.trugreen.com/local-lawn-care/illinois/crestwood","1","https://www.trugreen.com/local-lawn-care/illinois/crestwood","1","","200","https://www.trugreen.com/local-lawn-care/illinois/crestwood","","","","0","1","Meet your local experts.","0","header|footer","jsonld:1;types:WebPage;invalid:0;missing:","0","0","45","8","https://www.trugreen.com/lawn-care-101 | https://www.trugreen.com/lawn-care-101/learning-center | https://www.trugreen.com/newsroom | https://www.trugreen.com/pay-your-bill | https://www.trugreen.com/pests-products-and-services | https://www.trugreen.com/pga-tour | https://www.trugreen.com/products-and-services | https://www.trugreen.com/why-choose-trugreen/testimonials-and-ratings","","missing-main|internal-links-missing-from-sitemap|duplicate-title",""
"chromium","2026-08-31T15:02:00.104Z","prod-release-2-7-2026-08-28","800-1100","","https://www.trugreen.com/local-lawn-care/illinois/crestwood/lawn-care","https://www.trugreen.com/local-lawn-care/illinois/crestwood/lawn-care","200","200:https://www.trugreen.com/local-lawn-care/illinois/crestwood/lawn-care","TruGreen Crestwood: Lawn Care Maintenance Services in Crestwood, IL | TruGreen","TruGreen Crestwood: Lawn Care Maintenance Services in Crestwood, IL | TruGreen","https://www.trugreen.com/local-lawn-care/illinois/crestwood","1","https://www.trugreen.com/local-lawn-care/illinois/crestwood","1","","200","https://www.trugreen.com/local-lawn-care/illinois/crestwood","","","","0","2","We put the ""care"" in ""lawn care."" | Explore our plans.","0","header|footer","jsonld:1;types:BreadcrumbList|WebPage;invalid:0;missing:jsonld_0_missing_@context|jsonld_1_missing_@context","0","0","44","8","https://www.trugreen.com/lawn-care-101 | https://www.trugreen.com/lawn-care-101/learning-center | https://www.trugreen.com/newsroom | https://www.trugreen.com/pay-your-bill | https://www.trugreen.com/pests-products-and-services | https://www.trugreen.com/pga-tour | https://www.trugreen.com/products-and-services | https://www.trugreen.com/why-choose-trugreen/testimonials-and-ratings","","multiple-h1|missing-main|internal-links-missing-from-sitemap|duplicate-title",""
"chromium","2026-08-31T15:02:00.104Z","prod-release-2-7-2026-08-28","800-1100","","https://www.trugreen.com/local-lawn-care/illinois/glenarm","https://www.trugreen.com/local-lawn-care/illinois/glenarm","200","200:https://www.trugreen.com/local-lawn-care/illinois/glenarm","TruGreen Springfield IL: Lawn Care Maintenance Services in Springfield IL, IL | TruGreen","TruGreen Springfield IL: Lawn Care Maintenance Services in Springfield IL, IL | TruGreen","https://www.trugreen.com/local-lawn-care/illinois/glenarm","1","https://www.trugreen.com/local-lawn-care/illinois/glenarm","1","","200","https://www.trugreen.com/local-lawn-care/illinois/glenarm","","","","0","1","Meet your local experts.","0","header|footer","jsonld:1;types:WebPage;invalid:0;missing:","0","0","45","8","https://www.trugreen.com/lawn-care-101 | https://www.trugreen.com/lawn-care-101/learning-center | https://www.trugreen.com/newsroom | https://www.trugreen.com/pay-your-bill | https://www.trugreen.com/pests-products-and-services | https://www.trugreen.com/pga-tour | https://www.trugreen.com/products-and-services | https://www.trugreen.com/why-choose-trugreen/testimonials-and-ratings","","missing-main|internal-links-missing-from-sitemap|duplicate-title",""
"chromium","2026-08-31T15:02:00.104Z","prod-release-2-7-2026-08-28","800-1100","","https://www.trugreen.com/local-lawn-care/illinois/glenarm/lawn-care","https://www.trugreen.com/local-lawn-care/illinois/glenarm/lawn-care","200","200:https://www.trugreen.com/local-lawn-care/illinois/glenarm/lawn-care","TruGreen Springfield IL: Lawn Care Maintenance Services in Springfield IL, IL | TruGreen","TruGreen Springfield IL: Lawn Care Maintenance Services in Springfield IL, IL | TruGreen","https://www.trugreen.com/local-lawn-care/illinois/glenarm","1","https://www.trugreen.com/local-lawn-care/illinois/glenarm","1","","200","https://www.trugreen.com/local-lawn-care/illinois/glenarm","","","","0","2","We put the ""care"" in ""lawn care."" | Explore our plans.","0","header|footer","jsonld:1;types:BreadcrumbList|WebPage;invalid:0;missing:jsonld_0_missing_@context|jsonld_1_missing_@context","0","0","44","8","https://www.trugreen.com/lawn-care-101 | https://www.trugreen.com/lawn-care-101/learning-center | https://www.trugreen.com/newsroom | https://www.trugreen.com/pay-your-bill | https://www.trugreen.com/pests-products-and-services | https://www.trugreen.com/pga-tour | https://www.trugreen.com/products-and-services | https://www.trugreen.com/why-choose-trugreen/testimonials-and-ratings","","multiple-h1|missing-main|internal-links-missing-from-sitemap|duplicate-title",""
"chromium","2026-08-31T15:02:00.104Z","prod-release-2-7-2026-08-28","800-1100","","https://www.trugreen.com/local-lawn-care/illinois/hickory-hills","https://www.trugreen.com/local-lawn-care/illinois/hickory-hills","200","200:https://www.trugreen.com/local-lawn-care/illinois/hickory-hills","TruGreen Hickory Hills: Lawn Care Maintenance Services in Hickory Hills, IL | TruGreen","TruGreen Hickory Hills: Lawn Care Maintenance Services in Hickory Hills, IL | TruGreen","https://www.trugreen.com/local-lawn-care/illinois/hickory-hills","1","https://www.trugreen.com/local-lawn-care/illinois/hickory-hills","1","","200","https://www.trugreen.com/local-lawn-care/illinois/hickory-hills","","","","0","1","Meet your local experts.","0","header|footer","jsonld:1;types:WebPage;invalid:0;missing:","0","0","45","8","https://www.trugreen.com/lawn-care-101 | https://www.trugreen.com/lawn-care-101/learning-center | https://www.trugreen.com/newsroom | https://www.trugreen.com/pay-your-bill | https://www.trugreen.com/pests-products-and-services | https://www.trugreen.com/pga-tour | https://www.trugreen.com/products-and-services | https://www.trugreen.com/why-choose-trugreen/testimonials-and-ratings","","missing-main|internal-links-missing-from-sitemap|duplicate-title",""
"chromium","2026-08-31T15:02:00.104Z","prod-release-2-7-2026-08-28","800-1100","","https://www.trugreen.com/local-lawn-care/illinois/hickory-hills/lawn-care","https://www.trugreen.com/local-lawn-care/illinois/hickory-hills/lawn-care","200","200:https://www.trugreen.com/local-lawn-care/illinois/hickory-hills/lawn-care","TruGreen Hickory Hills: Lawn Care Maintenance Services in Hickory Hills, IL | TruGreen","TruGreen Hickory Hills: Lawn Care Maintenance Services in Hickory Hills, IL | TruGreen","https://www.trugreen.com/local-lawn-care/illinois/hickory-hills","1","https://www.trugreen.com/local-lawn-care/illinois/hickory-hills","1","","200","https://www.trugreen.com/local-lawn-care/illinois/hickory-hills","","","","0","2","We put the ""care"" in ""lawn care."" | Explore our plans.","0","header|footer","jsonld:1;types:BreadcrumbList|WebPage;invalid:0;missing:jsonld_0_missing_@context|jsonld_1_missing_@context","0","0","44","8","https://www.trugreen.com/lawn-care-101 | https://www.trugreen.com/lawn-care-101/learning-center | https://www.trugreen.com/newsroom | https://www.trugreen.com/pay-your-bill | https://www.trugreen.com/pests-products-and-services | https://www.trugreen.com/pga-tour | https://www.trugreen.com/products-and-services | https://www.trugreen.com/why-choose-trugreen/testimonials-and-ratings","","multiple-h1|missing-main|internal-links-missing-from-sitemap|duplicate-title",""
"chromium","2026-08-31T15:02:00.104Z","prod-release-2-7-2026-08-28","800-1100","","https://www.trugreen.com/local-lawn-care/illinois/lake-forest","https://www.trugreen.com/local-lawn-care/illinois/lake-forest","200","200:https://www.trugreen.com/local-lawn-care/illinois/lake-forest","TruGreen Lake Forest: Lawn Care Maintenance Services in Lake Forest, IL | TruGreen","TruGreen Lake Forest: Lawn Care Maintenance Services in Lake Forest, IL | TruGreen","https://www.trugreen.com/local-lawn-care/illinois/lake-forest","1","https://www.trugreen.com/local-lawn-care/illinois/lake-forest","1","","200","https://www.trugreen.com/local-lawn-care/illinois/lake-forest","","","","0","1","Meet your local experts.","0","header|footer","jsonld:1;types:WebPage;invalid:0;missing:","0","0","45","8","https://www.trugreen.com/lawn-care-101 | https://www.trugreen.com/lawn-care-101/learning-center | https://www.trugreen.com/newsroom | https://www.trugreen.com/pay-your-bill | https://www.trugreen.com/pests-products-and-services | https://www.trugreen.com/pga-tour | https://www.trugreen.com/products-and-services | https://www.trugreen.com/why-choose-trugreen/testimonials-and-ratings","","missing-main|internal-links-missing-from-sitemap|duplicate-title",""
"chromium","2026-08-31T15:02:00.104Z","prod-release-2-7-2026-08-28","800-1100","","https://www.trugreen.com/local-lawn-care/illinois/lake-forest/lawn-care","https://www.trugreen.com/local-lawn-care/illinois/lake-forest/lawn-care","200","200:https://www.trugreen.com/local-lawn-care/illinois/lake-forest/lawn-care","TruGreen Lake Forest: Lawn Care Maintenance Services in Lake Forest, IL | TruGreen","TruGreen Lake Forest: Lawn Care Maintenance Services in Lake Forest, IL | TruGreen","https://www.trugreen.com/local-lawn-care/illinois/lake-forest","1","https://www.trugreen.com/local-lawn-care/illinois/lake-forest","1","","200","https://www.trugreen.com/local-lawn-care/illinois/lake-forest","","","","0","2","We put the ""care"" in ""lawn care."" | Explore our plans.","0","header|footer","jsonld:1;types:BreadcrumbList|WebPage;invalid:0;missing:jsonld_0_missing_@context|jsonld_1_missing_@context","0","0","44","8","https://www.trugreen.com/lawn-care-101 | https://www.trugreen.com/lawn-care-101/learning-center | https://www.trugreen.com/newsroom | https://www.trugreen.com/pay-your-bill | https://www.trugreen.com/pests-products-and-services | https://www.trugreen.com/pga-tour | https://www.trugreen.com/products-and-services | https://www.trugreen.com/why-choose-trugreen/testimonials-and-ratings","","multiple-h1|missing-main|internal-links-missing-from-sitemap|duplicate-title",""
"chromium","2026-08-31T15:02:00.104Z","prod-release-2-7-2026-08-28","800-1100","","https://www.trugreen.com/local-lawn-care/illinois/marion","https://www.trugreen.com/local-lawn-care/illinois/marion","200","200:https://www.trugreen.com/local-lawn-care/illinois/marion","TruGreen Southern Illinois: Lawn Care Maintenance Services in Southern Illinois, IL | TruGreen","TruGreen Southern Illinois: Lawn Care Maintenance Services in Southern Illinois, IL | TruGreen","https://www.trugreen.com/local-lawn-care/illinois/marion","1","https://www.trugreen.com/local-lawn-care/illinois/marion","1","","200","https://www.trugreen.com/local-lawn-care/illinois/marion","","","","0","1","Meet your local experts.","0","header|footer","jsonld:1;types:WebPage;invalid:0;missing:","0","0","45","8","https://www.trugreen.com/lawn-care-101 | https://www.trugreen.com/lawn-care-101/learning-center | https://www.trugreen.com/newsroom | https://www.trugreen.com/pay-your-bill | https://www.trugreen.com/pests-products-and-services | https://www.trugreen.com/pga-tour | https://www.trugreen.com/products-and-services | https://www.trugreen.com/why-choose-trugreen/testimonials-and-ratings","","missing-main|internal-links-missing-from-sitemap|duplicate-title",""
"chromium","2026-08-31T15:02:00.104Z","prod-release-2-7-2026-08-28","800-1100","","https://www.trugreen.com/local-lawn-care/illinois/marion/lawn-care","https://www.trugreen.com/local-lawn-care/illinois/marion/lawn-care","200","200:https://www.trugreen.com/local-lawn-care/illinois/marion/lawn-care","TruGreen Southern Illinois: Lawn Care Maintenance Services in Southern Illinois, IL | TruGreen","TruGreen Southern Illinois: Lawn Care Maintenance Services in Southern Illinois, IL | TruGreen","https://www.trugreen.com/local-lawn-care/illinois/marion","1","https://www.trugreen.com/local-lawn-care/illinois/marion","1","","200","https://www.trugreen.com/local-lawn-care/illinois/marion","","","","0","2","We put the ""care"" in ""lawn care."" | Explore our plans.","0","header|footer","jsonld:1;types:BreadcrumbList|WebPage;invalid:0;missing:jsonld_0_missing_@context|jsonld_1_missing_@context","0","0","44","8","https://www.trugreen.com/lawn-care-101 | https://www.trugreen.com/lawn-care-101/learning-center | https://www.trugreen.com/newsroom | https://www.trugreen.com/pay-your-bill | https://www.trugreen.com/pests-products-and-services | https://www.trugreen.com/pga-tour | https://www.trugreen.com/products-and-services | https://www.trugreen.com/why-choose-trugreen/testimonials-and-ratings","","multiple-h1|missing-main|internal-links-missing-from-sitemap|duplicate-title",""
"chromium","2026-08-31T15:02:00.104Z","prod-release-2-7-2026-08-28","800-1100","","https://www.trugreen.com/local-lawn-care/illinois/park-ridge","https://www.trugreen.com/local-lawn-care/illinois/park-ridge","200","200:https://www.trugreen.com/local-lawn-care/illinois/park-ridge","TruGreen Park Ridge: Lawn Care Maintenance Services in Park Ridge, IL | TruGreen","TruGreen Park Ridge: Lawn Care Maintenance Services in Park Ridge, IL | TruGreen","https://www.trugreen.com/local-lawn-care/illinois/park-ridge","1","https://www.trugreen.com/local-lawn-care/illinois/park-ridge","1","","200","https://www.trugreen.com/local-lawn-care/illinois/park-ridge","","","","0","1","Meet your local experts.","0","header|footer","jsonld:1;types:WebPage;invalid:0;missing:","0","0","45","8","https://www.trugreen.com/lawn-care-101 | https://www.trugreen.com/lawn-care-101/learning-center | https://www.trugreen.com/newsroom | https://www.trugreen.com/pay-your-bill | https://www.trugreen.com/pests-products-and-services | https://www.trugreen.com/pga-tour | https://www.trugreen.com/products-and-services | https://www.trugreen.com/why-choose-trugreen/testimonials-and-ratings","","missing-main|internal-links-missing-from-sitemap|duplicate-title",""
"chromium","2026-08-31T15:02:00.104Z","prod-release-2-7-2026-08-28","800-1100","","https://www.trugreen.com/local-lawn-care/illinois/park-ridge/lawn-care","https://www.trugreen.com/local-lawn-care/illinois/park-ridge/lawn-care","200","200:https://www.trugreen.com/local-lawn-care/illinois/park-ridge/lawn-care","TruGreen Park Ridge: Lawn Care Maintenance Services in Park Ridge, IL | TruGreen","TruGreen Park Ridge: Lawn Care Maintenance Services in Park Ridge, IL | TruGreen","https://www.trugreen.com/local-lawn-care/illinois/park-ridge","1","https://www.trugreen.com/local-lawn-care/illinois/park-ridge","1","","200","https://www.trugreen.com/local-lawn-care/illinois/park-ridge","","","","0","2","We put the ""care"" in ""lawn care."" | Explore our plans.","0","header|footer","jsonld:1;types:BreadcrumbList|WebPage;invalid:0;missing:jsonld_0_missing_@context|jsonld_1_missing_@context","0","0","44","8","https://www.trugreen.com/lawn-care-101 | https://www.trugreen.com/lawn-care-101/learning-center | https://www.trugreen.com/newsroom | https://www.trugreen.com/pay-your-bill | https://www.trugreen.com/pests-products-and-services | https://www.trugreen.com/pga-tour | https://www.trugreen.com/products-and-services | https://www.trugreen.com/why-choose-trugreen/testimonials-and-ratings","","multiple-h1|missing-main|internal-links-missing-from-sitemap|duplicate-title",""
"chromium","2026-08-31T15:02:00.104Z","prod-release-2-7-2026-08-28","800-1100","","https://www.trugreen.com/local-lawn-care/illinois/peoria","https://www.trugreen.com/local-lawn-care/illinois/peoria","200","200:https://www.trugreen.com/local-lawn-care/illinois/peoria","TruGreen Peoria: Lawn Care Maintenance Services in Peoria, IL | TruGreen","TruGreen Peoria: Lawn Care Maintenance Services in Peoria, IL | TruGreen","https://www.trugreen.com/local-lawn-care/illinois/peoria","1","https://www.trugreen.com/local-lawn-care/illinois/peoria","1","","200","https://www.trugreen.com/local-lawn-care/illinois/peoria","","","","0","1","Meet your local experts.","0","header|footer","jsonld:1;types:WebPage;invalid:0;missing:","0","0","45","8","https://www.trugreen.com/lawn-care-101 | https://www.trugreen.com/lawn-care-101/learning-center | https://www.trugreen.com/newsroom | https://www.trugreen.com/pay-your-bill | https://www.trugreen.com/pests-products-and-services | https://www.trugreen.com/pga-tour | https://www.trugreen.com/products-and-services | https://www.trugreen.com/why-choose-trugreen/testimonials-and-ratings","","missing-main|internal-links-missing-from-sitemap|duplicate-title",""
"chromium","2026-08-31T15:02:00.104Z","prod-release-2-7-2026-08-28","800-1100","","https://www.trugreen.com/local-lawn-care/illinois/peoria/lawn-care","https://www.trugreen.com/local-lawn-care/illinois/peoria/lawn-care","200","200:https://www.trugreen.com/local-lawn-care/illinois/peoria/lawn-care","TruGreen Peoria: Lawn Care Maintenance Services in Peoria, IL | TruGreen","TruGreen Peoria: Lawn Care Maintenance Services in Peoria, IL | TruGreen","https://www.trugreen.com/local-lawn-care/illinois/peoria","1","https://www.trugreen.com/local-lawn-care/illinois/peoria","1","","200","https://www.trugreen.com/local-lawn-care/illinois/peoria","","","","0","2","We put the ""care"" in ""lawn care."" | Explore our plans.","0","header|footer","jsonld:1;types:BreadcrumbList|WebPage;invalid:0;missing:jsonld_0_missing_@context|jsonld_1_missing_@context","0","0","44","8","https://www.trugreen.com/lawn-care-101 | https://www.trugreen.com/lawn-care-101/learning-center | https://www.trugreen.com/newsroom | https://www.trugreen.com/pay-your-bill | https://www.trugreen.com/pests-products-and-services | https://www.trugreen.com/pga-tour | https://www.trugreen.com/products-and-services | https://www.trugreen.com/why-choose-trugreen/testimonials-and-ratings","","multiple-h1|missing-main|internal-links-missing-from-sitemap|duplicate-title",""
"chromium","2026-08-31T15:02:00.104Z","prod-release-2-7-2026-08-28","800-1100","","https://www.trugreen.com/local-lawn-care/illinois/plainfield","https://www.trugreen.com/local-lawn-care/illinois/plainfield","200","200:https://www.trugreen.com/local-lawn-care/illinois/plainfield","TruGreen Naperville: Lawn Care Maintenance Services in Naperville, IL | TruGreen","TruGreen Naperville: Lawn Care Maintenance Services in Naperville, IL | TruGreen","https://www.trugreen.com/local-lawn-care/illinois/plainfield","1","https://www.trugreen.com/local-lawn-care/illinois/plainfield","1","","200","https://www.trugreen.com/local-lawn-care/illinois/plainfield","","","","0","1","Meet your local experts.","0","header|footer","jsonld:1;types:WebPage;invalid:0;missing:","0","0","45","8","https://www.trugreen.com/lawn-care-101 | https://www.trugreen.com/lawn-care-101/learning-center | https://www.trugreen.com/newsroom | https://www.trugreen.com/pay-your-bill | https://www.trugreen.com/pests-products-and-services | https://www.trugreen.com/pga-tour | https://www.trugreen.com/products-and-services | https://www.trugreen.com/why-choose-trugreen/testimonials-and-ratings","","missing-main|internal-links-missing-from-sitemap|duplicate-title",""
"chromium","2026-08-31T15:02:00.104Z","prod-release-2-7-2026-08-28","800-1100","","https://www.trugreen.com/local-lawn-care/illinois/plainfield/lawn-care","https://www.trugreen.com/local-lawn-care/illinois/plainfield/lawn-care","200","200:https://www.trugreen.com/local-lawn-care/illinois/plainfield/lawn-care","TruGreen Naperville: Lawn Care Maintenance Services in Naperville, IL | TruGreen","TruGreen Naperville: Lawn Care Maintenance Services in Naperville, IL | TruGreen","https://www.trugreen.com/local-lawn-care/illinois/plainfield","1","https://www.trugreen.com/local-lawn-care/illinois/plainfield","1","","200","https://www.trugreen.com/local-lawn-care/illinois/plainfield","","","","0","2","We put the ""care"" in ""lawn care."" | Explore our plans.","0","header|footer","jsonld:1;types:BreadcrumbList|WebPage;invalid:0;missing:jsonld_0_missing_@context|jsonld_1_missing_@context","0","0","44","8","https://www.trugreen.com/lawn-care-101 | https://www.trugreen.com/lawn-care-101/learning-center | https://www.trugreen.com/newsroom | https://www.trugreen.com/pay-your-bill | https://www.trugreen.com/pests-products-and-services | https://www.trugreen.com/pga-tour | https://www.trugreen.com/products-and-services | https://www.trugreen.com/why-choose-trugreen/testimonials-and-ratings","","multiple-h1|missing-main|internal-links-missing-from-sitemap|duplicate-title",""
"chromium","2026-08-31T15:02:00.104Z","prod-release-2-7-2026-08-28","800-1100","","https://www.trugreen.com/local-lawn-care/illinois/rockford","https://www.trugreen.com/local-lawn-care/illinois/rockford","200","200:https://www.trugreen.com/local-lawn-care/illinois/rockford","TruGreen Rockford: Lawn Care Maintenance Services in Rockford, IL | TruGreen","TruGreen Rockford: Lawn Care Maintenance Services in Rockford, IL | TruGreen","https://www.trugreen.com/local-lawn-care/illinois/rockford","1","https://www.trugreen.com/local-lawn-care/illinois/rockford","1","","200","https://www.trugreen.com/local-lawn-care/illinois/rockford","","","","0","1","Meet your local experts.","0","header|footer","jsonld:1;types:WebPage;invalid:0;missing:","0","0","45","8","https://www.trugreen.com/lawn-care-101 | https://www.trugreen.com/lawn-care-101/learning-center | https://www.trugreen.com/newsroom | https://www.trugreen.com/pay-your-bill | https://www.trugreen.com/pests-products-and-services | https://www.trugreen.com/pga-tour | https://www.trugreen.com/products-and-services | https://www.trugreen.com/why-choose-trugreen/testimonials-and-ratings","","missing-main|internal-links-missing-from-sitemap|duplicate-title",""
"chromium","2026-08-31T15:02:00.104Z","prod-release-2-7-2026-08-28","800-1100","","https://www.trugreen.com/local-lawn-care/illinois/rockford/lawn-care","https://www.trugreen.com/local-lawn-care/illinois/rockford/lawn-care","200","200:https://www.trugreen.com/local-lawn-care/illinois/rockford/lawn-care","TruGreen Rockford: Lawn Care Maintenance Services in Rockford, IL | TruGreen","TruGreen Rockford: Lawn Care Maintenance Services in Rockford, IL | TruGreen","https://www.trugreen.com/local-lawn-care/illinois/rockford","1","https://www.trugreen.com/local-lawn-care/illinois/rockford","1","","200","https://www.trugreen.com/local-lawn-care/illinois/rockford","","","","0","2","We put the ""care"" in ""lawn care."" | Explore our plans.","0","header|footer","jsonld:1;types:BreadcrumbList|WebPage;invalid:0;missing:jsonld_0_missing_@context|jsonld_1_missing_@context","0","0","44","8","https://www.trugreen.com/lawn-care-101 | https://www.trugreen.com/lawn-care-101/learning-center | https://www.trugreen.com/newsroom | https://www.trugreen.com/pay-your-bill | https://www.trugreen.com/pests-products-and-services | https://www.trugreen.com/pga-tour | https://www.trugreen.com/products-and-services | https://www.trugreen.com/why-choose-trugreen/testimonials-and-ratings","","multiple-h1|missing-main|internal-links-missing-from-sitemap|duplicate-title",""
"chromium","2026-08-31T15:02:00.104Z","prod-release-2-7-2026-08-28","800-1100","","https://www.trugreen.com/local-lawn-care/illinois/west-chicago","https://www.trugreen.com/local-lawn-care/illinois/west-chicago","200","200:https://www.trugreen.com/local-lawn-care/illinois/west-chicago","TruGreen West Chicago: Lawn Care Maintenance Services in West Chicago, IL | TruGreen","TruGreen West Chicago: Lawn Care Maintenance Services in West Chicago, IL | TruGreen","https://www.trugreen.com/local-lawn-care/illinois/west-chicago","1","https://www.trugreen.com/local-lawn-care/illinois/west-chicago","1","","200","https://www.trugreen.com/local-lawn-care/illinois/west-chicago","","","","0","1","Meet your local experts.","0","header|footer","jsonld:1;types:WebPage;invalid:0;missing:","0","0","45","8","https://www.trugreen.com/lawn-care-101 | https://www.trugreen.com/lawn-care-101/learning-center | https://www.trugreen.com/newsroom | https://www.trugreen.com/pay-your-bill | https://www.trugreen.com/pests-products-and-services | https://www.trugreen.com/pga-tour | https://www.trugreen.com/products-and-services | https://www.trugreen.com/why-choose-trugreen/testimonials-and-ratings","","missing-main|internal-links-missing-from-sitemap|duplicate-title",""
"chromium","2026-08-31T15:02:00.104Z","prod-release-2-7-2026-08-28","800-1100","","https://www.trugreen.com/local-lawn-care/illinois/west-chicago/lawn-care","https://www.trugreen.com/local-lawn-care/illinois/west-chicago/lawn-care","200","200:https://www.trugreen.com/local-lawn-care/illinois/west-chicago/lawn-care","TruGreen West Chicago: Lawn Care Maintenance Services in West Chicago, IL | TruGreen","TruGreen West Chicago: Lawn Care Maintenance Services in West Chicago, IL | TruGreen","https://www.trugreen.com/local-lawn-care/illinois/west-chicago","1","https://www.trugreen.com/local-lawn-care/illinois/west-chicago","1","","200","https://www.trugreen.com/local-lawn-care/illinois/west-chicago","","","","0","2","We put the ""care"" in ""lawn care."" | Explore our plans.","0","header|footer","jsonld:1;types:BreadcrumbList|WebPage;invalid:0;missing:jsonld_0_missing_@context|jsonld_1_missing_@context","0","0","44","8","https://www.trugreen.com/lawn-care-101 | https://www.trugreen.com/lawn-care-101/learning-center | https://www.trugreen.com/newsroom | https://www.trugreen.com/pay-your-bill | https://www.trugreen.com/pests-products-and-services | https://www.trugreen.com/pga-tour | https://www.trugreen.com/products-and-services | https://www.trugreen.com/why-choose-trugreen/testimonials-and-ratings","","multiple-h1|missing-main|internal-links-missing-from-sitemap|duplicate-title",""
"chromium","2026-08-31T15:02:00.104Z","prod-release-2-7-2026-08-28","800-1100","","https://www.trugreen.com/local-lawn-care/illinois/woodridge","https://www.trugreen.com/local-lawn-care/illinois/woodridge","200","200:https://www.trugreen.com/local-lawn-care/illinois/woodridge","TruGreen Woodridge: Lawn Care Maintenance Services in Woodridge, IL | TruGreen","TruGreen Woodridge: Lawn Care Maintenance Services in Woodridge, IL | TruGreen","https://www.trugreen.com/local-lawn-care/illinois/woodridge","1","https://www.trugreen.com/local-lawn-care/illinois/woodridge","1","","200","https://www.trugreen.com/local-lawn-care/illinois/woodridge","","","","0","1","Meet your local experts.","0","header|footer","jsonld:1;types:WebPage;invalid:0;missing:","0","0","45","8","https://www.trugreen.com/lawn-care-101 | https://www.trugreen.com/lawn-care-101/learning-center | https://www.trugreen.com/newsroom | https://www.trugreen.com/pay-your-bill | https://www.trugreen.com/pests-products-and-services | https://www.trugreen.com/pga-tour | https://www.trugreen.com/products-and-services | https://www.trugreen.com/why-choose-trugreen/testimonials-and-ratings","","missing-main|internal-links-missing-from-sitemap|duplicate-title",""
"chromium","2026-08-31T15:02:00.104Z","prod-release-2-7-2026-08-28","800-1100","","https://www.trugreen.com/local-lawn-care/illinois/woodridge/lawn-care","https://www.trugreen.com/local-lawn-care/illinois/woodridge/lawn-care","200","200:https://www.trugreen.com/local-lawn-care/illinois/woodridge/lawn-care","TruGreen Woodridge: Lawn Care Maintenance Services in Woodridge, IL | TruGreen","TruGreen Woodridge: Lawn Care Maintenance Services in Woodridge, IL | TruGreen","https://www.trugreen.com/local-lawn-care/illinois/woodridge","1","https://www.trugreen.com/local-lawn-care/illinois/woodridge","1","","200","https://www.trugreen.com/local-lawn-care/illinois/woodridge","","","","0","2","We put the ""care"" in ""lawn care."" | Explore our plans.","0","header|footer","jsonld:1;types:BreadcrumbList|WebPage;invalid:0;missing:jsonld_0_missing_@context|jsonld_1_missing_@context","0","0","44","8","https://www.trugreen.com/lawn-care-101 | https://www.trugreen.com/lawn-care-101/learning-center | https://www.trugreen.com/newsroom | https://www.trugreen.com/pay-your-bill | https://www.trugreen.com/pests-products-and-services | https://www.trugreen.com/pga-tour | https://www.trugreen.com/products-and-services | https://www.trugreen.com/why-choose-trugreen/testimonials-and-ratings","","multiple-h1|missing-main|internal-links-missing-from-sitemap|duplicate-title",""
"chromium","2026-08-31T15:02:00.104Z","prod-release-2-7-2026-08-28","800-1100","","https://www.trugreen.com/local-lawn-care/indiana","https://www.trugreen.com/local-lawn-care/indiana","200","200:https://www.trugreen.com/local-lawn-care/indiana","TruGreen Indiana: Local Lawn Care Service Near Me | TruGreen","TruGreen Indiana: Local Lawn Care Service Near Me | TruGreen","https://www.trugreen.com/local-lawn-care/indiana","1","https://www.trugreen.com/local-lawn-care/indiana","1","","200","https://www.trugreen.com/local-lawn-care/indiana","","","","0","1","Find your local branch in Indiana.","0","header|footer","jsonld:1;types:BreadcrumbList|CollectionPage|ItemList;invalid:0;missing:jsonld_0_missing_@context|jsonld_1_missing_@context|jsonld_2_missing_@context","0","0","46","8","https://www.trugreen.com/lawn-care-101 | https://www.trugreen.com/lawn-care-101/learning-center | https://www.trugreen.com/newsroom | https://www.trugreen.com/pay-your-bill | https://www.trugreen.com/pests-products-and-services | https://www.trugreen.com/pga-tour | https://www.trugreen.com/products-and-services | https://www.trugreen.com/why-choose-trugreen/testimonials-and-ratings","","missing-main|internal-links-missing-from-sitemap|duplicate-title",""
"chromium","2026-08-31T15:02:00.104Z","prod-release-2-7-2026-08-28","800-1100","","https://www.trugreen.com/local-lawn-care/indiana/evansville","https://www.trugreen.com/local-lawn-care/indiana/evansville","200","200:https://www.trugreen.com/local-lawn-care/indiana/evansville","Lawn Care and Outdoor Services in Evansville, IN | TruGreen","Lawn Care and Outdoor Services in Evansville, IN | TruGreen","https://www.trugreen.com/local-lawn-care/indiana/evansville","1","https://www.trugreen.com/local-lawn-care/indiana/evansville","1","","200","https://www.trugreen.com/local-lawn-care/indiana/evansville","","","","0","1","Meet your local experts.","0","header|footer","jsonld:1;types:WebPage;invalid:0;missing:","0","0","45","8","https://www.trugreen.com/lawn-care-101 | https://www.trugreen.com/lawn-care-101/learning-center | https://www.trugreen.com/newsroom | https://www.trugreen.com/pay-your-bill | https://www.trugreen.com/pests-products-and-services | https://www.trugreen.com/pga-tour | https://www.trugreen.com/products-and-services | https://www.trugreen.com/why-choose-trugreen/testimonials-and-ratings","","missing-main|internal-links-missing-from-sitemap|duplicate-title",""
"chromium","2026-08-31T15:02:00.104Z","prod-release-2-7-2026-08-28","800-1100","","https://www.trugreen.com/local-lawn-care/indiana/evansville/lawn-care","https://www.trugreen.com/local-lawn-care/indiana/evansville/lawn-care","200","200:https://www.trugreen.com/local-lawn-care/indiana/evansville/lawn-care","Lawn Care and Outdoor Services in Evansville, IN | TruGreen","Lawn Care and Outdoor Services in Evansville, IN | TruGreen","https://www.trugreen.com/local-lawn-care/indiana/evansville","1","https://www.trugreen.com/local-lawn-care/indiana/evansville","1","","200","https://www.trugreen.com/local-lawn-care/indiana/evansville","","","","0","2","We put the ""care"" in ""lawn care."" | Explore our plans.","0","header|footer","jsonld:1;types:BreadcrumbList|WebPage;invalid:0;missing:jsonld_0_missing_@context|jsonld_1_missing_@context","0","0","44","8","https://www.trugreen.com/lawn-care-101 | https://www.trugreen.com/lawn-care-101/learning-center | https://www.trugreen.com/newsroom | https://www.trugreen.com/pay-your-bill | https://www.trugreen.com/pests-products-and-services | https://www.trugreen.com/pga-tour | https://www.trugreen.com/products-and-services | https://www.trugreen.com/why-choose-trugreen/testimonials-and-ratings","","multiple-h1|missing-main|internal-links-missing-from-sitemap|duplicate-title",""
"chromium","2026-08-31T15:02:00.104Z","prod-release-2-7-2026-08-28","800-1100","","https://www.trugreen.com/local-lawn-care/indiana/fishers","https://www.trugreen.com/local-lawn-care/indiana/fishers","200","200:https://www.trugreen.com/local-lawn-care/indiana/fishers","Lawn Care and Outdoor Services in Fishers, Indiana | TruGreen","Lawn Care and Outdoor Services in Fishers, Indiana | TruGreen","https://www.trugreen.com/local-lawn-care/indiana/fishers","1","https://www.trugreen.com/local-lawn-care/indiana/fishers","1","","200","https://www.trugreen.com/local-lawn-care/indiana/fishers","","","","0","1","Meet your local experts.","0","header|footer","jsonld:1;types:WebPage;invalid:0;missing:","0","0","45","8","https://www.trugreen.com/lawn-care-101 | https://www.trugreen.com/lawn-care-101/learning-center | https://www.trugreen.com/newsroom | https://www.trugreen.com/pay-your-bill | https://www.trugreen.com/pests-products-and-services | https://www.trugreen.com/pga-tour | https://www.trugreen.com/products-and-services | https://www.trugreen.com/why-choose-trugreen/testimonials-and-ratings","","missing-main|internal-links-missing-from-sitemap|duplicate-title",""
"chromium","2026-08-31T15:02:00.104Z","prod-release-2-7-2026-08-28","800-1100","","https://www.trugreen.com/local-lawn-care/indiana/fishers/lawn-care","https://www.trugreen.com/local-lawn-care/indiana/fishers/lawn-care","200","200:https://www.trugreen.com/local-lawn-care/indiana/fishers/lawn-care","Lawn Care and Outdoor Services in Fishers, Indiana | TruGreen","Lawn Care and Outdoor Services in Fishers, Indiana | TruGreen","https://www.trugreen.com/local-lawn-care/indiana/fishers","1","https://www.trugreen.com/local-lawn-care/indiana/fishers","1","","200","https://www.trugreen.com/local-lawn-care/indiana/fishers","","","","0","2","We put the ""care"" in ""lawn care."" | Explore our plans.","0","header|footer","jsonld:1;types:BreadcrumbList|WebPage;invalid:0;missing:jsonld_0_missing_@context|jsonld_1_missing_@context","0","0","44","8","https://www.trugreen.com/lawn-care-101 | https://www.trugreen.com/lawn-care-101/learning-center | https://www.trugreen.com/newsroom | https://www.trugreen.com/pay-your-bill | https://www.trugreen.com/pests-products-and-services | https://www.trugreen.com/pga-tour | https://www.trugreen.com/products-and-services | https://www.trugreen.com/why-choose-trugreen/testimonials-and-ratings","","multiple-h1|missing-main|internal-links-missing-from-sitemap|duplicate-title",""
"chromium","2026-08-31T15:02:00.104Z","prod-release-2-7-2026-08-28","800-1100","","https://www.trugreen.com/local-lawn-care/indiana/ft-wayne","https://www.trugreen.com/local-lawn-care/indiana/ft-wayne","200","200:https://www.trugreen.com/local-lawn-care/indiana/ft-wayne","Lawn Care and Outdoor Services in Fort Wayne, Indiana | TruGreen","Lawn Care and Outdoor Services in Fort Wayne, Indiana | TruGreen","https://www.trugreen.com/local-lawn-care/indiana/ft-wayne","1","https://www.trugreen.com/local-lawn-care/indiana/ft-wayne","1","","200","https://www.trugreen.com/local-lawn-care/indiana/ft-wayne","","","","0","1","Meet your local experts.","0","header|footer","jsonld:1;types:WebPage;invalid:0;missing:","0","0","45","8","https://www.trugreen.com/lawn-care-101 | https://www.trugreen.com/lawn-care-101/learning-center | https://www.trugreen.com/newsroom | https://www.trugreen.com/pay-your-bill | https://www.trugreen.com/pests-products-and-services | https://www.trugreen.com/pga-tour | https://www.trugreen.com/products-and-services | https://www.trugreen.com/why-choose-trugreen/testimonials-and-ratings","","missing-main|internal-links-missing-from-sitemap|duplicate-title",""
"chromium","2026-08-31T15:02:00.104Z","prod-release-2-7-2026-08-28","800-1100","","https://www.trugreen.com/local-lawn-care/indiana/ft-wayne/lawn-care","https://www.trugreen.com/local-lawn-care/indiana/ft-wayne/lawn-care","200","200:https://www.trugreen.com/local-lawn-care/indiana/ft-wayne/lawn-care","Lawn Care and Outdoor Services in Fort Wayne, Indiana | TruGreen","Lawn Care and Outdoor Services in Fort Wayne, Indiana | TruGreen","https://www.trugreen.com/local-lawn-care/indiana/ft-wayne","1","https://www.trugreen.com/local-lawn-care/indiana/ft-wayne","1","","200","https://www.trugreen.com/local-lawn-care/indiana/ft-wayne","","","","0","2","We put the ""care"" in ""lawn care."" | Explore our plans.","0","header|footer","jsonld:1;types:BreadcrumbList|WebPage;invalid:0;missing:jsonld_0_missing_@context|jsonld_1_missing_@context","0","0","44","8","https://www.trugreen.com/lawn-care-101 | https://www.trugreen.com/lawn-care-101/learning-center | https://www.trugreen.com/newsroom | https://www.trugreen.com/pay-your-bill | https://www.trugreen.com/pests-products-and-services | https://www.trugreen.com/pga-tour | https://www.trugreen.com/products-and-services | https://www.trugreen.com/why-choose-trugreen/testimonials-and-ratings","","multiple-h1|missing-main|internal-links-missing-from-sitemap|duplicate-title",""
"chromium","2026-08-31T15:02:00.104Z","prod-release-2-7-2026-08-28","800-1100","","https://www.trugreen.com/local-lawn-care/indiana/greenwood","https://www.trugreen.com/local-lawn-care/indiana/greenwood","200","200:https://www.trugreen.com/local-lawn-care/indiana/greenwood","TruGreen Indianapolis South: Lawn Care Maintenance Services in Indianapolis South, IN | TruGreen","TruGreen Indianapolis South: Lawn Care Maintenance Services in Indianapolis South, IN | TruGreen","https://www.trugreen.com/local-lawn-care/indiana/greenwood","1","https://www.trugreen.com/local-lawn-care/indiana/greenwood","1","","200","https://www.trugreen.com/local-lawn-care/indiana/greenwood","","","","0","1","Meet your local experts.","0","header|footer","jsonld:1;types:WebPage;invalid:0;missing:","0","0","45","8","https://www.trugreen.com/lawn-care-101 | https://www.trugreen.com/lawn-care-101/learning-center | https://www.trugreen.com/newsroom | https://www.trugreen.com/pay-your-bill | https://www.trugreen.com/pests-products-and-services | https://www.trugreen.com/pga-tour | https://www.trugreen.com/products-and-services | https://www.trugreen.com/why-choose-trugreen/testimonials-and-ratings","","missing-main|internal-links-missing-from-sitemap|duplicate-title",""
"chromium","2026-08-31T15:02:00.104Z","prod-release-2-7-2026-08-28","800-1100","","https://www.trugreen.com/local-lawn-care/indiana/greenwood/lawn-care","https://www.trugreen.com/local-lawn-care/indiana/greenwood/lawn-care","200","200:https://www.trugreen.com/local-lawn-care/indiana/greenwood/lawn-care","TruGreen Indianapolis South: Lawn Care Maintenance Services in Indianapolis South, IN | TruGreen","TruGreen Indianapolis South: Lawn Care Maintenance Services in Indianapolis South, IN | TruGreen","https://www.trugreen.com/local-lawn-care/indiana/greenwood","1","https://www.trugreen.com/local-lawn-care/indiana/greenwood","1","","200","https://www.trugreen.com/local-lawn-care/indiana/greenwood","","","","0","2","We put the ""care"" in ""lawn care."" | Explore our plans.","0","header|footer","jsonld:1;types:BreadcrumbList|WebPage;invalid:0;missing:jsonld_0_missing_@context|jsonld_1_missing_@context","0","0","44","8","https://www.trugreen.com/lawn-care-101 | https://www.trugreen.com/lawn-care-101/learning-center | https://www.trugreen.com/newsroom | https://www.trugreen.com/pay-your-bill | https://www.trugreen.com/pests-products-and-services | https://www.trugreen.com/pga-tour | https://www.trugreen.com/products-and-services | https://www.trugreen.com/why-choose-trugreen/testimonials-and-ratings","","multiple-h1|missing-main|internal-links-missing-from-sitemap|duplicate-title",""
"chromium","2026-08-31T15:02:00.104Z","prod-release-2-7-2026-08-28","800-1100","","https://www.trugreen.com/local-lawn-care/indiana/indianapolis","https://www.trugreen.com/local-lawn-care/indiana/indianapolis","200","200:https://www.trugreen.com/local-lawn-care/indiana/indianapolis","Lawn Care and Outdoor Services in Indianapolis, Indiana | TruGreen","Lawn Care and Outdoor Services in Indianapolis, Indiana | TruGreen","https://www.trugreen.com/local-lawn-care/indiana/indianapolis","1","https://www.trugreen.com/local-lawn-care/indiana/indianapolis","1","","200","https://www.trugreen.com/local-lawn-care/indiana/indianapolis","","","","0","1","Meet your local experts.","0","header|footer","jsonld:1;types:WebPage;invalid:0;missing:","0","0","45","8","https://www.trugreen.com/lawn-care-101 | https://www.trugreen.com/lawn-care-101/learning-center | https://www.trugreen.com/newsroom | https://www.trugreen.com/pay-your-bill | https://www.trugreen.com/pests-products-and-services | https://www.trugreen.com/pga-tour | https://www.trugreen.com/products-and-services | https://www.trugreen.com/why-choose-trugreen/testimonials-and-ratings","","missing-main|internal-links-missing-from-sitemap|duplicate-title",""
"chromium","2026-08-31T15:02:00.104Z","prod-release-2-7-2026-08-28","800-1100","","https://www.trugreen.com/local-lawn-care/indiana/indianapolis/lawn-care","https://www.trugreen.com/local-lawn-care/indiana/indianapolis/lawn-care","200","200:https://www.trugreen.com/local-lawn-care/indiana/indianapolis/lawn-care","Lawn Care and Outdoor Services in Indianapolis, Indiana | TruGreen","Lawn Care and Outdoor Services in Indianapolis, Indiana | TruGreen","https://www.trugreen.com/local-lawn-care/indiana/indianapolis","1","https://www.trugreen.com/local-lawn-care/indiana/indianapolis","1","","200","https://www.trugreen.com/local-lawn-care/indiana/indianapolis","","","","0","2","We put the ""care"" in ""lawn care."" | Explore our plans.","0","header|footer","jsonld:1;types:BreadcrumbList|WebPage;invalid:0;missing:jsonld_0_missing_@context|jsonld_1_missing_@context","0","0","44","8","https://www.trugreen.com/lawn-care-101 | https://www.trugreen.com/lawn-care-101/learning-center | https://www.trugreen.com/newsroom | https://www.trugreen.com/pay-your-bill | https://www.trugreen.com/pests-products-and-services | https://www.trugreen.com/pga-tour | https://www.trugreen.com/products-and-services | https://www.trugreen.com/why-choose-trugreen/testimonials-and-ratings","","multiple-h1|missing-main|internal-links-missing-from-sitemap|duplicate-title",""
"chromium","2026-08-31T15:02:00.104Z","prod-release-2-7-2026-08-28","800-1100","","https://www.trugreen.com/local-lawn-care/indiana/lafayette","https://www.trugreen.com/local-lawn-care/indiana/lafayette","200","200:https://www.trugreen.com/local-lawn-care/indiana/lafayette","Lawn Care and Outdoor Services in Lafayette, Indiana | TruGreen","Lawn Care and Outdoor Services in Lafayette, Indiana | TruGreen","https://www.trugreen.com/local-lawn-care/indiana/lafayette","1","https://www.trugreen.com/local-lawn-care/indiana/lafayette","1","","200","https://www.trugreen.com/local-lawn-care/indiana/lafayette","","","","0","1","Meet your local experts.","0","header|footer","jsonld:1;types:WebPage;invalid:0;missing:","0","0","45","8","https://www.trugreen.com/lawn-care-101 | https://www.trugreen.com/lawn-care-101/learning-center | https://www.trugreen.com/newsroom | https://www.trugreen.com/pay-your-bill | https://www.trugreen.com/pests-products-and-services | https://www.trugreen.com/pga-tour | https://www.trugreen.com/products-and-services | https://www.trugreen.com/why-choose-trugreen/testimonials-and-ratings","","missing-main|internal-links-missing-from-sitemap|duplicate-title",""
"chromium","2026-08-31T15:02:00.104Z","prod-release-2-7-2026-08-28","800-1100","","https://www.trugreen.com/local-lawn-care/indiana/lafayette/lawn-care","https://www.trugreen.com/local-lawn-care/indiana/lafayette/lawn-care","200","200:https://www.trugreen.com/local-lawn-care/indiana/lafayette/lawn-care","Lawn Care and Outdoor Services in Lafayette, Indiana | TruGreen","Lawn Care and Outdoor Services in Lafayette, Indiana | TruGreen","https://www.trugreen.com/local-lawn-care/indiana/lafayette","1","https://www.trugreen.com/local-lawn-care/indiana/lafayette","1","","200","https://www.trugreen.com/local-lawn-care/indiana/lafayette","","","","0","2","We put the ""care"" in ""lawn care."" | Explore our plans.","0","header|footer","jsonld:1;types:BreadcrumbList|WebPage;invalid:0;missing:jsonld_0_missing_@context|jsonld_1_missing_@context","0","0","44","8","https://www.trugreen.com/lawn-care-101 | https://www.trugreen.com/lawn-care-101/learning-center | https://www.trugreen.com/newsroom | https://www.trugreen.com/pay-your-bill | https://www.trugreen.com/pests-products-and-services | https://www.trugreen.com/pga-tour | https://www.trugreen.com/products-and-services | https://www.trugreen.com/why-choose-trugreen/testimonials-and-ratings","","multiple-h1|missing-main|internal-links-missing-from-sitemap|duplicate-title",""
"chromium","2026-08-31T15:02:00.104Z","prod-release-2-7-2026-08-28","800-1100","","https://www.trugreen.com/local-lawn-care/indiana/merrillville","https://www.trugreen.com/local-lawn-care/indiana","200","308:https://www.trugreen.com/local-lawn-care/indiana/merrillville -> 301:http://trugreen.com/local-lawn-care/indiana/crown-point -> 301:https://trugreen.com/local-lawn-care/indiana/crown-point -> 307:https://www.trugreen.com/local-lawn-care/indiana/crown-point -> 200:https://www.trugreen.com/local-lawn-care/indiana","TruGreen Indiana: Local Lawn Care Service Near Me | TruGreen","TruGreen Indiana: Local Lawn Care Service Near Me | TruGreen","https://www.trugreen.com/local-lawn-care/indiana","1","https://www.trugreen.com/local-lawn-care/indiana","1","","200","https://www.trugreen.com/local-lawn-care/indiana","","","","0","1","Find your local branch in Indiana.","0","header|footer","jsonld:1;types:BreadcrumbList|CollectionPage|ItemList;invalid:0;missing:jsonld_0_missing_@context|jsonld_1_missing_@context|jsonld_2_missing_@context","0","0","46","8","https://www.trugreen.com/lawn-care-101 | https://www.trugreen.com/lawn-care-101/learning-center | https://www.trugreen.com/newsroom | https://www.trugreen.com/pay-your-bill | https://www.trugreen.com/pests-products-and-services | https://www.trugreen.com/pga-tour | https://www.trugreen.com/products-and-services | https://www.trugreen.com/why-choose-trugreen/testimonials-and-ratings","","missing-main|internal-links-missing-from-sitemap|duplicate-title",""
"chromium","2026-08-31T15:02:00.104Z","prod-release-2-7-2026-08-28","800-1100","","https://www.trugreen.com/local-lawn-care/indiana/merrillville/lawn-care","https://www.trugreen.com/local-lawn-care/indiana/merrillville/lawn-care","200","200:https://www.trugreen.com/local-lawn-care/indiana/merrillville/lawn-care","TruGreen Merrillville: Lawn Care Maintenance Services in Merrillville, IN | TruGreen","TruGreen Merrillville: Lawn Care Maintenance Services in Merrillville, IN | TruGreen","https://www.trugreen.com/local-lawn-care/indiana/merrillville","1","https://www.trugreen.com/local-lawn-care/indiana/merrillville","1","","","https://www.trugreen.com/local-lawn-care/indiana/merrillville","","","","0","2","We put the ""care"" in ""lawn care."" | Explore our plans.","0","header|footer","jsonld:1;types:BreadcrumbList|WebPage;invalid:0;missing:jsonld_0_missing_@context|jsonld_1_missing_@context","0","0","44","8","https://www.trugreen.com/lawn-care-101 | https://www.trugreen.com/lawn-care-101/learning-center | https://www.trugreen.com/newsroom | https://www.trugreen.com/pay-your-bill | https://www.trugreen.com/pests-products-and-services | https://www.trugreen.com/pga-tour | https://www.trugreen.com/products-and-services | https://www.trugreen.com/why-choose-trugreen/testimonials-and-ratings","","multiple-h1|missing-main|internal-links-missing-from-sitemap|canonical-target-invalid",""
"chromium","2026-08-31T15:02:00.104Z","prod-release-2-7-2026-08-28","800-1100","","https://www.trugreen.com/local-lawn-care/indiana/south-bend","https://www.trugreen.com/local-lawn-care/indiana/south-bend","200","200:https://www.trugreen.com/local-lawn-care/indiana/south-bend","Lawn Care and Outdoor Services in South Bend, Indiana | TruGreen","Lawn Care and Outdoor Services in South Bend, Indiana | TruGreen","https://www.trugreen.com/local-lawn-care/indiana/south-bend","1","https://www.trugreen.com/local-lawn-care/indiana/south-bend","1","","200","https://www.trugreen.com/local-lawn-care/indiana/south-bend","","","","0","1","Meet your local experts.","0","header|footer","jsonld:1;types:WebPage;invalid:0;missing:","0","0","45","8","https://www.trugreen.com/lawn-care-101 | https://www.trugreen.com/lawn-care-101/learning-center | https://www.trugreen.com/newsroom | https://www.trugreen.com/pay-your-bill | https://www.trugreen.com/pests-products-and-services | https://www.trugreen.com/pga-tour | https://www.trugreen.com/products-and-services | https://www.trugreen.com/why-choose-trugreen/testimonials-and-ratings","","missing-main|internal-links-missing-from-sitemap|duplicate-title",""
"chromium","2026-08-31T15:02:00.104Z","prod-release-2-7-2026-08-28","800-1100","","https://www.trugreen.com/local-lawn-care/indiana/south-bend/lawn-care","https://www.trugreen.com/local-lawn-care/indiana/south-bend/lawn-care","200","200:https://www.trugreen.com/local-lawn-care/indiana/south-bend/lawn-care","Lawn Care and Outdoor Services in South Bend, Indiana | TruGreen","Lawn Care and Outdoor Services in South Bend, Indiana | TruGreen","https://www.trugreen.com/local-lawn-care/indiana/south-bend","1","https://www.trugreen.com/local-lawn-care/indiana/south-bend","1","","200","https://www.trugreen.com/local-lawn-care/indiana/south-bend","","","","0","2","We put the ""care"" in ""lawn care."" | Explore our plans.","0","header|footer","jsonld:1;types:BreadcrumbList|WebPage;invalid:0;missing:jsonld_0_missing_@context|jsonld_1_missing_@context","0","0","44","8","https://www.trugreen.com/lawn-care-101 | https://www.trugreen.com/lawn-care-101/learning-center | https://www.trugreen.com/newsroom | https://www.trugreen.com/pay-your-bill | https://www.trugreen.com/pests-products-and-services | https://www.trugreen.com/pga-tour | https://www.trugreen.com/products-and-services | https://www.trugreen.com/why-choose-trugreen/testimonials-and-ratings","","multiple-h1|missing-main|internal-links-missing-from-sitemap|duplicate-title",""
"chromium","2026-08-31T15:02:00.104Z","prod-release-2-7-2026-08-28","800-1100","","https://www.trugreen.com/local-lawn-care/iowa","https://www.trugreen.com/local-lawn-care/iowa","200","200:https://www.trugreen.com/local-lawn-care/iowa","TruGreen Iowa: Local Lawn Care Service Near Me | TruGreen","TruGreen Iowa: Local Lawn Care Service Near Me | TruGreen","https://www.trugreen.com/local-lawn-care/iowa","1","https://www.trugreen.com/local-lawn-care/iowa","1","","200","https://www.trugreen.com/local-lawn-care/iowa","","","","0","1","Find your local branch in Iowa.","0","header|footer","jsonld:1;types:BreadcrumbList|CollectionPage|ItemList;invalid:0;missing:jsonld_0_missing_@context|jsonld_1_missing_@context|jsonld_2_missing_@context","0","0","46","8","https://www.trugreen.com/lawn-care-101 | https://www.trugreen.com/lawn-care-101/learning-center | https://www.trugreen.com/newsroom | https://www.trugreen.com/pay-your-bill | https://www.trugreen.com/pests-products-and-services | https://www.trugreen.com/pga-tour | https://www.trugreen.com/products-and-services | https://www.trugreen.com/why-choose-trugreen/testimonials-and-ratings","","missing-main|internal-links-missing-from-sitemap",""
"chromium","2026-08-31T15:02:00.104Z","prod-release-2-7-2026-08-28","800-1100","","https://www.trugreen.com/local-lawn-care/iowa/ankeny","https://www.trugreen.com/local-lawn-care/iowa/ankeny","200","200:https://www.trugreen.com/local-lawn-care/iowa/ankeny","TruGreen Des Moines: Lawn Care Maintenance Services in Des Moines, IA | TruGreen","TruGreen Des Moines: Lawn Care Maintenance Services in Des Moines, IA | TruGreen","https://www.trugreen.com/local-lawn-care/iowa/ankeny","1","https://www.trugreen.com/local-lawn-care/iowa/ankeny","1","","200","https://www.trugreen.com/local-lawn-care/iowa/ankeny","","","","0","1","Meet your local experts.","0","header|footer","jsonld:1;types:WebPage;invalid:0;missing:","0","0","45","8","https://www.trugreen.com/lawn-care-101 | https://www.trugreen.com/lawn-care-101/learning-center | https://www.trugreen.com/newsroom | https://www.trugreen.com/pay-your-bill | https://www.trugreen.com/pests-products-and-services | https://www.trugreen.com/pga-tour | https://www.trugreen.com/products-and-services | https://www.trugreen.com/why-choose-trugreen/testimonials-and-ratings","","missing-main|internal-links-missing-from-sitemap|duplicate-title",""
"chromium","2026-08-31T15:02:00.104Z","prod-release-2-7-2026-08-28","800-1100","","https://www.trugreen.com/local-lawn-care/iowa/ankeny/lawn-care","https://www.trugreen.com/local-lawn-care/iowa/ankeny/lawn-care","200","200:https://www.trugreen.com/local-lawn-care/iowa/ankeny/lawn-care","TruGreen Des Moines: Lawn Care Maintenance Services in Des Moines, IA | TruGreen","TruGreen Des Moines: Lawn Care Maintenance Services in Des Moines, IA | TruGreen","https://www.trugreen.com/local-lawn-care/iowa/ankeny","1","https://www.trugreen.com/local-lawn-care/iowa/ankeny","1","","200","https://www.trugreen.com/local-lawn-care/iowa/ankeny","","","","0","2","We put the ""care"" in ""lawn care."" | Explore our plans.","0","header|footer","jsonld:1;types:BreadcrumbList|WebPage;invalid:0;missing:jsonld_0_missing_@context|jsonld_1_missing_@context","0","0","44","8","https://www.trugreen.com/lawn-care-101 | https://www.trugreen.com/lawn-care-101/learning-center | https://www.trugreen.com/newsroom | https://www.trugreen.com/pay-your-bill | https://www.trugreen.com/pests-products-and-services | https://www.trugreen.com/pga-tour | https://www.trugreen.com/products-and-services | https://www.trugreen.com/why-choose-trugreen/testimonials-and-ratings","","multiple-h1|missing-main|internal-links-missing-from-sitemap|duplicate-title",""
"chromium","2026-08-31T15:02:00.104Z","prod-release-2-7-2026-08-28","800-1100","","https://www.trugreen.com/local-lawn-care/iowa/cedar-rapids","https://www.trugreen.com/local-lawn-care/iowa/cedar-rapids","200","200:https://www.trugreen.com/local-lawn-care/iowa/cedar-rapids","TruGreen Cedar Rapids: Lawn Care Maintenance Services in Cedar Rapids, IA | TruGreen","TruGreen Cedar Rapids: Lawn Care Maintenance Services in Cedar Rapids, IA | TruGreen","https://www.trugreen.com/local-lawn-care/iowa/cedar-rapids","1","https://www.trugreen.com/local-lawn-care/iowa/cedar-rapids","1","","200","https://www.trugreen.com/local-lawn-care/iowa/cedar-rapids","","","","0","1","Meet your local experts.","0","header|footer","jsonld:1;types:WebPage;invalid:0;missing:","0","0","45","8","https://www.trugreen.com/lawn-care-101 | https://www.trugreen.com/lawn-care-101/learning-center | https://www.trugreen.com/newsroom | https://www.trugreen.com/pay-your-bill | https://www.trugreen.com/pests-products-and-services | https://www.trugreen.com/pga-tour | https://www.trugreen.com/products-and-services | https://www.trugreen.com/why-choose-trugreen/testimonials-and-ratings","","missing-main|internal-links-missing-from-sitemap|duplicate-title",""
"chromium","2026-08-31T15:02:00.104Z","prod-release-2-7-2026-08-28","800-1100","","https://www.trugreen.com/local-lawn-care/iowa/cedar-rapids/lawn-care","https://www.trugreen.com/local-lawn-care/iowa/cedar-rapids/lawn-care","200","200:https://www.trugreen.com/local-lawn-care/iowa/cedar-rapids/lawn-care","TruGreen Cedar Rapids: Lawn Care Maintenance Services in Cedar Rapids, IA | TruGreen","TruGreen Cedar Rapids: Lawn Care Maintenance Services in Cedar Rapids, IA | TruGreen","https://www.trugreen.com/local-lawn-care/iowa/cedar-rapids","1","https://www.trugreen.com/local-lawn-care/iowa/cedar-rapids","1","","200","https://www.trugreen.com/local-lawn-care/iowa/cedar-rapids","","","","0","2","We put the ""care"" in ""lawn care."" | Explore our plans.","0","header|footer","jsonld:1;types:BreadcrumbList|WebPage;invalid:0;missing:jsonld_0_missing_@context|jsonld_1_missing_@context","0","0","44","8","https://www.trugreen.com/lawn-care-101 | https://www.trugreen.com/lawn-care-101/learning-center | https://www.trugreen.com/newsroom | https://www.trugreen.com/pay-your-bill | https://www.trugreen.com/pests-products-and-services | https://www.trugreen.com/pga-tour | https://www.trugreen.com/products-and-services | https://www.trugreen.com/why-choose-trugreen/testimonials-and-ratings","","multiple-h1|missing-main|internal-links-missing-from-sitemap|duplicate-title",""
"chromium","2026-08-31T15:02:00.104Z","prod-release-2-7-2026-08-28","800-1100","","https://www.trugreen.com/local-lawn-care/iowa/davenport","https://www.trugreen.com/local-lawn-care/iowa/davenport","200","200:https://www.trugreen.com/local-lawn-care/iowa/davenport","TruGreen Davenport: Lawn Care Maintenance Services in Davenport, IA | TruGreen","TruGreen Davenport: Lawn Care Maintenance Services in Davenport, IA | TruGreen","https://www.trugreen.com/local-lawn-care/iowa/davenport","1","https://www.trugreen.com/local-lawn-care/iowa/davenport","1","","200","https://www.trugreen.com/local-lawn-care/iowa/davenport","","","","0","1","Meet your local experts.","0","header|footer","jsonld:1;types:WebPage;invalid:0;missing:","0","0","45","8","https://www.trugreen.com/lawn-care-101 | https://www.trugreen.com/lawn-care-101/learning-center | https://www.trugreen.com/newsroom | https://www.trugreen.com/pay-your-bill | https://www.trugreen.com/pests-products-and-services | https://www.trugreen.com/pga-tour | https://www.trugreen.com/products-and-services | https://www.trugreen.com/why-choose-trugreen/testimonials-and-ratings","","missing-main|internal-links-missing-from-sitemap|duplicate-title",""
"chromium","2026-08-31T15:02:00.104Z","prod-release-2-7-2026-08-28","800-1100","","https://www.trugreen.com/local-lawn-care/iowa/davenport/lawn-care","https://www.trugreen.com/local-lawn-care/iowa/davenport/lawn-care","200","200:https://www.trugreen.com/local-lawn-care/iowa/davenport/lawn-care","TruGreen Davenport: Lawn Care Maintenance Services in Davenport, IA | TruGreen","TruGreen Davenport: Lawn Care Maintenance Services in Davenport, IA | TruGreen","https://www.trugreen.com/local-lawn-care/iowa/davenport","1","https://www.trugreen.com/local-lawn-care/iowa/davenport","1","","200","https://www.trugreen.com/local-lawn-care/iowa/davenport","","","","0","2","We put the ""care"" in ""lawn care."" | Explore our plans.","0","header|footer","jsonld:1;types:BreadcrumbList|WebPage;invalid:0;missing:jsonld_0_missing_@context|jsonld_1_missing_@context","0","0","44","8","https://www.trugreen.com/lawn-care-101 | https://www.trugreen.com/lawn-care-101/learning-center | https://www.trugreen.com/newsroom | https://www.trugreen.com/pay-your-bill | https://www.trugreen.com/pests-products-and-services | https://www.trugreen.com/pga-tour | https://www.trugreen.com/products-and-services | https://www.trugreen.com/why-choose-trugreen/testimonials-and-ratings","","multiple-h1|missing-main|internal-links-missing-from-sitemap|duplicate-title",""
"chromium","2026-08-31T15:02:00.104Z","prod-release-2-7-2026-08-28","800-1100","","https://www.trugreen.com/local-lawn-care/iowa/milford","https://www.trugreen.com/local-lawn-care/iowa/milford","200","200:https://www.trugreen.com/local-lawn-care/iowa/milford","TruGreen Milford: Lawn Care Maintenance Services in Milford, IA | TruGreen","TruGreen Milford: Lawn Care Maintenance Services in Milford, IA | TruGreen","https://www.trugreen.com/local-lawn-care/iowa/milford","1","https://www.trugreen.com/local-lawn-care/iowa/milford","1","","200","https://www.trugreen.com/local-lawn-care/iowa/milford","","","","0","1","Meet your local experts.","0","header|footer","jsonld:1;types:WebPage;invalid:0;missing:","0","0","45","8","https://www.trugreen.com/lawn-care-101 | https://www.trugreen.com/lawn-care-101/learning-center | https://www.trugreen.com/newsroom | https://www.trugreen.com/pay-your-bill | https://www.trugreen.com/pests-products-and-services | https://www.trugreen.com/pga-tour | https://www.trugreen.com/products-and-services | https://www.trugreen.com/why-choose-trugreen/testimonials-and-ratings","","missing-main|internal-links-missing-from-sitemap|duplicate-title",""
"chromium","2026-08-31T15:02:00.104Z","prod-release-2-7-2026-08-28","800-1100","","https://www.trugreen.com/local-lawn-care/iowa/milford/lawn-care","https://www.trugreen.com/local-lawn-care/iowa/milford/lawn-care","200","200:https://www.trugreen.com/local-lawn-care/iowa/milford/lawn-care","TruGreen Milford: Lawn Care Maintenance Services in Milford, IA | TruGreen","TruGreen Milford: Lawn Care Maintenance Services in Milford, IA | TruGreen","https://www.trugreen.com/local-lawn-care/iowa/milford","1","https://www.trugreen.com/local-lawn-care/iowa/milford","1","","200","https://www.trugreen.com/local-lawn-care/iowa/milford","","","","0","2","We put the ""care"" in ""lawn care."" | Explore our plans.","0","header|footer","jsonld:1;types:BreadcrumbList|WebPage;invalid:0;missing:jsonld_0_missing_@context|jsonld_1_missing_@context","0","0","44","8","https://www.trugreen.com/lawn-care-101 | https://www.trugreen.com/lawn-care-101/learning-center | https://www.trugreen.com/newsroom | https://www.trugreen.com/pay-your-bill | https://www.trugreen.com/pests-products-and-services | https://www.trugreen.com/pga-tour | https://www.trugreen.com/products-and-services | https://www.trugreen.com/why-choose-trugreen/testimonials-and-ratings","","multiple-h1|missing-main|internal-links-missing-from-sitemap|duplicate-title",""
"chromium","2026-08-31T15:02:00.104Z","prod-release-2-7-2026-08-28","800-1100","","https://www.trugreen.com/local-lawn-care/iowa/sioux-city","https://www.trugreen.com/local-lawn-care/iowa/sioux-city","200","200:https://www.trugreen.com/local-lawn-care/iowa/sioux-city","TruGreen Sioux City: Lawn Care Maintenance Services in Sioux City, IA | TruGreen","TruGreen Sioux City: Lawn Care Maintenance Services in Sioux City, IA | TruGreen","https://www.trugreen.com/local-lawn-care/iowa/sioux-city","1","https://www.trugreen.com/local-lawn-care/iowa/sioux-city","1","","200","https://www.trugreen.com/local-lawn-care/iowa/sioux-city","","","","0","1","Meet your local experts.","0","header|footer","jsonld:1;types:WebPage;invalid:0;missing:","0","0","45","8","https://www.trugreen.com/lawn-care-101 | https://www.trugreen.com/lawn-care-101/learning-center | https://www.trugreen.com/newsroom | https://www.trugreen.com/pay-your-bill | https://www.trugreen.com/pests-products-and-services | https://www.trugreen.com/pga-tour | https://www.trugreen.com/products-and-services | https://www.trugreen.com/why-choose-trugreen/testimonials-and-ratings","","missing-main|internal-links-missing-from-sitemap|duplicate-title",""
"chromium","2026-08-31T15:02:00.104Z","prod-release-2-7-2026-08-28","800-1100","","https://www.trugreen.com/local-lawn-care/iowa/sioux-city/lawn-care","https://www.trugreen.com/local-lawn-care/iowa/sioux-city/lawn-care","200","200:https://www.trugreen.com/local-lawn-care/iowa/sioux-city/lawn-care","TruGreen Sioux City: Lawn Care Maintenance Services in Sioux City, IA | TruGreen","TruGreen Sioux City: Lawn Care Maintenance Services in Sioux City, IA | TruGreen","https://www.trugreen.com/local-lawn-care/iowa/sioux-city","1","https://www.trugreen.com/local-lawn-care/iowa/sioux-city","1","","200","https://www.trugreen.com/local-lawn-care/iowa/sioux-city","","","","0","2","We put the ""care"" in ""lawn care."" | Explore our plans.","0","header|footer","jsonld:1;types:BreadcrumbList|WebPage;invalid:0;missing:jsonld_0_missing_@context|jsonld_1_missing_@context","0","0","44","8","https://www.trugreen.com/lawn-care-101 | https://www.trugreen.com/lawn-care-101/learning-center | https://www.trugreen.com/newsroom | https://www.trugreen.com/pay-your-bill | https://www.trugreen.com/pests-products-and-services | https://www.trugreen.com/pga-tour | https://www.trugreen.com/products-and-services | https://www.trugreen.com/why-choose-trugreen/testimonials-and-ratings","","multiple-h1|missing-main|internal-links-missing-from-sitemap|duplicate-title",""
"chromium","2026-08-31T15:02:00.104Z","prod-release-2-7-2026-08-28","800-1100","","https://www.trugreen.com/local-lawn-care/kansas","https://www.trugreen.com/local-lawn-care/kansas","200","200:https://www.trugreen.com/local-lawn-care/kansas","TruGreen Kansas: Local Lawn Care Service Near Me | TruGreen","TruGreen Kansas: Local Lawn Care Service Near Me | TruGreen","https://www.trugreen.com/local-lawn-care/kansas","1","https://www.trugreen.com/local-lawn-care/kansas","1","","200","https://www.trugreen.com/local-lawn-care/kansas","","","","0","1","Find your local branch in Kansas.","0","header|footer","jsonld:1;types:BreadcrumbList|CollectionPage|ItemList;invalid:0;missing:jsonld_0_missing_@context|jsonld_1_missing_@context|jsonld_2_missing_@context","0","0","43","8","https://www.trugreen.com/lawn-care-101 | https://www.trugreen.com/lawn-care-101/learning-center | https://www.trugreen.com/newsroom | https://www.trugreen.com/pay-your-bill | https://www.trugreen.com/pests-products-and-services | https://www.trugreen.com/pga-tour | https://www.trugreen.com/products-and-services | https://www.trugreen.com/why-choose-trugreen/testimonials-and-ratings","","missing-main|internal-links-missing-from-sitemap",""
"chromium","2026-08-31T15:02:00.104Z","prod-release-2-7-2026-08-28","800-1100","","https://www.trugreen.com/local-lawn-care/kansas/shawnee","https://www.trugreen.com/local-lawn-care/kansas/shawnee","200","200:https://www.trugreen.com/local-lawn-care/kansas/shawnee","TruGreen K. C. Lenexa: Lawn Care Maintenance Services in K. C. Lenexa, KS | TruGreen","TruGreen K. C. Lenexa: Lawn Care Maintenance Services in K. C. Lenexa, KS | TruGreen","https://www.trugreen.com/local-lawn-care/kansas/shawnee","1","https://www.trugreen.com/local-lawn-care/kansas/shawnee","1","","200","https://www.trugreen.com/local-lawn-care/kansas/shawnee","","","","0","1","Meet your local experts.","0","header|footer","jsonld:1;types:WebPage;invalid:0;missing:","0","0","45","8","https://www.trugreen.com/lawn-care-101 | https://www.trugreen.com/lawn-care-101/learning-center | https://www.trugreen.com/newsroom | https://www.trugreen.com/pay-your-bill | https://www.trugreen.com/pests-products-and-services | https://www.trugreen.com/pga-tour | https://www.trugreen.com/products-and-services | https://www.trugreen.com/why-choose-trugreen/testimonials-and-ratings","","missing-main|internal-links-missing-from-sitemap|duplicate-title",""
"chromium","2026-08-31T15:02:00.104Z","prod-release-2-7-2026-08-28","800-1100","","https://www.trugreen.com/local-lawn-care/kansas/shawnee/lawn-care","https://www.trugreen.com/local-lawn-care/kansas/shawnee/lawn-care","200","200:https://www.trugreen.com/local-lawn-care/kansas/shawnee/lawn-care","TruGreen K. C. Lenexa: Lawn Care Maintenance Services in K. C. Lenexa, KS | TruGreen","TruGreen K. C. Lenexa: Lawn Care Maintenance Services in K. C. Lenexa, KS | TruGreen","https://www.trugreen.com/local-lawn-care/kansas/shawnee","1","https://www.trugreen.com/local-lawn-care/kansas/shawnee","1","","200","https://www.trugreen.com/local-lawn-care/kansas/shawnee","","","","0","2","We put the ""care"" in ""lawn care."" | Explore our plans.","0","header|footer","jsonld:1;types:BreadcrumbList|WebPage;invalid:0;missing:jsonld_0_missing_@context|jsonld_1_missing_@context","0","0","44","8","https://www.trugreen.com/lawn-care-101 | https://www.trugreen.com/lawn-care-101/learning-center | https://www.trugreen.com/newsroom | https://www.trugreen.com/pay-your-bill | https://www.trugreen.com/pests-products-and-services | https://www.trugreen.com/pga-tour | https://www.trugreen.com/products-and-services | https://www.trugreen.com/why-choose-trugreen/testimonials-and-ratings","","multiple-h1|missing-main|internal-links-missing-from-sitemap|duplicate-title",""
"chromium","2026-08-31T15:02:00.104Z","prod-release-2-7-2026-08-28","800-1100","","https://www.trugreen.com/local-lawn-care/kansas/wichita","https://www.trugreen.com/local-lawn-care/kansas/wichita","200","200:https://www.trugreen.com/local-lawn-care/kansas/wichita","TruGreen Wichita: Lawn Care Maintenance Services in Wichita, KS | TruGreen","TruGreen Wichita: Lawn Care Maintenance Services in Wichita, KS | TruGreen","https://www.trugreen.com/local-lawn-care/kansas/wichita","1","https://www.trugreen.com/local-lawn-care/kansas/wichita","1","","200","https://www.trugreen.com/local-lawn-care/kansas/wichita","","","","0","1","Meet your local experts.","0","header|footer","jsonld:1;types:WebPage;invalid:0;missing:","0","0","45","8","https://www.trugreen.com/lawn-care-101 | https://www.trugreen.com/lawn-care-101/learning-center | https://www.trugreen.com/newsroom | https://www.trugreen.com/pay-your-bill | https://www.trugreen.com/pests-products-and-services | https://www.trugreen.com/pga-tour | https://www.trugreen.com/products-and-services | https://www.trugreen.com/why-choose-trugreen/testimonials-and-ratings","","missing-main|internal-links-missing-from-sitemap|duplicate-title",""
"chromium","2026-08-31T15:02:00.104Z","prod-release-2-7-2026-08-28","800-1100","","https://www.trugreen.com/local-lawn-care/kansas/wichita/lawn-care","https://www.trugreen.com/local-lawn-care/kansas/wichita/lawn-care","200","200:https://www.trugreen.com/local-lawn-care/kansas/wichita/lawn-care","TruGreen Wichita: Lawn Care Maintenance Services in Wichita, KS | TruGreen","TruGreen Wichita: Lawn Care Maintenance Services in Wichita, KS | TruGreen","https://www.trugreen.com/local-lawn-care/kansas/wichita","1","https://www.trugreen.com/local-lawn-care/kansas/wichita","1","","200","https://www.trugreen.com/local-lawn-care/kansas/wichita","","","","0","2","We put the ""care"" in ""lawn care."" | Explore our plans.","0","header|footer","jsonld:1;types:BreadcrumbList|WebPage;invalid:0;missing:jsonld_0_missing_@context|jsonld_1_missing_@context","0","0","44","8","https://www.trugreen.com/lawn-care-101 | https://www.trugreen.com/lawn-care-101/learning-center | https://www.trugreen.com/newsroom | https://www.trugreen.com/pay-your-bill | https://www.trugreen.com/pests-products-and-services | https://www.trugreen.com/pga-tour | https://www.trugreen.com/products-and-services | https://www.trugreen.com/why-choose-trugreen/testimonials-and-ratings","","multiple-h1|missing-main|internal-links-missing-from-sitemap|duplicate-title",""
"chromium","2026-08-31T15:02:00.104Z","prod-release-2-7-2026-08-28","800-1100","","https://www.trugreen.com/local-lawn-care/kentucky","https://www.trugreen.com/local-lawn-care/kentucky","200","200:https://www.trugreen.com/local-lawn-care/kentucky","TruGreen Kentucky: Local Lawn Care Service Near Me | TruGreen","TruGreen Kentucky: Local Lawn Care Service Near Me | TruGreen","https://www.trugreen.com/local-lawn-care/kentucky","1","https://www.trugreen.com/local-lawn-care/kentucky","1","","200","https://www.trugreen.com/local-lawn-care/kentucky","","","","0","1","Find your local branch in Kentucky.","0","header|footer","jsonld:1;types:BreadcrumbList|CollectionPage|ItemList;invalid:0;missing:jsonld_0_missing_@context|jsonld_1_missing_@context|jsonld_2_missing_@context","0","0","45","8","https://www.trugreen.com/lawn-care-101 | https://www.trugreen.com/lawn-care-101/learning-center | https://www.trugreen.com/newsroom | https://www.trugreen.com/pay-your-bill | https://www.trugreen.com/pests-products-and-services | https://www.trugreen.com/pga-tour | https://www.trugreen.com/products-and-services | https://www.trugreen.com/why-choose-trugreen/testimonials-and-ratings","","missing-main|internal-links-missing-from-sitemap",""
"chromium","2026-08-31T15:02:00.104Z","prod-release-2-7-2026-08-28","800-1100","","https://www.trugreen.com/local-lawn-care/kentucky/florence","https://www.trugreen.com/local-lawn-care/kentucky/florence","200","200:https://www.trugreen.com/local-lawn-care/kentucky/florence","TruGreen Cincinnati South: Lawn Care Maintenance Services in Cincinnati South, KY | TruGreen","TruGreen Cincinnati South: Lawn Care Maintenance Services in Cincinnati South, KY | TruGreen","https://www.trugreen.com/local-lawn-care/kentucky/florence","1","https://www.trugreen.com/local-lawn-care/kentucky/florence","1","","200","https://www.trugreen.com/local-lawn-care/kentucky/florence","","","","0","1","Meet your local experts.","0","header|footer","jsonld:1;types:WebPage;invalid:0;missing:","0","0","45","8","https://www.trugreen.com/lawn-care-101 | https://www.trugreen.com/lawn-care-101/learning-center | https://www.trugreen.com/newsroom | https://www.trugreen.com/pay-your-bill | https://www.trugreen.com/pests-products-and-services | https://www.trugreen.com/pga-tour | https://www.trugreen.com/products-and-services | https://www.trugreen.com/why-choose-trugreen/testimonials-and-ratings","","missing-main|internal-links-missing-from-sitemap|duplicate-title",""
"chromium","2026-08-31T15:02:00.104Z","prod-release-2-7-2026-08-28","800-1100","","https://www.trugreen.com/local-lawn-care/kentucky/florence/lawn-care","https://www.trugreen.com/local-lawn-care/kentucky/florence/lawn-care","200","200:https://www.trugreen.com/local-lawn-care/kentucky/florence/lawn-care","TruGreen Cincinnati South: Lawn Care Maintenance Services in Cincinnati South, KY | TruGreen","TruGreen Cincinnati South: Lawn Care Maintenance Services in Cincinnati South, KY | TruGreen","https://www.trugreen.com/local-lawn-care/kentucky/florence","1","https://www.trugreen.com/local-lawn-care/kentucky/florence","1","","200","https://www.trugreen.com/local-lawn-care/kentucky/florence","","","","0","2","We put the ""care"" in ""lawn care."" | Explore our plans.","0","header|footer","jsonld:1;types:BreadcrumbList|WebPage;invalid:0;missing:jsonld_0_missing_@context|jsonld_1_missing_@context","0","0","45","9","https://www.trugreen.com/lawn-care-101 | https://www.trugreen.com/lawn-care-101/learning-center | https://www.trugreen.com/newsroom | https://www.trugreen.com/pay-your-bill | https://www.trugreen.com/pests-products-and-services | https://www.trugreen.com/pga-tour | https://www.trugreen.com/products-and-services | https://www.trugreen.com/products-and-services/6606-trucomplete-8-svcs-aer-incl-grub | https://www.trugreen.com/why-choose-trugreen/testimonials-and-ratings","","multiple-h1|missing-main|internal-links-missing-from-sitemap|duplicate-title",""
"chromium","2026-08-31T15:02:00.104Z","prod-release-2-7-2026-08-28","800-1100","","https://www.trugreen.com/local-lawn-care/kentucky/lexington","https://www.trugreen.com/local-lawn-care/kentucky/lexington","200","200:https://www.trugreen.com/local-lawn-care/kentucky/lexington","TruGreen Lexington: Lawn Care Maintenance Services in Lexington, KY | TruGreen","TruGreen Lexington: Lawn Care Maintenance Services in Lexington, KY | TruGreen","https://www.trugreen.com/local-lawn-care/kentucky/lexington","1","https://www.trugreen.com/local-lawn-care/kentucky/lexington","1","","200","https://www.trugreen.com/local-lawn-care/kentucky/lexington","","","","0","1","Meet your local experts.","0","header|footer","jsonld:1;types:WebPage;invalid:0;missing:","0","0","45","8","https://www.trugreen.com/lawn-care-101 | https://www.trugreen.com/lawn-care-101/learning-center | https://www.trugreen.com/newsroom | https://www.trugreen.com/pay-your-bill | https://www.trugreen.com/pests-products-and-services | https://www.trugreen.com/pga-tour | https://www.trugreen.com/products-and-services | https://www.trugreen.com/why-choose-trugreen/testimonials-and-ratings","","missing-main|internal-links-missing-from-sitemap|duplicate-title",""
"chromium","2026-08-31T15:02:00.104Z","prod-release-2-7-2026-08-28","800-1100","","https://www.trugreen.com/local-lawn-care/kentucky/lexington/lawn-care","https://www.trugreen.com/local-lawn-care/kentucky/lexington/lawn-care","200","200:https://www.trugreen.com/local-lawn-care/kentucky/lexington/lawn-care","TruGreen Lexington: Lawn Care Maintenance Services in Lexington, KY | TruGreen","TruGreen Lexington: Lawn Care Maintenance Services in Lexington, KY | TruGreen","https://www.trugreen.com/local-lawn-care/kentucky/lexington","1","https://www.trugreen.com/local-lawn-care/kentucky/lexington","1","","200","https://www.trugreen.com/local-lawn-care/kentucky/lexington","","","","0","2","We put the ""care"" in ""lawn care."" | Explore our plans.","0","header|footer","jsonld:1;types:BreadcrumbList|WebPage;invalid:0;missing:jsonld_0_missing_@context|jsonld_1_missing_@context","0","0","44","8","https://www.trugreen.com/lawn-care-101 | https://www.trugreen.com/lawn-care-101/learning-center | https://www.trugreen.com/newsroom | https://www.trugreen.com/pay-your-bill | https://www.trugreen.com/pests-products-and-services | https://www.trugreen.com/pga-tour | https://www.trugreen.com/products-and-services | https://www.trugreen.com/why-choose-trugreen/testimonials-and-ratings","","multiple-h1|missing-main|internal-links-missing-from-sitemap|duplicate-title",""
"chromium","2026-08-31T15:02:00.104Z","prod-release-2-7-2026-08-28","800-1100","","https://www.trugreen.com/local-lawn-care/kentucky/louisville","https://www.trugreen.com/local-lawn-care/kentucky/louisville","200","200:https://www.trugreen.com/local-lawn-care/kentucky/louisville","TruGreen Louisville: Lawn Care Maintenance Services in Louisville, KY | TruGreen","TruGreen Louisville: Lawn Care Maintenance Services in Louisville, KY | TruGreen","https://www.trugreen.com/local-lawn-care/kentucky/louisville","1","https://www.trugreen.com/local-lawn-care/kentucky/louisville","1","","200","https://www.trugreen.com/local-lawn-care/kentucky/louisville","","","","0","1","Meet your local experts.","0","header|footer","jsonld:1;types:WebPage;invalid:0;missing:","0","0","45","8","https://www.trugreen.com/lawn-care-101 | https://www.trugreen.com/lawn-care-101/learning-center | https://www.trugreen.com/newsroom | https://www.trugreen.com/pay-your-bill | https://www.trugreen.com/pests-products-and-services | https://www.trugreen.com/pga-tour | https://www.trugreen.com/products-and-services | https://www.trugreen.com/why-choose-trugreen/testimonials-and-ratings","","missing-main|internal-links-missing-from-sitemap|duplicate-title",""
"chromium","2026-08-31T15:02:00.104Z","prod-release-2-7-2026-08-28","800-1100","","https://www.trugreen.com/local-lawn-care/kentucky/louisville/lawn-care","https://www.trugreen.com/local-lawn-care/kentucky/louisville/lawn-care","200","200:https://www.trugreen.com/local-lawn-care/kentucky/louisville/lawn-care","TruGreen Louisville: Lawn Care Maintenance Services in Louisville, KY | TruGreen","TruGreen Louisville: Lawn Care Maintenance Services in Louisville, KY | TruGreen","https://www.trugreen.com/local-lawn-care/kentucky/louisville","1","https://www.trugreen.com/local-lawn-care/kentucky/louisville","1","","200","https://www.trugreen.com/local-lawn-care/kentucky/louisville","","","","0","2","We put the ""care"" in ""lawn care."" | Explore our plans.","0","header|footer","jsonld:1;types:BreadcrumbList|WebPage;invalid:0;missing:jsonld_0_missing_@context|jsonld_1_missing_@context","0","0","44","8","https://www.trugreen.com/lawn-care-101 | https://www.trugreen.com/lawn-care-101/learning-center | https://www.trugreen.com/newsroom | https://www.trugreen.com/pay-your-bill | https://www.trugreen.com/pests-products-and-services | https://www.trugreen.com/pga-tour | https://www.trugreen.com/products-and-services | https://www.trugreen.com/why-choose-trugreen/testimonials-and-ratings","","multiple-h1|missing-main|internal-links-missing-from-sitemap|duplicate-title",""
"chromium","2026-08-31T15:02:00.104Z","prod-release-2-7-2026-08-28","800-1100","","https://www.trugreen.com/local-lawn-care/kentucky/paducah","https://www.trugreen.com/local-lawn-care/kentucky/paducah","200","200:https://www.trugreen.com/local-lawn-care/kentucky/paducah","TruGreen Paducah: Lawn Care Maintenance Services in Paducah, KY | TruGreen","TruGreen Paducah: Lawn Care Maintenance Services in Paducah, KY | TruGreen","https://www.trugreen.com/local-lawn-care/kentucky/paducah","1","https://www.trugreen.com/local-lawn-care/kentucky/paducah","1","","200","https://www.trugreen.com/local-lawn-care/kentucky/paducah","","","","0","1","Meet your local experts.","0","header|footer","jsonld:1;types:WebPage;invalid:0;missing:","0","0","45","8","https://www.trugreen.com/lawn-care-101 | https://www.trugreen.com/lawn-care-101/learning-center | https://www.trugreen.com/newsroom | https://www.trugreen.com/pay-your-bill | https://www.trugreen.com/pests-products-and-services | https://www.trugreen.com/pga-tour | https://www.trugreen.com/products-and-services | https://www.trugreen.com/why-choose-trugreen/testimonials-and-ratings","","missing-main|internal-links-missing-from-sitemap|duplicate-title",""
"chromium","2026-08-31T15:02:00.104Z","prod-release-2-7-2026-08-28","800-1100","","https://www.trugreen.com/local-lawn-care/kentucky/paducah/lawn-care","https://www.trugreen.com/local-lawn-care/kentucky/paducah/lawn-care","200","200:https://www.trugreen.com/local-lawn-care/kentucky/paducah/lawn-care","TruGreen Paducah: Lawn Care Maintenance Services in Paducah, KY | TruGreen","TruGreen Paducah: Lawn Care Maintenance Services in Paducah, KY | TruGreen","https://www.trugreen.com/local-lawn-care/kentucky/paducah","1","https://www.trugreen.com/local-lawn-care/kentucky/paducah","1","","200","https://www.trugreen.com/local-lawn-care/kentucky/paducah","","","","0","2","We put the ""care"" in ""lawn care."" | Explore our plans.","0","header|footer","jsonld:1;types:BreadcrumbList|WebPage;invalid:0;missing:jsonld_0_missing_@context|jsonld_1_missing_@context","0","0","44","8","https://www.trugreen.com/lawn-care-101 | https://www.trugreen.com/lawn-care-101/learning-center | https://www.trugreen.com/newsroom | https://www.trugreen.com/pay-your-bill | https://www.trugreen.com/pests-products-and-services | https://www.trugreen.com/pga-tour | https://www.trugreen.com/products-and-services | https://www.trugreen.com/why-choose-trugreen/testimonials-and-ratings","","multiple-h1|missing-main|internal-links-missing-from-sitemap|duplicate-title",""
"chromium","2026-08-31T15:02:00.104Z","prod-release-2-7-2026-08-28","800-1100","","https://www.trugreen.com/local-lawn-care/kentucky/russellville","https://www.trugreen.com/local-lawn-care/kentucky/russellville","200","200:https://www.trugreen.com/local-lawn-care/kentucky/russellville","TruGreen Russellville: Lawn Care Maintenance Services in Russellville, KY | TruGreen","TruGreen Russellville: Lawn Care Maintenance Services in Russellville, KY | TruGreen","https://www.trugreen.com/local-lawn-care/kentucky/russellville","1","https://www.trugreen.com/local-lawn-care/kentucky/russellville","1","","200","https://www.trugreen.com/local-lawn-care/kentucky/russellville","","","","0","1","Meet your local experts.","0","header|footer","jsonld:1;types:WebPage;invalid:0;missing:","0","0","45","8","https://www.trugreen.com/lawn-care-101 | https://www.trugreen.com/lawn-care-101/learning-center | https://www.trugreen.com/newsroom | https://www.trugreen.com/pay-your-bill | https://www.trugreen.com/pests-products-and-services | https://www.trugreen.com/pga-tour | https://www.trugreen.com/products-and-services | https://www.trugreen.com/why-choose-trugreen/testimonials-and-ratings","","missing-main|internal-links-missing-from-sitemap|duplicate-title",""
"chromium","2026-08-31T15:02:00.104Z","prod-release-2-7-2026-08-28","800-1100","","https://www.trugreen.com/local-lawn-care/kentucky/russellville/lawn-care","https://www.trugreen.com/local-lawn-care/kentucky/russellville/lawn-care","200","200:https://www.trugreen.com/local-lawn-care/kentucky/russellville/lawn-care","TruGreen Russellville: Lawn Care Maintenance Services in Russellville, KY | TruGreen","TruGreen Russellville: Lawn Care Maintenance Services in Russellville, KY | TruGreen","https://www.trugreen.com/local-lawn-care/kentucky/russellville","1","https://www.trugreen.com/local-lawn-care/kentucky/russellville","1","","200","https://www.trugreen.com/local-lawn-care/kentucky/russellville","","","","0","2","We put the ""care"" in ""lawn care."" | Explore our plans.","0","header|footer","jsonld:1;types:BreadcrumbList|WebPage;invalid:0;missing:jsonld_0_missing_@context|jsonld_1_missing_@context","0","0","44","8","https://www.trugreen.com/lawn-care-101 | https://www.trugreen.com/lawn-care-101/learning-center | https://www.trugreen.com/newsroom | https://www.trugreen.com/pay-your-bill | https://www.trugreen.com/pests-products-and-services | https://www.trugreen.com/pga-tour | https://www.trugreen.com/products-and-services | https://www.trugreen.com/why-choose-trugreen/testimonials-and-ratings","","multiple-h1|missing-main|internal-links-missing-from-sitemap|duplicate-title",""
"chromium","2026-08-31T15:02:00.104Z","prod-release-2-7-2026-08-28","800-1100","","https://www.trugreen.com/local-lawn-care/louisiana","https://www.trugreen.com/local-lawn-care/louisiana","200","200:https://www.trugreen.com/local-lawn-care/louisiana","TruGreen Louisiana: Local Lawn Care Service Near Me | TruGreen","TruGreen Louisiana: Local Lawn Care Service Near Me | TruGreen","https://www.trugreen.com/local-lawn-care/louisiana","1","https://www.trugreen.com/local-lawn-care/louisiana","1","","200","https://www.trugreen.com/local-lawn-care/louisiana","","","","0","1","Find your local branch in Louisiana.","0","header|footer","jsonld:1;types:BreadcrumbList|CollectionPage|ItemList;invalid:0;missing:jsonld_0_missing_@context|jsonld_1_missing_@context|jsonld_2_missing_@context","0","0","46","8","https://www.trugreen.com/lawn-care-101 | https://www.trugreen.com/lawn-care-101/learning-center | https://www.trugreen.com/newsroom | https://www.trugreen.com/pay-your-bill | https://www.trugreen.com/pests-products-and-services | https://www.trugreen.com/pga-tour | https://www.trugreen.com/products-and-services | https://www.trugreen.com/why-choose-trugreen/testimonials-and-ratings","","missing-main|internal-links-missing-from-sitemap",""
"chromium","2026-08-31T15:02:00.104Z","prod-release-2-7-2026-08-28","800-1100","","https://www.trugreen.com/local-lawn-care/louisiana/alexandria","https://www.trugreen.com/local-lawn-care/louisiana/alexandria","200","200:https://www.trugreen.com/local-lawn-care/louisiana/alexandria","TruGreen Alexandria: Lawn Care Maintenance Services in Alexandria, LA | TruGreen","TruGreen Alexandria: Lawn Care Maintenance Services in Alexandria, LA | TruGreen","https://www.trugreen.com/local-lawn-care/louisiana/alexandria","1","https://www.trugreen.com/local-lawn-care/louisiana/alexandria","1","","200","https://www.trugreen.com/local-lawn-care/louisiana/alexandria","","","","0","1","Meet your local experts.","0","header|footer","jsonld:1;types:WebPage;invalid:0;missing:","0","0","45","8","https://www.trugreen.com/lawn-care-101 | https://www.trugreen.com/lawn-care-101/learning-center | https://www.trugreen.com/newsroom | https://www.trugreen.com/pay-your-bill | https://www.trugreen.com/pests-products-and-services | https://www.trugreen.com/pga-tour | https://www.trugreen.com/products-and-services | https://www.trugreen.com/why-choose-trugreen/testimonials-and-ratings","","missing-main|internal-links-missing-from-sitemap|duplicate-title",""
"chromium","2026-08-31T15:02:00.104Z","prod-release-2-7-2026-08-28","800-1100","","https://www.trugreen.com/local-lawn-care/louisiana/alexandria/lawn-care","https://www.trugreen.com/local-lawn-care/louisiana/alexandria/lawn-care","200","200:https://www.trugreen.com/local-lawn-care/louisiana/alexandria/lawn-care","TruGreen Alexandria: Lawn Care Maintenance Services in Alexandria, LA | TruGreen","TruGreen Alexandria: Lawn Care Maintenance Services in Alexandria, LA | TruGreen","https://www.trugreen.com/local-lawn-care/louisiana/alexandria","1","https://www.trugreen.com/local-lawn-care/louisiana/alexandria","1","","200","https://www.trugreen.com/local-lawn-care/louisiana/alexandria","","","","0","2","We put the ""care"" in ""lawn care."" | Explore our plans.","0","header|footer","jsonld:1;types:BreadcrumbList|WebPage;invalid:0;missing:jsonld_0_missing_@context|jsonld_1_missing_@context","0","0","44","8","https://www.trugreen.com/lawn-care-101 | https://www.trugreen.com/lawn-care-101/learning-center | https://www.trugreen.com/newsroom | https://www.trugreen.com/pay-your-bill | https://www.trugreen.com/pests-products-and-services | https://www.trugreen.com/pga-tour | https://www.trugreen.com/products-and-services | https://www.trugreen.com/why-choose-trugreen/testimonials-and-ratings","","multiple-h1|missing-main|internal-links-missing-from-sitemap|duplicate-title",""
"chromium","2026-08-31T15:02:00.104Z","prod-release-2-7-2026-08-28","800-1100","","https://www.trugreen.com/local-lawn-care/louisiana/bossier-city","https://www.trugreen.com/local-lawn-care/louisiana/bossier-city","200","200:https://www.trugreen.com/local-lawn-care/louisiana/bossier-city","TruGreen Shreveport: Lawn Care Maintenance Services in Shreveport, LA | TruGreen","TruGreen Shreveport: Lawn Care Maintenance Services in Shreveport, LA | TruGreen","https://www.trugreen.com/local-lawn-care/louisiana/bossier-city","1","https://www.trugreen.com/local-lawn-care/louisiana/bossier-city","1","","200","https://www.trugreen.com/local-lawn-care/louisiana/bossier-city","","","","0","1","Meet your local experts.","0","header|footer","jsonld:1;types:WebPage;invalid:0;missing:","0","0","45","8","https://www.trugreen.com/lawn-care-101 | https://www.trugreen.com/lawn-care-101/learning-center | https://www.trugreen.com/newsroom | https://www.trugreen.com/pay-your-bill | https://www.trugreen.com/pests-products-and-services | https://www.trugreen.com/pga-tour | https://www.trugreen.com/products-and-services | https://www.trugreen.com/why-choose-trugreen/testimonials-and-ratings","","missing-main|internal-links-missing-from-sitemap|duplicate-title",""
"chromium","2026-08-31T15:02:00.104Z","prod-release-2-7-2026-08-28","800-1100","","https://www.trugreen.com/local-lawn-care/louisiana/bossier-city/lawn-care","https://www.trugreen.com/local-lawn-care/louisiana/bossier-city/lawn-care","200","200:https://www.trugreen.com/local-lawn-care/louisiana/bossier-city/lawn-care","TruGreen Shreveport: Lawn Care Maintenance Services in Shreveport, LA | TruGreen","TruGreen Shreveport: Lawn Care Maintenance Services in Shreveport, LA | TruGreen","https://www.trugreen.com/local-lawn-care/louisiana/bossier-city","1","https://www.trugreen.com/local-lawn-care/louisiana/bossier-city","1","","200","https://www.trugreen.com/local-lawn-care/louisiana/bossier-city","","","","0","2","We put the ""care"" in ""lawn care."" | Explore our plans.","0","header|footer","jsonld:1;types:BreadcrumbList|WebPage;invalid:0;missing:jsonld_0_missing_@context|jsonld_1_missing_@context","0","0","44","8","https://www.trugreen.com/lawn-care-101 | https://www.trugreen.com/lawn-care-101/learning-center | https://www.trugreen.com/newsroom | https://www.trugreen.com/pay-your-bill | https://www.trugreen.com/pests-products-and-services | https://www.trugreen.com/pga-tour | https://www.trugreen.com/products-and-services | https://www.trugreen.com/why-choose-trugreen/testimonials-and-ratings","","multiple-h1|missing-main|internal-links-missing-from-sitemap|duplicate-title",""
"chromium","2026-08-31T15:02:00.104Z","prod-release-2-7-2026-08-28","800-1100","","https://www.trugreen.com/local-lawn-care/louisiana/prairieville","https://www.trugreen.com/local-lawn-care/louisiana/prairieville","200","200:https://www.trugreen.com/local-lawn-care/louisiana/prairieville","TruGreen Baton Rouge: Lawn Care Maintenance Services in Baton Rouge, LA | TruGreen","TruGreen Baton Rouge: Lawn Care Maintenance Services in Baton Rouge, LA | TruGreen","https://www.trugreen.com/local-lawn-care/louisiana/prairieville","1","https://www.trugreen.com/local-lawn-care/louisiana/prairieville","1","","200","https://www.trugreen.com/local-lawn-care/louisiana/prairieville","","","","0","1","Meet your local experts.","0","header|footer","jsonld:1;types:WebPage;invalid:0;missing:","0","0","45","8","https://www.trugreen.com/lawn-care-101 | https://www.trugreen.com/lawn-care-101/learning-center | https://www.trugreen.com/newsroom | https://www.trugreen.com/pay-your-bill | https://www.trugreen.com/pests-products-and-services | https://www.trugreen.com/pga-tour | https://www.trugreen.com/products-and-services | https://www.trugreen.com/why-choose-trugreen/testimonials-and-ratings","","missing-main|internal-links-missing-from-sitemap|duplicate-title",""
"chromium","2026-08-31T15:02:00.104Z","prod-release-2-7-2026-08-28","800-1100","","https://www.trugreen.com/local-lawn-care/louisiana/prairieville/lawn-care","https://www.trugreen.com/local-lawn-care/louisiana/prairieville/lawn-care","200","200:https://www.trugreen.com/local-lawn-care/louisiana/prairieville/lawn-care","TruGreen Baton Rouge: Lawn Care Maintenance Services in Baton Rouge, LA | TruGreen","TruGreen Baton Rouge: Lawn Care Maintenance Services in Baton Rouge, LA | TruGreen","https://www.trugreen.com/local-lawn-care/louisiana/prairieville","1","https://www.trugreen.com/local-lawn-care/louisiana/prairieville","1","","200","https://www.trugreen.com/local-lawn-care/louisiana/prairieville","","","","0","2","We put the ""care"" in ""lawn care."" | Explore our plans.","0","header|footer","jsonld:1;types:BreadcrumbList|WebPage;invalid:0;missing:jsonld_0_missing_@context|jsonld_1_missing_@context","0","0","44","8","https://www.trugreen.com/lawn-care-101 | https://www.trugreen.com/lawn-care-101/learning-center | https://www.trugreen.com/newsroom | https://www.trugreen.com/pay-your-bill | https://www.trugreen.com/pests-products-and-services | https://www.trugreen.com/pga-tour | https://www.trugreen.com/products-and-services | https://www.trugreen.com/why-choose-trugreen/testimonials-and-ratings","","multiple-h1|missing-main|internal-links-missing-from-sitemap|duplicate-title",""
"chromium","2026-08-31T15:02:00.104Z","prod-release-2-7-2026-08-28","800-1100","","https://www.trugreen.com/local-lawn-care/louisiana/scott","https://www.trugreen.com/local-lawn-care/louisiana/scott","200","200:https://www.trugreen.com/local-lawn-care/louisiana/scott","TruGreen Lafayette: Lawn Care Maintenance Services in Lafayette, LA | TruGreen","TruGreen Lafayette: Lawn Care Maintenance Services in Lafayette, LA | TruGreen","https://www.trugreen.com/local-lawn-care/louisiana/scott","1","https://www.trugreen.com/local-lawn-care/louisiana/scott","1","","200","https://www.trugreen.com/local-lawn-care/louisiana/scott","","","","0","1","Meet your local experts.","0","header|footer","jsonld:1;types:WebPage;invalid:0;missing:","0","0","45","8","https://www.trugreen.com/lawn-care-101 | https://www.trugreen.com/lawn-care-101/learning-center | https://www.trugreen.com/newsroom | https://www.trugreen.com/pay-your-bill | https://www.trugreen.com/pests-products-and-services | https://www.trugreen.com/pga-tour | https://www.trugreen.com/products-and-services | https://www.trugreen.com/why-choose-trugreen/testimonials-and-ratings","","missing-main|internal-links-missing-from-sitemap|duplicate-title",""
"chromium","2026-08-31T15:02:00.104Z","prod-release-2-7-2026-08-28","800-1100","","https://www.trugreen.com/local-lawn-care/louisiana/scott-1","https://www.trugreen.com/local-lawn-care/louisiana/scott-1","200","200:https://www.trugreen.com/local-lawn-care/louisiana/scott-1","TruGreen Lake Charles: Lawn Care Maintenance Services in Lake Charles, LA | TruGreen","TruGreen Lake Charles: Lawn Care Maintenance Services in Lake Charles, LA | TruGreen","https://www.trugreen.com/local-lawn-care/louisiana/scott-1","1","https://www.trugreen.com/local-lawn-care/louisiana/scott-1","1","","200","https://www.trugreen.com/local-lawn-care/louisiana/scott-1","","","","0","1","Meet your local experts.","0","header|footer","jsonld:1;types:WebPage;invalid:0;missing:","0","0","45","8","https://www.trugreen.com/lawn-care-101 | https://www.trugreen.com/lawn-care-101/learning-center | https://www.trugreen.com/newsroom | https://www.trugreen.com/pay-your-bill | https://www.trugreen.com/pests-products-and-services | https://www.trugreen.com/pga-tour | https://www.trugreen.com/products-and-services | https://www.trugreen.com/why-choose-trugreen/testimonials-and-ratings","","missing-main|internal-links-missing-from-sitemap|duplicate-title",""
"chromium","2026-08-31T15:02:00.104Z","prod-release-2-7-2026-08-28","800-1100","","https://www.trugreen.com/local-lawn-care/louisiana/scott-1/lawn-care","https://www.trugreen.com/local-lawn-care/louisiana/scott-1/lawn-care","200","200:https://www.trugreen.com/local-lawn-care/louisiana/scott-1/lawn-care","TruGreen Lake Charles: Lawn Care Maintenance Services in Lake Charles, LA | TruGreen","TruGreen Lake Charles: Lawn Care Maintenance Services in Lake Charles, LA | TruGreen","https://www.trugreen.com/local-lawn-care/louisiana/scott-1","1","https://www.trugreen.com/local-lawn-care/louisiana/scott-1","1","","200","https://www.trugreen.com/local-lawn-care/louisiana/scott-1","","","","0","2","We put the ""care"" in ""lawn care."" | Explore our plans.","0","header|footer","jsonld:1;types:BreadcrumbList|WebPage;invalid:0;missing:jsonld_0_missing_@context|jsonld_1_missing_@context","0","0","41","8","https://www.trugreen.com/lawn-care-101 | https://www.trugreen.com/lawn-care-101/learning-center | https://www.trugreen.com/newsroom | https://www.trugreen.com/pay-your-bill | https://www.trugreen.com/pests-products-and-services | https://www.trugreen.com/pga-tour | https://www.trugreen.com/products-and-services | https://www.trugreen.com/why-choose-trugreen/testimonials-and-ratings","","multiple-h1|missing-main|internal-links-missing-from-sitemap|duplicate-title",""
"chromium","2026-08-31T15:02:00.104Z","prod-release-2-7-2026-08-28","800-1100","","https://www.trugreen.com/local-lawn-care/louisiana/scott/lawn-care","https://www.trugreen.com/local-lawn-care/louisiana/scott/lawn-care","200","200:https://www.trugreen.com/local-lawn-care/louisiana/scott/lawn-care","TruGreen Lafayette: Lawn Care Maintenance Services in Lafayette, LA | TruGreen","TruGreen Lafayette: Lawn Care Maintenance Services in Lafayette, LA | TruGreen","https://www.trugreen.com/local-lawn-care/louisiana/scott","1","https://www.trugreen.com/local-lawn-care/louisiana/scott","1","","200","https://www.trugreen.com/local-lawn-care/louisiana/scott","","","","0","2","We put the ""care"" in ""lawn care."" | Explore our plans.","0","header|footer","jsonld:1;types:BreadcrumbList|WebPage;invalid:0;missing:jsonld_0_missing_@context|jsonld_1_missing_@context","0","0","44","8","https://www.trugreen.com/lawn-care-101 | https://www.trugreen.com/lawn-care-101/learning-center | https://www.trugreen.com/newsroom | https://www.trugreen.com/pay-your-bill | https://www.trugreen.com/pests-products-and-services | https://www.trugreen.com/pga-tour | https://www.trugreen.com/products-and-services | https://www.trugreen.com/why-choose-trugreen/testimonials-and-ratings","","multiple-h1|missing-main|internal-links-missing-from-sitemap|duplicate-title",""
"chromium","2026-08-31T15:02:00.104Z","prod-release-2-7-2026-08-28","800-1100","","https://www.trugreen.com/local-lawn-care/louisiana/west-monroe","https://www.trugreen.com/local-lawn-care/louisiana/west-monroe","200","200:https://www.trugreen.com/local-lawn-care/louisiana/west-monroe","TruGreen Monroe: Lawn Care Maintenance Services in Monroe, LA | TruGreen","TruGreen Monroe: Lawn Care Maintenance Services in Monroe, LA | TruGreen","https://www.trugreen.com/local-lawn-care/louisiana/west-monroe","1","https://www.trugreen.com/local-lawn-care/louisiana/west-monroe","1","","200","https://www.trugreen.com/local-lawn-care/louisiana/west-monroe","","","","0","1","Meet your local experts.","0","header|footer","jsonld:1;types:WebPage;invalid:0;missing:","0","0","45","8","https://www.trugreen.com/lawn-care-101 | https://www.trugreen.com/lawn-care-101/learning-center | https://www.trugreen.com/newsroom | https://www.trugreen.com/pay-your-bill | https://www.trugreen.com/pests-products-and-services | https://www.trugreen.com/pga-tour | https://www.trugreen.com/products-and-services | https://www.trugreen.com/why-choose-trugreen/testimonials-and-ratings","","missing-main|internal-links-missing-from-sitemap|duplicate-title",""
"chromium","2026-08-31T15:02:00.104Z","prod-release-2-7-2026-08-28","800-1100","","https://www.trugreen.com/local-lawn-care/louisiana/west-monroe/lawn-care","https://www.trugreen.com/local-lawn-care/louisiana/west-monroe/lawn-care","200","200:https://www.trugreen.com/local-lawn-care/louisiana/west-monroe/lawn-care","TruGreen Monroe: Lawn Care Maintenance Services in Monroe, LA | TruGreen","TruGreen Monroe: Lawn Care Maintenance Services in Monroe, LA | TruGreen","https://www.trugreen.com/local-lawn-care/louisiana/west-monroe","1","https://www.trugreen.com/local-lawn-care/louisiana/west-monroe","1","","200","https://www.trugreen.com/local-lawn-care/louisiana/west-monroe","","","","0","2","We put the ""care"" in ""lawn care."" | Explore our plans.","0","header|footer","jsonld:1;types:BreadcrumbList|WebPage;invalid:0;missing:jsonld_0_missing_@context|jsonld_1_missing_@context","0","0","44","8","https://www.trugreen.com/lawn-care-101 | https://www.trugreen.com/lawn-care-101/learning-center | https://www.trugreen.com/newsroom | https://www.trugreen.com/pay-your-bill | https://www.trugreen.com/pests-products-and-services | https://www.trugreen.com/pga-tour | https://www.trugreen.com/products-and-services | https://www.trugreen.com/why-choose-trugreen/testimonials-and-ratings","","multiple-h1|missing-main|internal-links-missing-from-sitemap|duplicate-title",""
"chromium","2026-08-31T15:02:00.104Z","prod-release-2-7-2026-08-28","800-1100","","https://www.trugreen.com/local-lawn-care/maine","https://www.trugreen.com/local-lawn-care/maine","200","200:https://www.trugreen.com/local-lawn-care/maine","TruGreen Maine: Local Lawn Care Service Near Me | TruGreen","TruGreen Maine: Local Lawn Care Service Near Me | TruGreen","https://www.trugreen.com/local-lawn-care/maine","1","https://www.trugreen.com/local-lawn-care/maine","1","","200","https://www.trugreen.com/local-lawn-care/maine","","","","0","1","Find your local branch in Maine.","0","header|footer","jsonld:1;types:BreadcrumbList|CollectionPage|ItemList;invalid:0;missing:jsonld_0_missing_@context|jsonld_1_missing_@context|jsonld_2_missing_@context","0","0","43","8","https://www.trugreen.com/lawn-care-101 | https://www.trugreen.com/lawn-care-101/learning-center | https://www.trugreen.com/newsroom | https://www.trugreen.com/pay-your-bill | https://www.trugreen.com/pests-products-and-services | https://www.trugreen.com/pga-tour | https://www.trugreen.com/products-and-services | https://www.trugreen.com/why-choose-trugreen/testimonials-and-ratings","","missing-main|internal-links-missing-from-sitemap",""
"chromium","2026-08-31T15:02:00.104Z","prod-release-2-7-2026-08-28","800-1100","","https://www.trugreen.com/local-lawn-care/maine/hermon","https://www.trugreen.com/local-lawn-care/maine/hermon","200","200:https://www.trugreen.com/local-lawn-care/maine/hermon","TruGreen Bangor: Lawn Care Maintenance Services in Bangor, ME | TruGreen","TruGreen Bangor: Lawn Care Maintenance Services in Bangor, ME | TruGreen","https://www.trugreen.com/local-lawn-care/maine/hermon","1","https://www.trugreen.com/local-lawn-care/maine/hermon","1","","200","https://www.trugreen.com/local-lawn-care/maine/hermon","","","","0","1","Meet your local experts.","0","header|footer","jsonld:1;types:WebPage;invalid:0;missing:","0","0","45","8","https://www.trugreen.com/lawn-care-101 | https://www.trugreen.com/lawn-care-101/learning-center | https://www.trugreen.com/newsroom | https://www.trugreen.com/pay-your-bill | https://www.trugreen.com/pests-products-and-services | https://www.trugreen.com/pga-tour | https://www.trugreen.com/products-and-services | https://www.trugreen.com/why-choose-trugreen/testimonials-and-ratings","","missing-main|internal-links-missing-from-sitemap|duplicate-title",""
"chromium","2026-08-31T15:02:00.104Z","prod-release-2-7-2026-08-28","800-1100","","https://www.trugreen.com/local-lawn-care/maine/hermon/lawn-care","https://www.trugreen.com/local-lawn-care/maine/hermon/lawn-care","200","200:https://www.trugreen.com/local-lawn-care/maine/hermon/lawn-care","TruGreen Bangor: Lawn Care Maintenance Services in Bangor, ME | TruGreen","TruGreen Bangor: Lawn Care Maintenance Services in Bangor, ME | TruGreen","https://www.trugreen.com/local-lawn-care/maine/hermon","1","https://www.trugreen.com/local-lawn-care/maine/hermon","1","","200","https://www.trugreen.com/local-lawn-care/maine/hermon","","","","0","2","We put the ""care"" in ""lawn care."" | Explore our plans.","0","header|footer","jsonld:1;types:BreadcrumbList|WebPage;invalid:0;missing:jsonld_0_missing_@context|jsonld_1_missing_@context","0","0","44","8","https://www.trugreen.com/lawn-care-101 | https://www.trugreen.com/lawn-care-101/learning-center | https://www.trugreen.com/newsroom | https://www.trugreen.com/pay-your-bill | https://www.trugreen.com/pests-products-and-services | https://www.trugreen.com/pga-tour | https://www.trugreen.com/products-and-services | https://www.trugreen.com/why-choose-trugreen/testimonials-and-ratings","","multiple-h1|missing-main|internal-links-missing-from-sitemap|duplicate-title",""
"chromium","2026-08-31T15:02:00.104Z","prod-release-2-7-2026-08-28","800-1100","","https://www.trugreen.com/local-lawn-care/maine/westbrook","https://www.trugreen.com/local-lawn-care/maine/westbrook","200","200:https://www.trugreen.com/local-lawn-care/maine/westbrook","TruGreen Portland ME: Lawn Care Maintenance Services in Portland ME, ME | TruGreen","TruGreen Portland ME: Lawn Care Maintenance Services in Portland ME, ME | TruGreen","https://www.trugreen.com/local-lawn-care/maine/westbrook","1","https://www.trugreen.com/local-lawn-care/maine/westbrook","1","","200","https://www.trugreen.com/local-lawn-care/maine/westbrook","","","","0","1","Meet your local experts.","0","header|footer","jsonld:1;types:WebPage;invalid:0;missing:","0","0","45","8","https://www.trugreen.com/lawn-care-101 | https://www.trugreen.com/lawn-care-101/learning-center | https://www.trugreen.com/newsroom | https://www.trugreen.com/pay-your-bill | https://www.trugreen.com/pests-products-and-services | https://www.trugreen.com/pga-tour | https://www.trugreen.com/products-and-services | https://www.trugreen.com/why-choose-trugreen/testimonials-and-ratings","","missing-main|internal-links-missing-from-sitemap|duplicate-title",""
"chromium","2026-08-31T15:02:00.104Z","prod-release-2-7-2026-08-28","800-1100","","https://www.trugreen.com/local-lawn-care/maine/westbrook/lawn-care","https://www.trugreen.com/local-lawn-care/maine/westbrook/lawn-care","200","200:https://www.trugreen.com/local-lawn-care/maine/westbrook/lawn-care","TruGreen Portland ME: Lawn Care Maintenance Services in Portland ME, ME | TruGreen","TruGreen Portland ME: Lawn Care Maintenance Services in Portland ME, ME | TruGreen","https://www.trugreen.com/local-lawn-care/maine/westbrook","1","https://www.trugreen.com/local-lawn-care/maine/westbrook","1","","200","https://www.trugreen.com/local-lawn-care/maine/westbrook","","","","0","2","We put the ""care"" in ""lawn care."" | Explore our plans.","0","header|footer","jsonld:1;types:BreadcrumbList|WebPage;invalid:0;missing:jsonld_0_missing_@context|jsonld_1_missing_@context","0","0","44","8","https://www.trugreen.com/lawn-care-101 | https://www.trugreen.com/lawn-care-101/learning-center | https://www.trugreen.com/newsroom | https://www.trugreen.com/pay-your-bill | https://www.trugreen.com/pests-products-and-services | https://www.trugreen.com/pga-tour | https://www.trugreen.com/products-and-services | https://www.trugreen.com/why-choose-trugreen/testimonials-and-ratings","","multiple-h1|missing-main|internal-links-missing-from-sitemap|duplicate-title",""
"chromium","2026-08-31T15:02:00.104Z","prod-release-2-7-2026-08-28","800-1100","","https://www.trugreen.com/local-lawn-care/maryland","https://www.trugreen.com/local-lawn-care/maryland","200","200:https://www.trugreen.com/local-lawn-care/maryland","TruGreen Maryland: Local Lawn Care Service Near Me | TruGreen","TruGreen Maryland: Local Lawn Care Service Near Me | TruGreen","https://www.trugreen.com/local-lawn-care/maryland","1","https://www.trugreen.com/local-lawn-care/maryland","1","","200","https://www.trugreen.com/local-lawn-care/maryland","","","","0","1","Find your local branch in Maryland.","0","header|footer","jsonld:1;types:BreadcrumbList|CollectionPage|ItemList;invalid:0;missing:jsonld_0_missing_@context|jsonld_1_missing_@context|jsonld_2_missing_@context","0","0","46","8","https://www.trugreen.com/lawn-care-101 | https://www.trugreen.com/lawn-care-101/learning-center | https://www.trugreen.com/newsroom | https://www.trugreen.com/pay-your-bill | https://www.trugreen.com/pests-products-and-services | https://www.trugreen.com/pga-tour | https://www.trugreen.com/products-and-services | https://www.trugreen.com/why-choose-trugreen/testimonials-and-ratings","","missing-main|internal-links-missing-from-sitemap",""
"chromium","2026-08-31T15:02:00.104Z","prod-release-2-7-2026-08-28","800-1100","","https://www.trugreen.com/local-lawn-care/maryland/baltimore","https://www.trugreen.com/local-lawn-care/maryland/baltimore","200","200:https://www.trugreen.com/local-lawn-care/maryland/baltimore","TruGreen White Marsh: Lawn Care Maintenance Services in White Marsh, MD | TruGreen","TruGreen White Marsh: Lawn Care Maintenance Services in White Marsh, MD | TruGreen","https://www.trugreen.com/local-lawn-care/maryland/baltimore","1","https://www.trugreen.com/local-lawn-care/maryland/baltimore","1","","200","https://www.trugreen.com/local-lawn-care/maryland/baltimore","","","","0","1","Meet your local experts.","0","header|footer","jsonld:1;types:WebPage;invalid:0;missing:","0","0","45","8","https://www.trugreen.com/lawn-care-101 | https://www.trugreen.com/lawn-care-101/learning-center | https://www.trugreen.com/newsroom | https://www.trugreen.com/pay-your-bill | https://www.trugreen.com/pests-products-and-services | https://www.trugreen.com/pga-tour | https://www.trugreen.com/products-and-services | https://www.trugreen.com/why-choose-trugreen/testimonials-and-ratings","","missing-main|internal-links-missing-from-sitemap|duplicate-title",""
"chromium","2026-08-31T15:02:00.104Z","prod-release-2-7-2026-08-28","800-1100","","https://www.trugreen.com/local-lawn-care/maryland/baltimore-1","https://www.trugreen.com/local-lawn-care/maryland/baltimore-1","200","200:https://www.trugreen.com/local-lawn-care/maryland/baltimore-1","TruGreen Woodlawn: Lawn Care Maintenance Services in Woodlawn, MD | TruGreen","TruGreen Woodlawn: Lawn Care Maintenance Services in Woodlawn, MD | TruGreen","https://www.trugreen.com/local-lawn-care/maryland/baltimore-1","1","https://www.trugreen.com/local-lawn-care/maryland/baltimore-1","1","","200","https://www.trugreen.com/local-lawn-care/maryland/baltimore-1","","","","0","1","Meet your local experts.","0","header|footer","jsonld:1;types:WebPage;invalid:0;missing:","0","0","45","8","https://www.trugreen.com/lawn-care-101 | https://www.trugreen.com/lawn-care-101/learning-center | https://www.trugreen.com/newsroom | https://www.trugreen.com/pay-your-bill | https://www.trugreen.com/pests-products-and-services | https://www.trugreen.com/pga-tour | https://www.trugreen.com/products-and-services | https://www.trugreen.com/why-choose-trugreen/testimonials-and-ratings","","missing-main|internal-links-missing-from-sitemap|duplicate-title",""
"chromium","2026-08-31T15:02:00.104Z","prod-release-2-7-2026-08-28","800-1100","","https://www.trugreen.com/local-lawn-care/maryland/baltimore-1/lawn-care","https://www.trugreen.com/local-lawn-care/maryland/baltimore-1/lawn-care","200","200:https://www.trugreen.com/local-lawn-care/maryland/baltimore-1/lawn-care","TruGreen Woodlawn: Lawn Care Maintenance Services in Woodlawn, MD | TruGreen","TruGreen Woodlawn: Lawn Care Maintenance Services in Woodlawn, MD | TruGreen","https://www.trugreen.com/local-lawn-care/maryland/baltimore-1","1","https://www.trugreen.com/local-lawn-care/maryland/baltimore-1","1","","200","https://www.trugreen.com/local-lawn-care/maryland/baltimore-1","","","","0","2","We put the ""care"" in ""lawn care."" | Explore our plans.","0","header|footer","jsonld:1;types:BreadcrumbList|WebPage;invalid:0;missing:jsonld_0_missing_@context|jsonld_1_missing_@context","0","0","41","8","https://www.trugreen.com/lawn-care-101 | https://www.trugreen.com/lawn-care-101/learning-center | https://www.trugreen.com/newsroom | https://www.trugreen.com/pay-your-bill | https://www.trugreen.com/pests-products-and-services | https://www.trugreen.com/pga-tour | https://www.trugreen.com/products-and-services | https://www.trugreen.com/why-choose-trugreen/testimonials-and-ratings","","multiple-h1|missing-main|internal-links-missing-from-sitemap|duplicate-title",""
"chromium","2026-08-31T15:02:00.104Z","prod-release-2-7-2026-08-28","800-1100","","https://www.trugreen.com/local-lawn-care/maryland/baltimore/lawn-care","https://www.trugreen.com/local-lawn-care/maryland/baltimore/lawn-care","200","200:https://www.trugreen.com/local-lawn-care/maryland/baltimore/lawn-care","TruGreen White Marsh: Lawn Care Maintenance Services in White Marsh, MD | TruGreen","TruGreen White Marsh: Lawn Care Maintenance Services in White Marsh, MD | TruGreen","https://www.trugreen.com/local-lawn-care/maryland/baltimore","1","https://www.trugreen.com/local-lawn-care/maryland/baltimore","1","","200","https://www.trugreen.com/local-lawn-care/maryland/baltimore","","","","0","2","We put the ""care"" in ""lawn care."" | Explore our plans.","0","header|footer","jsonld:1;types:BreadcrumbList|WebPage;invalid:0;missing:jsonld_0_missing_@context|jsonld_1_missing_@context","0","0","44","8","https://www.trugreen.com/lawn-care-101 | https://www.trugreen.com/lawn-care-101/learning-center | https://www.trugreen.com/newsroom | https://www.trugreen.com/pay-your-bill | https://www.trugreen.com/pests-products-and-services | https://www.trugreen.com/pga-tour | https://www.trugreen.com/products-and-services | https://www.trugreen.com/why-choose-trugreen/testimonials-and-ratings","","multiple-h1|missing-main|internal-links-missing-from-sitemap|duplicate-title",""
"chromium","2026-08-31T15:02:00.104Z","prod-release-2-7-2026-08-28","800-1100","","https://www.trugreen.com/local-lawn-care/maryland/gaithersburg","https://www.trugreen.com/local-lawn-care/maryland/gaithersburg","200","200:https://www.trugreen.com/local-lawn-care/maryland/gaithersburg","TruGreen D.C. North: Lawn Care Maintenance Services in D.C. North, MD | TruGreen","TruGreen D.C. North: Lawn Care Maintenance Services in D.C. North, MD | TruGreen","https://www.trugreen.com/local-lawn-care/maryland/gaithersburg","1","https://www.trugreen.com/local-lawn-care/maryland/gaithersburg","1","","200","https://www.trugreen.com/local-lawn-care/maryland/gaithersburg","","","","0","1","Meet your local experts.","0","header|footer","jsonld:1;types:WebPage;invalid:0;missing:","0","0","45","8","https://www.trugreen.com/lawn-care-101 | https://www.trugreen.com/lawn-care-101/learning-center | https://www.trugreen.com/newsroom | https://www.trugreen.com/pay-your-bill | https://www.trugreen.com/pests-products-and-services | https://www.trugreen.com/pga-tour | https://www.trugreen.com/products-and-services | https://www.trugreen.com/why-choose-trugreen/testimonials-and-ratings","","missing-main|internal-links-missing-from-sitemap|duplicate-title",""
"chromium","2026-08-31T15:02:00.104Z","prod-release-2-7-2026-08-28","800-1100","","https://www.trugreen.com/local-lawn-care/maryland/gaithersburg/lawn-care","https://www.trugreen.com/local-lawn-care/maryland/gaithersburg/lawn-care","200","200:https://www.trugreen.com/local-lawn-care/maryland/gaithersburg/lawn-care","TruGreen D.C. North: Lawn Care Maintenance Services in D.C. North, MD | TruGreen","TruGreen D.C. North: Lawn Care Maintenance Services in D.C. North, MD | TruGreen","https://www.trugreen.com/local-lawn-care/maryland/gaithersburg","1","https://www.trugreen.com/local-lawn-care/maryland/gaithersburg","1","","200","https://www.trugreen.com/local-lawn-care/maryland/gaithersburg","","","","0","2","We put the ""care"" in ""lawn care."" | Explore our plans.","0","header|footer","jsonld:1;types:BreadcrumbList|WebPage;invalid:0;missing:jsonld_0_missing_@context|jsonld_1_missing_@context","0","0","44","8","https://www.trugreen.com/lawn-care-101 | https://www.trugreen.com/lawn-care-101/learning-center | https://www.trugreen.com/newsroom | https://www.trugreen.com/pay-your-bill | https://www.trugreen.com/pests-products-and-services | https://www.trugreen.com/pga-tour | https://www.trugreen.com/products-and-services | https://www.trugreen.com/why-choose-trugreen/testimonials-and-ratings","","multiple-h1|missing-main|internal-links-missing-from-sitemap|duplicate-title",""
"chromium","2026-08-31T15:02:00.104Z","prod-release-2-7-2026-08-28","800-1100","","https://www.trugreen.com/local-lawn-care/maryland/hagerstown","https://www.trugreen.com/local-lawn-care/maryland/hagerstown","200","200:https://www.trugreen.com/local-lawn-care/maryland/hagerstown","TruGreen Hagerstown: Lawn Care Maintenance Services in Hagerstown, MD | TruGreen","TruGreen Hagerstown: Lawn Care Maintenance Services in Hagerstown, MD | TruGreen","https://www.trugreen.com/local-lawn-care/maryland/hagerstown","1","https://www.trugreen.com/local-lawn-care/maryland/hagerstown","1","","200","https://www.trugreen.com/local-lawn-care/maryland/hagerstown","","","","0","1","Meet your local experts.","0","header|footer","jsonld:1;types:WebPage;invalid:0;missing:","0","0","45","8","https://www.trugreen.com/lawn-care-101 | https://www.trugreen.com/lawn-care-101/learning-center | https://www.trugreen.com/newsroom | https://www.trugreen.com/pay-your-bill | https://www.trugreen.com/pests-products-and-services | https://www.trugreen.com/pga-tour | https://www.trugreen.com/products-and-services | https://www.trugreen.com/why-choose-trugreen/testimonials-and-ratings","","missing-main|internal-links-missing-from-sitemap|duplicate-title",""
"chromium","2026-08-31T15:02:00.104Z","prod-release-2-7-2026-08-28","800-1100","","https://www.trugreen.com/local-lawn-care/maryland/hagerstown/lawn-care","https://www.trugreen.com/local-lawn-care/maryland/hagerstown/lawn-care","200","200:https://www.trugreen.com/local-lawn-care/maryland/hagerstown/lawn-care","TruGreen Hagerstown: Lawn Care Maintenance Services in Hagerstown, MD | TruGreen","TruGreen Hagerstown: Lawn Care Maintenance Services in Hagerstown, MD | TruGreen","https://www.trugreen.com/local-lawn-care/maryland/hagerstown","1","https://www.trugreen.com/local-lawn-care/maryland/hagerstown","1","","200","https://www.trugreen.com/local-lawn-care/maryland/hagerstown","","","","0","2","We put the ""care"" in ""lawn care."" | Explore our plans.","0","header|footer","jsonld:1;types:BreadcrumbList|WebPage;invalid:0;missing:jsonld_0_missing_@context|jsonld_1_missing_@context","0","0","44","8","https://www.trugreen.com/lawn-care-101 | https://www.trugreen.com/lawn-care-101/learning-center | https://www.trugreen.com/newsroom | https://www.trugreen.com/pay-your-bill | https://www.trugreen.com/pests-products-and-services | https://www.trugreen.com/pga-tour | https://www.trugreen.com/products-and-services | https://www.trugreen.com/why-choose-trugreen/testimonials-and-ratings","","multiple-h1|missing-main|internal-links-missing-from-sitemap|duplicate-title",""
"chromium","2026-08-31T15:02:00.104Z","prod-release-2-7-2026-08-28","800-1100","","https://www.trugreen.com/local-lawn-care/maryland/upper-marlboro","https://www.trugreen.com/local-lawn-care/maryland/upper-marlboro","200","200:https://www.trugreen.com/local-lawn-care/maryland/upper-marlboro","TruGreen D.C. East: Lawn Care Maintenance Services in D.C. East, MD | TruGreen","TruGreen D.C. East: Lawn Care Maintenance Services in D.C. East, MD | TruGreen","https://www.trugreen.com/local-lawn-care/maryland/upper-marlboro","1","https://www.trugreen.com/local-lawn-care/maryland/upper-marlboro","1","","200","https://www.trugreen.com/local-lawn-care/maryland/upper-marlboro","","","","0","1","Meet your local experts.","0","header|footer","jsonld:1;types:WebPage;invalid:0;missing:","0","0","45","8","https://www.trugreen.com/lawn-care-101 | https://www.trugreen.com/lawn-care-101/learning-center | https://www.trugreen.com/newsroom | https://www.trugreen.com/pay-your-bill | https://www.trugreen.com/pests-products-and-services | https://www.trugreen.com/pga-tour | https://www.trugreen.com/products-and-services | https://www.trugreen.com/why-choose-trugreen/testimonials-and-ratings","","missing-main|internal-links-missing-from-sitemap|duplicate-title",""
"chromium","2026-08-31T15:02:00.104Z","prod-release-2-7-2026-08-28","800-1100","","https://www.trugreen.com/local-lawn-care/maryland/upper-marlboro/lawn-care","https://www.trugreen.com/local-lawn-care/maryland/upper-marlboro/lawn-care","200","200:https://www.trugreen.com/local-lawn-care/maryland/upper-marlboro/lawn-care","TruGreen D.C. East: Lawn Care Maintenance Services in D.C. East, MD | TruGreen","TruGreen D.C. East: Lawn Care Maintenance Services in D.C. East, MD | TruGreen","https://www.trugreen.com/local-lawn-care/maryland/upper-marlboro","1","https://www.trugreen.com/local-lawn-care/maryland/upper-marlboro","1","","200","https://www.trugreen.com/local-lawn-care/maryland/upper-marlboro","","","","0","2","We put the ""care"" in ""lawn care."" | Explore our plans.","0","header|footer","jsonld:1;types:BreadcrumbList|WebPage;invalid:0;missing:jsonld_0_missing_@context|jsonld_1_missing_@context","0","0","44","8","https://www.trugreen.com/lawn-care-101 | https://www.trugreen.com/lawn-care-101/learning-center | https://www.trugreen.com/newsroom | https://www.trugreen.com/pay-your-bill | https://www.trugreen.com/pests-products-and-services | https://www.trugreen.com/pga-tour | https://www.trugreen.com/products-and-services | https://www.trugreen.com/why-choose-trugreen/testimonials-and-ratings","","multiple-h1|missing-main|internal-links-missing-from-sitemap|duplicate-title",""
"chromium","2026-08-31T15:02:00.104Z","prod-release-2-7-2026-08-28","800-1100","","https://www.trugreen.com/local-lawn-care/massachusetts","https://www.trugreen.com/local-lawn-care/massachusetts","200","200:https://www.trugreen.com/local-lawn-care/massachusetts","TruGreen Massachusetts: Local Lawn Care Service Near Me | TruGreen","TruGreen Massachusetts: Local Lawn Care Service Near Me | TruGreen","https://www.trugreen.com/local-lawn-care/massachusetts","1","https://www.trugreen.com/local-lawn-care/massachusetts","1","","200","https://www.trugreen.com/local-lawn-care/massachusetts","","","","0","1","Find your local branch in Massachusetts.","0","header|footer","jsonld:1;types:BreadcrumbList|CollectionPage|ItemList;invalid:0;missing:jsonld_0_missing_@context|jsonld_1_missing_@context|jsonld_2_missing_@context","0","0","46","8","https://www.trugreen.com/lawn-care-101 | https://www.trugreen.com/lawn-care-101/learning-center | https://www.trugreen.com/newsroom | https://www.trugreen.com/pay-your-bill | https://www.trugreen.com/pests-products-and-services | https://www.trugreen.com/pga-tour | https://www.trugreen.com/products-and-services | https://www.trugreen.com/why-choose-trugreen/testimonials-and-ratings","","missing-main|internal-links-missing-from-sitemap",""
"chromium","2026-08-31T15:02:00.104Z","prod-release-2-7-2026-08-28","800-1100","","https://www.trugreen.com/local-lawn-care/massachusetts/andover","https://www.trugreen.com/local-lawn-care/massachusetts/andover","200","200:https://www.trugreen.com/local-lawn-care/massachusetts/andover","TruGreen Andover: Lawn Care Maintenance Services in Andover, MA | TruGreen","TruGreen Andover: Lawn Care Maintenance Services in Andover, MA | TruGreen","https://www.trugreen.com/local-lawn-care/massachusetts/andover","1","https://www.trugreen.com/local-lawn-care/massachusetts/andover","1","","200","https://www.trugreen.com/local-lawn-care/massachusetts/andover","","","","0","1","Meet your local experts.","0","header|footer","jsonld:1;types:WebPage;invalid:0;missing:","0","0","45","8","https://www.trugreen.com/lawn-care-101 | https://www.trugreen.com/lawn-care-101/learning-center | https://www.trugreen.com/newsroom | https://www.trugreen.com/pay-your-bill | https://www.trugreen.com/pests-products-and-services | https://www.trugreen.com/pga-tour | https://www.trugreen.com/products-and-services | https://www.trugreen.com/why-choose-trugreen/testimonials-and-ratings","","missing-main|internal-links-missing-from-sitemap|duplicate-title",""
"chromium","2026-08-31T15:02:00.104Z","prod-release-2-7-2026-08-28","800-1100","","https://www.trugreen.com/local-lawn-care/massachusetts/andover/lawn-care","https://www.trugreen.com/local-lawn-care/massachusetts/andover/lawn-care","200","200:https://www.trugreen.com/local-lawn-care/massachusetts/andover/lawn-care","TruGreen Andover: Lawn Care Maintenance Services in Andover, MA | TruGreen","TruGreen Andover: Lawn Care Maintenance Services in Andover, MA | TruGreen","https://www.trugreen.com/local-lawn-care/massachusetts/andover","1","https://www.trugreen.com/local-lawn-care/massachusetts/andover","1","","200","https://www.trugreen.com/local-lawn-care/massachusetts/andover","","","","0","2","We put the ""care"" in ""lawn care."" | Explore our plans.","0","header|footer","jsonld:1;types:BreadcrumbList|WebPage;invalid:0;missing:jsonld_0_missing_@context|jsonld_1_missing_@context","0","0","44","8","https://www.trugreen.com/lawn-care-101 | https://www.trugreen.com/lawn-care-101/learning-center | https://www.trugreen.com/newsroom | https://www.trugreen.com/pay-your-bill | https://www.trugreen.com/pests-products-and-services | https://www.trugreen.com/pga-tour | https://www.trugreen.com/products-and-services | https://www.trugreen.com/why-choose-trugreen/testimonials-and-ratings","","multiple-h1|missing-main|internal-links-missing-from-sitemap|duplicate-title",""
"chromium","2026-08-31T15:02:00.104Z","prod-release-2-7-2026-08-28","800-1100","","https://www.trugreen.com/local-lawn-care/massachusetts/chelmsford","https://www.trugreen.com/local-lawn-care/massachusetts/chelmsford","200","200:https://www.trugreen.com/local-lawn-care/massachusetts/chelmsford","TruGreen Boston North: Lawn Care Maintenance Services in Boston North, MA | TruGreen","TruGreen Boston North: Lawn Care Maintenance Services in Boston North, MA | TruGreen","https://www.trugreen.com/local-lawn-care/massachusetts/chelmsford","1","https://www.trugreen.com/local-lawn-care/massachusetts/chelmsford","1","","200","https://www.trugreen.com/local-lawn-care/massachusetts/chelmsford","","","","0","1","Meet your local experts.","0","header|footer","jsonld:1;types:WebPage;invalid:0;missing:","0","0","45","8","https://www.trugreen.com/lawn-care-101 | https://www.trugreen.com/lawn-care-101/learning-center | https://www.trugreen.com/newsroom | https://www.trugreen.com/pay-your-bill | https://www.trugreen.com/pests-products-and-services | https://www.trugreen.com/pga-tour | https://www.trugreen.com/products-and-services | https://www.trugreen.com/why-choose-trugreen/testimonials-and-ratings","","missing-main|internal-links-missing-from-sitemap|duplicate-title",""
"chromium","2026-08-31T15:02:00.104Z","prod-release-2-7-2026-08-28","800-1100","","https://www.trugreen.com/local-lawn-care/massachusetts/chelmsford/lawn-care","https://www.trugreen.com/local-lawn-care/massachusetts/chelmsford/lawn-care","200","200:https://www.trugreen.com/local-lawn-care/massachusetts/chelmsford/lawn-care","TruGreen Boston North: Lawn Care Maintenance Services in Boston North, MA | TruGreen","TruGreen Boston North: Lawn Care Maintenance Services in Boston North, MA | TruGreen","https://www.trugreen.com/local-lawn-care/massachusetts/chelmsford","1","https://www.trugreen.com/local-lawn-care/massachusetts/chelmsford","1","","200","https://www.trugreen.com/local-lawn-care/massachusetts/chelmsford","","","","0","2","We put the ""care"" in ""lawn care."" | Explore our plans.","0","header|footer","jsonld:1;types:BreadcrumbList|WebPage;invalid:0;missing:jsonld_0_missing_@context|jsonld_1_missing_@context","0","0","44","8","https://www.trugreen.com/lawn-care-101 | https://www.trugreen.com/lawn-care-101/learning-center | https://www.trugreen.com/newsroom | https://www.trugreen.com/pay-your-bill | https://www.trugreen.com/pests-products-and-services | https://www.trugreen.com/pga-tour | https://www.trugreen.com/products-and-services | https://www.trugreen.com/why-choose-trugreen/testimonials-and-ratings","","multiple-h1|missing-main|internal-links-missing-from-sitemap|duplicate-title",""
"chromium","2026-08-31T15:02:00.104Z","prod-release-2-7-2026-08-28","800-1100","","https://www.trugreen.com/local-lawn-care/massachusetts/chicopee","https://www.trugreen.com/local-lawn-care/massachusetts/chicopee","200","200:https://www.trugreen.com/local-lawn-care/massachusetts/chicopee","TruGreen Springfield MA: Lawn Care Maintenance Services in Springfield MA, MA | TruGreen","TruGreen Springfield MA: Lawn Care Maintenance Services in Springfield MA, MA | TruGreen","https://www.trugreen.com/local-lawn-care/massachusetts/chicopee","1","https://www.trugreen.com/local-lawn-care/massachusetts/chicopee","1","","200","https://www.trugreen.com/local-lawn-care/massachusetts/chicopee","","","","0","1","Meet your local experts.","0","header|footer","jsonld:1;types:WebPage;invalid:0;missing:","0","0","45","8","https://www.trugreen.com/lawn-care-101 | https://www.trugreen.com/lawn-care-101/learning-center | https://www.trugreen.com/newsroom | https://www.trugreen.com/pay-your-bill | https://www.trugreen.com/pests-products-and-services | https://www.trugreen.com/pga-tour | https://www.trugreen.com/products-and-services | https://www.trugreen.com/why-choose-trugreen/testimonials-and-ratings","","missing-main|internal-links-missing-from-sitemap|duplicate-title",""
"chromium","2026-08-31T15:02:00.104Z","prod-release-2-7-2026-08-28","800-1100","","https://www.trugreen.com/local-lawn-care/massachusetts/chicopee/lawn-care","https://www.trugreen.com/local-lawn-care/massachusetts/chicopee/lawn-care","200","200:https://www.trugreen.com/local-lawn-care/massachusetts/chicopee/lawn-care","TruGreen Springfield MA: Lawn Care Maintenance Services in Springfield MA, MA | TruGreen","TruGreen Springfield MA: Lawn Care Maintenance Services in Springfield MA, MA | TruGreen","https://www.trugreen.com/local-lawn-care/massachusetts/chicopee","1","https://www.trugreen.com/local-lawn-care/massachusetts/chicopee","1","","200","https://www.trugreen.com/local-lawn-care/massachusetts/chicopee","","","","0","2","We put the ""care"" in ""lawn care."" | Explore our plans.","0","header|footer","jsonld:1;types:BreadcrumbList|WebPage;invalid:0;missing:jsonld_0_missing_@context|jsonld_1_missing_@context","0","0","44","8","https://www.trugreen.com/lawn-care-101 | https://www.trugreen.com/lawn-care-101/learning-center | https://www.trugreen.com/newsroom | https://www.trugreen.com/pay-your-bill | https://www.trugreen.com/pests-products-and-services | https://www.trugreen.com/pga-tour | https://www.trugreen.com/products-and-services | https://www.trugreen.com/why-choose-trugreen/testimonials-and-ratings","","multiple-h1|missing-main|internal-links-missing-from-sitemap|duplicate-title",""
"chromium","2026-08-31T15:02:00.104Z","prod-release-2-7-2026-08-28","800-1100","","https://www.trugreen.com/local-lawn-care/massachusetts/franklin","https://www.trugreen.com/local-lawn-care/massachusetts/franklin","200","200:https://www.trugreen.com/local-lawn-care/massachusetts/franklin","TruGreen Boston West: Lawn Care Maintenance Services in Boston West, MA | TruGreen","TruGreen Boston West: Lawn Care Maintenance Services in Boston West, MA | TruGreen","https://www.trugreen.com/local-lawn-care/massachusetts/franklin","1","https://www.trugreen.com/local-lawn-care/massachusetts/franklin","1","","200","https://www.trugreen.com/local-lawn-care/massachusetts/franklin","","","","0","1","Meet your local experts.","0","header|footer","jsonld:1;types:WebPage;invalid:0;missing:","0","0","45","8","https://www.trugreen.com/lawn-care-101 | https://www.trugreen.com/lawn-care-101/learning-center | https://www.trugreen.com/newsroom | https://www.trugreen.com/pay-your-bill | https://www.trugreen.com/pests-products-and-services | https://www.trugreen.com/pga-tour | https://www.trugreen.com/products-and-services | https://www.trugreen.com/why-choose-trugreen/testimonials-and-ratings","","missing-main|internal-links-missing-from-sitemap|duplicate-title",""
"chromium","2026-08-31T15:02:00.104Z","prod-release-2-7-2026-08-28","800-1100","","https://www.trugreen.com/local-lawn-care/massachusetts/franklin/lawn-care","https://www.trugreen.com/local-lawn-care/massachusetts/franklin/lawn-care","200","200:https://www.trugreen.com/local-lawn-care/massachusetts/franklin/lawn-care","TruGreen Boston West: Lawn Care Maintenance Services in Boston West, MA | TruGreen","TruGreen Boston West: Lawn Care Maintenance Services in Boston West, MA | TruGreen","https://www.trugreen.com/local-lawn-care/massachusetts/franklin","1","https://www.trugreen.com/local-lawn-care/massachusetts/franklin","1","","200","https://www.trugreen.com/local-lawn-care/massachusetts/franklin","","","","0","2","We put the ""care"" in ""lawn care."" | Explore our plans.","0","header|footer","jsonld:1;types:BreadcrumbList|WebPage;invalid:0;missing:jsonld_0_missing_@context|jsonld_1_missing_@context","0","0","44","8","https://www.trugreen.com/lawn-care-101 | https://www.trugreen.com/lawn-care-101/learning-center | https://www.trugreen.com/newsroom | https://www.trugreen.com/pay-your-bill | https://www.trugreen.com/pests-products-and-services | https://www.trugreen.com/pga-tour | https://www.trugreen.com/products-and-services | https://www.trugreen.com/why-choose-trugreen/testimonials-and-ratings","","multiple-h1|missing-main|internal-links-missing-from-sitemap|duplicate-title",""
"chromium","2026-08-31T15:02:00.104Z","prod-release-2-7-2026-08-28","800-1100","","https://www.trugreen.com/local-lawn-care/massachusetts/plymouth","https://www.trugreen.com/local-lawn-care/massachusetts/plymouth","200","200:https://www.trugreen.com/local-lawn-care/massachusetts/plymouth","TruGreen Boston East: Lawn Care Maintenance Services in Boston East, MA | TruGreen","TruGreen Boston East: Lawn Care Maintenance Services in Boston East, MA | TruGreen","https://www.trugreen.com/local-lawn-care/massachusetts/plymouth","1","https://www.trugreen.com/local-lawn-care/massachusetts/plymouth","1","","200","https://www.trugreen.com/local-lawn-care/massachusetts/plymouth","","","","0","1","Meet your local experts.","0","header|footer","jsonld:1;types:WebPage;invalid:0;missing:","0","0","45","8","https://www.trugreen.com/lawn-care-101 | https://www.trugreen.com/lawn-care-101/learning-center | https://www.trugreen.com/newsroom | https://www.trugreen.com/pay-your-bill | https://www.trugreen.com/pests-products-and-services | https://www.trugreen.com/pga-tour | https://www.trugreen.com/products-and-services | https://www.trugreen.com/why-choose-trugreen/testimonials-and-ratings","","missing-main|internal-links-missing-from-sitemap|duplicate-title",""
"chromium","2026-08-31T15:02:00.104Z","prod-release-2-7-2026-08-28","800-1100","","https://www.trugreen.com/local-lawn-care/massachusetts/plymouth/lawn-care","https://www.trugreen.com/local-lawn-care/massachusetts/plymouth/lawn-care","200","200:https://www.trugreen.com/local-lawn-care/massachusetts/plymouth/lawn-care","TruGreen Boston East: Lawn Care Maintenance Services in Boston East, MA | TruGreen","TruGreen Boston East: Lawn Care Maintenance Services in Boston East, MA | TruGreen","https://www.trugreen.com/local-lawn-care/massachusetts/plymouth","1","https://www.trugreen.com/local-lawn-care/massachusetts/plymouth","1","","200","https://www.trugreen.com/local-lawn-care/massachusetts/plymouth","","","","0","2","We put the ""care"" in ""lawn care."" | Explore our plans.","0","header|footer","jsonld:1;types:BreadcrumbList|WebPage;invalid:0;missing:jsonld_0_missing_@context|jsonld_1_missing_@context","0","0","44","8","https://www.trugreen.com/lawn-care-101 | https://www.trugreen.com/lawn-care-101/learning-center | https://www.trugreen.com/newsroom | https://www.trugreen.com/pay-your-bill | https://www.trugreen.com/pests-products-and-services | https://www.trugreen.com/pga-tour | https://www.trugreen.com/products-and-services | https://www.trugreen.com/why-choose-trugreen/testimonials-and-ratings","","multiple-h1|missing-main|internal-links-missing-from-sitemap|duplicate-title",""
"chromium","2026-08-31T15:02:00.104Z","prod-release-2-7-2026-08-28","800-1100","","https://www.trugreen.com/local-lawn-care/massachusetts/south-dennis","https://www.trugreen.com/local-lawn-care/massachusetts/south-dennis","200","200:https://www.trugreen.com/local-lawn-care/massachusetts/south-dennis","TruGreen South Dennis: Lawn Care Maintenance Services in South Dennis, MA | TruGreen","TruGreen South Dennis: Lawn Care Maintenance Services in South Dennis, MA | TruGreen","https://www.trugreen.com/local-lawn-care/massachusetts/south-dennis","1","https://www.trugreen.com/local-lawn-care/massachusetts/south-dennis","1","","200","https://www.trugreen.com/local-lawn-care/massachusetts/south-dennis","","","","0","1","Meet your local experts.","0","header|footer","jsonld:1;types:WebPage;invalid:0;missing:","0","0","45","8","https://www.trugreen.com/lawn-care-101 | https://www.trugreen.com/lawn-care-101/learning-center | https://www.trugreen.com/newsroom | https://www.trugreen.com/pay-your-bill | https://www.trugreen.com/pests-products-and-services | https://www.trugreen.com/pga-tour | https://www.trugreen.com/products-and-services | https://www.trugreen.com/why-choose-trugreen/testimonials-and-ratings","","missing-main|internal-links-missing-from-sitemap|duplicate-title",""
"chromium","2026-08-31T15:02:00.104Z","prod-release-2-7-2026-08-28","800-1100","","https://www.trugreen.com/local-lawn-care/massachusetts/south-dennis/lawn-care","https://www.trugreen.com/local-lawn-care/massachusetts/south-dennis/lawn-care","200","200:https://www.trugreen.com/local-lawn-care/massachusetts/south-dennis/lawn-care","TruGreen South Dennis: Lawn Care Maintenance Services in South Dennis, MA | TruGreen","TruGreen South Dennis: Lawn Care Maintenance Services in South Dennis, MA | TruGreen","https://www.trugreen.com/local-lawn-care/massachusetts/south-dennis","1","https://www.trugreen.com/local-lawn-care/massachusetts/south-dennis","1","","200","https://www.trugreen.com/local-lawn-care/massachusetts/south-dennis","","","","0","2","We put the ""care"" in ""lawn care."" | Explore our plans.","0","header|footer","jsonld:1;types:BreadcrumbList|WebPage;invalid:0;missing:jsonld_0_missing_@context|jsonld_1_missing_@context","0","0","44","8","https://www.trugreen.com/lawn-care-101 | https://www.trugreen.com/lawn-care-101/learning-center | https://www.trugreen.com/newsroom | https://www.trugreen.com/pay-your-bill | https://www.trugreen.com/pests-products-and-services | https://www.trugreen.com/pga-tour | https://www.trugreen.com/products-and-services | https://www.trugreen.com/why-choose-trugreen/testimonials-and-ratings","","multiple-h1|missing-main|internal-links-missing-from-sitemap|duplicate-title",""
"chromium","2026-08-31T15:02:00.104Z","prod-release-2-7-2026-08-28","800-1100","","https://www.trugreen.com/local-lawn-care/michigan","https://www.trugreen.com/local-lawn-care/michigan","200","200:https://www.trugreen.com/local-lawn-care/michigan","TruGreen Michigan: Local Lawn Care Service Near Me | TruGreen","TruGreen Michigan: Local Lawn Care Service Near Me | TruGreen","https://www.trugreen.com/local-lawn-care/michigan","1","https://www.trugreen.com/local-lawn-care/michigan","1","","200","https://www.trugreen.com/local-lawn-care/michigan","","","","0","1","Find your local branch in Michigan.","0","header|footer","jsonld:1;types:BreadcrumbList|CollectionPage|ItemList;invalid:0;missing:jsonld_0_missing_@context|jsonld_1_missing_@context|jsonld_2_missing_@context","0","0","46","8","https://www.trugreen.com/lawn-care-101 | https://www.trugreen.com/lawn-care-101/learning-center | https://www.trugreen.com/newsroom | https://www.trugreen.com/pay-your-bill | https://www.trugreen.com/pests-products-and-services | https://www.trugreen.com/pga-tour | https://www.trugreen.com/products-and-services | https://www.trugreen.com/why-choose-trugreen/testimonials-and-ratings","","missing-main|internal-links-missing-from-sitemap",""
"chromium","2026-08-31T15:02:00.104Z","prod-release-2-7-2026-08-28","800-1100","","https://www.trugreen.com/local-lawn-care/michigan/flint","https://www.trugreen.com/local-lawn-care/michigan/flint","200","200:https://www.trugreen.com/local-lawn-care/michigan/flint","TruGreen Flint: Lawn Care Maintenance Services in Flint, MI | TruGreen","TruGreen Flint: Lawn Care Maintenance Services in Flint, MI | TruGreen","https://www.trugreen.com/local-lawn-care/michigan/flint","1","https://www.trugreen.com/local-lawn-care/michigan/flint","1","","200","https://www.trugreen.com/local-lawn-care/michigan/flint","","","","0","1","Meet your local experts.","0","header|footer","jsonld:1;types:WebPage;invalid:0;missing:","0","0","45","8","https://www.trugreen.com/lawn-care-101 | https://www.trugreen.com/lawn-care-101/learning-center | https://www.trugreen.com/newsroom | https://www.trugreen.com/pay-your-bill | https://www.trugreen.com/pests-products-and-services | https://www.trugreen.com/pga-tour | https://www.trugreen.com/products-and-services | https://www.trugreen.com/why-choose-trugreen/testimonials-and-ratings","","missing-main|internal-links-missing-from-sitemap|duplicate-title",""
"chromium","2026-08-31T15:02:00.104Z","prod-release-2-7-2026-08-28","800-1100","","https://www.trugreen.com/local-lawn-care/michigan/flint/lawn-care","https://www.trugreen.com/local-lawn-care/michigan/flint/lawn-care","200","200:https://www.trugreen.com/local-lawn-care/michigan/flint/lawn-care","TruGreen Flint: Lawn Care Maintenance Services in Flint, MI | TruGreen","TruGreen Flint: Lawn Care Maintenance Services in Flint, MI | TruGreen","https://www.trugreen.com/local-lawn-care/michigan/flint","1","https://www.trugreen.com/local-lawn-care/michigan/flint","1","","200","https://www.trugreen.com/local-lawn-care/michigan/flint","","","","0","2","We put the ""care"" in ""lawn care."" | Explore our plans.","0","header|footer","jsonld:1;types:BreadcrumbList|WebPage;invalid:0;missing:jsonld_0_missing_@context|jsonld_1_missing_@context","0","0","44","8","https://www.trugreen.com/lawn-care-101 | https://www.trugreen.com/lawn-care-101/learning-center | https://www.trugreen.com/newsroom | https://www.trugreen.com/pay-your-bill | https://www.trugreen.com/pests-products-and-services | https://www.trugreen.com/pga-tour | https://www.trugreen.com/products-and-services | https://www.trugreen.com/why-choose-trugreen/testimonials-and-ratings","","multiple-h1|missing-main|internal-links-missing-from-sitemap|duplicate-title",""
"chromium","2026-08-31T15:02:00.104Z","prod-release-2-7-2026-08-28","800-1100","","https://www.trugreen.com/local-lawn-care/michigan/freeland","https://www.trugreen.com/local-lawn-care/michigan/freeland","200","200:https://www.trugreen.com/local-lawn-care/michigan/freeland","TruGreen Saginaw: Lawn Care Maintenance Services in Saginaw, MI | TruGreen","TruGreen Saginaw: Lawn Care Maintenance Services in Saginaw, MI | TruGreen","https://www.trugreen.com/local-lawn-care/michigan/freeland","1","https://www.trugreen.com/local-lawn-care/michigan/freeland","1","","200","https://www.trugreen.com/local-lawn-care/michigan/freeland","","","","0","1","Meet your local experts.","0","header|footer","jsonld:1;types:WebPage;invalid:0;missing:","0","0","45","8","https://www.trugreen.com/lawn-care-101 | https://www.trugreen.com/lawn-care-101/learning-center | https://www.trugreen.com/newsroom | https://www.trugreen.com/pay-your-bill | https://www.trugreen.com/pests-products-and-services | https://www.trugreen.com/pga-tour | https://www.trugreen.com/products-and-services | https://www.trugreen.com/why-choose-trugreen/testimonials-and-ratings","","missing-main|internal-links-missing-from-sitemap|duplicate-title",""
"chromium","2026-08-31T15:02:00.104Z","prod-release-2-7-2026-08-28","800-1100","","https://www.trugreen.com/local-lawn-care/michigan/freeland/lawn-care","https://www.trugreen.com/local-lawn-care/michigan/freeland/lawn-care","200","200:https://www.trugreen.com/local-lawn-care/michigan/freeland/lawn-care","TruGreen Saginaw: Lawn Care Maintenance Services in Saginaw, MI | TruGreen","TruGreen Saginaw: Lawn Care Maintenance Services in Saginaw, MI | TruGreen","https://www.trugreen.com/local-lawn-care/michigan/freeland","1","https://www.trugreen.com/local-lawn-care/michigan/freeland","1","","200","https://www.trugreen.com/local-lawn-care/michigan/freeland","","","","0","2","We put the ""care"" in ""lawn care."" | Explore our plans.","0","header|footer","jsonld:1;types:BreadcrumbList|WebPage;invalid:0;missing:jsonld_0_missing_@context|jsonld_1_missing_@context","0","0","44","8","https://www.trugreen.com/lawn-care-101 | https://www.trugreen.com/lawn-care-101/learning-center | https://www.trugreen.com/newsroom | https://www.trugreen.com/pay-your-bill | https://www.trugreen.com/pests-products-and-services | https://www.trugreen.com/pga-tour | https://www.trugreen.com/products-and-services | https://www.trugreen.com/why-choose-trugreen/testimonials-and-ratings","","multiple-h1|missing-main|internal-links-missing-from-sitemap|duplicate-title",""
"chromium","2026-08-31T15:02:00.104Z","prod-release-2-7-2026-08-28","800-1100","","https://www.trugreen.com/local-lawn-care/michigan/grand-haven","https://www.trugreen.com/local-lawn-care/michigan/grand-haven","200","200:https://www.trugreen.com/local-lawn-care/michigan/grand-haven","TruGreen Grand Haven: Lawn Care Maintenance Services in Grand Haven, MI | TruGreen","TruGreen Grand Haven: Lawn Care Maintenance Services in Grand Haven, MI | TruGreen","https://www.trugreen.com/local-lawn-care/michigan/grand-haven","1","https://www.trugreen.com/local-lawn-care/michigan/grand-haven","1","","200","https://www.trugreen.com/local-lawn-care/michigan/grand-haven","","","","0","1","Meet your local experts.","0","header|footer","jsonld:1;types:WebPage;invalid:0;missing:","0","0","45","8","https://www.trugreen.com/lawn-care-101 | https://www.trugreen.com/lawn-care-101/learning-center | https://www.trugreen.com/newsroom | https://www.trugreen.com/pay-your-bill | https://www.trugreen.com/pests-products-and-services | https://www.trugreen.com/pga-tour | https://www.trugreen.com/products-and-services | https://www.trugreen.com/why-choose-trugreen/testimonials-and-ratings","","missing-main|internal-links-missing-from-sitemap|duplicate-title",""
"chromium","2026-08-31T15:02:00.104Z","prod-release-2-7-2026-08-28","800-1100","","https://www.trugreen.com/local-lawn-care/michigan/grand-haven/lawn-care","https://www.trugreen.com/local-lawn-care/michigan/grand-haven/lawn-care","200","200:https://www.trugreen.com/local-lawn-care/michigan/grand-haven/lawn-care","TruGreen Grand Haven: Lawn Care Maintenance Services in Grand Haven, MI | TruGreen","TruGreen Grand Haven: Lawn Care Maintenance Services in Grand Haven, MI | TruGreen","https://www.trugreen.com/local-lawn-care/michigan/grand-haven","1","https://www.trugreen.com/local-lawn-care/michigan/grand-haven","1","","200","https://www.trugreen.com/local-lawn-care/michigan/grand-haven","","","","0","2","We put the ""care"" in ""lawn care."" | Explore our plans.","0","header|footer","jsonld:1;types:BreadcrumbList|WebPage;invalid:0;missing:jsonld_0_missing_@context|jsonld_1_missing_@context","0","0","44","8","https://www.trugreen.com/lawn-care-101 | https://www.trugreen.com/lawn-care-101/learning-center | https://www.trugreen.com/newsroom | https://www.trugreen.com/pay-your-bill | https://www.trugreen.com/pests-products-and-services | https://www.trugreen.com/pga-tour | https://www.trugreen.com/products-and-services | https://www.trugreen.com/why-choose-trugreen/testimonials-and-ratings","","multiple-h1|missing-main|internal-links-missing-from-sitemap|duplicate-title",""
"chromium","2026-08-31T15:02:00.104Z","prod-release-2-7-2026-08-28","800-1100","","https://www.trugreen.com/local-lawn-care/michigan/grandville","https://www.trugreen.com/local-lawn-care/michigan/grandville","200","200:https://www.trugreen.com/local-lawn-care/michigan/grandville","TruGreen Grand Rapids: Lawn Care Maintenance Services in Grand Rapids, MI | TruGreen","TruGreen Grand Rapids: Lawn Care Maintenance Services in Grand Rapids, MI | TruGreen","https://www.trugreen.com/local-lawn-care/michigan/grandville","1","https://www.trugreen.com/local-lawn-care/michigan/grandville","1","","200","https://www.trugreen.com/local-lawn-care/michigan/grandville","","","","0","1","Meet your local experts.","0","header|footer","jsonld:1;types:WebPage;invalid:0;missing:","0","0","45","8","https://www.trugreen.com/lawn-care-101 | https://www.trugreen.com/lawn-care-101/learning-center | https://www.trugreen.com/newsroom | https://www.trugreen.com/pay-your-bill | https://www.trugreen.com/pests-products-and-services | https://www.trugreen.com/pga-tour | https://www.trugreen.com/products-and-services | https://www.trugreen.com/why-choose-trugreen/testimonials-and-ratings","","missing-main|internal-links-missing-from-sitemap|duplicate-title",""
"chromium","2026-08-31T15:02:00.104Z","prod-release-2-7-2026-08-28","800-1100","","https://www.trugreen.com/local-lawn-care/michigan/grandville/lawn-care","https://www.trugreen.com/local-lawn-care/michigan/grandville/lawn-care","200","200:https://www.trugreen.com/local-lawn-care/michigan/grandville/lawn-care","TruGreen Grand Rapids: Lawn Care Maintenance Services in Grand Rapids, MI | TruGreen","TruGreen Grand Rapids: Lawn Care Maintenance Services in Grand Rapids, MI | TruGreen","https://www.trugreen.com/local-lawn-care/michigan/grandville","1","https://www.trugreen.com/local-lawn-care/michigan/grandville","1","","200","https://www.trugreen.com/local-lawn-care/michigan/grandville","","","","0","2","We put the ""care"" in ""lawn care."" | Explore our plans.","0","header|footer","jsonld:1;types:BreadcrumbList|WebPage;invalid:0;missing:jsonld_0_missing_@context|jsonld_1_missing_@context","0","0","44","8","https://www.trugreen.com/lawn-care-101 | https://www.trugreen.com/lawn-care-101/learning-center | https://www.trugreen.com/newsroom | https://www.trugreen.com/pay-your-bill | https://www.trugreen.com/pests-products-and-services | https://www.trugreen.com/pga-tour | https://www.trugreen.com/products-and-services | https://www.trugreen.com/why-choose-trugreen/testimonials-and-ratings","","multiple-h1|missing-main|internal-links-missing-from-sitemap|duplicate-title",""
"chromium","2026-08-31T15:02:00.104Z","prod-release-2-7-2026-08-28","800-1100","","https://www.trugreen.com/local-lawn-care/michigan/lansing","https://www.trugreen.com/local-lawn-care/michigan/lansing","200","200:https://www.trugreen.com/local-lawn-care/michigan/lansing","TruGreen Lansing: Lawn Care Maintenance Services in Lansing, MI | TruGreen","TruGreen Lansing: Lawn Care Maintenance Services in Lansing, MI | TruGreen","https://www.trugreen.com/local-lawn-care/michigan/lansing","1","https://www.trugreen.com/local-lawn-care/michigan/lansing","1","","200","https://www.trugreen.com/local-lawn-care/michigan/lansing","","","","0","1","Meet your local experts.","0","header|footer","jsonld:1;types:WebPage;invalid:0;missing:","0","0","45","8","https://www.trugreen.com/lawn-care-101 | https://www.trugreen.com/lawn-care-101/learning-center | https://www.trugreen.com/newsroom | https://www.trugreen.com/pay-your-bill | https://www.trugreen.com/pests-products-and-services | https://www.trugreen.com/pga-tour | https://www.trugreen.com/products-and-services | https://www.trugreen.com/why-choose-trugreen/testimonials-and-ratings","","missing-main|internal-links-missing-from-sitemap|duplicate-title",""
"chromium","2026-08-31T15:02:00.104Z","prod-release-2-7-2026-08-28","800-1100","","https://www.trugreen.com/local-lawn-care/michigan/lansing/lawn-care","https://www.trugreen.com/local-lawn-care/michigan/lansing/lawn-care","200","200:https://www.trugreen.com/local-lawn-care/michigan/lansing/lawn-care","TruGreen Lansing: Lawn Care Maintenance Services in Lansing, MI | TruGreen","TruGreen Lansing: Lawn Care Maintenance Services in Lansing, MI | TruGreen","https://www.trugreen.com/local-lawn-care/michigan/lansing","1","https://www.trugreen.com/local-lawn-care/michigan/lansing","1","","200","https://www.trugreen.com/local-lawn-care/michigan/lansing","","","","0","2","We put the ""care"" in ""lawn care."" | Explore our plans.","0","header|footer","jsonld:1;types:BreadcrumbList|WebPage;invalid:0;missing:jsonld_0_missing_@context|jsonld_1_missing_@context","0","0","44","8","https://www.trugreen.com/lawn-care-101 | https://www.trugreen.com/lawn-care-101/learning-center | https://www.trugreen.com/newsroom | https://www.trugreen.com/pay-your-bill | https://www.trugreen.com/pests-products-and-services | https://www.trugreen.com/pga-tour | https://www.trugreen.com/products-and-services | https://www.trugreen.com/why-choose-trugreen/testimonials-and-ratings","","multiple-h1|missing-main|internal-links-missing-from-sitemap|duplicate-title",""
"chromium","2026-08-31T15:02:00.104Z","prod-release-2-7-2026-08-28","800-1100","","https://www.trugreen.com/local-lawn-care/michigan/macomb-township","https://www.trugreen.com/local-lawn-care/michigan/macomb-township","200","200:https://www.trugreen.com/local-lawn-care/michigan/macomb-township","TruGreen Macomb: Lawn Care Maintenance Services in Macomb, MI | TruGreen","TruGreen Macomb: Lawn Care Maintenance Services in Macomb, MI | TruGreen","https://www.trugreen.com/local-lawn-care/michigan/macomb-township","1","https://www.trugreen.com/local-lawn-care/michigan/macomb-township","1","","200","https://www.trugreen.com/local-lawn-care/michigan/macomb-township","","","","0","1","Meet your local experts.","0","header|footer","jsonld:1;types:WebPage;invalid:0;missing:","0","0","45","8","https://www.trugreen.com/lawn-care-101 | https://www.trugreen.com/lawn-care-101/learning-center | https://www.trugreen.com/newsroom | https://www.trugreen.com/pay-your-bill | https://www.trugreen.com/pests-products-and-services | https://www.trugreen.com/pga-tour | https://www.trugreen.com/products-and-services | https://www.trugreen.com/why-choose-trugreen/testimonials-and-ratings","","missing-main|internal-links-missing-from-sitemap|duplicate-title",""
"chromium","2026-08-31T15:02:00.104Z","prod-release-2-7-2026-08-28","800-1100","","https://www.trugreen.com/local-lawn-care/michigan/macomb-township/lawn-care","https://www.trugreen.com/local-lawn-care/michigan/macomb-township/lawn-care","200","200:https://www.trugreen.com/local-lawn-care/michigan/macomb-township/lawn-care","TruGreen Macomb: Lawn Care Maintenance Services in Macomb, MI | TruGreen","TruGreen Macomb: Lawn Care Maintenance Services in Macomb, MI | TruGreen","https://www.trugreen.com/local-lawn-care/michigan/macomb-township","1","https://www.trugreen.com/local-lawn-care/michigan/macomb-township","1","","200","https://www.trugreen.com/local-lawn-care/michigan/macomb-township","","","","0","2","We put the ""care"" in ""lawn care."" | Explore our plans.","0","header|footer","jsonld:1;types:BreadcrumbList|WebPage;invalid:0;missing:jsonld_0_missing_@context|jsonld_1_missing_@context","0","0","44","8","https://www.trugreen.com/lawn-care-101 | https://www.trugreen.com/lawn-care-101/learning-center | https://www.trugreen.com/newsroom | https://www.trugreen.com/pay-your-bill | https://www.trugreen.com/pests-products-and-services | https://www.trugreen.com/pga-tour | https://www.trugreen.com/products-and-services | https://www.trugreen.com/why-choose-trugreen/testimonials-and-ratings","","multiple-h1|missing-main|internal-links-missing-from-sitemap|duplicate-title",""
"chromium","2026-08-31T15:02:00.104Z","prod-release-2-7-2026-08-28","800-1100","","https://www.trugreen.com/local-lawn-care/michigan/portage","https://www.trugreen.com/local-lawn-care/michigan/portage","200","200:https://www.trugreen.com/local-lawn-care/michigan/portage","TruGreen Kalamazoo: Lawn Care Maintenance Services in Kalamazoo, MI | TruGreen","TruGreen Kalamazoo: Lawn Care Maintenance Services in Kalamazoo, MI | TruGreen","https://www.trugreen.com/local-lawn-care/michigan/portage","1","https://www.trugreen.com/local-lawn-care/michigan/portage","1","","200","https://www.trugreen.com/local-lawn-care/michigan/portage","","","","0","1","Meet your local experts.","0","header|footer","jsonld:1;types:WebPage;invalid:0;missing:","0","0","45","8","https://www.trugreen.com/lawn-care-101 | https://www.trugreen.com/lawn-care-101/learning-center | https://www.trugreen.com/newsroom | https://www.trugreen.com/pay-your-bill | https://www.trugreen.com/pests-products-and-services | https://www.trugreen.com/pga-tour | https://www.trugreen.com/products-and-services | https://www.trugreen.com/why-choose-trugreen/testimonials-and-ratings","","missing-main|internal-links-missing-from-sitemap|duplicate-title",""
"chromium","2026-08-31T15:02:00.104Z","prod-release-2-7-2026-08-28","800-1100","","https://www.trugreen.com/local-lawn-care/michigan/portage/lawn-care","https://www.trugreen.com/local-lawn-care/michigan/portage/lawn-care","200","200:https://www.trugreen.com/local-lawn-care/michigan/portage/lawn-care","TruGreen Kalamazoo: Lawn Care Maintenance Services in Kalamazoo, MI | TruGreen","TruGreen Kalamazoo: Lawn Care Maintenance Services in Kalamazoo, MI | TruGreen","https://www.trugreen.com/local-lawn-care/michigan/portage","1","https://www.trugreen.com/local-lawn-care/michigan/portage","1","","200","https://www.trugreen.com/local-lawn-care/michigan/portage","","","","0","2","We put the ""care"" in ""lawn care."" | Explore our plans.","0","header|footer","jsonld:1;types:BreadcrumbList|WebPage;invalid:0;missing:jsonld_0_missing_@context|jsonld_1_missing_@context","0","0","44","8","https://www.trugreen.com/lawn-care-101 | https://www.trugreen.com/lawn-care-101/learning-center | https://www.trugreen.com/newsroom | https://www.trugreen.com/pay-your-bill | https://www.trugreen.com/pests-products-and-services | https://www.trugreen.com/pga-tour | https://www.trugreen.com/products-and-services | https://www.trugreen.com/why-choose-trugreen/testimonials-and-ratings","","multiple-h1|missing-main|internal-links-missing-from-sitemap|duplicate-title",""
"chromium","2026-08-31T15:02:00.104Z","prod-release-2-7-2026-08-28","800-1100","","https://www.trugreen.com/local-lawn-care/michigan/rochester-hills","https://www.trugreen.com/local-lawn-care/michigan/rochester-hills","200","200:https://www.trugreen.com/local-lawn-care/michigan/rochester-hills","TruGreen Rochester Hills: Lawn Care Maintenance Services in Rochester Hills, MI | TruGreen","TruGreen Rochester Hills: Lawn Care Maintenance Services in Rochester Hills, MI | TruGreen","https://www.trugreen.com/local-lawn-care/michigan/rochester-hills","1","https://www.trugreen.com/local-lawn-care/michigan/rochester-hills","1","","200","https://www.trugreen.com/local-lawn-care/michigan/rochester-hills","","","","0","1","Meet your local experts.","0","header|footer","jsonld:1;types:WebPage;invalid:0;missing:","0","0","45","8","https://www.trugreen.com/lawn-care-101 | https://www.trugreen.com/lawn-care-101/learning-center | https://www.trugreen.com/newsroom | https://www.trugreen.com/pay-your-bill | https://www.trugreen.com/pests-products-and-services | https://www.trugreen.com/pga-tour | https://www.trugreen.com/products-and-services | https://www.trugreen.com/why-choose-trugreen/testimonials-and-ratings","","missing-main|internal-links-missing-from-sitemap|duplicate-title",""
"chromium","2026-08-31T15:02:00.104Z","prod-release-2-7-2026-08-28","800-1100","","https://www.trugreen.com/local-lawn-care/michigan/rochester-hills/lawn-care","https://www.trugreen.com/local-lawn-care/michigan/rochester-hills/lawn-care","200","200:https://www.trugreen.com/local-lawn-care/michigan/rochester-hills/lawn-care","TruGreen Rochester Hills: Lawn Care Maintenance Services in Rochester Hills, MI | TruGreen","TruGreen Rochester Hills: Lawn Care Maintenance Services in Rochester Hills, MI | TruGreen","https://www.trugreen.com/local-lawn-care/michigan/rochester-hills","1","https://www.trugreen.com/local-lawn-care/michigan/rochester-hills","1","","200","https://www.trugreen.com/local-lawn-care/michigan/rochester-hills","","","","0","2","We put the ""care"" in ""lawn care."" | Explore our plans.","0","header|footer","jsonld:1;types:BreadcrumbList|WebPage;invalid:0;missing:jsonld_0_missing_@context|jsonld_1_missing_@context","0","0","44","8","https://www.trugreen.com/lawn-care-101 | https://www.trugreen.com/lawn-care-101/learning-center | https://www.trugreen.com/newsroom | https://www.trugreen.com/pay-your-bill | https://www.trugreen.com/pests-products-and-services | https://www.trugreen.com/pga-tour | https://www.trugreen.com/products-and-services | https://www.trugreen.com/why-choose-trugreen/testimonials-and-ratings","","multiple-h1|missing-main|internal-links-missing-from-sitemap|duplicate-title",""
"chromium","2026-08-31T15:02:00.104Z","prod-release-2-7-2026-08-28","800-1100","","https://www.trugreen.com/local-lawn-care/michigan/taylor","https://www.trugreen.com/local-lawn-care/michigan/taylor","200","200:https://www.trugreen.com/local-lawn-care/michigan/taylor","TruGreen Taylor: Lawn Care Maintenance Services in Taylor, MI | TruGreen","TruGreen Taylor: Lawn Care Maintenance Services in Taylor, MI | TruGreen","https://www.trugreen.com/local-lawn-care/michigan/taylor","1","https://www.trugreen.com/local-lawn-care/michigan/taylor","1","","200","https://www.trugreen.com/local-lawn-care/michigan/taylor","","","","0","1","Meet your local experts.","0","header|footer","jsonld:1;types:WebPage;invalid:0;missing:","0","0","45","8","https://www.trugreen.com/lawn-care-101 | https://www.trugreen.com/lawn-care-101/learning-center | https://www.trugreen.com/newsroom | https://www.trugreen.com/pay-your-bill | https://www.trugreen.com/pests-products-and-services | https://www.trugreen.com/pga-tour | https://www.trugreen.com/products-and-services | https://www.trugreen.com/why-choose-trugreen/testimonials-and-ratings","","missing-main|internal-links-missing-from-sitemap|duplicate-title",""
"chromium","2026-08-31T15:02:00.104Z","prod-release-2-7-2026-08-28","800-1100","","https://www.trugreen.com/local-lawn-care/michigan/taylor/lawn-care","https://www.trugreen.com/local-lawn-care/michigan/taylor/lawn-care","200","200:https://www.trugreen.com/local-lawn-care/michigan/taylor/lawn-care","TruGreen Taylor: Lawn Care Maintenance Services in Taylor, MI | TruGreen","TruGreen Taylor: Lawn Care Maintenance Services in Taylor, MI | TruGreen","https://www.trugreen.com/local-lawn-care/michigan/taylor","1","https://www.trugreen.com/local-lawn-care/michigan/taylor","1","","200","https://www.trugreen.com/local-lawn-care/michigan/taylor","","","","0","2","We put the ""care"" in ""lawn care."" | Explore our plans.","0","header|footer","jsonld:1;types:BreadcrumbList|WebPage;invalid:0;missing:jsonld_0_missing_@context|jsonld_1_missing_@context","0","0","44","8","https://www.trugreen.com/lawn-care-101 | https://www.trugreen.com/lawn-care-101/learning-center | https://www.trugreen.com/newsroom | https://www.trugreen.com/pay-your-bill | https://www.trugreen.com/pests-products-and-services | https://www.trugreen.com/pga-tour | https://www.trugreen.com/products-and-services | https://www.trugreen.com/why-choose-trugreen/testimonials-and-ratings","","multiple-h1|missing-main|internal-links-missing-from-sitemap|duplicate-title",""
"chromium","2026-08-31T15:02:00.104Z","prod-release-2-7-2026-08-28","800-1100","","https://www.trugreen.com/local-lawn-care/michigan/waterford","https://www.trugreen.com/local-lawn-care/michigan/waterford","200","200:https://www.trugreen.com/local-lawn-care/michigan/waterford","TruGreen Pontiac: Lawn Care Maintenance Services in Pontiac, MI | TruGreen","TruGreen Pontiac: Lawn Care Maintenance Services in Pontiac, MI | TruGreen","https://www.trugreen.com/local-lawn-care/michigan/waterford","1","https://www.trugreen.com/local-lawn-care/michigan/waterford","1","","200","https://www.trugreen.com/local-lawn-care/michigan/waterford","","","","0","1","Meet your local experts.","0","header|footer","jsonld:1;types:WebPage;invalid:0;missing:","0","0","45","8","https://www.trugreen.com/lawn-care-101 | https://www.trugreen.com/lawn-care-101/learning-center | https://www.trugreen.com/newsroom | https://www.trugreen.com/pay-your-bill | https://www.trugreen.com/pests-products-and-services | https://www.trugreen.com/pga-tour | https://www.trugreen.com/products-and-services | https://www.trugreen.com/why-choose-trugreen/testimonials-and-ratings","","missing-main|internal-links-missing-from-sitemap|duplicate-title",""
"chromium","2026-08-31T15:02:00.104Z","prod-release-2-7-2026-08-28","800-1100","","https://www.trugreen.com/local-lawn-care/michigan/waterford/lawn-care","https://www.trugreen.com/local-lawn-care/michigan/waterford/lawn-care","200","200:https://www.trugreen.com/local-lawn-care/michigan/waterford/lawn-care","TruGreen Pontiac: Lawn Care Maintenance Services in Pontiac, MI | TruGreen","TruGreen Pontiac: Lawn Care Maintenance Services in Pontiac, MI | TruGreen","https://www.trugreen.com/local-lawn-care/michigan/waterford","1","https://www.trugreen.com/local-lawn-care/michigan/waterford","1","","200","https://www.trugreen.com/local-lawn-care/michigan/waterford","","","","0","2","We put the ""care"" in ""lawn care."" | Explore our plans.","0","header|footer","jsonld:1;types:BreadcrumbList|WebPage;invalid:0;missing:jsonld_0_missing_@context|jsonld_1_missing_@context","0","0","44","8","https://www.trugreen.com/lawn-care-101 | https://www.trugreen.com/lawn-care-101/learning-center | https://www.trugreen.com/newsroom | https://www.trugreen.com/pay-your-bill | https://www.trugreen.com/pests-products-and-services | https://www.trugreen.com/pga-tour | https://www.trugreen.com/products-and-services | https://www.trugreen.com/why-choose-trugreen/testimonials-and-ratings","","multiple-h1|missing-main|internal-links-missing-from-sitemap|duplicate-title",""
"chromium","2026-08-31T15:02:00.104Z","prod-release-2-7-2026-08-28","800-1100","","https://www.trugreen.com/local-lawn-care/michigan/williamsburg","https://www.trugreen.com/local-lawn-care/michigan/williamsburg","200","200:https://www.trugreen.com/local-lawn-care/michigan/williamsburg","TruGreen Traverse City: Lawn Care Maintenance Services in Traverse City, MI | TruGreen","TruGreen Traverse City: Lawn Care Maintenance Services in Traverse City, MI | TruGreen","https://www.trugreen.com/local-lawn-care/michigan/williamsburg","1","https://www.trugreen.com/local-lawn-care/michigan/williamsburg","1","","200","https://www.trugreen.com/local-lawn-care/michigan/williamsburg","","","","0","1","Meet your local experts.","0","header|footer","jsonld:1;types:WebPage;invalid:0;missing:","0","0","45","8","https://www.trugreen.com/lawn-care-101 | https://www.trugreen.com/lawn-care-101/learning-center | https://www.trugreen.com/newsroom | https://www.trugreen.com/pay-your-bill | https://www.trugreen.com/pests-products-and-services | https://www.trugreen.com/pga-tour | https://www.trugreen.com/products-and-services | https://www.trugreen.com/why-choose-trugreen/testimonials-and-ratings","","missing-main|internal-links-missing-from-sitemap|duplicate-title",""
"chromium","2026-08-31T15:02:00.104Z","prod-release-2-7-2026-08-28","800-1100","","https://www.trugreen.com/local-lawn-care/michigan/williamsburg/lawn-care","https://www.trugreen.com/local-lawn-care/michigan/williamsburg/lawn-care","200","200:https://www.trugreen.com/local-lawn-care/michigan/williamsburg/lawn-care","TruGreen Traverse City: Lawn Care Maintenance Services in Traverse City, MI | TruGreen","TruGreen Traverse City: Lawn Care Maintenance Services in Traverse City, MI | TruGreen","https://www.trugreen.com/local-lawn-care/michigan/williamsburg","1","https://www.trugreen.com/local-lawn-care/michigan/williamsburg","1","","200","https://www.trugreen.com/local-lawn-care/michigan/williamsburg","","","","0","2","We put the ""care"" in ""lawn care."" | Explore our plans.","0","header|footer","jsonld:1;types:BreadcrumbList|WebPage;invalid:0;missing:jsonld_0_missing_@context|jsonld_1_missing_@context","0","0","44","8","https://www.trugreen.com/lawn-care-101 | https://www.trugreen.com/lawn-care-101/learning-center | https://www.trugreen.com/newsroom | https://www.trugreen.com/pay-your-bill | https://www.trugreen.com/pests-products-and-services | https://www.trugreen.com/pga-tour | https://www.trugreen.com/products-and-services | https://www.trugreen.com/why-choose-trugreen/testimonials-and-ratings","","multiple-h1|missing-main|internal-links-missing-from-sitemap|duplicate-title",""
"chromium","2026-08-31T15:02:00.104Z","prod-release-2-7-2026-08-28","800-1100","","https://www.trugreen.com/local-lawn-care/michigan/wixom","https://www.trugreen.com/local-lawn-care/michigan/wixom","200","200:https://www.trugreen.com/local-lawn-care/michigan/wixom","TruGreen Wixom: Lawn Care Maintenance Services in Wixom, MI | TruGreen","TruGreen Wixom: Lawn Care Maintenance Services in Wixom, MI | TruGreen","https://www.trugreen.com/local-lawn-care/michigan/wixom","1","https://www.trugreen.com/local-lawn-care/michigan/wixom","1","","200","https://www.trugreen.com/local-lawn-care/michigan/wixom","","","","0","1","Meet your local experts.","0","header|footer","jsonld:1;types:WebPage;invalid:0;missing:","0","0","45","8","https://www.trugreen.com/lawn-care-101 | https://www.trugreen.com/lawn-care-101/learning-center | https://www.trugreen.com/newsroom | https://www.trugreen.com/pay-your-bill | https://www.trugreen.com/pests-products-and-services | https://www.trugreen.com/pga-tour | https://www.trugreen.com/products-and-services | https://www.trugreen.com/why-choose-trugreen/testimonials-and-ratings","","missing-main|internal-links-missing-from-sitemap|duplicate-title",""
"chromium","2026-08-31T15:02:00.104Z","prod-release-2-7-2026-08-28","800-1100","","https://www.trugreen.com/local-lawn-care/michigan/wixom/lawn-care","https://www.trugreen.com/local-lawn-care/michigan/wixom/lawn-care","200","200:https://www.trugreen.com/local-lawn-care/michigan/wixom/lawn-care","TruGreen Wixom: Lawn Care Maintenance Services in Wixom, MI | TruGreen","TruGreen Wixom: Lawn Care Maintenance Services in Wixom, MI | TruGreen","https://www.trugreen.com/local-lawn-care/michigan/wixom","1","https://www.trugreen.com/local-lawn-care/michigan/wixom","1","","200","https://www.trugreen.com/local-lawn-care/michigan/wixom","","","","0","2","We put the ""care"" in ""lawn care."" | Explore our plans.","0","header|footer","jsonld:1;types:BreadcrumbList|WebPage;invalid:0;missing:jsonld_0_missing_@context|jsonld_1_missing_@context","0","0","44","8","https://www.trugreen.com/lawn-care-101 | https://www.trugreen.com/lawn-care-101/learning-center | https://www.trugreen.com/newsroom | https://www.trugreen.com/pay-your-bill | https://www.trugreen.com/pests-products-and-services | https://www.trugreen.com/pga-tour | https://www.trugreen.com/products-and-services | https://www.trugreen.com/why-choose-trugreen/testimonials-and-ratings","","multiple-h1|missing-main|internal-links-missing-from-sitemap|duplicate-title",""
"chromium","2026-08-31T15:02:00.104Z","prod-release-2-7-2026-08-28","800-1100","","https://www.trugreen.com/local-lawn-care/michigan/ypsilanti","https://www.trugreen.com/local-lawn-care/michigan/ypsilanti","200","200:https://www.trugreen.com/local-lawn-care/michigan/ypsilanti","TruGreen Ann Arbor: Lawn Care Maintenance Services in Ann Arbor, MI | TruGreen","TruGreen Ann Arbor: Lawn Care Maintenance Services in Ann Arbor, MI | TruGreen","https://www.trugreen.com/local-lawn-care/michigan/ypsilanti","1","https://www.trugreen.com/local-lawn-care/michigan/ypsilanti","1","","200","https://www.trugreen.com/local-lawn-care/michigan/ypsilanti","","","","0","1","Meet your local experts.","0","header|footer","jsonld:1;types:WebPage;invalid:0;missing:","0","0","45","8","https://www.trugreen.com/lawn-care-101 | https://www.trugreen.com/lawn-care-101/learning-center | https://www.trugreen.com/newsroom | https://www.trugreen.com/pay-your-bill | https://www.trugreen.com/pests-products-and-services | https://www.trugreen.com/pga-tour | https://www.trugreen.com/products-and-services | https://www.trugreen.com/why-choose-trugreen/testimonials-and-ratings","","missing-main|internal-links-missing-from-sitemap|duplicate-title",""
"chromium","2026-08-31T15:02:00.104Z","prod-release-2-7-2026-08-28","800-1100","","https://www.trugreen.com/local-lawn-care/michigan/ypsilanti/lawn-care","https://www.trugreen.com/local-lawn-care/michigan/ypsilanti/lawn-care","200","200:https://www.trugreen.com/local-lawn-care/michigan/ypsilanti/lawn-care","TruGreen Ann Arbor: Lawn Care Maintenance Services in Ann Arbor, MI | TruGreen","TruGreen Ann Arbor: Lawn Care Maintenance Services in Ann Arbor, MI | TruGreen","https://www.trugreen.com/local-lawn-care/michigan/ypsilanti","1","https://www.trugreen.com/local-lawn-care/michigan/ypsilanti","1","","200","https://www.trugreen.com/local-lawn-care/michigan/ypsilanti","","","","0","2","We put the ""care"" in ""lawn care."" | Explore our plans.","0","header|footer","jsonld:1;types:BreadcrumbList|WebPage;invalid:0;missing:jsonld_0_missing_@context|jsonld_1_missing_@context","0","0","44","8","https://www.trugreen.com/lawn-care-101 | https://www.trugreen.com/lawn-care-101/learning-center | https://www.trugreen.com/newsroom | https://www.trugreen.com/pay-your-bill | https://www.trugreen.com/pests-products-and-services | https://www.trugreen.com/pga-tour | https://www.trugreen.com/products-and-services | https://www.trugreen.com/why-choose-trugreen/testimonials-and-ratings","","multiple-h1|missing-main|internal-links-missing-from-sitemap|duplicate-title",""
"chromium","2026-08-31T15:02:00.104Z","prod-release-2-7-2026-08-28","800-1100","","https://www.trugreen.com/local-lawn-care/minnesota","https://www.trugreen.com/local-lawn-care/minnesota","200","200:https://www.trugreen.com/local-lawn-care/minnesota","TruGreen Minnesota: Local Lawn Care Service Near Me | TruGreen","TruGreen Minnesota: Local Lawn Care Service Near Me | TruGreen","https://www.trugreen.com/local-lawn-care/minnesota","1","https://www.trugreen.com/local-lawn-care/minnesota","1","","200","https://www.trugreen.com/local-lawn-care/minnesota","","","","0","1","Find your local branch in Minnesota.","0","header|footer","jsonld:1;types:BreadcrumbList|CollectionPage|ItemList;invalid:0;missing:jsonld_0_missing_@context|jsonld_1_missing_@context|jsonld_2_missing_@context","0","0","46","8","https://www.trugreen.com/lawn-care-101 | https://www.trugreen.com/lawn-care-101/learning-center | https://www.trugreen.com/newsroom | https://www.trugreen.com/pay-your-bill | https://www.trugreen.com/pests-products-and-services | https://www.trugreen.com/pga-tour | https://www.trugreen.com/products-and-services | https://www.trugreen.com/why-choose-trugreen/testimonials-and-ratings","","missing-main|internal-links-missing-from-sitemap",""
"chromium","2026-08-31T15:02:00.104Z","prod-release-2-7-2026-08-28","800-1100","","https://www.trugreen.com/local-lawn-care/minnesota/burnsville","https://www.trugreen.com/local-lawn-care/minnesota/burnsville","200","200:https://www.trugreen.com/local-lawn-care/minnesota/burnsville","TruGreen Burnsville: Lawn Care Maintenance Services in Burnsville, MN | TruGreen","TruGreen Burnsville: Lawn Care Maintenance Services in Burnsville, MN | TruGreen","https://www.trugreen.com/local-lawn-care/minnesota/burnsville","1","https://www.trugreen.com/local-lawn-care/minnesota/burnsville","1","","200","https://www.trugreen.com/local-lawn-care/minnesota/burnsville","","","","0","1","Meet your local experts.","0","header|footer","jsonld:1;types:WebPage;invalid:0;missing:","0","0","45","8","https://www.trugreen.com/lawn-care-101 | https://www.trugreen.com/lawn-care-101/learning-center | https://www.trugreen.com/newsroom | https://www.trugreen.com/pay-your-bill | https://www.trugreen.com/pests-products-and-services | https://www.trugreen.com/pga-tour | https://www.trugreen.com/products-and-services | https://www.trugreen.com/why-choose-trugreen/testimonials-and-ratings","","missing-main|internal-links-missing-from-sitemap|duplicate-title",""
"chromium","2026-08-31T15:02:00.104Z","prod-release-2-7-2026-08-28","800-1100","","https://www.trugreen.com/local-lawn-care/minnesota/burnsville/lawn-care","https://www.trugreen.com/local-lawn-care/minnesota/burnsville/lawn-care","200","200:https://www.trugreen.com/local-lawn-care/minnesota/burnsville/lawn-care","TruGreen Burnsville: Lawn Care Maintenance Services in Burnsville, MN | TruGreen","TruGreen Burnsville: Lawn Care Maintenance Services in Burnsville, MN | TruGreen","https://www.trugreen.com/local-lawn-care/minnesota/burnsville","1","https://www.trugreen.com/local-lawn-care/minnesota/burnsville","1","","200","https://www.trugreen.com/local-lawn-care/minnesota/burnsville","","","","0","2","We put the ""care"" in ""lawn care."" | Explore our plans.","0","header|footer","jsonld:1;types:BreadcrumbList|WebPage;invalid:0;missing:jsonld_0_missing_@context|jsonld_1_missing_@context","0","0","44","8","https://www.trugreen.com/lawn-care-101 | https://www.trugreen.com/lawn-care-101/learning-center | https://www.trugreen.com/newsroom | https://www.trugreen.com/pay-your-bill | https://www.trugreen.com/pests-products-and-services | https://www.trugreen.com/pga-tour | https://www.trugreen.com/products-and-services | https://www.trugreen.com/why-choose-trugreen/testimonials-and-ratings","","multiple-h1|missing-main|internal-links-missing-from-sitemap|duplicate-title",""
"chromium","2026-08-31T15:02:00.104Z","prod-release-2-7-2026-08-28","800-1100","","https://www.trugreen.com/local-lawn-care/minnesota/hermantown","https://www.trugreen.com/local-lawn-care/minnesota/hermantown","200","200:https://www.trugreen.com/local-lawn-care/minnesota/hermantown","TruGreen Superior Duluth: Lawn Care Maintenance Services in Superior Duluth, MN | TruGreen","TruGreen Superior Duluth: Lawn Care Maintenance Services in Superior Duluth, MN | TruGreen","https://www.trugreen.com/local-lawn-care/minnesota/hermantown","1","https://www.trugreen.com/local-lawn-care/minnesota/hermantown","1","","200","https://www.trugreen.com/local-lawn-care/minnesota/hermantown","","","","0","1","Meet your local experts.","0","header|footer","jsonld:1;types:WebPage;invalid:0;missing:","0","0","45","8","https://www.trugreen.com/lawn-care-101 | https://www.trugreen.com/lawn-care-101/learning-center | https://www.trugreen.com/newsroom | https://www.trugreen.com/pay-your-bill | https://www.trugreen.com/pests-products-and-services | https://www.trugreen.com/pga-tour | https://www.trugreen.com/products-and-services | https://www.trugreen.com/why-choose-trugreen/testimonials-and-ratings","","missing-main|internal-links-missing-from-sitemap|duplicate-title",""
"chromium","2026-08-31T15:02:00.104Z","prod-release-2-7-2026-08-28","800-1100","","https://www.trugreen.com/local-lawn-care/minnesota/hermantown/lawn-care","https://www.trugreen.com/local-lawn-care/minnesota/hermantown/lawn-care","200","200:https://www.trugreen.com/local-lawn-care/minnesota/hermantown/lawn-care","TruGreen Superior Duluth: Lawn Care Maintenance Services in Superior Duluth, MN | TruGreen","TruGreen Superior Duluth: Lawn Care Maintenance Services in Superior Duluth, MN | TruGreen","https://www.trugreen.com/local-lawn-care/minnesota/hermantown","1","https://www.trugreen.com/local-lawn-care/minnesota/hermantown","1","","200","https://www.trugreen.com/local-lawn-care/minnesota/hermantown","","","","0","2","We put the ""care"" in ""lawn care."" | Explore our plans.","0","header|footer","jsonld:1;types:BreadcrumbList|WebPage;invalid:0;missing:jsonld_0_missing_@context|jsonld_1_missing_@context","0","0","44","8","https://www.trugreen.com/lawn-care-101 | https://www.trugreen.com/lawn-care-101/learning-center | https://www.trugreen.com/newsroom | https://www.trugreen.com/pay-your-bill | https://www.trugreen.com/pests-products-and-services | https://www.trugreen.com/pga-tour | https://www.trugreen.com/products-and-services | https://www.trugreen.com/why-choose-trugreen/testimonials-and-ratings","","multiple-h1|missing-main|internal-links-missing-from-sitemap|duplicate-title",""
"chromium","2026-08-31T15:02:00.104Z","prod-release-2-7-2026-08-28","800-1100","","https://www.trugreen.com/local-lawn-care/minnesota/maple-grove","https://www.trugreen.com/local-lawn-care/minnesota/maple-grove","200","200:https://www.trugreen.com/local-lawn-care/minnesota/maple-grove","TruGreen Maple Grove: Lawn Care Maintenance Services in Maple Grove, MN | TruGreen","TruGreen Maple Grove: Lawn Care Maintenance Services in Maple Grove, MN | TruGreen","https://www.trugreen.com/local-lawn-care/minnesota/maple-grove","1","https://www.trugreen.com/local-lawn-care/minnesota/maple-grove","1","","200","https://www.trugreen.com/local-lawn-care/minnesota/maple-grove","","","","0","1","Meet your local experts.","0","header|footer","jsonld:1;types:WebPage;invalid:0;missing:","0","0","45","8","https://www.trugreen.com/lawn-care-101 | https://www.trugreen.com/lawn-care-101/learning-center | https://www.trugreen.com/newsroom | https://www.trugreen.com/pay-your-bill | https://www.trugreen.com/pests-products-and-services | https://www.trugreen.com/pga-tour | https://www.trugreen.com/products-and-services | https://www.trugreen.com/why-choose-trugreen/testimonials-and-ratings","","missing-main|internal-links-missing-from-sitemap|duplicate-title",""
"chromium","2026-08-31T15:02:00.104Z","prod-release-2-7-2026-08-28","800-1100","","https://www.trugreen.com/local-lawn-care/minnesota/maple-grove/lawn-care","https://www.trugreen.com/local-lawn-care/minnesota/maple-grove/lawn-care","200","200:https://www.trugreen.com/local-lawn-care/minnesota/maple-grove/lawn-care","TruGreen Maple Grove: Lawn Care Maintenance Services in Maple Grove, MN | TruGreen","TruGreen Maple Grove: Lawn Care Maintenance Services in Maple Grove, MN | TruGreen","https://www.trugreen.com/local-lawn-care/minnesota/maple-grove","1","https://www.trugreen.com/local-lawn-care/minnesota/maple-grove","1","","200","https://www.trugreen.com/local-lawn-care/minnesota/maple-grove","","","","0","2","We put the ""care"" in ""lawn care."" | Explore our plans.","0","header|footer","jsonld:1;types:BreadcrumbList|WebPage;invalid:0;missing:jsonld_0_missing_@context|jsonld_1_missing_@context","0","0","44","8","https://www.trugreen.com/lawn-care-101 | https://www.trugreen.com/lawn-care-101/learning-center | https://www.trugreen.com/newsroom | https://www.trugreen.com/pay-your-bill | https://www.trugreen.com/pests-products-and-services | https://www.trugreen.com/pga-tour | https://www.trugreen.com/products-and-services | https://www.trugreen.com/why-choose-trugreen/testimonials-and-ratings","","multiple-h1|missing-main|internal-links-missing-from-sitemap|duplicate-title",""
"chromium","2026-08-31T15:02:00.104Z","prod-release-2-7-2026-08-28","800-1100","","https://www.trugreen.com/local-lawn-care/minnesota/minnetonka","https://www.trugreen.com/local-lawn-care/minnesota/minnetonka","200","200:https://www.trugreen.com/local-lawn-care/minnesota/minnetonka","TruGreen Minnetonka: Lawn Care Maintenance Services in Minnetonka, MN | TruGreen","TruGreen Minnetonka: Lawn Care Maintenance Services in Minnetonka, MN | TruGreen","https://www.trugreen.com/local-lawn-care/minnesota/minnetonka","1","https://www.trugreen.com/local-lawn-care/minnesota/minnetonka","1","","200","https://www.trugreen.com/local-lawn-care/minnesota/minnetonka","","","","0","1","Meet your local experts.","0","header|footer","jsonld:1;types:WebPage;invalid:0;missing:","0","0","45","8","https://www.trugreen.com/lawn-care-101 | https://www.trugreen.com/lawn-care-101/learning-center | https://www.trugreen.com/newsroom | https://www.trugreen.com/pay-your-bill | https://www.trugreen.com/pests-products-and-services | https://www.trugreen.com/pga-tour | https://www.trugreen.com/products-and-services | https://www.trugreen.com/why-choose-trugreen/testimonials-and-ratings","","missing-main|internal-links-missing-from-sitemap|duplicate-title",""
"chromium","2026-08-31T15:02:00.104Z","prod-release-2-7-2026-08-28","800-1100","","https://www.trugreen.com/local-lawn-care/minnesota/minnetonka/lawn-care","https://www.trugreen.com/local-lawn-care/minnesota/minnetonka/lawn-care","200","200:https://www.trugreen.com/local-lawn-care/minnesota/minnetonka/lawn-care","TruGreen Minnetonka: Lawn Care Maintenance Services in Minnetonka, MN | TruGreen","TruGreen Minnetonka: Lawn Care Maintenance Services in Minnetonka, MN | TruGreen","https://www.trugreen.com/local-lawn-care/minnesota/minnetonka","1","https://www.trugreen.com/local-lawn-care/minnesota/minnetonka","1","","200","https://www.trugreen.com/local-lawn-care/minnesota/minnetonka","","","","0","2","We put the ""care"" in ""lawn care."" | Explore our plans.","0","header|footer","jsonld:1;types:BreadcrumbList|WebPage;invalid:0;missing:jsonld_0_missing_@context|jsonld_1_missing_@context","0","0","44","8","https://www.trugreen.com/lawn-care-101 | https://www.trugreen.com/lawn-care-101/learning-center | https://www.trugreen.com/newsroom | https://www.trugreen.com/pay-your-bill | https://www.trugreen.com/pests-products-and-services | https://www.trugreen.com/pga-tour | https://www.trugreen.com/products-and-services | https://www.trugreen.com/why-choose-trugreen/testimonials-and-ratings","","multiple-h1|missing-main|internal-links-missing-from-sitemap|duplicate-title",""
"chromium","2026-08-31T15:02:00.104Z","prod-release-2-7-2026-08-28","800-1100","","https://www.trugreen.com/local-lawn-care/minnesota/pequot-lakes","https://www.trugreen.com/local-lawn-care/minnesota/pequot-lakes","200","200:https://www.trugreen.com/local-lawn-care/minnesota/pequot-lakes","TruGreen Pequot Lakes: Lawn Care Maintenance Services in Pequot Lakes, MN | TruGreen","TruGreen Pequot Lakes: Lawn Care Maintenance Services in Pequot Lakes, MN | TruGreen","https://www.trugreen.com/local-lawn-care/minnesota/pequot-lakes","1","https://www.trugreen.com/local-lawn-care/minnesota/pequot-lakes","1","","200","https://www.trugreen.com/local-lawn-care/minnesota/pequot-lakes","","","","0","1","Meet your local experts.","0","header|footer","jsonld:1;types:WebPage;invalid:0;missing:","0","0","45","8","https://www.trugreen.com/lawn-care-101 | https://www.trugreen.com/lawn-care-101/learning-center | https://www.trugreen.com/newsroom | https://www.trugreen.com/pay-your-bill | https://www.trugreen.com/pests-products-and-services | https://www.trugreen.com/pga-tour | https://www.trugreen.com/products-and-services | https://www.trugreen.com/why-choose-trugreen/testimonials-and-ratings","","missing-main|internal-links-missing-from-sitemap|duplicate-title",""
"chromium","2026-08-31T15:02:00.104Z","prod-release-2-7-2026-08-28","800-1100","","https://www.trugreen.com/local-lawn-care/minnesota/pequot-lakes/lawn-care","https://www.trugreen.com/local-lawn-care/minnesota/pequot-lakes/lawn-care","200","200:https://www.trugreen.com/local-lawn-care/minnesota/pequot-lakes/lawn-care","TruGreen Pequot Lakes: Lawn Care Maintenance Services in Pequot Lakes, MN | TruGreen","TruGreen Pequot Lakes: Lawn Care Maintenance Services in Pequot Lakes, MN | TruGreen","https://www.trugreen.com/local-lawn-care/minnesota/pequot-lakes","1","https://www.trugreen.com/local-lawn-care/minnesota/pequot-lakes","1","","200","https://www.trugreen.com/local-lawn-care/minnesota/pequot-lakes","","","","0","2","We put the ""care"" in ""lawn care."" | Explore our plans.","0","header|footer","jsonld:1;types:BreadcrumbList|WebPage;invalid:0;missing:jsonld_0_missing_@context|jsonld_1_missing_@context","0","0","44","8","https://www.trugreen.com/lawn-care-101 | https://www.trugreen.com/lawn-care-101/learning-center | https://www.trugreen.com/newsroom | https://www.trugreen.com/pay-your-bill | https://www.trugreen.com/pests-products-and-services | https://www.trugreen.com/pga-tour | https://www.trugreen.com/products-and-services | https://www.trugreen.com/why-choose-trugreen/testimonials-and-ratings","","multiple-h1|missing-main|internal-links-missing-from-sitemap|duplicate-title",""
"chromium","2026-08-31T15:02:00.104Z","prod-release-2-7-2026-08-28","800-1100","","https://www.trugreen.com/local-lawn-care/minnesota/rochester","https://www.trugreen.com/local-lawn-care/minnesota/rochester","200","200:https://www.trugreen.com/local-lawn-care/minnesota/rochester","TruGreen Rochester MN: Lawn Care Maintenance Services in Rochester MN, MN | TruGreen","TruGreen Rochester MN: Lawn Care Maintenance Services in Rochester MN, MN | TruGreen","https://www.trugreen.com/local-lawn-care/minnesota/rochester","1","https://www.trugreen.com/local-lawn-care/minnesota/rochester","1","","200","https://www.trugreen.com/local-lawn-care/minnesota/rochester","","","","0","1","Meet your local experts.","0","header|footer","jsonld:1;types:WebPage;invalid:0;missing:","0","0","45","8","https://www.trugreen.com/lawn-care-101 | https://www.trugreen.com/lawn-care-101/learning-center | https://www.trugreen.com/newsroom | https://www.trugreen.com/pay-your-bill | https://www.trugreen.com/pests-products-and-services | https://www.trugreen.com/pga-tour | https://www.trugreen.com/products-and-services | https://www.trugreen.com/why-choose-trugreen/testimonials-and-ratings","","missing-main|internal-links-missing-from-sitemap|duplicate-title",""
"chromium","2026-08-31T15:02:00.104Z","prod-release-2-7-2026-08-28","800-1100","","https://www.trugreen.com/local-lawn-care/minnesota/rochester/lawn-care","https://www.trugreen.com/local-lawn-care/minnesota/rochester/lawn-care","200","200:https://www.trugreen.com/local-lawn-care/minnesota/rochester/lawn-care","TruGreen Rochester MN: Lawn Care Maintenance Services in Rochester MN, MN | TruGreen","TruGreen Rochester MN: Lawn Care Maintenance Services in Rochester MN, MN | TruGreen","https://www.trugreen.com/local-lawn-care/minnesota/rochester","1","https://www.trugreen.com/local-lawn-care/minnesota/rochester","1","","200","https://www.trugreen.com/local-lawn-care/minnesota/rochester","","","","0","2","We put the ""care"" in ""lawn care."" | Explore our plans.","0","header|footer","jsonld:1;types:BreadcrumbList|WebPage;invalid:0;missing:jsonld_0_missing_@context|jsonld_1_missing_@context","0","0","44","8","https://www.trugreen.com/lawn-care-101 | https://www.trugreen.com/lawn-care-101/learning-center | https://www.trugreen.com/newsroom | https://www.trugreen.com/pay-your-bill | https://www.trugreen.com/pests-products-and-services | https://www.trugreen.com/pga-tour | https://www.trugreen.com/products-and-services | https://www.trugreen.com/why-choose-trugreen/testimonials-and-ratings","","multiple-h1|missing-main|internal-links-missing-from-sitemap|duplicate-title",""
"chromium","2026-08-31T15:02:00.104Z","prod-release-2-7-2026-08-28","800-1100","","https://www.trugreen.com/local-lawn-care/minnesota/vadnais-heights","https://www.trugreen.com/local-lawn-care/minnesota/vadnais-heights","200","200:https://www.trugreen.com/local-lawn-care/minnesota/vadnais-heights","TruGreen Maplewood: Lawn Care Maintenance Services in Maplewood, MN | TruGreen","TruGreen Maplewood: Lawn Care Maintenance Services in Maplewood, MN | TruGreen","https://www.trugreen.com/local-lawn-care/minnesota/vadnais-heights","1","https://www.trugreen.com/local-lawn-care/minnesota/vadnais-heights","1","","200","https://www.trugreen.com/local-lawn-care/minnesota/vadnais-heights","","","","0","1","Meet your local experts.","0","header|footer","jsonld:1;types:WebPage;invalid:0;missing:","0","0","45","8","https://www.trugreen.com/lawn-care-101 | https://www.trugreen.com/lawn-care-101/learning-center | https://www.trugreen.com/newsroom | https://www.trugreen.com/pay-your-bill | https://www.trugreen.com/pests-products-and-services | https://www.trugreen.com/pga-tour | https://www.trugreen.com/products-and-services | https://www.trugreen.com/why-choose-trugreen/testimonials-and-ratings","","missing-main|internal-links-missing-from-sitemap|duplicate-title",""
"chromium","2026-08-31T15:02:00.104Z","prod-release-2-7-2026-08-28","800-1100","","https://www.trugreen.com/local-lawn-care/minnesota/vadnais-heights/lawn-care","https://www.trugreen.com/local-lawn-care/minnesota/vadnais-heights/lawn-care","200","200:https://www.trugreen.com/local-lawn-care/minnesota/vadnais-heights/lawn-care","TruGreen Maplewood: Lawn Care Maintenance Services in Maplewood, MN | TruGreen","TruGreen Maplewood: Lawn Care Maintenance Services in Maplewood, MN | TruGreen","https://www.trugreen.com/local-lawn-care/minnesota/vadnais-heights","1","https://www.trugreen.com/local-lawn-care/minnesota/vadnais-heights","1","","200","https://www.trugreen.com/local-lawn-care/minnesota/vadnais-heights","","","","0","2","We put the ""care"" in ""lawn care."" | Explore our plans.","0","header|footer","jsonld:1;types:BreadcrumbList|WebPage;invalid:0;missing:jsonld_0_missing_@context|jsonld_1_missing_@context","0","0","44","8","https://www.trugreen.com/lawn-care-101 | https://www.trugreen.com/lawn-care-101/learning-center | https://www.trugreen.com/newsroom | https://www.trugreen.com/pay-your-bill | https://www.trugreen.com/pests-products-and-services | https://www.trugreen.com/pga-tour | https://www.trugreen.com/products-and-services | https://www.trugreen.com/why-choose-trugreen/testimonials-and-ratings","","multiple-h1|missing-main|internal-links-missing-from-sitemap|duplicate-title",""
"chromium","2026-08-31T15:02:00.104Z","prod-release-2-7-2026-08-28","800-1100","","https://www.trugreen.com/local-lawn-care/mississippi","https://www.trugreen.com/local-lawn-care/mississippi","200","200:https://www.trugreen.com/local-lawn-care/mississippi","TruGreen Mississippi: Local Lawn Care Service Near Me | TruGreen","TruGreen Mississippi: Local Lawn Care Service Near Me | TruGreen","https://www.trugreen.com/local-lawn-care/mississippi","1","https://www.trugreen.com/local-lawn-care/mississippi","1","","200","https://www.trugreen.com/local-lawn-care/mississippi","","","","0","1","Find your local branch in Mississippi.","0","header|footer","jsonld:1;types:BreadcrumbList|CollectionPage|ItemList;invalid:0;missing:jsonld_0_missing_@context|jsonld_1_missing_@context|jsonld_2_missing_@context","0","0","44","8","https://www.trugreen.com/lawn-care-101 | https://www.trugreen.com/lawn-care-101/learning-center | https://www.trugreen.com/newsroom | https://www.trugreen.com/pay-your-bill | https://www.trugreen.com/pests-products-and-services | https://www.trugreen.com/pga-tour | https://www.trugreen.com/products-and-services | https://www.trugreen.com/why-choose-trugreen/testimonials-and-ratings","","missing-main|internal-links-missing-from-sitemap",""
"chromium","2026-08-31T15:02:00.104Z","prod-release-2-7-2026-08-28","800-1100","","https://www.trugreen.com/local-lawn-care/mississippi/jackson","https://www.trugreen.com/local-lawn-care/mississippi/jackson","200","200:https://www.trugreen.com/local-lawn-care/mississippi/jackson","TruGreen Jackson MS: Lawn Care Maintenance Services in Jackson MS, MS | TruGreen","TruGreen Jackson MS: Lawn Care Maintenance Services in Jackson MS, MS | TruGreen","https://www.trugreen.com/local-lawn-care/mississippi/jackson","1","https://www.trugreen.com/local-lawn-care/mississippi/jackson","1","","200","https://www.trugreen.com/local-lawn-care/mississippi/jackson","","","","0","1","Meet your local experts.","0","header|footer","jsonld:1;types:WebPage;invalid:0;missing:","0","0","45","8","https://www.trugreen.com/lawn-care-101 | https://www.trugreen.com/lawn-care-101/learning-center | https://www.trugreen.com/newsroom | https://www.trugreen.com/pay-your-bill | https://www.trugreen.com/pests-products-and-services | https://www.trugreen.com/pga-tour | https://www.trugreen.com/products-and-services | https://www.trugreen.com/why-choose-trugreen/testimonials-and-ratings","","missing-main|internal-links-missing-from-sitemap|duplicate-title",""
"chromium","2026-08-31T15:02:00.104Z","prod-release-2-7-2026-08-28","800-1100","","https://www.trugreen.com/local-lawn-care/mississippi/jackson/lawn-care","https://www.trugreen.com/local-lawn-care/mississippi/jackson/lawn-care","200","200:https://www.trugreen.com/local-lawn-care/mississippi/jackson/lawn-care","TruGreen Jackson MS: Lawn Care Maintenance Services in Jackson MS, MS | TruGreen","TruGreen Jackson MS: Lawn Care Maintenance Services in Jackson MS, MS | TruGreen","https://www.trugreen.com/local-lawn-care/mississippi/jackson","1","https://www.trugreen.com/local-lawn-care/mississippi/jackson","1","","200","https://www.trugreen.com/local-lawn-care/mississippi/jackson","","","","0","2","We put the ""care"" in ""lawn care."" | Explore our plans.","0","header|footer","jsonld:1;types:BreadcrumbList|WebPage;invalid:0;missing:jsonld_0_missing_@context|jsonld_1_missing_@context","0","0","44","8","https://www.trugreen.com/lawn-care-101 | https://www.trugreen.com/lawn-care-101/learning-center | https://www.trugreen.com/newsroom | https://www.trugreen.com/pay-your-bill | https://www.trugreen.com/pests-products-and-services | https://www.trugreen.com/pga-tour | https://www.trugreen.com/products-and-services | https://www.trugreen.com/why-choose-trugreen/testimonials-and-ratings","","multiple-h1|missing-main|internal-links-missing-from-sitemap|duplicate-title",""
"chromium","2026-08-31T15:02:00.104Z","prod-release-2-7-2026-08-28","800-1100","","https://www.trugreen.com/local-lawn-care/mississippi/purvis","https://www.trugreen.com/local-lawn-care/mississippi/purvis","200","200:https://www.trugreen.com/local-lawn-care/mississippi/purvis","TruGreen Hattiesburg: Lawn Care Maintenance Services in Hattiesburg, MS | TruGreen","TruGreen Hattiesburg: Lawn Care Maintenance Services in Hattiesburg, MS | TruGreen","https://www.trugreen.com/local-lawn-care/mississippi/purvis","1","https://www.trugreen.com/local-lawn-care/mississippi/purvis","1","","200","https://www.trugreen.com/local-lawn-care/mississippi/purvis","","","","0","1","Meet your local experts.","0","header|footer","jsonld:1;types:WebPage;invalid:0;missing:","0","0","45","8","https://www.trugreen.com/lawn-care-101 | https://www.trugreen.com/lawn-care-101/learning-center | https://www.trugreen.com/newsroom | https://www.trugreen.com/pay-your-bill | https://www.trugreen.com/pests-products-and-services | https://www.trugreen.com/pga-tour | https://www.trugreen.com/products-and-services | https://www.trugreen.com/why-choose-trugreen/testimonials-and-ratings","","missing-main|internal-links-missing-from-sitemap|duplicate-title",""
"chromium","2026-08-31T15:02:00.104Z","prod-release-2-7-2026-08-28","800-1100","","https://www.trugreen.com/local-lawn-care/mississippi/purvis/lawn-care","https://www.trugreen.com/local-lawn-care/mississippi/purvis/lawn-care","200","200:https://www.trugreen.com/local-lawn-care/mississippi/purvis/lawn-care","TruGreen Hattiesburg: Lawn Care Maintenance Services in Hattiesburg, MS | TruGreen","TruGreen Hattiesburg: Lawn Care Maintenance Services in Hattiesburg, MS | TruGreen","https://www.trugreen.com/local-lawn-care/mississippi/purvis","1","https://www.trugreen.com/local-lawn-care/mississippi/purvis","1","","200","https://www.trugreen.com/local-lawn-care/mississippi/purvis","","","","0","2","We put the ""care"" in ""lawn care."" | Explore our plans.","0","header|footer","jsonld:1;types:BreadcrumbList|WebPage;invalid:0;missing:jsonld_0_missing_@context|jsonld_1_missing_@context","0","0","44","8","https://www.trugreen.com/lawn-care-101 | https://www.trugreen.com/lawn-care-101/learning-center | https://www.trugreen.com/newsroom | https://www.trugreen.com/pay-your-bill | https://www.trugreen.com/pests-products-and-services | https://www.trugreen.com/pga-tour | https://www.trugreen.com/products-and-services | https://www.trugreen.com/why-choose-trugreen/testimonials-and-ratings","","multiple-h1|missing-main|internal-links-missing-from-sitemap|duplicate-title",""
"chromium","2026-08-31T15:02:00.104Z","prod-release-2-7-2026-08-28","800-1100","","https://www.trugreen.com/local-lawn-care/mississippi/tupelo","https://www.trugreen.com/local-lawn-care/mississippi/tupelo","200","200:https://www.trugreen.com/local-lawn-care/mississippi/tupelo","TruGreen Tupelo: Lawn Care Maintenance Services in Tupelo, MS | TruGreen","TruGreen Tupelo: Lawn Care Maintenance Services in Tupelo, MS | TruGreen","https://www.trugreen.com/local-lawn-care/mississippi/tupelo","1","https://www.trugreen.com/local-lawn-care/mississippi/tupelo","1","","200","https://www.trugreen.com/local-lawn-care/mississippi/tupelo","","","","0","1","Meet your local experts.","0","header|footer","jsonld:1;types:WebPage;invalid:0;missing:","0","0","45","8","https://www.trugreen.com/lawn-care-101 | https://www.trugreen.com/lawn-care-101/learning-center | https://www.trugreen.com/newsroom | https://www.trugreen.com/pay-your-bill | https://www.trugreen.com/pests-products-and-services | https://www.trugreen.com/pga-tour | https://www.trugreen.com/products-and-services | https://www.trugreen.com/why-choose-trugreen/testimonials-and-ratings","","missing-main|internal-links-missing-from-sitemap|duplicate-title",""
"chromium","2026-08-31T15:02:00.104Z","prod-release-2-7-2026-08-28","800-1100","","https://www.trugreen.com/local-lawn-care/mississippi/tupelo/lawn-care","https://www.trugreen.com/local-lawn-care/mississippi/tupelo/lawn-care","200","200:https://www.trugreen.com/local-lawn-care/mississippi/tupelo/lawn-care","TruGreen Tupelo: Lawn Care Maintenance Services in Tupelo, MS | TruGreen","TruGreen Tupelo: Lawn Care Maintenance Services in Tupelo, MS | TruGreen","https://www.trugreen.com/local-lawn-care/mississippi/tupelo","1","https://www.trugreen.com/local-lawn-care/mississippi/tupelo","1","","200","https://www.trugreen.com/local-lawn-care/mississippi/tupelo","","","","0","2","We put the ""care"" in ""lawn care."" | Explore our plans.","0","header|footer","jsonld:1;types:BreadcrumbList|WebPage;invalid:0;missing:jsonld_0_missing_@context|jsonld_1_missing_@context","0","0","44","8","https://www.trugreen.com/lawn-care-101 | https://www.trugreen.com/lawn-care-101/learning-center | https://www.trugreen.com/newsroom | https://www.trugreen.com/pay-your-bill | https://www.trugreen.com/pests-products-and-services | https://www.trugreen.com/pga-tour | https://www.trugreen.com/products-and-services | https://www.trugreen.com/why-choose-trugreen/testimonials-and-ratings","","multiple-h1|missing-main|internal-links-missing-from-sitemap|duplicate-title",""
"chromium","2026-08-31T15:02:00.104Z","prod-release-2-7-2026-08-28","800-1100","","https://www.trugreen.com/local-lawn-care/missouri","https://www.trugreen.com/local-lawn-care/missouri","200","200:https://www.trugreen.com/local-lawn-care/missouri","TruGreen Missouri: Local Lawn Care Service Near Me | TruGreen","TruGreen Missouri: Local Lawn Care Service Near Me | TruGreen","https://www.trugreen.com/local-lawn-care/missouri","1","https://www.trugreen.com/local-lawn-care/missouri","1","","200","https://www.trugreen.com/local-lawn-care/missouri","","","","0","1","Find your local branch in Missouri.","0","header|footer","jsonld:1;types:BreadcrumbList|CollectionPage|ItemList;invalid:0;missing:jsonld_0_missing_@context|jsonld_1_missing_@context|jsonld_2_missing_@context","0","0","46","8","https://www.trugreen.com/lawn-care-101 | https://www.trugreen.com/lawn-care-101/learning-center | https://www.trugreen.com/newsroom | https://www.trugreen.com/pay-your-bill | https://www.trugreen.com/pests-products-and-services | https://www.trugreen.com/pga-tour | https://www.trugreen.com/products-and-services | https://www.trugreen.com/why-choose-trugreen/testimonials-and-ratings","","missing-main|internal-links-missing-from-sitemap",""
"chromium","2026-08-31T15:02:00.104Z","prod-release-2-7-2026-08-28","800-1100","","https://www.trugreen.com/local-lawn-care/missouri/cape-girardeau","https://www.trugreen.com/local-lawn-care/missouri/cape-girardeau","200","200:https://www.trugreen.com/local-lawn-care/missouri/cape-girardeau","TruGreen Cape Girardeau: Lawn Care Maintenance Services in Cape Girardeau, MO | TruGreen","TruGreen Cape Girardeau: Lawn Care Maintenance Services in Cape Girardeau, MO | TruGreen","https://www.trugreen.com/local-lawn-care/missouri/cape-girardeau","1","https://www.trugreen.com/local-lawn-care/missouri/cape-girardeau","1","","200","https://www.trugreen.com/local-lawn-care/missouri/cape-girardeau","","","","0","1","Meet your local experts.","0","header|footer","jsonld:1;types:WebPage;invalid:0;missing:","0","0","45","8","https://www.trugreen.com/lawn-care-101 | https://www.trugreen.com/lawn-care-101/learning-center | https://www.trugreen.com/newsroom | https://www.trugreen.com/pay-your-bill | https://www.trugreen.com/pests-products-and-services | https://www.trugreen.com/pga-tour | https://www.trugreen.com/products-and-services | https://www.trugreen.com/why-choose-trugreen/testimonials-and-ratings","","missing-main|internal-links-missing-from-sitemap|duplicate-title",""
"chromium","2026-08-31T15:02:00.104Z","prod-release-2-7-2026-08-28","800-1100","","https://www.trugreen.com/local-lawn-care/missouri/cape-girardeau/lawn-care","https://www.trugreen.com/local-lawn-care/missouri/cape-girardeau/lawn-care","200","200:https://www.trugreen.com/local-lawn-care/missouri/cape-girardeau/lawn-care","TruGreen Cape Girardeau: Lawn Care Maintenance Services in Cape Girardeau, MO | TruGreen","TruGreen Cape Girardeau: Lawn Care Maintenance Services in Cape Girardeau, MO | TruGreen","https://www.trugreen.com/local-lawn-care/missouri/cape-girardeau","1","https://www.trugreen.com/local-lawn-care/missouri/cape-girardeau","1","","200","https://www.trugreen.com/local-lawn-care/missouri/cape-girardeau","","","","0","2","We put the ""care"" in ""lawn care."" | Explore our plans.","0","header|footer","jsonld:1;types:BreadcrumbList|WebPage;invalid:0;missing:jsonld_0_missing_@context|jsonld_1_missing_@context","0","0","44","8","https://www.trugreen.com/lawn-care-101 | https://www.trugreen.com/lawn-care-101/learning-center | https://www.trugreen.com/newsroom | https://www.trugreen.com/pay-your-bill | https://www.trugreen.com/pests-products-and-services | https://www.trugreen.com/pga-tour | https://www.trugreen.com/products-and-services | https://www.trugreen.com/why-choose-trugreen/testimonials-and-ratings","","multiple-h1|missing-main|internal-links-missing-from-sitemap|duplicate-title",""
"chromium","2026-08-31T15:02:00.104Z","prod-release-2-7-2026-08-28","800-1100","","https://www.trugreen.com/local-lawn-care/missouri/columbia","https://www.trugreen.com/local-lawn-care/missouri/columbia","200","200:https://www.trugreen.com/local-lawn-care/missouri/columbia","TruGreen Columbia MO: Lawn Care Maintenance Services in Columbia MO, MO | TruGreen","TruGreen Columbia MO: Lawn Care Maintenance Services in Columbia MO, MO | TruGreen","https://www.trugreen.com/local-lawn-care/missouri/columbia","1","https://www.trugreen.com/local-lawn-care/missouri/columbia","1","","200","https://www.trugreen.com/local-lawn-care/missouri/columbia","","","","0","1","Meet your local experts.","0","header|footer","jsonld:1;types:WebPage;invalid:0;missing:","0","0","45","8","https://www.trugreen.com/lawn-care-101 | https://www.trugreen.com/lawn-care-101/learning-center | https://www.trugreen.com/newsroom | https://www.trugreen.com/pay-your-bill | https://www.trugreen.com/pests-products-and-services | https://www.trugreen.com/pga-tour | https://www.trugreen.com/products-and-services | https://www.trugreen.com/why-choose-trugreen/testimonials-and-ratings","","missing-main|internal-links-missing-from-sitemap|duplicate-title",""
"chromium","2026-08-31T15:02:00.104Z","prod-release-2-7-2026-08-28","800-1100","","https://www.trugreen.com/local-lawn-care/missouri/columbia/lawn-care","https://www.trugreen.com/local-lawn-care/missouri/columbia/lawn-care","200","200:https://www.trugreen.com/local-lawn-care/missouri/columbia/lawn-care","TruGreen Columbia MO: Lawn Care Maintenance Services in Columbia MO, MO | TruGreen","TruGreen Columbia MO: Lawn Care Maintenance Services in Columbia MO, MO | TruGreen","https://www.trugreen.com/local-lawn-care/missouri/columbia","1","https://www.trugreen.com/local-lawn-care/missouri/columbia","1","","200","https://www.trugreen.com/local-lawn-care/missouri/columbia","","","","0","2","We put the ""care"" in ""lawn care."" | Explore our plans.","0","header|footer","jsonld:1;types:BreadcrumbList|WebPage;invalid:0;missing:jsonld_0_missing_@context|jsonld_1_missing_@context","0","0","44","8","https://www.trugreen.com/lawn-care-101 | https://www.trugreen.com/lawn-care-101/learning-center | https://www.trugreen.com/newsroom | https://www.trugreen.com/pay-your-bill | https://www.trugreen.com/pests-products-and-services | https://www.trugreen.com/pga-tour | https://www.trugreen.com/products-and-services | https://www.trugreen.com/why-choose-trugreen/testimonials-and-ratings","","multiple-h1|missing-main|internal-links-missing-from-sitemap|duplicate-title",""
"chromium","2026-08-31T15:02:00.104Z","prod-release-2-7-2026-08-28","800-1100","","https://www.trugreen.com/local-lawn-care/missouri/fenton","https://www.trugreen.com/local-lawn-care/missouri/fenton","200","200:https://www.trugreen.com/local-lawn-care/missouri/fenton","TruGreen Fenton: Lawn Care Maintenance Services in Fenton, MO | TruGreen","TruGreen Fenton: Lawn Care Maintenance Services in Fenton, MO | TruGreen","https://www.trugreen.com/local-lawn-care/missouri/fenton","1","https://www.trugreen.com/local-lawn-care/missouri/fenton","1","","200","https://www.trugreen.com/local-lawn-care/missouri/fenton","","","","0","1","Meet your local experts.","0","header|footer","jsonld:1;types:WebPage;invalid:0;missing:","0","0","45","8","https://www.trugreen.com/lawn-care-101 | https://www.trugreen.com/lawn-care-101/learning-center | https://www.trugreen.com/newsroom | https://www.trugreen.com/pay-your-bill | https://www.trugreen.com/pests-products-and-services | https://www.trugreen.com/pga-tour | https://www.trugreen.com/products-and-services | https://www.trugreen.com/why-choose-trugreen/testimonials-and-ratings","","missing-main|internal-links-missing-from-sitemap|duplicate-title",""
"chromium","2026-08-31T15:02:00.104Z","prod-release-2-7-2026-08-28","800-1100","","https://www.trugreen.com/local-lawn-care/missouri/fenton/lawn-care","https://www.trugreen.com/local-lawn-care/missouri/fenton/lawn-care","200","200:https://www.trugreen.com/local-lawn-care/missouri/fenton/lawn-care","TruGreen Fenton: Lawn Care Maintenance Services in Fenton, MO | TruGreen","TruGreen Fenton: Lawn Care Maintenance Services in Fenton, MO | TruGreen","https://www.trugreen.com/local-lawn-care/missouri/fenton","1","https://www.trugreen.com/local-lawn-care/missouri/fenton","1","","200","https://www.trugreen.com/local-lawn-care/missouri/fenton","","","","0","2","We put the ""care"" in ""lawn care."" | Explore our plans.","0","header|footer","jsonld:1;types:BreadcrumbList|WebPage;invalid:0;missing:jsonld_0_missing_@context|jsonld_1_missing_@context","0","0","44","8","https://www.trugreen.com/lawn-care-101 | https://www.trugreen.com/lawn-care-101/learning-center | https://www.trugreen.com/newsroom | https://www.trugreen.com/pay-your-bill | https://www.trugreen.com/pests-products-and-services | https://www.trugreen.com/pga-tour | https://www.trugreen.com/products-and-services | https://www.trugreen.com/why-choose-trugreen/testimonials-and-ratings","","multiple-h1|missing-main|internal-links-missing-from-sitemap|duplicate-title",""
"chromium","2026-08-31T15:02:00.104Z","prod-release-2-7-2026-08-28","800-1100","","https://www.trugreen.com/local-lawn-care/missouri/lees-summit","https://www.trugreen.com/local-lawn-care/missouri/lees-summit","200","200:https://www.trugreen.com/local-lawn-care/missouri/lees-summit","TruGreen K. C. North: Lawn Care Maintenance Services in K. C. North, MO | TruGreen","TruGreen K. C. North: Lawn Care Maintenance Services in K. C. North, MO | TruGreen","https://www.trugreen.com/local-lawn-care/missouri/lees-summit","1","https://www.trugreen.com/local-lawn-care/missouri/lees-summit","1","","200","https://www.trugreen.com/local-lawn-care/missouri/lees-summit","","","","0","1","Meet your local experts.","0","header|footer","jsonld:1;types:WebPage;invalid:0;missing:","0","0","45","8","https://www.trugreen.com/lawn-care-101 | https://www.trugreen.com/lawn-care-101/learning-center | https://www.trugreen.com/newsroom | https://www.trugreen.com/pay-your-bill | https://www.trugreen.com/pests-products-and-services | https://www.trugreen.com/pga-tour | https://www.trugreen.com/products-and-services | https://www.trugreen.com/why-choose-trugreen/testimonials-and-ratings","","missing-main|internal-links-missing-from-sitemap|duplicate-title",""
"chromium","2026-08-31T15:02:00.104Z","prod-release-2-7-2026-08-28","800-1100","","https://www.trugreen.com/local-lawn-care/missouri/lees-summit/lawn-care","https://www.trugreen.com/local-lawn-care/missouri/lees-summit/lawn-care","200","200:https://www.trugreen.com/local-lawn-care/missouri/lees-summit/lawn-care","TruGreen K. C. North: Lawn Care Maintenance Services in K. C. North, MO | TruGreen","TruGreen K. C. North: Lawn Care Maintenance Services in K. C. North, MO | TruGreen","https://www.trugreen.com/local-lawn-care/missouri/lees-summit","1","https://www.trugreen.com/local-lawn-care/missouri/lees-summit","1","","200","https://www.trugreen.com/local-lawn-care/missouri/lees-summit","","","","0","2","We put the ""care"" in ""lawn care."" | Explore our plans.","0","header|footer","jsonld:1;types:BreadcrumbList|WebPage;invalid:0;missing:jsonld_0_missing_@context|jsonld_1_missing_@context","0","0","44","8","https://www.trugreen.com/lawn-care-101 | https://www.trugreen.com/lawn-care-101/learning-center | https://www.trugreen.com/newsroom | https://www.trugreen.com/pay-your-bill | https://www.trugreen.com/pests-products-and-services | https://www.trugreen.com/pga-tour | https://www.trugreen.com/products-and-services | https://www.trugreen.com/why-choose-trugreen/testimonials-and-ratings","","multiple-h1|missing-main|internal-links-missing-from-sitemap|duplicate-title",""
"chromium","2026-08-31T15:02:00.104Z","prod-release-2-7-2026-08-28","800-1100","","https://www.trugreen.com/local-lawn-care/missouri/springfield","https://www.trugreen.com/local-lawn-care/missouri/springfield","200","200:https://www.trugreen.com/local-lawn-care/missouri/springfield","TruGreen Springfield MO: Lawn Care Maintenance Services in Springfield MO, MO | TruGreen","TruGreen Springfield MO: Lawn Care Maintenance Services in Springfield MO, MO | TruGreen","https://www.trugreen.com/local-lawn-care/missouri/springfield","1","https://www.trugreen.com/local-lawn-care/missouri/springfield","1","","200","https://www.trugreen.com/local-lawn-care/missouri/springfield","","","","0","1","Meet your local experts.","0","header|footer","jsonld:1;types:WebPage;invalid:0;missing:","0","0","45","8","https://www.trugreen.com/lawn-care-101 | https://www.trugreen.com/lawn-care-101/learning-center | https://www.trugreen.com/newsroom | https://www.trugreen.com/pay-your-bill | https://www.trugreen.com/pests-products-and-services | https://www.trugreen.com/pga-tour | https://www.trugreen.com/products-and-services | https://www.trugreen.com/why-choose-trugreen/testimonials-and-ratings","","missing-main|internal-links-missing-from-sitemap|duplicate-title",""
"chromium","2026-08-31T15:02:00.104Z","prod-release-2-7-2026-08-28","800-1100","","https://www.trugreen.com/local-lawn-care/missouri/springfield/lawn-care","https://www.trugreen.com/local-lawn-care/missouri/springfield/lawn-care","200","200:https://www.trugreen.com/local-lawn-care/missouri/springfield/lawn-care","TruGreen Springfield MO: Lawn Care Maintenance Services in Springfield MO, MO | TruGreen","TruGreen Springfield MO: Lawn Care Maintenance Services in Springfield MO, MO | TruGreen","https://www.trugreen.com/local-lawn-care/missouri/springfield","1","https://www.trugreen.com/local-lawn-care/missouri/springfield","1","","200","https://www.trugreen.com/local-lawn-care/missouri/springfield","","","","0","2","We put the ""care"" in ""lawn care."" | Explore our plans.","0","header|footer","jsonld:1;types:BreadcrumbList|WebPage;invalid:0;missing:jsonld_0_missing_@context|jsonld_1_missing_@context","0","0","44","8","https://www.trugreen.com/lawn-care-101 | https://www.trugreen.com/lawn-care-101/learning-center | https://www.trugreen.com/newsroom | https://www.trugreen.com/pay-your-bill | https://www.trugreen.com/pests-products-and-services | https://www.trugreen.com/pga-tour | https://www.trugreen.com/products-and-services | https://www.trugreen.com/why-choose-trugreen/testimonials-and-ratings","","multiple-h1|missing-main|internal-links-missing-from-sitemap|duplicate-title",""
"chromium","2026-08-31T15:02:00.104Z","prod-release-2-7-2026-08-28","800-1100","","https://www.trugreen.com/local-lawn-care/missouri/st-charles","https://www.trugreen.com/local-lawn-care/missouri/st-charles","200","200:https://www.trugreen.com/local-lawn-care/missouri/st-charles","TruGreen St. Charles: Lawn Care Maintenance Services in St. Charles, MO | TruGreen","TruGreen St. Charles: Lawn Care Maintenance Services in St. Charles, MO | TruGreen","https://www.trugreen.com/local-lawn-care/missouri/st-charles","1","https://www.trugreen.com/local-lawn-care/missouri/st-charles","1","","200","https://www.trugreen.com/local-lawn-care/missouri/st-charles","","","","0","1","Meet your local experts.","0","header|footer","jsonld:1;types:WebPage;invalid:0;missing:","0","0","45","8","https://www.trugreen.com/lawn-care-101 | https://www.trugreen.com/lawn-care-101/learning-center | https://www.trugreen.com/newsroom | https://www.trugreen.com/pay-your-bill | https://www.trugreen.com/pests-products-and-services | https://www.trugreen.com/pga-tour | https://www.trugreen.com/products-and-services | https://www.trugreen.com/why-choose-trugreen/testimonials-and-ratings","","missing-main|internal-links-missing-from-sitemap|duplicate-title",""
"chromium","2026-08-31T15:02:00.104Z","prod-release-2-7-2026-08-28","800-1100","","https://www.trugreen.com/local-lawn-care/missouri/st-charles/lawn-care","https://www.trugreen.com/local-lawn-care/missouri/st-charles/lawn-care","200","200:https://www.trugreen.com/local-lawn-care/missouri/st-charles/lawn-care","TruGreen St. Charles: Lawn Care Maintenance Services in St. Charles, MO | TruGreen","TruGreen St. Charles: Lawn Care Maintenance Services in St. Charles, MO | TruGreen","https://www.trugreen.com/local-lawn-care/missouri/st-charles","1","https://www.trugreen.com/local-lawn-care/missouri/st-charles","1","","200","https://www.trugreen.com/local-lawn-care/missouri/st-charles","","","","0","2","We put the ""care"" in ""lawn care."" | Explore our plans.","0","header|footer","jsonld:1;types:BreadcrumbList|WebPage;invalid:0;missing:jsonld_0_missing_@context|jsonld_1_missing_@context","0","0","44","8","https://www.trugreen.com/lawn-care-101 | https://www.trugreen.com/lawn-care-101/learning-center | https://www.trugreen.com/newsroom | https://www.trugreen.com/pay-your-bill | https://www.trugreen.com/pests-products-and-services | https://www.trugreen.com/pga-tour | https://www.trugreen.com/products-and-services | https://www.trugreen.com/why-choose-trugreen/testimonials-and-ratings","","multiple-h1|missing-main|internal-links-missing-from-sitemap|duplicate-title",""
"chromium","2026-08-31T15:02:00.104Z","prod-release-2-7-2026-08-28","800-1100","","https://www.trugreen.com/local-lawn-care/montana","https://www.trugreen.com/local-lawn-care/montana","200","200:https://www.trugreen.com/local-lawn-care/montana","TruGreen Montana: Local Lawn Care Service Near Me | TruGreen","TruGreen Montana: Local Lawn Care Service Near Me | TruGreen","https://www.trugreen.com/local-lawn-care/montana","1","https://www.trugreen.com/local-lawn-care/montana","1","","200","https://www.trugreen.com/local-lawn-care/montana","","","","0","1","Find your local branch in Montana.","0","header|footer","jsonld:1;types:BreadcrumbList|CollectionPage|ItemList;invalid:0;missing:jsonld_0_missing_@context|jsonld_1_missing_@context|jsonld_2_missing_@context","0","0","46","8","https://www.trugreen.com/lawn-care-101 | https://www.trugreen.com/lawn-care-101/learning-center | https://www.trugreen.com/newsroom | https://www.trugreen.com/pay-your-bill | https://www.trugreen.com/pests-products-and-services | https://www.trugreen.com/pga-tour | https://www.trugreen.com/products-and-services | https://www.trugreen.com/why-choose-trugreen/testimonials-and-ratings","","missing-main|internal-links-missing-from-sitemap",""
"chromium","2026-08-31T15:02:00.104Z","prod-release-2-7-2026-08-28","800-1100","","https://www.trugreen.com/local-lawn-care/montana/belgrade","https://www.trugreen.com/local-lawn-care/montana/belgrade","200","200:https://www.trugreen.com/local-lawn-care/montana/belgrade","TruGreen Bozeman: Lawn Care Maintenance Services in Bozeman, MT | TruGreen","TruGreen Bozeman: Lawn Care Maintenance Services in Bozeman, MT | TruGreen","https://www.trugreen.com/local-lawn-care/montana/belgrade","1","https://www.trugreen.com/local-lawn-care/montana/belgrade","1","","200","https://www.trugreen.com/local-lawn-care/montana/belgrade","","","","0","1","Meet your local experts.","0","header|footer","jsonld:1;types:WebPage;invalid:0;missing:","0","0","45","8","https://www.trugreen.com/lawn-care-101 | https://www.trugreen.com/lawn-care-101/learning-center | https://www.trugreen.com/newsroom | https://www.trugreen.com/pay-your-bill | https://www.trugreen.com/pests-products-and-services | https://www.trugreen.com/pga-tour | https://www.trugreen.com/products-and-services | https://www.trugreen.com/why-choose-trugreen/testimonials-and-ratings","","missing-main|internal-links-missing-from-sitemap|duplicate-title",""
"chromium","2026-08-31T15:02:00.104Z","prod-release-2-7-2026-08-28","800-1100","","https://www.trugreen.com/local-lawn-care/montana/belgrade/lawn-care","https://www.trugreen.com/local-lawn-care/montana/belgrade/lawn-care","200","200:https://www.trugreen.com/local-lawn-care/montana/belgrade/lawn-care","TruGreen Bozeman: Lawn Care Maintenance Services in Bozeman, MT | TruGreen","TruGreen Bozeman: Lawn Care Maintenance Services in Bozeman, MT | TruGreen","https://www.trugreen.com/local-lawn-care/montana/belgrade","1","https://www.trugreen.com/local-lawn-care/montana/belgrade","1","","200","https://www.trugreen.com/local-lawn-care/montana/belgrade","","","","0","2","We put the ""care"" in ""lawn care."" | Explore our plans.","0","header|footer","jsonld:1;types:BreadcrumbList|WebPage;invalid:0;missing:jsonld_0_missing_@context|jsonld_1_missing_@context","0","0","44","8","https://www.trugreen.com/lawn-care-101 | https://www.trugreen.com/lawn-care-101/learning-center | https://www.trugreen.com/newsroom | https://www.trugreen.com/pay-your-bill | https://www.trugreen.com/pests-products-and-services | https://www.trugreen.com/pga-tour | https://www.trugreen.com/products-and-services | https://www.trugreen.com/why-choose-trugreen/testimonials-and-ratings","","multiple-h1|missing-main|internal-links-missing-from-sitemap|duplicate-title",""
"chromium","2026-08-31T15:02:00.104Z","prod-release-2-7-2026-08-28","800-1100","","https://www.trugreen.com/local-lawn-care/montana/billings","https://www.trugreen.com/local-lawn-care/montana/billings","200","200:https://www.trugreen.com/local-lawn-care/montana/billings","TruGreen Billings: Lawn Care Maintenance Services in Billings, MT | TruGreen","TruGreen Billings: Lawn Care Maintenance Services in Billings, MT | TruGreen","https://www.trugreen.com/local-lawn-care/montana/billings","1","https://www.trugreen.com/local-lawn-care/montana/billings","1","","200","https://www.trugreen.com/local-lawn-care/montana/billings","","","","0","1","Meet your local experts.","0","header|footer","jsonld:1;types:WebPage;invalid:0;missing:","0","0","45","8","https://www.trugreen.com/lawn-care-101 | https://www.trugreen.com/lawn-care-101/learning-center | https://www.trugreen.com/newsroom | https://www.trugreen.com/pay-your-bill | https://www.trugreen.com/pests-products-and-services | https://www.trugreen.com/pga-tour | https://www.trugreen.com/products-and-services | https://www.trugreen.com/why-choose-trugreen/testimonials-and-ratings","","missing-main|internal-links-missing-from-sitemap|duplicate-title",""
"chromium","2026-08-31T15:02:00.104Z","prod-release-2-7-2026-08-28","800-1100","","https://www.trugreen.com/local-lawn-care/montana/billings/lawn-care","https://www.trugreen.com/local-lawn-care/montana/billings/lawn-care","200","200:https://www.trugreen.com/local-lawn-care/montana/billings/lawn-care","TruGreen Billings: Lawn Care Maintenance Services in Billings, MT | TruGreen","TruGreen Billings: Lawn Care Maintenance Services in Billings, MT | TruGreen","https://www.trugreen.com/local-lawn-care/montana/billings","1","https://www.trugreen.com/local-lawn-care/montana/billings","1","","200","https://www.trugreen.com/local-lawn-care/montana/billings","","","","0","2","We put the ""care"" in ""lawn care."" | Explore our plans.","0","header|footer","jsonld:1;types:BreadcrumbList|WebPage;invalid:0;missing:jsonld_0_missing_@context|jsonld_1_missing_@context","0","0","44","8","https://www.trugreen.com/lawn-care-101 | https://www.trugreen.com/lawn-care-101/learning-center | https://www.trugreen.com/newsroom | https://www.trugreen.com/pay-your-bill | https://www.trugreen.com/pests-products-and-services | https://www.trugreen.com/pga-tour | https://www.trugreen.com/products-and-services | https://www.trugreen.com/why-choose-trugreen/testimonials-and-ratings","","multiple-h1|missing-main|internal-links-missing-from-sitemap|duplicate-title",""
"chromium","2026-08-31T15:02:00.104Z","prod-release-2-7-2026-08-28","800-1100","","https://www.trugreen.com/local-lawn-care/montana/east-helena","https://www.trugreen.com/local-lawn-care/montana/east-helena","200","200:https://www.trugreen.com/local-lawn-care/montana/east-helena","TruGreen Helena: Lawn Care Maintenance Services in Helena, MT | TruGreen","TruGreen Helena: Lawn Care Maintenance Services in Helena, MT | TruGreen","https://www.trugreen.com/local-lawn-care/montana/east-helena","1","https://www.trugreen.com/local-lawn-care/montana/east-helena","1","","200","https://www.trugreen.com/local-lawn-care/montana/east-helena","","","","0","1","Meet your local experts.","0","header|footer","jsonld:1;types:WebPage;invalid:0;missing:","0","0","45","8","https://www.trugreen.com/lawn-care-101 | https://www.trugreen.com/lawn-care-101/learning-center | https://www.trugreen.com/newsroom | https://www.trugreen.com/pay-your-bill | https://www.trugreen.com/pests-products-and-services | https://www.trugreen.com/pga-tour | https://www.trugreen.com/products-and-services | https://www.trugreen.com/why-choose-trugreen/testimonials-and-ratings","","missing-main|internal-links-missing-from-sitemap|duplicate-title",""
"chromium","2026-08-31T15:02:00.104Z","prod-release-2-7-2026-08-28","800-1100","","https://www.trugreen.com/local-lawn-care/montana/east-helena/lawn-care","https://www.trugreen.com/local-lawn-care/montana/east-helena/lawn-care","200","200:https://www.trugreen.com/local-lawn-care/montana/east-helena/lawn-care","TruGreen Helena: Lawn Care Maintenance Services in Helena, MT | TruGreen","TruGreen Helena: Lawn Care Maintenance Services in Helena, MT | TruGreen","https://www.trugreen.com/local-lawn-care/montana/east-helena","1","https://www.trugreen.com/local-lawn-care/montana/east-helena","1","","200","https://www.trugreen.com/local-lawn-care/montana/east-helena","","","","0","2","We put the ""care"" in ""lawn care."" | Explore our plans.","0","header|footer","jsonld:1;types:BreadcrumbList|WebPage;invalid:0;missing:jsonld_0_missing_@context|jsonld_1_missing_@context","0","0","44","8","https://www.trugreen.com/lawn-care-101 | https://www.trugreen.com/lawn-care-101/learning-center | https://www.trugreen.com/newsroom | https://www.trugreen.com/pay-your-bill | https://www.trugreen.com/pests-products-and-services | https://www.trugreen.com/pga-tour | https://www.trugreen.com/products-and-services | https://www.trugreen.com/why-choose-trugreen/testimonials-and-ratings","","multiple-h1|missing-main|internal-links-missing-from-sitemap|duplicate-title",""
"chromium","2026-08-31T15:02:00.104Z","prod-release-2-7-2026-08-28","800-1100","","https://www.trugreen.com/local-lawn-care/montana/great-falls","https://www.trugreen.com/local-lawn-care/montana/great-falls","200","200:https://www.trugreen.com/local-lawn-care/montana/great-falls","TruGreen Great Falls: Lawn Care Maintenance Services in Great Falls, MT | TruGreen","TruGreen Great Falls: Lawn Care Maintenance Services in Great Falls, MT | TruGreen","https://www.trugreen.com/local-lawn-care/montana/great-falls","1","https://www.trugreen.com/local-lawn-care/montana/great-falls","1","","200","https://www.trugreen.com/local-lawn-care/montana/great-falls","","","","0","1","Meet your local experts.","0","header|footer","jsonld:1;types:WebPage;invalid:0;missing:","0","0","45","8","https://www.trugreen.com/lawn-care-101 | https://www.trugreen.com/lawn-care-101/learning-center | https://www.trugreen.com/newsroom | https://www.trugreen.com/pay-your-bill | https://www.trugreen.com/pests-products-and-services | https://www.trugreen.com/pga-tour | https://www.trugreen.com/products-and-services | https://www.trugreen.com/why-choose-trugreen/testimonials-and-ratings","","missing-main|internal-links-missing-from-sitemap|duplicate-title",""
"chromium","2026-08-31T15:02:00.104Z","prod-release-2-7-2026-08-28","800-1100","","https://www.trugreen.com/local-lawn-care/montana/great-falls/lawn-care","https://www.trugreen.com/local-lawn-care/montana/great-falls/lawn-care","200","200:https://www.trugreen.com/local-lawn-care/montana/great-falls/lawn-care","TruGreen Great Falls: Lawn Care Maintenance Services in Great Falls, MT | TruGreen","TruGreen Great Falls: Lawn Care Maintenance Services in Great Falls, MT | TruGreen","https://www.trugreen.com/local-lawn-care/montana/great-falls","1","https://www.trugreen.com/local-lawn-care/montana/great-falls","1","","200","https://www.trugreen.com/local-lawn-care/montana/great-falls","","","","0","2","We put the ""care"" in ""lawn care."" | Explore our plans.","0","header|footer","jsonld:1;types:BreadcrumbList|WebPage;invalid:0;missing:jsonld_0_missing_@context|jsonld_1_missing_@context","0","0","44","8","https://www.trugreen.com/lawn-care-101 | https://www.trugreen.com/lawn-care-101/learning-center | https://www.trugreen.com/newsroom | https://www.trugreen.com/pay-your-bill | https://www.trugreen.com/pests-products-and-services | https://www.trugreen.com/pga-tour | https://www.trugreen.com/products-and-services | https://www.trugreen.com/why-choose-trugreen/testimonials-and-ratings","","multiple-h1|missing-main|internal-links-missing-from-sitemap|duplicate-title",""
"chromium","2026-08-31T15:02:00.104Z","prod-release-2-7-2026-08-28","800-1100","","https://www.trugreen.com/local-lawn-care/montana/kalispell","https://www.trugreen.com/local-lawn-care/montana/kalispell","200","200:https://www.trugreen.com/local-lawn-care/montana/kalispell","TruGreen Kalispell: Lawn Care Maintenance Services in Kalispell, MT | TruGreen","TruGreen Kalispell: Lawn Care Maintenance Services in Kalispell, MT | TruGreen","https://www.trugreen.com/local-lawn-care/montana/kalispell","1","https://www.trugreen.com/local-lawn-care/montana/kalispell","1","","200","https://www.trugreen.com/local-lawn-care/montana/kalispell","","","","0","1","Meet your local experts.","0","header|footer","jsonld:1;types:WebPage;invalid:0;missing:","0","0","45","8","https://www.trugreen.com/lawn-care-101 | https://www.trugreen.com/lawn-care-101/learning-center | https://www.trugreen.com/newsroom | https://www.trugreen.com/pay-your-bill | https://www.trugreen.com/pests-products-and-services | https://www.trugreen.com/pga-tour | https://www.trugreen.com/products-and-services | https://www.trugreen.com/why-choose-trugreen/testimonials-and-ratings","","missing-main|internal-links-missing-from-sitemap|duplicate-title",""
"chromium","2026-08-31T15:02:00.104Z","prod-release-2-7-2026-08-28","800-1100","","https://www.trugreen.com/local-lawn-care/montana/kalispell/lawn-care","https://www.trugreen.com/local-lawn-care/montana/kalispell/lawn-care","200","200:https://www.trugreen.com/local-lawn-care/montana/kalispell/lawn-care","TruGreen Kalispell: Lawn Care Maintenance Services in Kalispell, MT | TruGreen","TruGreen Kalispell: Lawn Care Maintenance Services in Kalispell, MT | TruGreen","https://www.trugreen.com/local-lawn-care/montana/kalispell","1","https://www.trugreen.com/local-lawn-care/montana/kalispell","1","","200","https://www.trugreen.com/local-lawn-care/montana/kalispell","","","","0","2","We put the ""care"" in ""lawn care."" | Explore our plans.","0","header|footer","jsonld:1;types:BreadcrumbList|WebPage;invalid:0;missing:jsonld_0_missing_@context|jsonld_1_missing_@context","0","0","44","8","https://www.trugreen.com/lawn-care-101 | https://www.trugreen.com/lawn-care-101/learning-center | https://www.trugreen.com/newsroom | https://www.trugreen.com/pay-your-bill | https://www.trugreen.com/pests-products-and-services | https://www.trugreen.com/pga-tour | https://www.trugreen.com/products-and-services | https://www.trugreen.com/why-choose-trugreen/testimonials-and-ratings","","multiple-h1|missing-main|internal-links-missing-from-sitemap|duplicate-title",""
"chromium","2026-08-31T15:02:00.104Z","prod-release-2-7-2026-08-28","800-1100","","https://www.trugreen.com/local-lawn-care/montana/missoula","https://www.trugreen.com/local-lawn-care/montana/missoula","200","200:https://www.trugreen.com/local-lawn-care/montana/missoula","TruGreen Missoula: Lawn Care Maintenance Services in Missoula, MT | TruGreen","TruGreen Missoula: Lawn Care Maintenance Services in Missoula, MT | TruGreen","https://www.trugreen.com/local-lawn-care/montana/missoula","1","https://www.trugreen.com/local-lawn-care/montana/missoula","1","","200","https://www.trugreen.com/local-lawn-care/montana/missoula","","","","0","1","Meet your local experts.","0","header|footer","jsonld:1;types:WebPage;invalid:0;missing:","0","0","45","8","https://www.trugreen.com/lawn-care-101 | https://www.trugreen.com/lawn-care-101/learning-center | https://www.trugreen.com/newsroom | https://www.trugreen.com/pay-your-bill | https://www.trugreen.com/pests-products-and-services | https://www.trugreen.com/pga-tour | https://www.trugreen.com/products-and-services | https://www.trugreen.com/why-choose-trugreen/testimonials-and-ratings","","missing-main|internal-links-missing-from-sitemap|duplicate-title",""
"chromium","2026-08-31T15:02:00.104Z","prod-release-2-7-2026-08-28","800-1100","","https://www.trugreen.com/local-lawn-care/montana/missoula/lawn-care","https://www.trugreen.com/local-lawn-care/montana/missoula/lawn-care","200","200:https://www.trugreen.com/local-lawn-care/montana/missoula/lawn-care","TruGreen Missoula: Lawn Care Maintenance Services in Missoula, MT | TruGreen","TruGreen Missoula: Lawn Care Maintenance Services in Missoula, MT | TruGreen","https://www.trugreen.com/local-lawn-care/montana/missoula","1","https://www.trugreen.com/local-lawn-care/montana/missoula","1","","200","https://www.trugreen.com/local-lawn-care/montana/missoula","","","","0","2","We put the ""care"" in ""lawn care."" | Explore our plans.","0","header|footer","jsonld:1;types:BreadcrumbList|WebPage;invalid:0;missing:jsonld_0_missing_@context|jsonld_1_missing_@context","0","0","44","8","https://www.trugreen.com/lawn-care-101 | https://www.trugreen.com/lawn-care-101/learning-center | https://www.trugreen.com/newsroom | https://www.trugreen.com/pay-your-bill | https://www.trugreen.com/pests-products-and-services | https://www.trugreen.com/pga-tour | https://www.trugreen.com/products-and-services | https://www.trugreen.com/why-choose-trugreen/testimonials-and-ratings","","multiple-h1|missing-main|internal-links-missing-from-sitemap|duplicate-title",""
"chromium","2026-08-31T15:02:00.104Z","prod-release-2-7-2026-08-28","800-1100","","https://www.trugreen.com/local-lawn-care/nebraska","https://www.trugreen.com/local-lawn-care/nebraska","200","200:https://www.trugreen.com/local-lawn-care/nebraska","TruGreen Nebraska: Local Lawn Care Service Near Me | TruGreen","TruGreen Nebraska: Local Lawn Care Service Near Me | TruGreen","https://www.trugreen.com/local-lawn-care/nebraska","1","https://www.trugreen.com/local-lawn-care/nebraska","1","","200","https://www.trugreen.com/local-lawn-care/nebraska","","","","0","1","Find your local branch in Nebraska.","0","header|footer","jsonld:1;types:BreadcrumbList|CollectionPage|ItemList;invalid:0;missing:jsonld_0_missing_@context|jsonld_1_missing_@context|jsonld_2_missing_@context","0","0","46","8","https://www.trugreen.com/lawn-care-101 | https://www.trugreen.com/lawn-care-101/learning-center | https://www.trugreen.com/newsroom | https://www.trugreen.com/pay-your-bill | https://www.trugreen.com/pests-products-and-services | https://www.trugreen.com/pga-tour | https://www.trugreen.com/products-and-services | https://www.trugreen.com/why-choose-trugreen/testimonials-and-ratings","","missing-main|internal-links-missing-from-sitemap",""
"chromium","2026-08-31T15:02:00.104Z","prod-release-2-7-2026-08-28","800-1100","","https://www.trugreen.com/local-lawn-care/nebraska/gering","https://www.trugreen.com/local-lawn-care/nebraska/gering","200","200:https://www.trugreen.com/local-lawn-care/nebraska/gering","TruGreen Gering: Lawn Care Maintenance Services in Gering, NE | TruGreen","TruGreen Gering: Lawn Care Maintenance Services in Gering, NE | TruGreen","https://www.trugreen.com/local-lawn-care/nebraska/gering","1","https://www.trugreen.com/local-lawn-care/nebraska/gering","1","","200","https://www.trugreen.com/local-lawn-care/nebraska/gering","","","","0","1","Meet your local experts.","0","header|footer","jsonld:1;types:WebPage;invalid:0;missing:","0","0","45","8","https://www.trugreen.com/lawn-care-101 | https://www.trugreen.com/lawn-care-101/learning-center | https://www.trugreen.com/newsroom | https://www.trugreen.com/pay-your-bill | https://www.trugreen.com/pests-products-and-services | https://www.trugreen.com/pga-tour | https://www.trugreen.com/products-and-services | https://www.trugreen.com/why-choose-trugreen/testimonials-and-ratings","","missing-main|internal-links-missing-from-sitemap|duplicate-title",""
"chromium","2026-08-31T15:02:00.104Z","prod-release-2-7-2026-08-28","800-1100","","https://www.trugreen.com/local-lawn-care/nebraska/gering/lawn-care","https://www.trugreen.com/local-lawn-care/nebraska/gering/lawn-care","200","200:https://www.trugreen.com/local-lawn-care/nebraska/gering/lawn-care","TruGreen Gering: Lawn Care Maintenance Services in Gering, NE | TruGreen","TruGreen Gering: Lawn Care Maintenance Services in Gering, NE | TruGreen","https://www.trugreen.com/local-lawn-care/nebraska/gering","1","https://www.trugreen.com/local-lawn-care/nebraska/gering","1","","200","https://www.trugreen.com/local-lawn-care/nebraska/gering","","","","0","2","We put the ""care"" in ""lawn care."" | Explore our plans.","0","header|footer","jsonld:1;types:BreadcrumbList|WebPage;invalid:0;missing:jsonld_0_missing_@context|jsonld_1_missing_@context","0","0","44","8","https://www.trugreen.com/lawn-care-101 | https://www.trugreen.com/lawn-care-101/learning-center | https://www.trugreen.com/newsroom | https://www.trugreen.com/pay-your-bill | https://www.trugreen.com/pests-products-and-services | https://www.trugreen.com/pga-tour | https://www.trugreen.com/products-and-services | https://www.trugreen.com/why-choose-trugreen/testimonials-and-ratings","","multiple-h1|missing-main|internal-links-missing-from-sitemap|duplicate-title",""
"chromium","2026-08-31T15:02:00.104Z","prod-release-2-7-2026-08-28","800-1100","","https://www.trugreen.com/local-lawn-care/nebraska/grand-island","https://www.trugreen.com/local-lawn-care/nebraska/grand-island","200","200:https://www.trugreen.com/local-lawn-care/nebraska/grand-island","TruGreen Grand Island: Lawn Care Maintenance Services in Grand Island, NE | TruGreen","TruGreen Grand Island: Lawn Care Maintenance Services in Grand Island, NE | TruGreen","https://www.trugreen.com/local-lawn-care/nebraska/grand-island","1","https://www.trugreen.com/local-lawn-care/nebraska/grand-island","1","","200","https://www.trugreen.com/local-lawn-care/nebraska/grand-island","","","","0","1","Meet your local experts.","0","header|footer","jsonld:1;types:WebPage;invalid:0;missing:","0","0","45","8","https://www.trugreen.com/lawn-care-101 | https://www.trugreen.com/lawn-care-101/learning-center | https://www.trugreen.com/newsroom | https://www.trugreen.com/pay-your-bill | https://www.trugreen.com/pests-products-and-services | https://www.trugreen.com/pga-tour | https://www.trugreen.com/products-and-services | https://www.trugreen.com/why-choose-trugreen/testimonials-and-ratings","","missing-main|internal-links-missing-from-sitemap|duplicate-title",""
"chromium","2026-08-31T15:02:00.104Z","prod-release-2-7-2026-08-28","800-1100","","https://www.trugreen.com/local-lawn-care/nebraska/grand-island/lawn-care","https://www.trugreen.com/local-lawn-care/nebraska/grand-island/lawn-care","200","200:https://www.trugreen.com/local-lawn-care/nebraska/grand-island/lawn-care","TruGreen Grand Island: Lawn Care Maintenance Services in Grand Island, NE | TruGreen","TruGreen Grand Island: Lawn Care Maintenance Services in Grand Island, NE | TruGreen","https://www.trugreen.com/local-lawn-care/nebraska/grand-island","1","https://www.trugreen.com/local-lawn-care/nebraska/grand-island","1","","200","https://www.trugreen.com/local-lawn-care/nebraska/grand-island","","","","0","2","We put the ""care"" in ""lawn care."" | Explore our plans.","0","header|footer","jsonld:1;types:BreadcrumbList|WebPage;invalid:0;missing:jsonld_0_missing_@context|jsonld_1_missing_@context","0","0","44","8","https://www.trugreen.com/lawn-care-101 | https://www.trugreen.com/lawn-care-101/learning-center | https://www.trugreen.com/newsroom | https://www.trugreen.com/pay-your-bill | https://www.trugreen.com/pests-products-and-services | https://www.trugreen.com/pga-tour | https://www.trugreen.com/products-and-services | https://www.trugreen.com/why-choose-trugreen/testimonials-and-ratings","","multiple-h1|missing-main|internal-links-missing-from-sitemap|duplicate-title",""
"chromium","2026-08-31T15:02:00.104Z","prod-release-2-7-2026-08-28","800-1100","","https://www.trugreen.com/local-lawn-care/nebraska/lincoln","https://www.trugreen.com/local-lawn-care/nebraska/lincoln","200","200:https://www.trugreen.com/local-lawn-care/nebraska/lincoln","TruGreen Lincoln: Lawn Care Maintenance Services in Lincoln, NE | TruGreen","TruGreen Lincoln: Lawn Care Maintenance Services in Lincoln, NE | TruGreen","https://www.trugreen.com/local-lawn-care/nebraska/lincoln","1","https://www.trugreen.com/local-lawn-care/nebraska/lincoln","1","","200","https://www.trugreen.com/local-lawn-care/nebraska/lincoln","","","","0","1","Meet your local experts.","0","header|footer","jsonld:1;types:WebPage;invalid:0;missing:","0","0","45","8","https://www.trugreen.com/lawn-care-101 | https://www.trugreen.com/lawn-care-101/learning-center | https://www.trugreen.com/newsroom | https://www.trugreen.com/pay-your-bill | https://www.trugreen.com/pests-products-and-services | https://www.trugreen.com/pga-tour | https://www.trugreen.com/products-and-services | https://www.trugreen.com/why-choose-trugreen/testimonials-and-ratings","","missing-main|internal-links-missing-from-sitemap|duplicate-title",""
"chromium","2026-08-31T15:02:00.104Z","prod-release-2-7-2026-08-28","800-1100","","https://www.trugreen.com/local-lawn-care/nebraska/lincoln/lawn-care","https://www.trugreen.com/local-lawn-care/nebraska/lincoln/lawn-care","200","200:https://www.trugreen.com/local-lawn-care/nebraska/lincoln/lawn-care","TruGreen Lincoln: Lawn Care Maintenance Services in Lincoln, NE | TruGreen","TruGreen Lincoln: Lawn Care Maintenance Services in Lincoln, NE | TruGreen","https://www.trugreen.com/local-lawn-care/nebraska/lincoln","1","https://www.trugreen.com/local-lawn-care/nebraska/lincoln","1","","200","https://www.trugreen.com/local-lawn-care/nebraska/lincoln","","","","0","2","We put the ""care"" in ""lawn care."" | Explore our plans.","0","header|footer","jsonld:1;types:BreadcrumbList|WebPage;invalid:0;missing:jsonld_0_missing_@context|jsonld_1_missing_@context","0","0","44","8","https://www.trugreen.com/lawn-care-101 | https://www.trugreen.com/lawn-care-101/learning-center | https://www.trugreen.com/newsroom | https://www.trugreen.com/pay-your-bill | https://www.trugreen.com/pests-products-and-services | https://www.trugreen.com/pga-tour | https://www.trugreen.com/products-and-services | https://www.trugreen.com/why-choose-trugreen/testimonials-and-ratings","","multiple-h1|missing-main|internal-links-missing-from-sitemap|duplicate-title",""
"chromium","2026-08-31T15:02:00.104Z","prod-release-2-7-2026-08-28","800-1100","","https://www.trugreen.com/local-lawn-care/nebraska/north-platte","https://www.trugreen.com/local-lawn-care/nebraska/north-platte","200","200:https://www.trugreen.com/local-lawn-care/nebraska/north-platte","TruGreen North Platte: Lawn Care Maintenance Services in North Platte, NE | TruGreen","TruGreen North Platte: Lawn Care Maintenance Services in North Platte, NE | TruGreen","https://www.trugreen.com/local-lawn-care/nebraska/north-platte","1","https://www.trugreen.com/local-lawn-care/nebraska/north-platte","1","","200","https://www.trugreen.com/local-lawn-care/nebraska/north-platte","","","","0","1","Meet your local experts.","0","header|footer","jsonld:1;types:WebPage;invalid:0;missing:","0","0","45","8","https://www.trugreen.com/lawn-care-101 | https://www.trugreen.com/lawn-care-101/learning-center | https://www.trugreen.com/newsroom | https://www.trugreen.com/pay-your-bill | https://www.trugreen.com/pests-products-and-services | https://www.trugreen.com/pga-tour | https://www.trugreen.com/products-and-services | https://www.trugreen.com/why-choose-trugreen/testimonials-and-ratings","","missing-main|internal-links-missing-from-sitemap|duplicate-title",""
"chromium","2026-08-31T15:02:00.104Z","prod-release-2-7-2026-08-28","800-1100","","https://www.trugreen.com/local-lawn-care/nebraska/north-platte/lawn-care","https://www.trugreen.com/local-lawn-care/nebraska/north-platte/lawn-care","200","200:https://www.trugreen.com/local-lawn-care/nebraska/north-platte/lawn-care","TruGreen North Platte: Lawn Care Maintenance Services in North Platte, NE | TruGreen","TruGreen North Platte: Lawn Care Maintenance Services in North Platte, NE | TruGreen","https://www.trugreen.com/local-lawn-care/nebraska/north-platte","1","https://www.trugreen.com/local-lawn-care/nebraska/north-platte","1","","200","https://www.trugreen.com/local-lawn-care/nebraska/north-platte","","","","0","2","We put the ""care"" in ""lawn care."" | Explore our plans.","0","header|footer","jsonld:1;types:BreadcrumbList|WebPage;invalid:0;missing:jsonld_0_missing_@context|jsonld_1_missing_@context","0","0","44","8","https://www.trugreen.com/lawn-care-101 | https://www.trugreen.com/lawn-care-101/learning-center | https://www.trugreen.com/newsroom | https://www.trugreen.com/pay-your-bill | https://www.trugreen.com/pests-products-and-services | https://www.trugreen.com/pga-tour | https://www.trugreen.com/products-and-services | https://www.trugreen.com/why-choose-trugreen/testimonials-and-ratings","","multiple-h1|missing-main|internal-links-missing-from-sitemap|duplicate-title",""
"chromium","2026-08-31T15:02:00.104Z","prod-release-2-7-2026-08-28","800-1100","","https://www.trugreen.com/local-lawn-care/nebraska/omaha","https://www.trugreen.com/local-lawn-care/nebraska/omaha","200","200:https://www.trugreen.com/local-lawn-care/nebraska/omaha","TruGreen Omaha: Lawn Care Maintenance Services in Omaha, NE | TruGreen","TruGreen Omaha: Lawn Care Maintenance Services in Omaha, NE | TruGreen","https://www.trugreen.com/local-lawn-care/nebraska/omaha","1","https://www.trugreen.com/local-lawn-care/nebraska/omaha","1","","200","https://www.trugreen.com/local-lawn-care/nebraska/omaha","","","","0","1","Meet your local experts.","0","header|footer","jsonld:1;types:WebPage;invalid:0;missing:","0","0","45","8","https://www.trugreen.com/lawn-care-101 | https://www.trugreen.com/lawn-care-101/learning-center | https://www.trugreen.com/newsroom | https://www.trugreen.com/pay-your-bill | https://www.trugreen.com/pests-products-and-services | https://www.trugreen.com/pga-tour | https://www.trugreen.com/products-and-services | https://www.trugreen.com/why-choose-trugreen/testimonials-and-ratings","","missing-main|internal-links-missing-from-sitemap|duplicate-title",""
"chromium","2026-08-31T15:02:00.104Z","prod-release-2-7-2026-08-28","800-1100","","https://www.trugreen.com/local-lawn-care/nebraska/omaha/lawn-care","https://www.trugreen.com/local-lawn-care/nebraska/omaha/lawn-care","200","200:https://www.trugreen.com/local-lawn-care/nebraska/omaha/lawn-care","TruGreen Omaha: Lawn Care Maintenance Services in Omaha, NE | TruGreen","TruGreen Omaha: Lawn Care Maintenance Services in Omaha, NE | TruGreen","https://www.trugreen.com/local-lawn-care/nebraska/omaha","1","https://www.trugreen.com/local-lawn-care/nebraska/omaha","1","","200","https://www.trugreen.com/local-lawn-care/nebraska/omaha","","","","0","2","We put the ""care"" in ""lawn care."" | Explore our plans.","0","header|footer","jsonld:1;types:BreadcrumbList|WebPage;invalid:0;missing:jsonld_0_missing_@context|jsonld_1_missing_@context","0","0","44","8","https://www.trugreen.com/lawn-care-101 | https://www.trugreen.com/lawn-care-101/learning-center | https://www.trugreen.com/newsroom | https://www.trugreen.com/pay-your-bill | https://www.trugreen.com/pests-products-and-services | https://www.trugreen.com/pga-tour | https://www.trugreen.com/products-and-services | https://www.trugreen.com/why-choose-trugreen/testimonials-and-ratings","","multiple-h1|missing-main|internal-links-missing-from-sitemap|duplicate-title",""
"chromium","2026-08-31T15:02:00.104Z","prod-release-2-7-2026-08-28","800-1100","","https://www.trugreen.com/local-lawn-care/nevada","https://www.trugreen.com/local-lawn-care/nevada","200","200:https://www.trugreen.com/local-lawn-care/nevada","TruGreen Nevada: Local Lawn Care Service Near Me | TruGreen","TruGreen Nevada: Local Lawn Care Service Near Me | TruGreen","https://www.trugreen.com/local-lawn-care/nevada","1","https://www.trugreen.com/local-lawn-care/nevada","1","","200","https://www.trugreen.com/local-lawn-care/nevada","","","","0","1","Find your local branch in Nevada.","0","header|footer","jsonld:1;types:BreadcrumbList|CollectionPage|ItemList;invalid:0;missing:jsonld_0_missing_@context|jsonld_1_missing_@context|jsonld_2_missing_@context","0","0","43","8","https://www.trugreen.com/lawn-care-101 | https://www.trugreen.com/lawn-care-101/learning-center | https://www.trugreen.com/newsroom | https://www.trugreen.com/pay-your-bill | https://www.trugreen.com/pests-products-and-services | https://www.trugreen.com/pga-tour | https://www.trugreen.com/products-and-services | https://www.trugreen.com/why-choose-trugreen/testimonials-and-ratings","","missing-main|internal-links-missing-from-sitemap",""
"chromium","2026-08-31T15:02:00.104Z","prod-release-2-7-2026-08-28","800-1100","","https://www.trugreen.com/local-lawn-care/nevada/henderson","https://www.trugreen.com/local-lawn-care/nevada/henderson","200","200:https://www.trugreen.com/local-lawn-care/nevada/henderson","TruGreen Las Vegas: Lawn Care Maintenance Services in Las Vegas, NV | TruGreen","TruGreen Las Vegas: Lawn Care Maintenance Services in Las Vegas, NV | TruGreen","https://www.trugreen.com/local-lawn-care/nevada/henderson","1","https://www.trugreen.com/local-lawn-care/nevada/henderson","1","","200","https://www.trugreen.com/local-lawn-care/nevada/henderson","","","","0","1","Meet your local experts.","0","header|footer","jsonld:1;types:WebPage;invalid:0;missing:","0","0","45","8","https://www.trugreen.com/lawn-care-101 | https://www.trugreen.com/lawn-care-101/learning-center | https://www.trugreen.com/newsroom | https://www.trugreen.com/pay-your-bill | https://www.trugreen.com/pests-products-and-services | https://www.trugreen.com/pga-tour | https://www.trugreen.com/products-and-services | https://www.trugreen.com/why-choose-trugreen/testimonials-and-ratings","","missing-main|internal-links-missing-from-sitemap|duplicate-title",""
"chromium","2026-08-31T15:02:00.104Z","prod-release-2-7-2026-08-28","800-1100","","https://www.trugreen.com/local-lawn-care/nevada/henderson/lawn-care","https://www.trugreen.com/local-lawn-care/nevada/henderson/lawn-care","200","200:https://www.trugreen.com/local-lawn-care/nevada/henderson/lawn-care","TruGreen Las Vegas: Lawn Care Maintenance Services in Las Vegas, NV | TruGreen","TruGreen Las Vegas: Lawn Care Maintenance Services in Las Vegas, NV | TruGreen","https://www.trugreen.com/local-lawn-care/nevada/henderson","1","https://www.trugreen.com/local-lawn-care/nevada/henderson","1","","200","https://www.trugreen.com/local-lawn-care/nevada/henderson","","","","0","2","We put the ""care"" in ""lawn care."" | Explore our plans.","0","header|footer","jsonld:1;types:BreadcrumbList|WebPage;invalid:0;missing:jsonld_0_missing_@context|jsonld_1_missing_@context","0","0","44","8","https://www.trugreen.com/lawn-care-101 | https://www.trugreen.com/lawn-care-101/learning-center | https://www.trugreen.com/newsroom | https://www.trugreen.com/pay-your-bill | https://www.trugreen.com/pests-products-and-services | https://www.trugreen.com/pga-tour | https://www.trugreen.com/products-and-services | https://www.trugreen.com/why-choose-trugreen/testimonials-and-ratings","","multiple-h1|missing-main|internal-links-missing-from-sitemap|duplicate-title",""
"chromium","2026-08-31T15:02:00.104Z","prod-release-2-7-2026-08-28","800-1100","","https://www.trugreen.com/local-lawn-care/nevada/sparks","https://www.trugreen.com/local-lawn-care/nevada/sparks","200","200:https://www.trugreen.com/local-lawn-care/nevada/sparks","TruGreen Reno: Lawn Care Maintenance Services in Reno, NV | TruGreen","TruGreen Reno: Lawn Care Maintenance Services in Reno, NV | TruGreen","https://www.trugreen.com/local-lawn-care/nevada/sparks","1","https://www.trugreen.com/local-lawn-care/nevada/sparks","1","","200","https://www.trugreen.com/local-lawn-care/nevada/sparks","","","","0","1","Meet your local experts.","0","header|footer","jsonld:1;types:WebPage;invalid:0;missing:","0","0","45","8","https://www.trugreen.com/lawn-care-101 | https://www.trugreen.com/lawn-care-101/learning-center | https://www.trugreen.com/newsroom | https://www.trugreen.com/pay-your-bill | https://www.trugreen.com/pests-products-and-services | https://www.trugreen.com/pga-tour | https://www.trugreen.com/products-and-services | https://www.trugreen.com/why-choose-trugreen/testimonials-and-ratings","","missing-main|internal-links-missing-from-sitemap|duplicate-title",""
"chromium","2026-08-31T15:02:00.104Z","prod-release-2-7-2026-08-28","800-1100","","https://www.trugreen.com/local-lawn-care/nevada/sparks/lawn-care","https://www.trugreen.com/local-lawn-care/nevada/sparks/lawn-care","200","200:https://www.trugreen.com/local-lawn-care/nevada/sparks/lawn-care","TruGreen Reno: Lawn Care Maintenance Services in Reno, NV | TruGreen","TruGreen Reno: Lawn Care Maintenance Services in Reno, NV | TruGreen","https://www.trugreen.com/local-lawn-care/nevada/sparks","1","https://www.trugreen.com/local-lawn-care/nevada/sparks","1","","200","https://www.trugreen.com/local-lawn-care/nevada/sparks","","","","0","2","We put the ""care"" in ""lawn care."" | Explore our plans.","0","header|footer","jsonld:1;types:BreadcrumbList|WebPage;invalid:0;missing:jsonld_0_missing_@context|jsonld_1_missing_@context","0","0","44","8","https://www.trugreen.com/lawn-care-101 | https://www.trugreen.com/lawn-care-101/learning-center | https://www.trugreen.com/newsroom | https://www.trugreen.com/pay-your-bill | https://www.trugreen.com/pests-products-and-services | https://www.trugreen.com/pga-tour | https://www.trugreen.com/products-and-services | https://www.trugreen.com/why-choose-trugreen/testimonials-and-ratings","","multiple-h1|missing-main|internal-links-missing-from-sitemap|duplicate-title",""
"chromium","2026-08-31T15:02:00.104Z","prod-release-2-7-2026-08-28","800-1100","","https://www.trugreen.com/local-lawn-care/new-hampshire","https://www.trugreen.com/local-lawn-care/new-hampshire","200","200:https://www.trugreen.com/local-lawn-care/new-hampshire","TruGreen New Hampshire: Local Lawn Care Service Near Me | TruGreen","TruGreen New Hampshire: Local Lawn Care Service Near Me | TruGreen","https://www.trugreen.com/local-lawn-care/new-hampshire","1","https://www.trugreen.com/local-lawn-care/new-hampshire","1","","200","https://www.trugreen.com/local-lawn-care/new-hampshire","","","","0","1","Find your local branch in New Hampshire.","0","header|footer","jsonld:1;types:BreadcrumbList|CollectionPage|ItemList;invalid:0;missing:jsonld_0_missing_@context|jsonld_1_missing_@context|jsonld_2_missing_@context","0","0","42","8","https://www.trugreen.com/lawn-care-101 | https://www.trugreen.com/lawn-care-101/learning-center | https://www.trugreen.com/newsroom | https://www.trugreen.com/pay-your-bill | https://www.trugreen.com/pests-products-and-services | https://www.trugreen.com/pga-tour | https://www.trugreen.com/products-and-services | https://www.trugreen.com/why-choose-trugreen/testimonials-and-ratings","","missing-main|internal-links-missing-from-sitemap",""
"chromium","2026-08-31T15:02:00.104Z","prod-release-2-7-2026-08-28","800-1100","","https://www.trugreen.com/local-lawn-care/new-hampshire/londonderry","https://www.trugreen.com/local-lawn-care/new-hampshire/londonderry","200","200:https://www.trugreen.com/local-lawn-care/new-hampshire/londonderry","TruGreen Manchester: Lawn Care Maintenance Services in Manchester, NH | TruGreen","TruGreen Manchester: Lawn Care Maintenance Services in Manchester, NH | TruGreen","https://www.trugreen.com/local-lawn-care/new-hampshire/londonderry","1","https://www.trugreen.com/local-lawn-care/new-hampshire/londonderry","1","","200","https://www.trugreen.com/local-lawn-care/new-hampshire/londonderry","","","","0","1","Meet your local experts.","0","header|footer","jsonld:1;types:WebPage;invalid:0;missing:","0","0","45","8","https://www.trugreen.com/lawn-care-101 | https://www.trugreen.com/lawn-care-101/learning-center | https://www.trugreen.com/newsroom | https://www.trugreen.com/pay-your-bill | https://www.trugreen.com/pests-products-and-services | https://www.trugreen.com/pga-tour | https://www.trugreen.com/products-and-services | https://www.trugreen.com/why-choose-trugreen/testimonials-and-ratings","","missing-main|internal-links-missing-from-sitemap|duplicate-title",""
"chromium","2026-08-31T15:02:00.104Z","prod-release-2-7-2026-08-28","800-1100","","https://www.trugreen.com/local-lawn-care/new-hampshire/londonderry/lawn-care","https://www.trugreen.com/local-lawn-care/new-hampshire/londonderry/lawn-care","200","200:https://www.trugreen.com/local-lawn-care/new-hampshire/londonderry/lawn-care","TruGreen Manchester: Lawn Care Maintenance Services in Manchester, NH | TruGreen","TruGreen Manchester: Lawn Care Maintenance Services in Manchester, NH | TruGreen","https://www.trugreen.com/local-lawn-care/new-hampshire/londonderry","1","https://www.trugreen.com/local-lawn-care/new-hampshire/londonderry","1","","200","https://www.trugreen.com/local-lawn-care/new-hampshire/londonderry","","","","0","2","We put the ""care"" in ""lawn care."" | Explore our plans.","0","header|footer","jsonld:1;types:BreadcrumbList|WebPage;invalid:0;missing:jsonld_0_missing_@context|jsonld_1_missing_@context","0","0","44","8","https://www.trugreen.com/lawn-care-101 | https://www.trugreen.com/lawn-care-101/learning-center | https://www.trugreen.com/newsroom | https://www.trugreen.com/pay-your-bill | https://www.trugreen.com/pests-products-and-services | https://www.trugreen.com/pga-tour | https://www.trugreen.com/products-and-services | https://www.trugreen.com/why-choose-trugreen/testimonials-and-ratings","","multiple-h1|missing-main|internal-links-missing-from-sitemap|duplicate-title",""
"chromium","2026-08-31T15:02:00.104Z","prod-release-2-7-2026-08-28","800-1100","","https://www.trugreen.com/local-lawn-care/new-jersey","https://www.trugreen.com/local-lawn-care/new-jersey","200","200:https://www.trugreen.com/local-lawn-care/new-jersey","TruGreen New Jersey: Local Lawn Care Service Near Me | TruGreen","TruGreen New Jersey: Local Lawn Care Service Near Me | TruGreen","https://www.trugreen.com/local-lawn-care/new-jersey","1","https://www.trugreen.com/local-lawn-care/new-jersey","1","","200","https://www.trugreen.com/local-lawn-care/new-jersey","","","","0","1","Find your local branch in New Jersey.","0","header|footer","jsonld:1;types:BreadcrumbList|CollectionPage|ItemList;invalid:0;missing:jsonld_0_missing_@context|jsonld_1_missing_@context|jsonld_2_missing_@context","0","0","46","8","https://www.trugreen.com/lawn-care-101 | https://www.trugreen.com/lawn-care-101/learning-center | https://www.trugreen.com/newsroom | https://www.trugreen.com/pay-your-bill | https://www.trugreen.com/pests-products-and-services | https://www.trugreen.com/pga-tour | https://www.trugreen.com/products-and-services | https://www.trugreen.com/why-choose-trugreen/testimonials-and-ratings","","missing-main|internal-links-missing-from-sitemap",""
"chromium","2026-08-31T15:02:00.104Z","prod-release-2-7-2026-08-28","800-1100","","https://www.trugreen.com/local-lawn-care/new-jersey/farmingdale","https://www.trugreen.com/local-lawn-care/new-jersey/farmingdale","200","200:https://www.trugreen.com/local-lawn-care/new-jersey/farmingdale","TruGreen Monmouth: Lawn Care Maintenance Services in Monmouth, NJ | TruGreen","TruGreen Monmouth: Lawn Care Maintenance Services in Monmouth, NJ | TruGreen","https://www.trugreen.com/local-lawn-care/new-jersey/farmingdale","1","https://www.trugreen.com/local-lawn-care/new-jersey/farmingdale","1","","200","https://www.trugreen.com/local-lawn-care/new-jersey/farmingdale","","","","0","1","Meet your local experts.","0","header|footer","jsonld:1;types:WebPage;invalid:0;missing:","0","0","45","8","https://www.trugreen.com/lawn-care-101 | https://www.trugreen.com/lawn-care-101/learning-center | https://www.trugreen.com/newsroom | https://www.trugreen.com/pay-your-bill | https://www.trugreen.com/pests-products-and-services | https://www.trugreen.com/pga-tour | https://www.trugreen.com/products-and-services | https://www.trugreen.com/why-choose-trugreen/testimonials-and-ratings","","missing-main|internal-links-missing-from-sitemap|duplicate-title",""
"chromium","2026-08-31T15:02:00.104Z","prod-release-2-7-2026-08-28","800-1100","","https://www.trugreen.com/local-lawn-care/new-jersey/farmingdale/lawn-care","https://www.trugreen.com/local-lawn-care/new-jersey/farmingdale/lawn-care","200","200:https://www.trugreen.com/local-lawn-care/new-jersey/farmingdale/lawn-care","TruGreen Monmouth: Lawn Care Maintenance Services in Monmouth, NJ | TruGreen","TruGreen Monmouth: Lawn Care Maintenance Services in Monmouth, NJ | TruGreen","https://www.trugreen.com/local-lawn-care/new-jersey/farmingdale","1","https://www.trugreen.com/local-lawn-care/new-jersey/farmingdale","1","","200","https://www.trugreen.com/local-lawn-care/new-jersey/farmingdale","","","","0","2","We put the ""care"" in ""lawn care."" | Explore our plans.","0","header|footer","jsonld:1;types:BreadcrumbList|WebPage;invalid:0;missing:jsonld_0_missing_@context|jsonld_1_missing_@context","0","0","44","8","https://www.trugreen.com/lawn-care-101 | https://www.trugreen.com/lawn-care-101/learning-center | https://www.trugreen.com/newsroom | https://www.trugreen.com/pay-your-bill | https://www.trugreen.com/pests-products-and-services | https://www.trugreen.com/pga-tour | https://www.trugreen.com/products-and-services | https://www.trugreen.com/why-choose-trugreen/testimonials-and-ratings","","multiple-h1|missing-main|internal-links-missing-from-sitemap|duplicate-title",""
"chromium","2026-08-31T15:02:00.104Z","prod-release-2-7-2026-08-28","800-1100","","https://www.trugreen.com/local-lawn-care/new-jersey/randolph","https://www.trugreen.com/local-lawn-care/new-jersey/randolph","200","200:https://www.trugreen.com/local-lawn-care/new-jersey/randolph","TruGreen Morris: Lawn Care Maintenance Services in Morris, NJ | TruGreen","TruGreen Morris: Lawn Care Maintenance Services in Morris, NJ | TruGreen","https://www.trugreen.com/local-lawn-care/new-jersey/randolph","1","https://www.trugreen.com/local-lawn-care/new-jersey/randolph","1","","200","https://www.trugreen.com/local-lawn-care/new-jersey/randolph","","","","0","1","Meet your local experts.","0","header|footer","jsonld:1;types:WebPage;invalid:0;missing:","0","0","45","8","https://www.trugreen.com/lawn-care-101 | https://www.trugreen.com/lawn-care-101/learning-center | https://www.trugreen.com/newsroom | https://www.trugreen.com/pay-your-bill | https://www.trugreen.com/pests-products-and-services | https://www.trugreen.com/pga-tour | https://www.trugreen.com/products-and-services | https://www.trugreen.com/why-choose-trugreen/testimonials-and-ratings","","missing-main|internal-links-missing-from-sitemap|duplicate-title",""
"chromium","2026-08-31T15:02:00.104Z","prod-release-2-7-2026-08-28","800-1100","","https://www.trugreen.com/local-lawn-care/new-jersey/randolph/lawn-care","https://www.trugreen.com/local-lawn-care/new-jersey/randolph/lawn-care","200","200:https://www.trugreen.com/local-lawn-care/new-jersey/randolph/lawn-care","TruGreen Morris: Lawn Care Maintenance Services in Morris, NJ | TruGreen","TruGreen Morris: Lawn Care Maintenance Services in Morris, NJ | TruGreen","https://www.trugreen.com/local-lawn-care/new-jersey/randolph","1","https://www.trugreen.com/local-lawn-care/new-jersey/randolph","1","","200","https://www.trugreen.com/local-lawn-care/new-jersey/randolph","","","","0","2","We put the ""care"" in ""lawn care."" | Explore our plans.","0","header|footer","jsonld:1;types:BreadcrumbList|WebPage;invalid:0;missing:jsonld_0_missing_@context|jsonld_1_missing_@context","0","0","44","8","https://www.trugreen.com/lawn-care-101 | https://www.trugreen.com/lawn-care-101/learning-center | https://www.trugreen.com/newsroom | https://www.trugreen.com/pay-your-bill | https://www.trugreen.com/pests-products-and-services | https://www.trugreen.com/pga-tour | https://www.trugreen.com/products-and-services | https://www.trugreen.com/why-choose-trugreen/testimonials-and-ratings","","multiple-h1|missing-main|internal-links-missing-from-sitemap|duplicate-title",""
"chromium","2026-08-31T15:02:00.104Z","prod-release-2-7-2026-08-28","800-1100","","https://www.trugreen.com/local-lawn-care/new-jersey/runnemede","https://www.trugreen.com/local-lawn-care/new-jersey/runnemede","200","200:https://www.trugreen.com/local-lawn-care/new-jersey/runnemede","TruGreen Runnemede: Lawn Care Maintenance Services in Runnemede, NJ | TruGreen","TruGreen Runnemede: Lawn Care Maintenance Services in Runnemede, NJ | TruGreen","https://www.trugreen.com/local-lawn-care/new-jersey/runnemede","1","https://www.trugreen.com/local-lawn-care/new-jersey/runnemede","1","","200","https://www.trugreen.com/local-lawn-care/new-jersey/runnemede","","","","0","1","Meet your local experts.","0","header|footer","jsonld:1;types:WebPage;invalid:0;missing:","0","0","45","8","https://www.trugreen.com/lawn-care-101 | https://www.trugreen.com/lawn-care-101/learning-center | https://www.trugreen.com/newsroom | https://www.trugreen.com/pay-your-bill | https://www.trugreen.com/pests-products-and-services | https://www.trugreen.com/pga-tour | https://www.trugreen.com/products-and-services | https://www.trugreen.com/why-choose-trugreen/testimonials-and-ratings","","missing-main|internal-links-missing-from-sitemap|duplicate-title",""
"chromium","2026-08-31T15:02:00.104Z","prod-release-2-7-2026-08-28","800-1100","","https://www.trugreen.com/local-lawn-care/new-jersey/runnemede/lawn-care","https://www.trugreen.com/local-lawn-care/new-jersey/runnemede/lawn-care","200","200:https://www.trugreen.com/local-lawn-care/new-jersey/runnemede/lawn-care","TruGreen Runnemede: Lawn Care Maintenance Services in Runnemede, NJ | TruGreen","TruGreen Runnemede: Lawn Care Maintenance Services in Runnemede, NJ | TruGreen","https://www.trugreen.com/local-lawn-care/new-jersey/runnemede","1","https://www.trugreen.com/local-lawn-care/new-jersey/runnemede","1","","200","https://www.trugreen.com/local-lawn-care/new-jersey/runnemede","","","","0","2","We put the ""care"" in ""lawn care."" | Explore our plans.","0","header|footer","jsonld:1;types:BreadcrumbList|WebPage;invalid:0;missing:jsonld_0_missing_@context|jsonld_1_missing_@context","0","0","44","8","https://www.trugreen.com/lawn-care-101 | https://www.trugreen.com/lawn-care-101/learning-center | https://www.trugreen.com/newsroom | https://www.trugreen.com/pay-your-bill | https://www.trugreen.com/pests-products-and-services | https://www.trugreen.com/pga-tour | https://www.trugreen.com/products-and-services | https://www.trugreen.com/why-choose-trugreen/testimonials-and-ratings","","multiple-h1|missing-main|internal-links-missing-from-sitemap|duplicate-title",""
"chromium","2026-08-31T15:02:00.104Z","prod-release-2-7-2026-08-28","800-1100","","https://www.trugreen.com/local-lawn-care/new-jersey/south-plainfield","https://www.trugreen.com/local-lawn-care/new-jersey/south-plainfield","200","200:https://www.trugreen.com/local-lawn-care/new-jersey/south-plainfield","TruGreen Middlesex: Lawn Care Maintenance Services in Middlesex, NJ | TruGreen","TruGreen Middlesex: Lawn Care Maintenance Services in Middlesex, NJ | TruGreen","https://www.trugreen.com/local-lawn-care/new-jersey/south-plainfield","1","https://www.trugreen.com/local-lawn-care/new-jersey/south-plainfield","1","","200","https://www.trugreen.com/local-lawn-care/new-jersey/south-plainfield","","","","0","1","Meet your local experts.","0","header|footer","jsonld:1;types:WebPage;invalid:0;missing:","0","0","45","8","https://www.trugreen.com/lawn-care-101 | https://www.trugreen.com/lawn-care-101/learning-center | https://www.trugreen.com/newsroom | https://www.trugreen.com/pay-your-bill | https://www.trugreen.com/pests-products-and-services | https://www.trugreen.com/pga-tour | https://www.trugreen.com/products-and-services | https://www.trugreen.com/why-choose-trugreen/testimonials-and-ratings","","missing-main|internal-links-missing-from-sitemap|duplicate-title",""
"chromium","2026-08-31T15:02:00.104Z","prod-release-2-7-2026-08-28","800-1100","","https://www.trugreen.com/local-lawn-care/new-jersey/south-plainfield/lawn-care","https://www.trugreen.com/local-lawn-care/new-jersey/south-plainfield/lawn-care","200","200:https://www.trugreen.com/local-lawn-care/new-jersey/south-plainfield/lawn-care","TruGreen Middlesex: Lawn Care Maintenance Services in Middlesex, NJ | TruGreen","TruGreen Middlesex: Lawn Care Maintenance Services in Middlesex, NJ | TruGreen","https://www.trugreen.com/local-lawn-care/new-jersey/south-plainfield","1","https://www.trugreen.com/local-lawn-care/new-jersey/south-plainfield","1","","200","https://www.trugreen.com/local-lawn-care/new-jersey/south-plainfield","","","","0","2","We put the ""care"" in ""lawn care."" | Explore our plans.","0","header|footer","jsonld:1;types:BreadcrumbList|WebPage;invalid:0;missing:jsonld_0_missing_@context|jsonld_1_missing_@context","0","0","44","8","https://www.trugreen.com/lawn-care-101 | https://www.trugreen.com/lawn-care-101/learning-center | https://www.trugreen.com/newsroom | https://www.trugreen.com/pay-your-bill | https://www.trugreen.com/pests-products-and-services | https://www.trugreen.com/pga-tour | https://www.trugreen.com/products-and-services | https://www.trugreen.com/why-choose-trugreen/testimonials-and-ratings","","multiple-h1|missing-main|internal-links-missing-from-sitemap|duplicate-title",""
"chromium","2026-08-31T15:02:00.104Z","prod-release-2-7-2026-08-28","800-1100","","https://www.trugreen.com/local-lawn-care/new-jersey/thorofare","https://www.trugreen.com/local-lawn-care/new-jersey/thorofare","200","200:https://www.trugreen.com/local-lawn-care/new-jersey/thorofare","TruGreen New Jersey South: Lawn Care Maintenance Services in New Jersey South, NJ | TruGreen","TruGreen New Jersey South: Lawn Care Maintenance Services in New Jersey South, NJ | TruGreen","https://www.trugreen.com/local-lawn-care/new-jersey/thorofare","1","https://www.trugreen.com/local-lawn-care/new-jersey/thorofare","1","","200","https://www.trugreen.com/local-lawn-care/new-jersey/thorofare","","","","0","1","Meet your local experts.","0","header|footer","jsonld:1;types:WebPage;invalid:0;missing:","0","0","45","8","https://www.trugreen.com/lawn-care-101 | https://www.trugreen.com/lawn-care-101/learning-center | https://www.trugreen.com/newsroom | https://www.trugreen.com/pay-your-bill | https://www.trugreen.com/pests-products-and-services | https://www.trugreen.com/pga-tour | https://www.trugreen.com/products-and-services | https://www.trugreen.com/why-choose-trugreen/testimonials-and-ratings","","missing-main|internal-links-missing-from-sitemap|duplicate-title",""
"chromium","2026-08-31T15:02:00.104Z","prod-release-2-7-2026-08-28","800-1100","","https://www.trugreen.com/local-lawn-care/new-jersey/thorofare/lawn-care","https://www.trugreen.com/local-lawn-care/new-jersey/thorofare/lawn-care","200","200:https://www.trugreen.com/local-lawn-care/new-jersey/thorofare/lawn-care","TruGreen New Jersey South: Lawn Care Maintenance Services in New Jersey South, NJ | TruGreen","TruGreen New Jersey South: Lawn Care Maintenance Services in New Jersey South, NJ | TruGreen","https://www.trugreen.com/local-lawn-care/new-jersey/thorofare","1","https://www.trugreen.com/local-lawn-care/new-jersey/thorofare","1","","200","https://www.trugreen.com/local-lawn-care/new-jersey/thorofare","","","","0","2","We put the ""care"" in ""lawn care."" | Explore our plans.","0","header|footer","jsonld:1;types:BreadcrumbList|WebPage;invalid:0;missing:jsonld_0_missing_@context|jsonld_1_missing_@context","0","0","44","8","https://www.trugreen.com/lawn-care-101 | https://www.trugreen.com/lawn-care-101/learning-center | https://www.trugreen.com/newsroom | https://www.trugreen.com/pay-your-bill | https://www.trugreen.com/pests-products-and-services | https://www.trugreen.com/pga-tour | https://www.trugreen.com/products-and-services | https://www.trugreen.com/why-choose-trugreen/testimonials-and-ratings","","multiple-h1|missing-main|internal-links-missing-from-sitemap|duplicate-title",""
"chromium","2026-08-31T15:02:00.104Z","prod-release-2-7-2026-08-28","800-1100","","https://www.trugreen.com/local-lawn-care/new-jersey/upper-saddle-river","https://www.trugreen.com/local-lawn-care/new-jersey/upper-saddle-river","200","200:https://www.trugreen.com/local-lawn-care/new-jersey/upper-saddle-river","TruGreen Bergen: Lawn Care Maintenance Services in Bergen, NJ | TruGreen","TruGreen Bergen: Lawn Care Maintenance Services in Bergen, NJ | TruGreen","https://www.trugreen.com/local-lawn-care/new-jersey/upper-saddle-river","1","https://www.trugreen.com/local-lawn-care/new-jersey/upper-saddle-river","1","","200","https://www.trugreen.com/local-lawn-care/new-jersey/upper-saddle-river","","","","0","1","Meet your local experts.","0","header|footer","jsonld:1;types:WebPage;invalid:0;missing:","0","0","45","8","https://www.trugreen.com/lawn-care-101 | https://www.trugreen.com/lawn-care-101/learning-center | https://www.trugreen.com/newsroom | https://www.trugreen.com/pay-your-bill | https://www.trugreen.com/pests-products-and-services | https://www.trugreen.com/pga-tour | https://www.trugreen.com/products-and-services | https://www.trugreen.com/why-choose-trugreen/testimonials-and-ratings","","missing-main|internal-links-missing-from-sitemap|duplicate-title",""
"chromium","2026-08-31T15:02:00.104Z","prod-release-2-7-2026-08-28","800-1100","","https://www.trugreen.com/local-lawn-care/new-jersey/upper-saddle-river/lawn-care","https://www.trugreen.com/local-lawn-care/new-jersey/upper-saddle-river/lawn-care","200","200:https://www.trugreen.com/local-lawn-care/new-jersey/upper-saddle-river/lawn-care","TruGreen Bergen: Lawn Care Maintenance Services in Bergen, NJ | TruGreen","TruGreen Bergen: Lawn Care Maintenance Services in Bergen, NJ | TruGreen","https://www.trugreen.com/local-lawn-care/new-jersey/upper-saddle-river","1","https://www.trugreen.com/local-lawn-care/new-jersey/upper-saddle-river","1","","200","https://www.trugreen.com/local-lawn-care/new-jersey/upper-saddle-river","","","","0","2","We put the ""care"" in ""lawn care."" | Explore our plans.","0","header|footer","jsonld:1;types:BreadcrumbList|WebPage;invalid:0;missing:jsonld_0_missing_@context|jsonld_1_missing_@context","0","0","44","8","https://www.trugreen.com/lawn-care-101 | https://www.trugreen.com/lawn-care-101/learning-center | https://www.trugreen.com/newsroom | https://www.trugreen.com/pay-your-bill | https://www.trugreen.com/pests-products-and-services | https://www.trugreen.com/pga-tour | https://www.trugreen.com/products-and-services | https://www.trugreen.com/why-choose-trugreen/testimonials-and-ratings","","multiple-h1|missing-main|internal-links-missing-from-sitemap|duplicate-title",""
"chromium","2026-08-31T15:02:00.104Z","prod-release-2-7-2026-08-28","800-1100","","https://www.trugreen.com/local-lawn-care/new-jersey/wayne","https://www.trugreen.com/local-lawn-care/new-jersey/wayne","200","200:https://www.trugreen.com/local-lawn-care/new-jersey/wayne","TruGreen North New Jersey: Lawn Care Maintenance Services in North New Jersey, NJ | TruGreen","TruGreen North New Jersey: Lawn Care Maintenance Services in North New Jersey, NJ | TruGreen","https://www.trugreen.com/local-lawn-care/new-jersey/wayne","1","https://www.trugreen.com/local-lawn-care/new-jersey/wayne","1","","200","https://www.trugreen.com/local-lawn-care/new-jersey/wayne","","","","0","1","Meet your local experts.","0","header|footer","jsonld:1;types:WebPage;invalid:0;missing:","0","0","45","8","https://www.trugreen.com/lawn-care-101 | https://www.trugreen.com/lawn-care-101/learning-center | https://www.trugreen.com/newsroom | https://www.trugreen.com/pay-your-bill | https://www.trugreen.com/pests-products-and-services | https://www.trugreen.com/pga-tour | https://www.trugreen.com/products-and-services | https://www.trugreen.com/why-choose-trugreen/testimonials-and-ratings","","missing-main|internal-links-missing-from-sitemap|duplicate-title",""
"chromium","2026-08-31T15:02:00.104Z","prod-release-2-7-2026-08-28","800-1100","","https://www.trugreen.com/local-lawn-care/new-jersey/wayne/lawn-care","https://www.trugreen.com/local-lawn-care/new-jersey/wayne/lawn-care","200","200:https://www.trugreen.com/local-lawn-care/new-jersey/wayne/lawn-care","TruGreen North New Jersey: Lawn Care Maintenance Services in North New Jersey, NJ | TruGreen","TruGreen North New Jersey: Lawn Care Maintenance Services in North New Jersey, NJ | TruGreen","https://www.trugreen.com/local-lawn-care/new-jersey/wayne","1","https://www.trugreen.com/local-lawn-care/new-jersey/wayne","1","","200","https://www.trugreen.com/local-lawn-care/new-jersey/wayne","","","","0","2","We put the ""care"" in ""lawn care."" | Explore our plans.","0","header|footer","jsonld:1;types:BreadcrumbList|WebPage;invalid:0;missing:jsonld_0_missing_@context|jsonld_1_missing_@context","0","0","44","8","https://www.trugreen.com/lawn-care-101 | https://www.trugreen.com/lawn-care-101/learning-center | https://www.trugreen.com/newsroom | https://www.trugreen.com/pay-your-bill | https://www.trugreen.com/pests-products-and-services | https://www.trugreen.com/pga-tour | https://www.trugreen.com/products-and-services | https://www.trugreen.com/why-choose-trugreen/testimonials-and-ratings","","multiple-h1|missing-main|internal-links-missing-from-sitemap|duplicate-title",""
"chromium","2026-08-31T15:02:00.104Z","prod-release-2-7-2026-08-28","800-1100","","https://www.trugreen.com/local-lawn-care/new-mexico","https://www.trugreen.com/local-lawn-care/new-mexico","200","200:https://www.trugreen.com/local-lawn-care/new-mexico","TruGreen New Mexico: Local Lawn Care Service Near Me | TruGreen","TruGreen New Mexico: Local Lawn Care Service Near Me | TruGreen","https://www.trugreen.com/local-lawn-care/new-mexico","1","https://www.trugreen.com/local-lawn-care/new-mexico","1","","200","https://www.trugreen.com/local-lawn-care/new-mexico","","","","0","1","Find your local branch in New Mexico.","0","header|footer","jsonld:1;types:BreadcrumbList|CollectionPage|ItemList;invalid:0;missing:jsonld_0_missing_@context|jsonld_1_missing_@context|jsonld_2_missing_@context","0","0","42","8","https://www.trugreen.com/lawn-care-101 | https://www.trugreen.com/lawn-care-101/learning-center | https://www.trugreen.com/newsroom | https://www.trugreen.com/pay-your-bill | https://www.trugreen.com/pests-products-and-services | https://www.trugreen.com/pga-tour | https://www.trugreen.com/products-and-services | https://www.trugreen.com/why-choose-trugreen/testimonials-and-ratings","","missing-main|internal-links-missing-from-sitemap",""
"chromium","2026-08-31T15:02:00.104Z","prod-release-2-7-2026-08-28","800-1100","","https://www.trugreen.com/local-lawn-care/new-mexico/albuquerque","https://www.trugreen.com/local-lawn-care/new-mexico/albuquerque","200","200:https://www.trugreen.com/local-lawn-care/new-mexico/albuquerque","TruGreen Albuquerque: Lawn Care Maintenance Services in Albuquerque, NM | TruGreen","TruGreen Albuquerque: Lawn Care Maintenance Services in Albuquerque, NM | TruGreen","https://www.trugreen.com/local-lawn-care/new-mexico/albuquerque","1","https://www.trugreen.com/local-lawn-care/new-mexico/albuquerque","1","","200","https://www.trugreen.com/local-lawn-care/new-mexico/albuquerque","","","","0","1","Meet your local experts.","0","header|footer","jsonld:1;types:WebPage;invalid:0;missing:","0","0","45","8","https://www.trugreen.com/lawn-care-101 | https://www.trugreen.com/lawn-care-101/learning-center | https://www.trugreen.com/newsroom | https://www.trugreen.com/pay-your-bill | https://www.trugreen.com/pests-products-and-services | https://www.trugreen.com/pga-tour | https://www.trugreen.com/products-and-services | https://www.trugreen.com/why-choose-trugreen/testimonials-and-ratings","","missing-main|internal-links-missing-from-sitemap|duplicate-title",""
"chromium","2026-08-31T15:02:00.104Z","prod-release-2-7-2026-08-28","800-1100","","https://www.trugreen.com/local-lawn-care/new-mexico/albuquerque/lawn-care","https://www.trugreen.com/local-lawn-care/new-mexico/albuquerque/lawn-care","200","200:https://www.trugreen.com/local-lawn-care/new-mexico/albuquerque/lawn-care","TruGreen Albuquerque: Lawn Care Maintenance Services in Albuquerque, NM | TruGreen","TruGreen Albuquerque: Lawn Care Maintenance Services in Albuquerque, NM | TruGreen","https://www.trugreen.com/local-lawn-care/new-mexico/albuquerque","1","https://www.trugreen.com/local-lawn-care/new-mexico/albuquerque","1","","200","https://www.trugreen.com/local-lawn-care/new-mexico/albuquerque","","","","0","2","We put the ""care"" in ""lawn care."" | Explore our plans.","0","header|footer","jsonld:1;types:BreadcrumbList|WebPage;invalid:0;missing:jsonld_0_missing_@context|jsonld_1_missing_@context","0","0","44","8","https://www.trugreen.com/lawn-care-101 | https://www.trugreen.com/lawn-care-101/learning-center | https://www.trugreen.com/newsroom | https://www.trugreen.com/pay-your-bill | https://www.trugreen.com/pests-products-and-services | https://www.trugreen.com/pga-tour | https://www.trugreen.com/products-and-services | https://www.trugreen.com/why-choose-trugreen/testimonials-and-ratings","","multiple-h1|missing-main|internal-links-missing-from-sitemap|duplicate-title",""
"chromium","2026-08-31T15:02:00.104Z","prod-release-2-7-2026-08-28","800-1100","","https://www.trugreen.com/local-lawn-care/new-york","https://www.trugreen.com/local-lawn-care/new-york","200","200:https://www.trugreen.com/local-lawn-care/new-york","TruGreen New-york: Local Lawn Care Service Near Me | TruGreen","TruGreen New-york: Local Lawn Care Service Near Me | TruGreen","https://www.trugreen.com/local-lawn-care/new-york","1","https://www.trugreen.com/local-lawn-care/new-york","1","","200","https://www.trugreen.com/local-lawn-care/new-york","","","","0","1","Find your local branch in New York.","0","header|footer","jsonld:1;types:BreadcrumbList|CollectionPage|ItemList;invalid:0;missing:jsonld_0_missing_@context|jsonld_1_missing_@context|jsonld_2_missing_@context","0","0","46","8","https://www.trugreen.com/lawn-care-101 | https://www.trugreen.com/lawn-care-101/learning-center | https://www.trugreen.com/newsroom | https://www.trugreen.com/pay-your-bill | https://www.trugreen.com/pests-products-and-services | https://www.trugreen.com/pga-tour | https://www.trugreen.com/products-and-services | https://www.trugreen.com/why-choose-trugreen/testimonials-and-ratings","","missing-main|internal-links-missing-from-sitemap",""
"chromium","2026-08-31T15:02:00.104Z","prod-release-2-7-2026-08-28","800-1100","","https://www.trugreen.com/local-lawn-care/new-york/albany","https://www.trugreen.com/local-lawn-care/new-york/albany","200","200:https://www.trugreen.com/local-lawn-care/new-york/albany","TruGreen Albany: Lawn Care Maintenance Services in Albany, NY | TruGreen","TruGreen Albany: Lawn Care Maintenance Services in Albany, NY | TruGreen","https://www.trugreen.com/local-lawn-care/new-york/albany","1","https://www.trugreen.com/local-lawn-care/new-york/albany","1","","200","https://www.trugreen.com/local-lawn-care/new-york/albany","","","","0","1","Meet your local experts.","0","header|footer","jsonld:1;types:WebPage;invalid:0;missing:","0","0","45","8","https://www.trugreen.com/lawn-care-101 | https://www.trugreen.com/lawn-care-101/learning-center | https://www.trugreen.com/newsroom | https://www.trugreen.com/pay-your-bill | https://www.trugreen.com/pests-products-and-services | https://www.trugreen.com/pga-tour | https://www.trugreen.com/products-and-services | https://www.trugreen.com/why-choose-trugreen/testimonials-and-ratings","","missing-main|internal-links-missing-from-sitemap|duplicate-title",""
"chromium","2026-08-31T15:02:00.104Z","prod-release-2-7-2026-08-28","800-1100","","https://www.trugreen.com/local-lawn-care/new-york/albany/lawn-care","https://www.trugreen.com/local-lawn-care/new-york/albany/lawn-care","200","200:https://www.trugreen.com/local-lawn-care/new-york/albany/lawn-care","TruGreen Albany: Lawn Care Maintenance Services in Albany, NY | TruGreen","TruGreen Albany: Lawn Care Maintenance Services in Albany, NY | TruGreen","https://www.trugreen.com/local-lawn-care/new-york/albany","1","https://www.trugreen.com/local-lawn-care/new-york/albany","1","","200","https://www.trugreen.com/local-lawn-care/new-york/albany","","","","0","2","We put the ""care"" in ""lawn care."" | Explore our plans.","0","header|footer","jsonld:1;types:BreadcrumbList|WebPage;invalid:0;missing:jsonld_0_missing_@context|jsonld_1_missing_@context","0","0","44","8","https://www.trugreen.com/lawn-care-101 | https://www.trugreen.com/lawn-care-101/learning-center | https://www.trugreen.com/newsroom | https://www.trugreen.com/pay-your-bill | https://www.trugreen.com/pests-products-and-services | https://www.trugreen.com/pga-tour | https://www.trugreen.com/products-and-services | https://www.trugreen.com/why-choose-trugreen/testimonials-and-ratings","","multiple-h1|missing-main|internal-links-missing-from-sitemap|duplicate-title",""
"chromium","2026-08-31T15:02:00.104Z","prod-release-2-7-2026-08-28","800-1100","","https://www.trugreen.com/local-lawn-care/new-york/amherst","https://www.trugreen.com/local-lawn-care/new-york/amherst","200","200:https://www.trugreen.com/local-lawn-care/new-york/amherst","TruGreen Buffalo North: Lawn Care Maintenance Services in Buffalo North, NY | TruGreen","TruGreen Buffalo North: Lawn Care Maintenance Services in Buffalo North, NY | TruGreen","https://www.trugreen.com/local-lawn-care/new-york/amherst","1","https://www.trugreen.com/local-lawn-care/new-york/amherst","1","","200","https://www.trugreen.com/local-lawn-care/new-york/amherst","","","","0","1","Meet your local experts.","0","header|footer","jsonld:1;types:WebPage;invalid:0;missing:","0","0","45","8","https://www.trugreen.com/lawn-care-101 | https://www.trugreen.com/lawn-care-101/learning-center | https://www.trugreen.com/newsroom | https://www.trugreen.com/pay-your-bill | https://www.trugreen.com/pests-products-and-services | https://www.trugreen.com/pga-tour | https://www.trugreen.com/products-and-services | https://www.trugreen.com/why-choose-trugreen/testimonials-and-ratings","","missing-main|internal-links-missing-from-sitemap|duplicate-title",""
"chromium","2026-08-31T15:02:00.104Z","prod-release-2-7-2026-08-28","800-1100","","https://www.trugreen.com/local-lawn-care/new-york/amherst/lawn-care","https://www.trugreen.com/local-lawn-care/new-york/amherst/lawn-care","200","200:https://www.trugreen.com/local-lawn-care/new-york/amherst/lawn-care","TruGreen Buffalo North: Lawn Care Maintenance Services in Buffalo North, NY | TruGreen","TruGreen Buffalo North: Lawn Care Maintenance Services in Buffalo North, NY | TruGreen","https://www.trugreen.com/local-lawn-care/new-york/amherst","1","https://www.trugreen.com/local-lawn-care/new-york/amherst","1","","200","https://www.trugreen.com/local-lawn-care/new-york/amherst","","","","0","2","We put the ""care"" in ""lawn care."" | Explore our plans.","0","header|footer","jsonld:1;types:BreadcrumbList|WebPage;invalid:0;missing:jsonld_0_missing_@context|jsonld_1_missing_@context","0","0","44","8","https://www.trugreen.com/lawn-care-101 | https://www.trugreen.com/lawn-care-101/learning-center | https://www.trugreen.com/newsroom | https://www.trugreen.com/pay-your-bill | https://www.trugreen.com/pests-products-and-services | https://www.trugreen.com/pga-tour | https://www.trugreen.com/products-and-services | https://www.trugreen.com/why-choose-trugreen/testimonials-and-ratings","","multiple-h1|missing-main|internal-links-missing-from-sitemap|duplicate-title",""
"chromium","2026-08-31T15:02:00.104Z","prod-release-2-7-2026-08-28","800-1100","","https://www.trugreen.com/local-lawn-care/new-york/endicott","https://www.trugreen.com/local-lawn-care/new-york/endicott","200","200:https://www.trugreen.com/local-lawn-care/new-york/endicott","TruGreen Binghamton: Lawn Care Maintenance Services in Binghamton, NY | TruGreen","TruGreen Binghamton: Lawn Care Maintenance Services in Binghamton, NY | TruGreen","https://www.trugreen.com/local-lawn-care/new-york/endicott","1","https://www.trugreen.com/local-lawn-care/new-york/endicott","1","","200","https://www.trugreen.com/local-lawn-care/new-york/endicott","","","","0","1","Meet your local experts.","0","header|footer","jsonld:1;types:WebPage;invalid:0;missing:","0","0","45","8","https://www.trugreen.com/lawn-care-101 | https://www.trugreen.com/lawn-care-101/learning-center | https://www.trugreen.com/newsroom | https://www.trugreen.com/pay-your-bill | https://www.trugreen.com/pests-products-and-services | https://www.trugreen.com/pga-tour | https://www.trugreen.com/products-and-services | https://www.trugreen.com/why-choose-trugreen/testimonials-and-ratings","","missing-main|internal-links-missing-from-sitemap|duplicate-title",""
"chromium","2026-08-31T15:02:00.104Z","prod-release-2-7-2026-08-28","800-1100","","https://www.trugreen.com/local-lawn-care/new-york/endicott/lawn-care","https://www.trugreen.com/local-lawn-care/new-york/endicott/lawn-care","200","200:https://www.trugreen.com/local-lawn-care/new-york/endicott/lawn-care","TruGreen Binghamton: Lawn Care Maintenance Services in Binghamton, NY | TruGreen","TruGreen Binghamton: Lawn Care Maintenance Services in Binghamton, NY | TruGreen","https://www.trugreen.com/local-lawn-care/new-york/endicott","1","https://www.trugreen.com/local-lawn-care/new-york/endicott","1","","200","https://www.trugreen.com/local-lawn-care/new-york/endicott","","","","0","2","We put the ""care"" in ""lawn care."" | Explore our plans.","0","header|footer","jsonld:1;types:BreadcrumbList|WebPage;invalid:0;missing:jsonld_0_missing_@context|jsonld_1_missing_@context","0","0","44","8","https://www.trugreen.com/lawn-care-101 | https://www.trugreen.com/lawn-care-101/learning-center | https://www.trugreen.com/newsroom | https://www.trugreen.com/pay-your-bill | https://www.trugreen.com/pests-products-and-services | https://www.trugreen.com/pga-tour | https://www.trugreen.com/products-and-services | https://www.trugreen.com/why-choose-trugreen/testimonials-and-ratings","","multiple-h1|missing-main|internal-links-missing-from-sitemap|duplicate-title",""
"chromium","2026-08-31T15:02:00.104Z","prod-release-2-7-2026-08-28","800-1100","","https://www.trugreen.com/local-lawn-care/new-york/orchard-park","https://www.trugreen.com/local-lawn-care/new-york/orchard-park","200","200:https://www.trugreen.com/local-lawn-care/new-york/orchard-park","TruGreen Buffalo South: Lawn Care Maintenance Services in Buffalo South, NY | TruGreen","TruGreen Buffalo South: Lawn Care Maintenance Services in Buffalo South, NY | TruGreen","https://www.trugreen.com/local-lawn-care/new-york/orchard-park","1","https://www.trugreen.com/local-lawn-care/new-york/orchard-park","1","","200","https://www.trugreen.com/local-lawn-care/new-york/orchard-park","","","","0","1","Meet your local experts.","0","header|footer","jsonld:1;types:WebPage;invalid:0;missing:","0","0","45","8","https://www.trugreen.com/lawn-care-101 | https://www.trugreen.com/lawn-care-101/learning-center | https://www.trugreen.com/newsroom | https://www.trugreen.com/pay-your-bill | https://www.trugreen.com/pests-products-and-services | https://www.trugreen.com/pga-tour | https://www.trugreen.com/products-and-services | https://www.trugreen.com/why-choose-trugreen/testimonials-and-ratings","","missing-main|internal-links-missing-from-sitemap|duplicate-title",""
"chromium","2026-08-31T15:02:00.104Z","prod-release-2-7-2026-08-28","800-1100","","https://www.trugreen.com/local-lawn-care/new-york/orchard-park/lawn-care","https://www.trugreen.com/local-lawn-care/new-york/orchard-park/lawn-care","200","200:https://www.trugreen.com/local-lawn-care/new-york/orchard-park/lawn-care","TruGreen Buffalo South: Lawn Care Maintenance Services in Buffalo South, NY | TruGreen","TruGreen Buffalo South: Lawn Care Maintenance Services in Buffalo South, NY | TruGreen","https://www.trugreen.com/local-lawn-care/new-york/orchard-park","1","https://www.trugreen.com/local-lawn-care/new-york/orchard-park","1","","200","https://www.trugreen.com/local-lawn-care/new-york/orchard-park","","","","0","2","We put the ""care"" in ""lawn care."" | Explore our plans.","0","header|footer","jsonld:1;types:BreadcrumbList|WebPage;invalid:0;missing:jsonld_0_missing_@context|jsonld_1_missing_@context","0","0","44","8","https://www.trugreen.com/lawn-care-101 | https://www.trugreen.com/lawn-care-101/learning-center | https://www.trugreen.com/newsroom | https://www.trugreen.com/pay-your-bill | https://www.trugreen.com/pests-products-and-services | https://www.trugreen.com/pga-tour | https://www.trugreen.com/products-and-services | https://www.trugreen.com/why-choose-trugreen/testimonials-and-ratings","","multiple-h1|missing-main|internal-links-missing-from-sitemap|duplicate-title",""
"chromium","2026-08-31T15:02:00.104Z","prod-release-2-7-2026-08-28","800-1100","","https://www.trugreen.com/local-lawn-care/new-york/rochester","https://www.trugreen.com/local-lawn-care/new-york/rochester","200","200:https://www.trugreen.com/local-lawn-care/new-york/rochester","TruGreen Rochester NY: Lawn Care Maintenance Services in Rochester NY, NY | TruGreen","TruGreen Rochester NY: Lawn Care Maintenance Services in Rochester NY, NY | TruGreen","https://www.trugreen.com/local-lawn-care/new-york/rochester","1","https://www.trugreen.com/local-lawn-care/new-york/rochester","1","","200","https://www.trugreen.com/local-lawn-care/new-york/rochester","","","","0","1","Meet your local experts.","0","header|footer","jsonld:1;types:WebPage;invalid:0;missing:","0","0","45","8","https://www.trugreen.com/lawn-care-101 | https://www.trugreen.com/lawn-care-101/learning-center | https://www.trugreen.com/newsroom | https://www.trugreen.com/pay-your-bill | https://www.trugreen.com/pests-products-and-services | https://www.trugreen.com/pga-tour | https://www.trugreen.com/products-and-services | https://www.trugreen.com/why-choose-trugreen/testimonials-and-ratings","","missing-main|internal-links-missing-from-sitemap|duplicate-title",""
"chromium","2026-08-31T15:02:00.104Z","prod-release-2-7-2026-08-28","800-1100","","https://www.trugreen.com/local-lawn-care/new-york/rochester/lawn-care","https://www.trugreen.com/local-lawn-care/new-york/rochester/lawn-care","200","200:https://www.trugreen.com/local-lawn-care/new-york/rochester/lawn-care","TruGreen Rochester NY: Lawn Care Maintenance Services in Rochester NY, NY | TruGreen","TruGreen Rochester NY: Lawn Care Maintenance Services in Rochester NY, NY | TruGreen","https://www.trugreen.com/local-lawn-care/new-york/rochester","1","https://www.trugreen.com/local-lawn-care/new-york/rochester","1","","200","https://www.trugreen.com/local-lawn-care/new-york/rochester","","","","0","2","We put the ""care"" in ""lawn care."" | Explore our plans.","0","header|footer","jsonld:1;types:BreadcrumbList|WebPage;invalid:0;missing:jsonld_0_missing_@context|jsonld_1_missing_@context","0","0","44","8","https://www.trugreen.com/lawn-care-101 | https://www.trugreen.com/lawn-care-101/learning-center | https://www.trugreen.com/newsroom | https://www.trugreen.com/pay-your-bill | https://www.trugreen.com/pests-products-and-services | https://www.trugreen.com/pga-tour | https://www.trugreen.com/products-and-services | https://www.trugreen.com/why-choose-trugreen/testimonials-and-ratings","","multiple-h1|missing-main|internal-links-missing-from-sitemap|duplicate-title",""
"chromium","2026-08-31T15:02:00.104Z","prod-release-2-7-2026-08-28","800-1100","","https://www.trugreen.com/local-lawn-care/new-york/syracuse","https://www.trugreen.com/local-lawn-care/new-york/syracuse","200","200:https://www.trugreen.com/local-lawn-care/new-york/syracuse","TruGreen Syracuse: Lawn Care Maintenance Services in Syracuse, NY | TruGreen","TruGreen Syracuse: Lawn Care Maintenance Services in Syracuse, NY | TruGreen","https://www.trugreen.com/local-lawn-care/new-york/syracuse","1","https://www.trugreen.com/local-lawn-care/new-york/syracuse","1","","200","https://www.trugreen.com/local-lawn-care/new-york/syracuse","","","","0","1","Meet your local experts.","0","header|footer","jsonld:1;types:WebPage;invalid:0;missing:","0","0","45","8","https://www.trugreen.com/lawn-care-101 | https://www.trugreen.com/lawn-care-101/learning-center | https://www.trugreen.com/newsroom | https://www.trugreen.com/pay-your-bill | https://www.trugreen.com/pests-products-and-services | https://www.trugreen.com/pga-tour | https://www.trugreen.com/products-and-services | https://www.trugreen.com/why-choose-trugreen/testimonials-and-ratings","","missing-main|internal-links-missing-from-sitemap|duplicate-title",""
"chromium","2026-08-31T15:02:00.104Z","prod-release-2-7-2026-08-28","800-1100","","https://www.trugreen.com/local-lawn-care/new-york/syracuse/lawn-care","https://www.trugreen.com/local-lawn-care/new-york/syracuse/lawn-care","200","200:https://www.trugreen.com/local-lawn-care/new-york/syracuse/lawn-care","TruGreen Syracuse: Lawn Care Maintenance Services in Syracuse, NY | TruGreen","TruGreen Syracuse: Lawn Care Maintenance Services in Syracuse, NY | TruGreen","https://www.trugreen.com/local-lawn-care/new-york/syracuse","1","https://www.trugreen.com/local-lawn-care/new-york/syracuse","1","","200","https://www.trugreen.com/local-lawn-care/new-york/syracuse","","","","0","2","We put the ""care"" in ""lawn care."" | Explore our plans.","0","header|footer","jsonld:1;types:BreadcrumbList|WebPage;invalid:0;missing:jsonld_0_missing_@context|jsonld_1_missing_@context","0","0","44","8","https://www.trugreen.com/lawn-care-101 | https://www.trugreen.com/lawn-care-101/learning-center | https://www.trugreen.com/newsroom | https://www.trugreen.com/pay-your-bill | https://www.trugreen.com/pests-products-and-services | https://www.trugreen.com/pga-tour | https://www.trugreen.com/products-and-services | https://www.trugreen.com/why-choose-trugreen/testimonials-and-ratings","","multiple-h1|missing-main|internal-links-missing-from-sitemap|duplicate-title",""
"chromium","2026-08-31T15:02:00.104Z","prod-release-2-7-2026-08-28","800-1100","","https://www.trugreen.com/local-lawn-care/new-york/yaphank","https://www.trugreen.com/local-lawn-care/new-york/yaphank","200","200:https://www.trugreen.com/local-lawn-care/new-york/yaphank","TruGreen Long Island East: Lawn Care Maintenance Services in Long Island East, NY | TruGreen","TruGreen Long Island East: Lawn Care Maintenance Services in Long Island East, NY | TruGreen","https://www.trugreen.com/local-lawn-care/new-york/yaphank","1","https://www.trugreen.com/local-lawn-care/new-york/yaphank","1","","200","https://www.trugreen.com/local-lawn-care/new-york/yaphank","","","","0","1","Meet your local experts.","0","header|footer","jsonld:1;types:WebPage;invalid:0;missing:","0","0","45","8","https://www.trugreen.com/lawn-care-101 | https://www.trugreen.com/lawn-care-101/learning-center | https://www.trugreen.com/newsroom | https://www.trugreen.com/pay-your-bill | https://www.trugreen.com/pests-products-and-services | https://www.trugreen.com/pga-tour | https://www.trugreen.com/products-and-services | https://www.trugreen.com/why-choose-trugreen/testimonials-and-ratings","","missing-main|internal-links-missing-from-sitemap|duplicate-title",""
"chromium","2026-08-31T15:02:00.104Z","prod-release-2-7-2026-08-28","800-1100","","https://www.trugreen.com/local-lawn-care/new-york/yaphank/lawn-care","https://www.trugreen.com/local-lawn-care/new-york/yaphank/lawn-care","200","200:https://www.trugreen.com/local-lawn-care/new-york/yaphank/lawn-care","TruGreen Long Island East: Lawn Care Maintenance Services in Long Island East, NY | TruGreen","TruGreen Long Island East: Lawn Care Maintenance Services in Long Island East, NY | TruGreen","https://www.trugreen.com/local-lawn-care/new-york/yaphank","1","https://www.trugreen.com/local-lawn-care/new-york/yaphank","1","","200","https://www.trugreen.com/local-lawn-care/new-york/yaphank","","","","0","2","We put the ""care"" in ""lawn care."" | Explore our plans.","0","header|footer","jsonld:1;types:BreadcrumbList|WebPage;invalid:0;missing:jsonld_0_missing_@context|jsonld_1_missing_@context","0","0","44","8","https://www.trugreen.com/lawn-care-101 | https://www.trugreen.com/lawn-care-101/learning-center | https://www.trugreen.com/newsroom | https://www.trugreen.com/pay-your-bill | https://www.trugreen.com/pests-products-and-services | https://www.trugreen.com/pga-tour | https://www.trugreen.com/products-and-services | https://www.trugreen.com/why-choose-trugreen/testimonials-and-ratings","","multiple-h1|missing-main|internal-links-missing-from-sitemap|duplicate-title",""
